dataset_discovery	config_discovery	sender	receiver	ligand	receptor	eligible_05_discovery	eligible_10_discovery	eligible_20_discovery	mean_control_score_discovery	mean_stroke_score_discovery	score_difference_discovery	welch_p_discovery	exact_permutation_p_discovery	ligand_mean_log2fc_discovery	receptor_mean_log2fc_discovery	ligand_min_padj_discovery	receptor_min_padj_discovery	ligand_any_changed_discovery	receptor_any_changed_discovery	candidate_changed_component_discovery	ligand_min_detection_stroke_discovery	receptor_min_detection_stroke_discovery	welch_fdr_discovery	welch_fdr_eligible_05_discovery	welch_fdr_eligible_10_discovery	welch_fdr_eligible_20_discovery	dataset_validation	config_validation	eligible_05_validation	eligible_10_validation	eligible_20_validation	mean_control_score_validation	mean_stroke_score_validation	score_difference_validation	welch_p_validation	exact_permutation_p_validation	ligand_mean_log2fc_validation	receptor_mean_log2fc_validation	ligand_min_padj_validation	receptor_min_padj_validation	ligand_any_changed_validation	receptor_any_changed_validation	candidate_changed_component_validation	ligand_min_detection_stroke_validation	receptor_min_detection_stroke_validation	welch_fdr_validation	welch_fdr_eligible_05_validation	welch_fdr_eligible_10_validation	welch_fdr_eligible_20_validation	same_direction	both_eligible10	discovery_selected
GSE174574	primary	Astrocyte	Endothelial	Actr2	Adrb2	True	True	False	0.2222808454062602	0.2116000436380457	-0.0106808017682144	0.4756772155246206	0.5	-0.0080978710483426	-0.1401586406711295	0.9919224669320288	0.4774066749358343	False	False	False	0.1923925937406393	0.1217026867006647		0.5552021989250217	0.5536821608357321		GSE245386	primary	True	True	False	0.2303643107798902	0.1851919196661173	-0.0451723911137728	0.2150359621110699	0.3	-0.1086113602365048	-0.5546861027685379	0.9146429121647394	0.1201844574395456	False	False	False	0.3938644475481067	0.1285432999207544		0.538501074608654	0.4884200968681315		True	True	False
GSE174574	primary	Astrocyte	Endothelial	Adam10	Cadm1	True	True	False	0.2659608363533421	0.2156121650214309	-0.0503486713319112	0.0112385103775009	0.1	-0.2013010038611297	-0.572325191328289	0.6561573338883235	8.454896674277671e-08	False	True	True	0.132754167794114	0.183217783170818		0.0327175166974353	0.0335468908769164		GSE245386	primary	True	True	True	0.5754362119492736	0.4980872694549779	-0.0773489424942957	0.0581021476053115	0.1	-0.009332526127039	-0.5139130197176822	0.9928142396808084	4.247033084525295e-05	False	True	True	0.4471601489757915	0.4875958250921965		0.393435693119414	0.366831355643704	0.3297557865549225	True	True	True
GSE174574	primary	Astrocyte	Endothelial	Adam10	Il6ra	True	True	False	0.1936924873959409	0.2111285065586875	0.0174360191627465	0.0403795995902913	0.1	-0.2013010038611297	0.3829628041074077	0.6561573338883235	0.0035925554585655	False	False	False	0.132754167794114	0.1767003479590115		0.0814070002435285	0.0812078613982525		GSE245386	primary	True	True	True	0.3859094087792125	0.4908633698556107	0.1049539610763982	0.0890564889417743	0.1	-0.009332526127039	0.9254459403012898	0.9928142396808084	6.2828511475938e-13	False	True	True	0.4471601489757915	0.4925997780376776		0.4226386231942292	0.3807552537866976	0.3443991350453551	True	True	False
GSE174574	primary	Astrocyte	Endothelial	Adam10	Notch1	True	True	False	0.2535616397348011	0.2556695313357121	0.0021078916009109	0.8537986800965754	0.9	-0.2013010038611297	0.1687349111392415	0.6561573338883235	0.1688312334974081	False	False	False	0.132754167794114	0.2557523233621729		0.891640172843238	0.8881469028590814		GSE245386	primary	True	True	True	0.5707025982901542	0.6535919699934417	0.0828893717032874	0.1132512425296441	0.1	-0.009332526127039	0.4884969130317023	0.9928142396808084	5.713859991756355e-05	False	False	False	0.4471601489757915	0.7185339472610801		0.4481514502817518	0.4101164697989528	0.3591088743259568	True	True	False
GSE174574	primary	Astrocyte	Endothelial	Adam10	Trem2	True	True	False	0.2260438055609269	0.1954088522329383	-0.0306349533279886	0.097252522969925	0.1	-0.2013010038611297	-0.292190656180135	0.6561573338883235	0.0594891051189569	False	False	False	0.132754167794114	0.1522425126833443		0.1560178772751563	0.1593005127380672		GSE245386	primary	True	True	True	0.4123757312294479	0.3163874747171537	-0.0959882565122941	0.0685177035707966	0.2	-0.009332526127039	-0.8442362035935397	0.9928142396808084	0.0001354500927983	False	True	True	0.4471601489757915	0.2576872422068169		0.3949760801414831	0.3687175411232123	0.3297557865549225	True	True	False
GSE174574	primary	Astrocyte	Endothelial	Adam10	Tspan12	True	True	False	0.2961780874105373	0.2547004138109422	-0.041477673599595	0.0341493022212384	0.1	-0.2013010038611297	-0.3425352654332562	0.6561573338883235	0.0012689643794707	False	False	False	0.132754167794114	0.2524326671597323		0.0727293215289515	0.0733480224576269		GSE245386	primary	True	True	True	0.4486696532430716	0.3910962854471848	-0.0575733677958868	0.0063040902418507	0.1	-0.009332526127039	-0.5064724534548399	0.9928142396808084	0.0004358783917997	False	True	True	0.4471601489757915	0.3704192269028041		0.2534812509631816	0.216457298800228	0.1866762532740963	True	True	False
GSE174574	primary	Astrocyte	Endothelial	Adam10	Tspan14	True	True	False	0.2072277694000922	0.2423301915603462	0.0351024221602539	0.0536962495304863	0.1	-0.2013010038611297	0.6584946498130942	0.6561573338883235	2.6201818830820244e-08	False	True	True	0.132754167794114	0.2324295202459904		0.0996091143398634	0.1007152452333473		GSE245386	primary	True	True	True	0.4093545226820992	0.4590154664603886	0.0496609437782893	0.018816932325651	0.1	-0.009332526127039	0.3887228087799134	0.9928142396808084	0.0267792178710496	False	False	False	0.4471601489757915	0.4696423587743722		0.2970308805889282	0.2736217697993153	0.2537250874878106	True	True	True
GSE174574	primary	Astrocyte	Endothelial	Adam10	Tspan17	True	True	False	0.2515928754221372	0.2146294608394344	-0.0369634145827028	0.034242585069997	0.1	-0.2013010038611297	-0.3933366084806579	0.6561573338883235	0.0007338350682499	False	False	False	0.132754167794114	0.1829096862964172		0.0727293215289515	0.0733480224576269		GSE245386	primary	True	True	True	0.3147701480314748	0.2760014327254068	-0.038768715306068	0.2940161094086495	0.1	-0.009332526127039	-0.4177990848912665	0.9928142396808084	0.0240824900745074	False	False	False	0.4471601489757915	0.2155149843235609		0.5954038293916273	0.5368676507584409	0.5185600579443692	True	True	False
GSE174574	primary	Astrocyte	Endothelial	Adam10	Tspan5	True	True	False	0.3743808223669551	0.3381886332792476	-0.0361921890877075	0.032315299921095	0.1	-0.2013010038611297	-0.204981551345971	0.6561573338883235	0.0224737294899229	False	False	False	0.132754167794114	0.4161098695312804		0.0698237863970428	0.0708978095238569		GSE245386	primary	True	True	True	0.8825091223727141	0.8935018810814361	0.010992758708722	0.8310671607194734	0.7	-0.009332526127039	0.1437517704559165	0.9928142396808084	0.4439261858545381	False	False	False	0.4471601489757915	0.875741118940256		0.9313835585169904	0.921346777880964	0.920805248829776	False	True	False
GSE174574	primary	Astrocyte	Endothelial	Adam15	Itga5	True	True	False	0.1176590993246872	0.2168432189368551	0.0991841196121679	0.0005274287162589	0.1	0.3896722491351834	1.5016052891856764	0.1524416428803239	2.091897734038406e-18	False	True	True	0.2140756728829377	0.1184583715053416		0.0054476883843732	0.0053035887579372		GSE245386	primary	True	True	False	0.147019097822422	0.2215025901701057	0.0744834923476837	0.331615392521294	0.1	0.9738054667440268	0.4006630596867772	0.0793474437951861	0.1148195076493986	False	False	False	0.2387492240844196	0.2666876603696447		0.6227448802846554	0.5640490123935252		True	True	True
GSE174574	primary	Astrocyte	Endothelial	Adam15	Itgb1	True	True	True	0.3814969522154746	0.4935494065186268	0.1120524543031522	0.0069872415876712	0.1	0.3896722491351834	0.5414646013920811	0.1524416428803239	9.040428588134037e-14	False	True	True	0.2140756728829377	0.4956281982747497		0.022575693556731	0.023483911113611	0.0212412144265207	GSE245386	primary	True	True	False	0.3871253689012687	0.5107417100890624	0.1236163411877936	0.288069766673439	0.1	0.9738054667440268	0.014211423009056	0.0793474437951861	0.964922086583359	False	False	False	0.2387492240844196	0.8029422841957786		0.5923180496463858	0.5345207022022723		True	True	True
GSE174574	primary	Astrocyte	Endothelial	Agrn	Dag1	True	True	False	0.2175026315958479	0.1655950609297558	-0.0519075706660921	0.0135206262189995	0.1	-0.8707004823257245	-0.0846435106174932	0.0001840851372087	0.6778352120828006	True	False	True	0.1181166943676313	0.1250494645127831		0.0366710509680779	0.0368005014381792		GSE245386	primary	True	True	False	0.2505900663353759	0.2571151092978231	0.0065250429624472	0.8329148377717605	0.9	-0.1767620534513632	0.0592527587287809	0.8880011108556186	0.8331714128606742	False	False	False	0.2047059279950341	0.4025163741549237		0.9313835585169904	0.9214742726681956		False	True	True
GSE174574	primary	Astrocyte	Endothelial	Agrn	Itgb1	True	True	False	0.4104004857407702	0.3586909178544744	-0.0517095678862958	0.1384724205499718	0.2	-0.8707004823257245	0.5414646013920811	0.0001840851372087	9.040428588134037e-14	True	True	True	0.1181166943676313	0.4956281982747497		0.2063403262740686	0.2088625676628741		GSE245386	primary	True	True	False	0.4711619660685724	0.4748465311790202	0.0036845651104477	0.9520891304439424	0.9	-0.1767620534513632	0.014211423009056	0.8880011108556186	0.964922086583359	False	False	False	0.2047059279950341	0.8029422841957786		0.9794337268796692	0.9698551561301972		False	True	True
GSE174574	primary	Astrocyte	Endothelial	Alcam	Nrp1	True	True	True	0.5661649920955379	0.4691288082345604	-0.0970361838609775	0.0077495599455872	0.1	-0.159540293691636	-0.4097811644891893	0.5992531397929839	1.41880585782501e-07	False	False	False	0.2736061131455429	0.3369110569839487		0.024334509275938	0.0251396274423478	0.0218936473080892	GSE245386	primary	True	True	True	0.990227009692869	0.602261076818681	-0.387965932874188	0.0488549618367635	0.1	-0.3080584823987852	-1.5984479454886489	0.6271290757876413	5.659684221239587e-30	False	True	True	0.6054275294847921	0.405414461900046		0.37017028776317	0.3433674204564986	0.319083969496362	True	True	False
GSE174574	primary	Astrocyte	Endothelial	Angptl4	Cdh5	True	True	True	0.4972343698941145	0.7616966715140325	0.2644623016199179	0.0114622129490389	0.1	1.6189270348513929	-0.1189042081546621	2.9432711780218398e-18	0.1564576146846215	True	False	True	0.3227889905714531	0.6647419143362489		0.0331130596305568	0.0337343177849762	0.030565901197437	GSE245386	primary	True	True	False	0.320835977986167	0.5274609424453772	0.2066249644592102	0.101339424104905	0.1	1.472703015620083	-0.0387128212250861	0.0036030801871264	0.9117445138649614	True	False	True	0.1900993171942892	0.8358867245436379		0.443641478859251	0.4015844199901822		True	True	True
GSE174574	primary	Astrocyte	Endothelial	Angptl4	Itga5_Itgb1	True	True	False	0.1092508363184404	0.283963482947589	0.1747126466291486	0.000994988747586	0.1	1.6189270348513929	1.021534945288879	2.9432711780218398e-18	2.091897734038406e-18	True	True	True	0.3227889905714531	0.1184583715053416		0.0072837040357266	0.0075038734713777		GSE245386	primary	True	True	False	0.1141858007817461	0.2202701609077507	0.1060843601260046	0.1917679637255984	0.1	1.472703015620083	0.2074372413479165	0.0036030801871264	0.1148195076493986	True	False	True	0.1900993171942892	0.2666876603696447		0.5181781295776231	0.4684168294281012		True	True	True
GSE174574	primary	Astrocyte	Endothelial	Angptl4	Sdc3	True	True	False	0.200180973835175	0.3457629262610989	0.1455819524259238	0.002470123448549	0.1	1.6189270348513929	0.1528004845409311	2.9432711780218398e-18	0.3770555151380085	True	False	True	0.3227889905714531	0.160640567803955		0.0120473588302872	0.0125941505404896		GSE245386	primary	True	True	False	0.1347294333701847	0.3060921727602559	0.1713627393900711	0.0084363318266034	0.1	1.472703015620083	1.015409807792624	0.0036030801871264	1.6639713244605188e-13	True	True	True	0.1900993171942892	0.4738358878912926		0.2534812509631816	0.216457298800228		True	True	True
GSE174574	primary	Astrocyte	Endothelial	Angptl4	Tie1	True	True	True	0.3349458139508381	0.5056445755335189	0.1706987615826808	0.0155933466954532	0.1	1.6189270348513929	-0.2472190342454389	2.9432711780218398e-18	0.0136531050467821	True	False	True	0.3227889905714531	0.3323796499178362		0.0408542747810454	0.0408669743284661	0.0376497143870793	GSE245386	primary	True	True	False	0.2389513878569658	0.3244467829153135	0.0854953950583476	0.1383558141497349	0.2	1.472703015620083	-0.7702766165852072	0.0036030801871264	7.549600110612319e-10	True	True	True	0.1900993171942892	0.5032969992150113		0.4677308434296738	0.4166499439359618		True	True	True
GSE174574	primary	Astrocyte	Endothelial	Apoe	Abca1	True	True	False	0.7924762442550896	0.8634280022687483	0.0709517580136587	0.0381164256879253	0.1	-0.1254703970346976	0.1977982734657863	0.3199216205539684	0.3204954367275772	False	False	False	0.9987244897959184	0.1024572155310338		0.0783100407866367	0.0788465491373084		GSE245386	primary	True	True	True	1.3600061793970095	1.2414960956503085	-0.1185100837467012	0.3306589274400725	0.4	-0.1192856063455494	-0.2522090726579253	0.9123685072587449	0.2037661322393934	False	False	False	0.97669343575419	0.3842419351978293		0.6227448802846554	0.5640490123935252	0.5533782271070203	False	True	False
GSE174574	primary	Astrocyte	Endothelial	Apoe	Lrp8	True	True	False	1.075692580279281	1.0466100012340769	-0.0290825790452042	0.23589807769975	0.3	-0.1254703970346976	-0.174448379515473	0.3199216205539684	0.2763579430610477	False	False	False	0.9987244897959184	0.137959148964585		0.3109565569678523	0.3128025792209139		GSE245386	primary	True	True	True	1.5181698887679935	1.397817411428214	-0.1203524773397797	0.5962212547241015	0.5	-0.1192856063455494	-0.2597185013921042	0.9123685072587449	0.3218589602566714	False	False	False	0.97669343575419	0.4402098328002068		0.7952453307137213	0.7686950988345553	0.7668322599220752	True	True	False
GSE174574	primary	Astrocyte	Endothelial	Apoe	Lsr	True	True	True	2.5263382450484	2.6562700791433294	0.1299318340949296	0.0786634123726249	0.1	-0.1254703970346976	0.1949982543350893	0.3199216205539684	0.0085393749665143	False	False	False	0.9987244897959184	0.7140460724035494		0.1318049176199093	0.1362495467889485	0.1245504029233228	GSE245386	primary	True	True	True	1.978366619840429	2.067920470734581	0.089553850894152	0.6828096779268772	0.7	-0.1192856063455494	0.1783464979363165	0.9123685072587449	0.4138988543288195	False	False	False	0.97669343575419	0.7564135023657002		0.8451110359262501	0.8284905701230024	0.8321120856368357	True	True	False
GSE174574	primary	Astrocyte	Endothelial	Apoe	Scarb1	True	True	True	1.553473287158902	1.527628677833902	-0.0258446093250002	0.4084036027583235	0.4	-0.1254703970346976	-0.0692939313506181	0.3199216205539684	0.5974371772442121	False	False	False	0.9987244897959184	0.2935187930331461		0.4934876866663075	0.4961144436191715	0.4702829365095846	GSE245386	primary	True	True	True	1.651600060479143	1.39832353480658	-0.2532765256725631	0.1406276431734885	0.2	-0.1192856063455494	-0.5701560621223908	0.9123685072587449	4.424057631144092e-05	False	True	True	0.97669343575419	0.4583736639557643		0.4677308434296738	0.4166499439359618	0.3636443656843025	True	True	False
GSE174574	primary	Astrocyte	Endothelial	Apoe	Trem2	True	True	False	1.1789527607107015	1.074372067492392	-0.1045806932183095	0.2446399390981276	0.3	-0.1254703970346976	-0.292190656180135	0.3199216205539684	0.0594891051189569	False	False	False	0.9987244897959184	0.1522425126833443		0.3203916656387966	0.3232104304873074		GSE245386	primary	True	True	True	1.259019238573193	0.9684108235611452	-0.2906084150120478	0.0853467355194971	0.1	-0.1192856063455494	-0.8442362035935397	0.9123685072587449	0.0001354500927983	False	True	True	0.97669343575419	0.2576872422068169		0.4226386231942292	0.3807552537866976	0.3443991350453551	True	True	False
GSE174574	primary	Astrocyte	Endothelial	App	Aplp1	True	True	False	0.2602244612692916	0.3131218638928078	0.0528974026235161	0.018823216096826	0.1	-0.1691649721815252	0.6491609349582534	0.5486518659696291	3.378737118528639e-05	False	True	True	0.3456211124355439	0.1259948529237475		0.0465334588098584	0.0469931326003519		GSE245386	primary	True	True	True	0.3721376749700107	0.4223783272052697	0.0502406522352589	0.6162615349576624	0.6	0.1393068720114254	0.4861068660029936	0.8910520557302752	0.6321885182573306	False	False	False	0.5079822315332092	0.3244965711581523		0.8031104016758072	0.7848116983648864	0.7829705824082155	True	True	True
GSE174574	primary	Astrocyte	Endothelial	App	Aplp2	True	True	True	0.9325671957389672	0.857050622815643	-0.0755165729233242	0.0448027390271299	0.1	-0.1691649721815252	-0.238553481445498	0.5486518659696291	0.0002094596828772	False	False	False	0.3456211124355439	0.7167712436737764		0.0875162311566216	0.0886261832121368	0.0862027383813133	GSE245386	primary	True	True	True	1.0215232408230814	0.9647621288171832	-0.0567611120058981	0.3868046577329762	0.3	0.1393068720114254	-0.4670097053974353	0.8910520557302752	0.0002400160207871	False	False	False	0.5079822315332092	0.8448221547893178		0.6596733394971714	0.6003530625230569	0.5900888574174601	True	True	False
GSE174574	primary	Astrocyte	Endothelial	App	Cd74	True	True	True	0.3982794759537336	0.5310733671598524	0.1327938912061187	0.1119160672606974	0.2	-0.1691649721815252	1.5523975133229655	0.5486518659696291	0.0002391863485641	False	True	True	0.3456211124355439	0.3287825578063243		0.1747095542744635	0.177542689610483	0.1610524846232069	GSE245386	primary	True	True	False	0.2792535837027495	0.2141578194930471	-0.0650957642097023	0.2884780503148553	0.3	0.1393068720114254	-1.8070788702523728	0.8910520557302752	1.1958415337969446e-11	False	True	True	0.5079822315332092	0.0924557545458873		0.5923180496463858	0.5345207022022723		False	True	True
GSE174574	primary	Astrocyte	Endothelial	App	Lrp10	True	True	True	0.4225078905124753	0.4599362231855696	0.0374283326730943	0.0571871252397901	0.1	-0.1691649721815252	0.372076925431556	0.5486518659696291	0.0007225415466811	False	False	False	0.3456211124355439	0.2633507377400639		0.1046579913368974	0.1061627658297642	0.1010749190284662	GSE245386	primary	True	True	True	0.4886150100917044	0.5472189414474595	0.058603931355755	0.3683875518947027	0.2	0.1393068720114254	0.2552841507033669	0.8910520557302752	0.1245131528509813	False	False	False	0.5079822315332092	0.4836368125165095		0.6538049344437517	0.5927618275627506	0.5810792327999462	True	True	False
GSE174574	primary	Astrocyte	Endothelial	App	Ncstn	True	True	False	0.336630419708554	0.3144248374235225	-0.0222055822850315	0.2155499087742597	0.2	-0.1691649721815252	-0.1438386891062667	0.5486518659696291	0.4231810440648494	False	False	False	0.3456211124355439	0.1297741872647942		0.289160583766009	0.2933423570536918		GSE245386	primary	True	True	True	0.3173436557930119	0.3415017207174368	0.0241580649244249	0.516506952576221	0.2	0.1393068720114254	0.0377242835772769	0.8910520557302752	0.9192980241009509	False	False	False	0.5079822315332092	0.2251749656742455		0.7427143770621573	0.6996321448532448	0.7009737213534428	False	True	False
GSE174574	primary	Astrocyte	Endothelial	App	Rpsa	True	True	True	0.7650845782165604	0.8214117198612257	0.0563271416446653	0.112312916908289	0.2	-0.1691649721815252	0.706277538218386	0.5486518659696291	2.8859653325966683e-22	False	True	True	0.3456211124355439	0.6467173364049867		0.1749668168364668	0.177542689610483	0.1610524846232069	GSE245386	primary	True	True	True	0.967421141168564	1.0459014553607078	0.0784803141921436	0.5068308246253933	0.5	0.1393068720114254	0.22893682047132	0.8910520557302752	0.1615634009598045	False	False	False	0.5079822315332092	0.8910216800625004		0.7376921753435118	0.6927623161626048	0.6923375316778247	True	True	True
GSE174574	primary	Astrocyte	Endothelial	App	Tspan12	True	True	True	0.5166039235789679	0.4539938674350018	-0.062610056143966	0.0569961329524036	0.1	-0.1691649721815252	-0.3425352654332562	0.5486518659696291	0.0012689643794707	False	False	False	0.3456211124355439	0.2524326671597323		0.1045622487739959	0.1061627658297642	0.1010749190284662	GSE245386	primary	True	True	True	0.523178428242089	0.4720307090824014	-0.0511477191596876	0.4064768860135453	0.2	0.1393068720114254	-0.5064724534548399	0.8910520557302752	0.0004358783917997	False	True	True	0.5079822315332092	0.3704192269028041		0.6700916028842546	0.6105348388711517	0.5982652758931759	True	True	False
GSE174574	primary	Astrocyte	Endothelial	Arf1	Insr	True	True	True	0.463521719540268	0.519141931930765	0.0556202123904969	0.0663398667707319	0.1	0.2353062131581801	0.1562574643773691	0.184391111097561	0.2763579430610477	False	False	False	0.5406501500152537	0.2096542450731938		0.1155202298963785	0.1194777700049999	0.110809447792871	GSE245386	primary	True	True	True	0.6898165434810252	0.8690740214994906	0.1792574780184654	0.093640591158872	0.1	0.2221120515978646	0.7943879872468574	0.7586509967432231	7.237865505277919e-12	False	True	True	0.5199119335816264	0.7685278568315018		0.4226386231942292	0.3807552537866976	0.3443991350453551	True	True	False
GSE174574	primary	Astrocyte	Endothelial	Arf6	Smap1	True	True	True	0.4037321456447951	0.3341385710132631	-0.0695935746315319	0.24991375310365	0.2	4.581748338325737e-05	-0.5358379007036835	0.99998958215085	2.5178524081634365e-06	False	True	True	0.246981488112713	0.2291037998706739		0.3243286916353736	0.327785429795367	0.3038951237740384	GSE245386	primary	True	True	False	0.2982004132153324	0.300262677124538	0.0020622639092055	0.9363770532371328	1.0	0.2553379531266068	-0.1579461214361887	0.8444684508861071	0.3852570193789446	False	False	False	0.1612255586592178	0.6174185819239784		0.9725814384238056	0.9662062391435788		False	True	True
GSE174574	primary	Astrocyte	Endothelial	Arpc5	Adrb2	True	True	False	0.2743516711011458	0.2793905961373223	0.0050389250361765	0.7857235373268147	0.8	0.3216914253327201	-0.1401586406711295	0.1917850034213663	0.4774066749358343	False	False	False	0.3165074056348736	0.1217026867006647		0.8367733716729071	0.8319180755828316		GSE245386	primary	True	True	False	0.171958021383543	0.1750755486793619	0.0031175272958189	0.9325987134190024	0.9	0.7355104855721658	-0.5546861027685379	0.0868040668596081	0.1201844574395456	False	False	False	0.3683271260086902	0.1285432999207544		0.9713343096778204	0.9659471387555614		True	True	False
GSE174574	primary	Astrocyte	Endothelial	B2m	Hfe	True	True	False	0.5574687840917895	0.4872947569180662	-0.0701740271737232	0.0227031949321377	0.1	-0.1256396119158118	-0.4357585867646868	0.5591918038919093	0.006116462306655	False	False	False	0.8261056905523708	0.0946971782642704		0.0531621396858131	0.0533672504248951		GSE245386	primary	True	True	False	0.2872673274383478	0.2878661419968931	0.0005988145585452	0.9924330194863958	1.0	0.8006262275922802	-0.5820842732466227	0.1780915913067019	0.0037460754420426	False	True	True	0.5690855834885165	0.1319423896698846		0.9962085872343476	0.9955098325974588		False	True	False
GSE174574	primary	Astrocyte	Endothelial	B2m	Tfrc	True	True	True	1.170354417433061	0.7346804151826275	-0.4356740022504334	0.0004531356810066	0.1	-0.1256396119158118	-1.5791609451788873	0.5591918038919093	2.0081506082934385e-67	False	True	True	0.8261056905523708	0.1888108701151933		0.0050544115508194	0.0050003775715365	0.0040757058659127	GSE245386	primary	True	True	True	0.8306905170619329	0.7410338198693192	-0.0896566971926137	0.4324349750934679	0.2	0.8006262275922802	-1.1534779350010405	0.1780915913067019	1.7732679791055257e-08	False	True	True	0.5690855834885165	0.5504527919369246		0.6916618952103912	0.6366878585862323	0.6296804685012564	True	True	True
GSE174574	primary	Astrocyte	Endothelial	Bsg	Slc16a1	True	True	True	1.7331729801407465	1.4074368676620488	-0.3257361124786975	0.0045614557364626	0.1	-0.7517925950199014	-0.5396093281251632	1.3133234160873126e-11	1.957851405751212e-15	True	True	True	0.9656482978436678	0.3926614596404161		0.0176364711576785	0.0191732568697016	0.0170830850859004	GSE245386	primary	True	True	True	1.453257126070388	1.069824882312628	-0.3834322437577599	0.0082128990374803	0.1	-1.0526704372412723	-0.4818256419985441	0.0002883935281029	3.648264369772754e-05	True	False	True	0.7536274053382992	0.6499561769090113		0.2534812509631816	0.216457298800228	0.1882452132787486	True	True	True
GSE174574	primary	Astrocyte	Endothelial	C1qa	Cd93	True	True	True	0.7450892429698456	1.011670913632285	0.2665816706624394	0.0062233113938829	0.1	0.4642722615698055	0.6630158822062177	0.0023456843317993	5.359864953697091e-20	False	True	True	0.7061203120632361	0.4588137345722138		0.0212324741673652	0.02270807513314	0.0209751594848347	GSE245386	primary	True	True	True	1.0675366158691189	1.0546109853059216	-0.0129256305631972	0.9580483228352232	1.0	0.1940323312637232	0.2174257315772954	0.8753149368526251	0.7642968402087742	False	False	False	0.7018738361266295	0.653416404303717		0.983851535700464	0.9737326064287058	0.972000482876513	False	True	True
GSE174574	primary	Astrocyte	Endothelial	C1qb	C1qbp	True	True	True	0.4551988583735637	0.7198281628907511	0.2646293045171874	1.6928520694881902e-06	0.1	0.6947570772474564	0.9910906100836558	0.0181889078298207	3.180795434131855e-18	True	True	True	0.7805769888827836	0.2341907877789438		0.0005472410286543	0.0006128124491547	0.0002573135145622	GSE245386	primary	True	True	True	0.5085300606773924	0.5330442678317988	0.0245142071544064	0.8568610562368556	0.9	0.2785596092775126	0.1519800447149595	0.8015593507008794	0.5773534850781611	False	False	False	0.720951660459342	0.287876171532632		0.941408244252719	0.9320484601848464	0.9255684284211304	True	True	True
GSE174574	primary	Astrocyte	Endothelial	C4b	C3ar1	True	True	False	0.0603266708686195	0.2416370698469956	0.181310398978376	0.0001960099656897	0.1	1.3492794667755157	2.782890794133392	1.184455990411743e-10	9.84895384292898e-33	True	True	True	0.258003248503165	0.1081875764420118		0.0036046710763437	0.0030850264165087		GSE245386	primary	True	True	False	0.0896575654081872	0.2569948109884969	0.1673372455803096	0.0844105679913297	0.1	1.9603647527263308	0.9654488443426376	2.767786740261118e-07	0.0001598036116684	True	True	True	0.4121663563004344	0.1663606673057339		0.4226386231942292	0.3807552537866976		True	True	True
GSE174574	primary	Astrocyte	Endothelial	C4b	Nrp1	True	True	True	0.3409525583619239	0.4674773938462076	0.1265248354842837	0.0127091274385142	0.1	1.3492794667755157	-0.4097811644891893	1.184455990411743e-10	1.41880585782501e-07	True	False	True	0.258003248503165	0.3369110569839487		0.0353604505115856	0.0356643731220321	0.0321964561775693	GSE245386	primary	True	True	True	0.3545283578937261	0.4491109390896426	0.0945825811959165	0.1607665756706935	0.2	1.9603647527263308	-1.5984479454886489	2.767786740261118e-07	5.659684221239587e-30	True	True	True	0.4121663563004344	0.405414461900046		0.493266136478787	0.4403349223333334	0.3884417839904618	True	True	True
GSE174574	primary	Astrocyte	Endothelial	Calr	Scarf1	True	True	False	0.4086527172195688	0.4744832430526798	0.0658305258331109	0.0043818349034634	0.1	0.6956032418581768	-0.1108037505555177	7.1967833975264515e-09	0.4899923313141237	True	False	True	0.5652078961481005	0.1662909588762382		0.0175739548787841	0.0186614615888677		GSE245386	primary	True	True	True	0.4534670057751024	0.3966187708802856	-0.0568482348948167	0.3673447901963332	0.4	-0.5384379875970491	0.0398852426474317	0.239282622540195	0.901407249480648	False	False	False	0.4808639819987585	0.3236152089927409		0.6529346496422044	0.5923633521564249	0.5810792327999462	False	True	True
GSE174574	primary	Astrocyte	Endothelial	Cd14	Itgb1	True	True	True	0.2273488325482963	0.7382199764072025	0.5108711438589062	0.0004332552187728	0.1	3.569169044800645	0.5414646013920811	8.546057916730106e-67	9.040428588134037e-14	True	True	True	0.4155708517015886	0.4956281982747497		0.0050544115508194	0.0050003775715365	0.0040757058659127	GSE245386	primary	True	True	True	0.4053726451778729	0.6901469464328136	0.2847743012549407	0.4060322461860059	0.2	1.9136213188283628	0.014211423009056	0.0005376036540332	0.964922086583359	True	False	True	0.3276691495965239	0.8029422841957786		0.6700916028842546	0.6105348388711517	0.5982652758931759	True	True	True
GSE174574	primary	Astrocyte	Endothelial	Cd38	Pecam1	True	True	False	0.4568529221085131	0.5200841244658854	0.0632312023573722	0.0385496810850094	0.1	0.3673048942090826	0.2341630076256878	0.3703616325767896	0.0002242517819719	False	False	False	0.1187521276022744	0.8370545565272681		0.0789849443970031	0.0792896849589399		GSE245386	primary	True	True	True	0.6703678471370739	0.6537918170023584	-0.0165760301347154	0.8475393903077801	1.0	-0.1019787907771904	5.410789076032777e-05	0.9351193310737994	0.9997521722085412	False	False	False	0.2239389354438237	0.9551218179255576		0.9397669412230734	0.92992171690618	0.9255684284211304	False	True	False
GSE174574	primary	Astrocyte	Endothelial	Col4a1	Cd47	True	True	False	0.3115549360431122	0.4328233547802123	0.1212684187371001	0.0092963713153813	0.1	1.2444858889474866	-0.1224758672516417	3.39169893849468e-07	0.2298018227526368	True	False	True	0.1619811160816961	0.4903982757366034		0.0279261512820618	0.0290110897945521		GSE245386	primary	True	True	True	0.3654387895131242	0.6123011990918374	0.2468624095787132	0.0127384311665227	0.1	1.72979484455363	0.2169827158762535	1.9257667792547023e-08	0.1382423623236342	True	False	True	0.3527797175667287	0.7260957639545509		0.2788301044227755	0.243336697924601	0.2218610094836043	True	True	True
GSE174574	primary	Astrocyte	Endothelial	Col4a1	Cd93	True	True	False	0.2437982733561539	0.4212124826712167	0.1774142093150627	0.0053799121895715	0.1	1.2444858889474866	0.6630158822062177	3.39169893849468e-07	5.359864953697091e-20	True	True	True	0.1619811160816961	0.4588137345722138		0.0192248994831134	0.0209411635766117		GSE245386	primary	True	True	True	0.3719430207838582	0.5914037085296152	0.2194606877457569	0.0265046011281887	0.1	1.72979484455363	0.2174257315772954	1.9257667792547023e-08	0.7642968402087742	True	False	True	0.3527797175667287	0.653416404303717		0.3122596474112638	0.290375362160403	0.2786154725180736	True	True	True
GSE174574	primary	Astrocyte	Endothelial	Col4a1	Itga1_Itgb1	True	True	False	0.1391216430290297	0.1969657038135792	0.0578440607845495	0.0426014287475158	0.1	1.2444858889474866	0.2179883368677984	3.39169893849468e-07	9.040428588134037e-14	True	True	True	0.1619811160816961	0.1172840144529299		0.0840876368471909	0.0847347099263776		GSE245386	primary	True	True	True	0.4284172742895896	0.6805070006988703	0.2520897264092807	0.0022256905873493	0.1	1.72979484455363	0.0719228247252006	1.9257667792547023e-08	0.5145119015846059	True	False	True	0.3527797175667287	0.7791446890053979		0.2475603847122746	0.208045670175572	0.1866762532740963	True	True	True
GSE174574	primary	Astrocyte	Endothelial	Col4a2	Cd93	True	True	False	0.2716755556567217	0.3828001228363039	0.1111245671795821	0.0004963530426628	0.1	0.6136278529037698	0.6630158822062177	0.0350753097209977	5.359864953697091e-20	True	True	True	0.1376030917995138	0.4588137345722138		0.0052711294953209	0.0052847000424691		GSE245386	primary	True	True	True	0.3797412326146687	0.5502870972000976	0.1705458645854289	0.1805780977390065	0.2	1.2084902382491436	0.2174257315772954	0.0029156767149787	0.7642968402087742	True	False	True	0.3001047486033519	0.653416404303717		0.5103137164226363	0.4617531370740236	0.4147658546275213	True	True	True
GSE174574	primary	Astrocyte	Endothelial	Col4a2	Itga1_Itgb1	True	True	False	0.1546207794346948	0.178723512723827	0.0241027332891322	0.1258937983456856	0.1	0.6136278529037698	0.2179883368677984	0.0350753097209977	9.040428588134037e-14	True	True	True	0.1376030917995138	0.1172840144529299		0.1909938107699134	0.1939300212814392		GSE245386	primary	True	True	True	0.4364035855096226	0.6308160041213822	0.1944124186117595	0.0669766485874826	0.1	1.2084902382491436	0.0719228247252006	0.0029156767149787	0.5145119015846059	True	False	True	0.3001047486033519	0.7791446890053979		0.393435693119414	0.3683197562552293	0.3297557865549225	True	True	True
GSE174574	primary	Astrocyte	Endothelial	Copa	Cd74	True	True	False	0.2406290939219505	0.3212892883192818	0.0806601943973312	0.1313809543904157	0.2	-0.0948570819865761	1.5523975133229655	0.8589974138981279	0.0002391863485641	False	True	True	0.1554035429487721	0.3287825578063243		0.1977270251704062	0.2006747067060359		GSE245386	primary	True	True	False	0.218022060044921	0.1769052402743146	-0.0411168197706064	0.3084627297942932	0.1	0.2572823021664957	-1.8070788702523728	0.7151621658616761	1.1958415337969446e-11	False	True	True	0.4523296865301055	0.0924557545458873		0.6097039241084525	0.5524152252325685		False	True	True
GSE174574	primary	Astrocyte	Endothelial	Cxcl12	Ackr3	True	True	False	0.3371371431257646	0.1638735313379485	-0.173263611787816	0.0156920150045767	0.1	-1.732165995332947	-0.6839452546470859	1.2917188157110254e-29	0.0001071355895029	True	True	True	0.1519527068920013	0.0755501922596435		0.040940412849311	0.0408669743284661		GSE245386	primary	True	True	False	0.3341725596916727	0.1799811714687836	-0.1541913882228891	0.088238046189592	0.2	-1.642256026229048	-0.5524791061078063	0.0027365116088602	0.0009487586433414	True	True	True	0.0919459962756052	0.3332630561542273		0.4226386231942292	0.3807552537866976		True	True	True
GSE174574	primary	Astrocyte	Endothelial	Cxcl12	Itga5	True	True	False	0.1958303895256163	0.1991245281120273	0.003294138586411	0.7997770003245819	0.8	-1.732165995332947	1.5016052891856764	1.2917188157110254e-29	2.091897734038406e-18	True	True	True	0.1519527068920013	0.1184583715053416		0.8445824345164352	0.8391863017898512		GSE245386	primary	True	True	False	0.2048900387485652	0.1469683145106221	-0.0579217242379431	0.2741865298328949	0.4	-1.642256026229048	0.4006630596867772	0.0027365116088602	0.1148195076493986	True	False	True	0.0919459962756052	0.2666876603696447		0.5803210782043384	0.5251130198599144		False	True	True
GSE174574	primary	Astrocyte	Endothelial	Cxcl12	Itgb1	True	True	True	0.634629367759827	0.4528290263021785	-0.1818003414576485	0.0040202266926624	0.1	-1.732165995332947	0.5414646013920811	1.2917188157110254e-29	9.040428588134037e-14	True	True	True	0.1519527068920013	0.4956281982747497		0.0168402829237082	0.0181915257842975	0.0163358689420075	GSE245386	primary	True	True	False	0.534594931516565	0.3414362473666895	-0.1931586841498754	0.1536526062952133	0.2	-1.642256026229048	0.014211423009056	0.0027365116088602	0.964922086583359	True	False	True	0.0919459962756052	0.8029422841957786		0.4892360479908379	0.4369129453814273		True	True	True
GSE174574	primary	Astrocyte	Endothelial	Efemp2	Plscr4	True	True	False	0.2402422784580946	0.1981945697871395	-0.0420477086709551	0.0287673541980081	0.1	0.3960289029414655	-1.0469493421993397	0.2532700757311149	7.697137557941865e-22	False	True	True	0.1492121759773061	0.137248678079486		0.0646016405795103	0.0645835968455834		GSE245386	primary	True	True	False	0.2173269432779613	0.2148519406498292	-0.002475002628132	0.9446173911185576	0.9	0.8791581633720291	-0.949713274574237	0.2058018909363085	2.025116818454639e-11	False	True	True	0.2015149751707013	0.3030680597338132		0.975994542222146	0.968005442067848		True	True	True
GSE174574	primary	Astrocyte	Endothelial	Fam3c	Lamp1	True	True	False	0.4269980463510806	0.4109603588261885	-0.016037687524892	0.300085094690775	0.3	-0.0079865043498906	-0.1403932458501084	0.9941953224323762	0.052759562910606	False	False	False	0.1037920631892818	0.6833291114700119		0.3771069356614072	0.3825028319650019		GSE245386	primary	True	True	False	0.4388835114504113	0.3571480925716335	-0.0817354188787778	0.1839607749326002	0.1	-0.4428579274358181	-0.2054972897028376	0.576216837058801	0.1904529035478841	False	False	False	0.148713919925512	0.7883190694383644		0.5103137164226363	0.4617531370740236		True	True	False
GSE174574	primary	Astrocyte	Endothelial	Fbln1	Itgb1	True	True	False	0.3296158177706927	0.3342144961628875	0.0045986783921947	0.8289920296748486	0.9	-0.3986900667585577	0.5414646013920811	0.2968509533891787	9.040428588134037e-14	False	True	True	0.103603608278625	0.4956281982747497		0.8705570896585457	0.8648274200066144		GSE245386	primary	True	True	False	0.404680119778011	0.3796506423062264	-0.0250294774717846	0.6396417329127742	0.7	-0.2266842766362335	0.014211423009056	0.8500631823811231	0.964922086583359	False	False	False	0.1431661235257603	0.8029422841957786		0.8155949604130519	0.7995521661409677		False	True	True
GSE174574	primary	Astrocyte	Endothelial	Fgf1	Nrp1	True	True	False	0.3830381018774744	0.266282833163141	-0.1167552687143334	0.0017555720994013	0.1	-0.7038772721093609	-0.4097811644891893	0.0146011843546882	1.41880585782501e-07	True	False	True	0.095705852833826	0.3369110569839487		0.010037577024195	0.0097864839935551		GSE245386	primary	True	True	True	0.6355515074940173	0.4092840465290331	-0.2262674609649841	0.2221487613559415	0.2	-0.0601260609744833	-1.5984479454886489	0.9717720584070002	5.659684221239587e-30	False	True	True	0.3753782588454376	0.405414461900046		0.5459040247873658	0.4925619857445729	0.4596939715187306	True	True	True
GSE174574	primary	Astrocyte	Endothelial	Fgf1	Tgfbr3	True	True	False	0.17834276068924	0.1081623137064585	-0.0701804469827814	0.0005263716037229	0.1	-0.7038772721093609	-0.9651871248157388	0.0146011843546882	9.789761645096598e-10	True	True	True	0.095705852833826	0.0677683885320634		0.0054476883843732	0.0053035887579372		GSE245386	primary	True	True	True	0.5235741077991615	0.4378831811065458	-0.0856909266926156	0.5228784845076714	0.5	-0.0601260609744833	-0.5818076906558098	0.9717720584070002	0.0001772113262014	False	True	True	0.3753782588454376	0.4609920819748486		0.7489439802663415	0.7056965053590855	0.7044022017211052	True	True	True
GSE174574	primary	Astrocyte	Endothelial	Fgfr3	Epha4	True	True	False	0.4435080984337209	0.3972110064380597	-0.0462970919956612	0.0761464440565276	0.1	-0.0351062219040242	-0.4425331760066135	0.9064171843617856	0.0048577905229397	False	False	False	0.6476692585004918	0.0991058088873381		0.1293117540959951	0.1338107414973932		GSE245386	primary	True	True	True	0.8707901581941777	0.8932561308322879	0.0224659726381102	0.8446213623107817	1.0	0.6207408845166292	-0.3247303131015694	0.1257036189401931	0.0234686711220544	False	False	False	0.729399441340782	0.4839616354273521		0.9376708642016576	0.9283444207722528	0.9255684284211304	False	True	False
GSE174574	primary	Astrocyte	Endothelial	Fn1	C5ar1	True	True	False	0.0729126849759369	0.3008580036544631	0.2279453186785261	0.0060941640710084	0.1	0.2952209794521295	4.013479707325632	0.302518816120077	2.416524904231476e-54	False	True	True	0.2511679059539652	0.1562731182179835		0.0210326738053717	0.02270807513314		GSE245386	primary	True	True	False	0.0851506579572131	0.1662642893786705	0.0811136314214573	0.2627761243430283	0.2	0.9382657659200582	1.448315116848806	0.1719813349019253	0.0260411513869856	False	True	True	0.1597513190564866	0.1926456546068382		0.5734724014496807	0.5225769564202137		True	True	True
GSE174574	primary	Astrocyte	Endothelial	Fn1	Flt4	True	True	False	0.2347322824424641	0.2572916098359435	0.0225593273934794	0.2628859450335243	0.3	0.2952209794521295	0.086324387620567	0.302518816120077	0.6801839883889219	False	False	False	0.2511679059539652	0.1211830643284691		0.3394109632795845	0.3435549173362304		GSE245386	primary	True	True	False	0.1752887052223807	0.2709513388391199	0.0956626336167391	0.269488586405716	0.1	0.9382657659200582	0.8157369485726044	0.1719813349019253	6.656198427862485e-08	False	True	True	0.1597513190564866	0.4433067345683448		0.5780971063961171	0.5230739131553734		True	True	False
GSE174574	primary	Astrocyte	Endothelial	Fn1	Itga5_Itgb1	True	True	False	0.1471094951981584	0.2487815673450837	0.1016720721469252	0.001515399161374	0.1	0.2952209794521295	1.021534945288879	0.302518816120077	2.091897734038406e-18	False	True	True	0.2511679059539652	0.1184583715053416		0.0090569389798714	0.0087075316891651		GSE245386	primary	True	True	False	0.1475400192832709	0.2017972988136685	0.0542572795303976	0.4694750460628986	0.5	0.9382657659200582	0.2074372413479165	0.1719813349019253	0.1148195076493986	False	False	False	0.1597513190564866	0.2666876603696447		0.714671884321069	0.6646245459991246		True	True	True
GSE174574	primary	Astrocyte	Endothelial	Fn1	Itga6	True	True	True	0.4774292748978905	0.5077995825367059	0.0303703076388153	0.124046570183529	0.2	0.2952209794521295	0.0353603217472433	0.302518816120077	0.7790655272045034	False	False	False	0.2511679059539652	0.4142124175076498		0.1893342387011758	0.1919011043010149	0.1745840617397815	GSE245386	primary	True	True	False	0.4257403462109555	0.5402112641808231	0.1144709179698675	0.3753979280695068	0.4	0.9382657659200582	0.2812233967075909	0.1719813349019253	0.0647695310632162	False	False	False	0.1597513190564866	0.8709034277217687		0.6568774956144787	0.5984240425169197		True	True	False
GSE174574	primary	Astrocyte	Endothelial	Fn1	Plaur	True	True	True	0.2096502287152317	0.4635068125607722	0.2538565838455405	0.0004238321585224	0.1	0.2952209794521295	2.5751131657111106	0.302518816120077	5.278500641761477e-131	False	True	True	0.2511679059539652	0.3241679297670093		0.0050544115508194	0.0050003775715365	0.0040757058659127	GSE245386	primary	True	True	False	0.1668769268087938	0.4427193914348149	0.2758424646260211	0.1802981303348742	0.1	0.9382657659200582	2.943781605471446	0.1719813349019253	8.970550800886093e-15	False	True	True	0.1597513190564866	0.7094790419217569		0.5103137164226363	0.4617531370740236		True	True	True
GSE174574	primary	Astrocyte	Endothelial	Fn1	Robo4	True	True	True	0.4514378842512654	0.4853297265880613	0.0338918423367958	0.1713865152550502	0.2	0.2952209794521295	0.0441699102751438	0.302518816120077	0.7245275842144535	False	False	False	0.2511679059539652	0.387567070213161		0.2419951919518874	0.2461980893743182	0.2245754337824796	GSE245386	primary	True	True	False	0.2594468359045428	0.3610932702024794	0.1016464342979365	0.2357150255603435	0.2	0.9382657659200582	0.5003921993949576	0.1719813349019253	0.0001595961740075	False	True	True	0.1597513190564866	0.650789702367007		0.5572476211079749	0.5060740462318615		True	True	False
GSE174574	primary	Astrocyte	Endothelial	Gnai2	C5ar1	True	True	False	0.1073993732623496	0.4231594292277811	0.3157600559654315	0.0006115600518689	0.1	0.0703923080246013	4.013479707325632	0.7911460344848935	2.416524904231476e-54	False	True	True	0.4870555382520624	0.1562731182179835		0.0059117471680665	0.0056765317635016		GSE245386	primary	True	True	False	0.2583589222191319	0.4067857869895006	0.1484268647703687	0.2102131014604708	0.1	-0.1829208105913268	1.448315116848806	0.7935373570212841	0.0260411513869856	False	True	True	0.6817776225946617	0.1926456546068382		0.5355784110010453	0.4834313705449053		True	True	True
GSE174574	primary	Astrocyte	Endothelial	Gnai2	Cav1	True	True	True	0.7640250384843855	0.5340698752366158	-0.2299551632477697	0.0001254317564232	0.1	0.0703923080246013	-1.2196384132383258	0.7911460344848935	9.833321522124685e-53	False	True	True	0.4870555382520624	0.2434287654294001		0.0028659255861561	0.0025047117887639	0.0022980685966779	GSE245386	primary	True	True	True	0.9629092762406496	0.565363957660225	-0.3975453185804247	0.0083055575113295	0.1	-0.1829208105913268	-1.7447586771482395	0.7935373570212841	8.824933641205125e-38	False	True	True	0.6817776225946617	0.3241530802639279		0.2534812509631816	0.216457298800228	0.1882452132787486	True	True	True
GSE174574	primary	Astrocyte	Endothelial	Gnai2	Igf1r	True	True	True	1.0669700432639662	0.8950232150938064	-0.1719468281701597	0.0014501759552079	0.1	0.0703923080246013	-0.7240646535622326	0.7911460344848935	2.1553086522432327e-28	False	True	True	0.4870555382520624	0.549761397855026		0.0090569389798714	0.0087075316891651	0.0076496169122026	GSE245386	primary	True	True	True	1.760232060051244	1.7282732217620205	-0.0319588382892237	0.6028053501013436	1.0	-0.1829208105913268	0.2867134848739798	0.7935373570212841	0.061643090617442	False	False	False	0.6817776225946617	0.9551548369211642		0.7978901722506027	0.7742930790094845	0.7729221973692075	True	True	True
GSE174574	primary	Astrocyte	Endothelial	Gnai2	P2ry12	True	True	False	0.4872651371583501	0.2307551948551668	-0.2565099423031833	0.0083351585517091	0.1	0.0703923080246013	-2.2845367226663265	0.7911460344848935	3.0698303291131937e-49	False	True	True	0.4870555382520624	0.0490714598442461		0.025547599788572	0.0262376295279889		GSE245386	primary	True	True	True	0.5590049069139413	0.2512313053879463	-0.307773601525995	0.0072716775302155	0.1	-0.1829208105913268	-2.4510927849975035	0.7935373570212841	1.2936537901641879e-28	False	True	True	0.6817776225946617	0.0800364119015861		0.2534812509631816	0.216457298800228	0.1882452132787486	True	True	True
GSE174574	primary	Astrocyte	Endothelial	Gnai2	S1pr1	True	True	True	0.842323121601079	0.903688077076473	0.061364955475394	0.0798938529925902	0.1	0.0703923080246013	0.2639980307858708	0.7911460344848935	0.000223277094407	False	False	False	0.4870555382520624	0.5964208329378939		0.1332742591956041	0.1377217846824651	0.1251944912873579	GSE245386	primary	True	True	True	1.0843786636501642	1.251894406268114	0.1675157426179496	0.183016063066044	0.2	-0.1829208105913268	0.7673983388961467	0.7935373570212841	1.0911960536164672e-10	False	True	True	0.6817776225946617	0.8600988656399898		0.5103137164226363	0.4617531370740236	0.4147658546275213	True	True	False
GSE174574	primary	Astrocyte	Endothelial	Gnai2	S1pr4	True	True	False	0.3793063875294447	0.3627257007567819	-0.0165806867726627	0.4616334953060459	0.5	0.0703923080246013	-0.1634897132086175	0.7911460344848935	0.4123795337410393	False	False	False	0.4870555382520624	0.1198558636032401		0.544713075838433	0.5443365644976829		GSE245386	primary	True	True	False	0.4056651577683923	0.3194920410124627	-0.0861731167559296	0.0854287777136451	0.2	-0.1829208105913268	-0.6462748374097741	0.7935373570212841	0.0032391082643557	False	True	True	0.6817776225946617	0.1239087396964399		0.4226386231942292	0.3807552537866976		True	True	False
GSE174574	primary	Astrocyte	Endothelial	Gnas	Adrb2	True	True	False	0.4776858239627903	0.4487639071731045	-0.0289219167896858	0.1510361284906243	0.2	-0.0666410973495867	-0.1401586406711295	0.8425695271977598	0.4774066749358343	False	False	False	0.6621399433434195	0.1217026867006647		0.2215588344006435	0.2247855242173938		GSE245386	primary	True	True	False	0.4618745250572666	0.3468535884955745	-0.1150209365616921	0.1942749416423385	0.2	-0.3063676813117076	-0.5546861027685379	0.54071509434238	0.1201844574395456	False	False	False	0.755586592178771	0.1285432999207544		0.5197767590348222	0.4686185144551679		True	True	False
GSE174574	primary	Astrocyte	Endothelial	Gpi1	Amfr	True	True	False	0.4794839821707213	0.5263365169336676	0.0468525347629462	0.1882395765372839	0.1	0.2976610934021488	0.0953255538223081	0.0384864752773021	0.5702300927211281	False	False	False	0.5901344222399113	0.1998187792262004		0.2581706667474395	0.2622004680137482		GSE245386	primary	True	True	True	0.4583742386543321	0.5596789916247038	0.1013047529703716	0.0837669960243062	0.1	0.2338379203724626	0.3981435916833454	0.7221754149435581	0.014926601875964	False	False	False	0.6105194754810677	0.4442635853915562		0.4226386231942292	0.3807552537866976	0.3443991350453551	True	True	False
GSE174574	primary	Astrocyte	Endothelial	Grn	Tnfrsf1a	True	True	True	0.3828813636824182	0.6155530790548	0.2326717153723816	0.0004520383928096	0.1	0.4395805379740581	1.1075309097082076	0.0020442579473474	1.5955249230616863e-30	False	True	True	0.5048335779477187	0.3102626487809075		0.0050544115508194	0.0050003775715365	0.0040757058659127	GSE245386	primary	True	True	True	0.2768723595815914	0.451476998012539	0.1746046384309476	0.2579530186191914	0.1	0.5567944279385555	1.313190274161396	0.2990286404453428	1.8080046249636818e-15	False	True	True	0.387143078833023	0.4786389266656274		0.5734724014496807	0.5216454300003059	0.4923486839398265	True	True	True
GSE174574	primary	Astrocyte	Endothelial	H2-K1	Aplp2	True	True	True	1.038899292979629	1.0457986373243893	0.0068993443447602	0.8948346434766709	1.0	0.1451961205594598	-0.238553481445498	0.5632580409495096	0.0002094596828772	False	False	False	0.4969731276159705	0.7167712436737764		0.9204711066594948	0.9124792702494504	0.9190193635706349	GSE245386	primary	True	True	True	1.2116649038567513	1.13154397793642	-0.0801209259203312	0.6099530693216295	0.6	0.4279853112428278	-0.4670097053974353	0.5885782771395253	0.0002400160207871	False	False	False	0.628384931719429	0.8448221547893178		0.8010716977090735	0.7821257085105232	0.7796953607842236	False	True	False
GSE174574	primary	Astrocyte	Endothelial	Hbegf	Cd9	True	True	True	0.4161244886047209	0.6355415471141054	0.2194170585093844	0.0041914400574887	0.1	0.9428394253721258	1.0578439397889725	3.241473300999035e-07	8.451770528859491e-46	True	True	True	0.266068706198537	0.5376983111347714		0.017175792409492	0.0182660423454854	0.0163358689420075	GSE245386	primary	True	True	True	0.3595986624137712	0.5045252333985224	0.1449265709847511	0.3967265820610756	0.1	1.2529148073425578	0.8441094355002442	0.4765229964408582	3.795099446992128e-09	False	True	True	0.2864389354438237	0.5833334111165974		0.6657019993782094	0.6086340245418472	0.5964876123249854	True	True	True
GSE174574	primary	Astrocyte	Endothelial	Hspa8	Adrb2	True	True	False	0.6141938630196171	0.6589206173329244	0.0447267543133073	0.1112286505827429	0.1	0.9350626950786276	-0.1401586406711295	2.1520768795683832e-24	0.4774066749358343	True	False	True	0.9435669618928824	0.1217026867006647		0.1746411105820073	0.177542689610483		GSE245386	primary	True	True	False	0.455310934240015	0.3615148571129175	-0.0937960771270974	0.3502857142051043	0.4	0.1155935577503949	-0.5546861027685379	0.9206975860149632	0.1201844574395456	False	False	False	0.7698149441340782	0.1285432999207544		0.6360026331650281	0.5748080552484641		False	True	True
GSE174574	primary	Astrocyte	Endothelial	Il11ra1	Cd40	True	True	False	0.2356866086601856	0.2032176725055413	-0.0324689361546442	0.1130919932166761	0.1	0.1641163982809633	-0.6629020240108622	0.6195005243226186	3.326625989861201e-05	False	True	True	0.2788308825058277	0.0790934043104416		0.1758172430626263	0.1779969632366815		GSE245386	primary	True	True	True	0.194286168670066	0.164916035227481	-0.029370133442585	0.3445509166346973	0.4	0.4018951624774329	-1.006370221956149	0.561428494004232	3.6947558521084815e-08	False	True	True	0.3164862662942271	0.119010494206858		0.6323900364320065	0.5716936144606893	0.5625870435675918	True	True	True
GSE174574	primary	Astrocyte	Endothelial	Jam3	Itgb1	True	True	False	0.3753894651680316	0.4041519473985306	0.0287624822304989	0.2847432655476926	0.4	-0.1604687494628376	0.5414646013920811	0.722552211560005	9.040428588134037e-14	False	True	True	0.1551284670824756	0.4956281982747497		0.3620513022309616	0.3681323647438026		GSE245386	primary	True	True	True	0.5059017611130997	0.510420364497514	0.0045186033844143	0.9466107900800425	0.9	-0.0701306715786915	0.014211423009056	0.9624611468673272	0.964922086583359	False	False	False	0.2480796089385475	0.8029422841957786		0.9771999597158166	0.9684343845047392	0.9650976276156572	True	True	True
GSE174574	primary	Astrocyte	Endothelial	Lamb2	Dag1	True	True	False	0.2114551250210871	0.1764322264388909	-0.0350228985821962	0.0461029654921577	0.1	-0.5610866292513065	-0.0846435106174932	0.0310523451356609	0.6778352120828006	True	False	True	0.1347639114585339	0.1250494645127831		0.0891323999515049	0.0902122892333032		GSE245386	primary	True	True	False	0.2355371657150461	0.2384643850015512	0.0029272192865051	0.895135155319635	1.0	-0.0645534390815599	0.0592527587287809	0.9679570598490138	0.8331714128606742	False	False	False	0.1786642613283674	0.4025163741549237		0.9568095652199649	0.9487045258633964		False	True	True
GSE174574	primary	Astrocyte	Endothelial	Lamb2	Itga6_Itgb1	True	True	False	0.395455385042989	0.3429463461145847	-0.0525090389284042	0.0753146938128969	0.2	-0.5610866292513065	0.2884124615696622	0.0310523451356609	9.040428588134037e-14	True	True	True	0.1347639114585339	0.4142124175076498		0.1281879890178878	0.1329947276110668		GSE245386	primary	True	True	False	0.4428610638015777	0.4399119921101385	-0.0029490716914391	0.9397360654057372	1.0	-0.0645534390815599	0.1477174098583234	0.9679570598490138	0.0647695310632162	False	False	False	0.1786642613283674	0.8029422841957786		0.973503969596478	0.966993603214467		True	True	True
GSE174574	primary	Astrocyte	Endothelial	Lamb2	Rpsa	True	True	False	0.4981420772792794	0.4667059470760943	-0.0314361302031851	0.3044601256416125	0.3	-0.5610866292513065	0.706277538218386	0.0310523451356609	2.8859653325966683e-22	True	True	True	0.1347639114585339	0.6467173364049867		0.3813337786275346	0.386717773621978		GSE245386	primary	True	True	False	0.4938759917504114	0.5138496767882955	0.019973685037884	0.53699179573447	0.7	-0.0645534390815599	0.22893682047132	0.9679570598490138	0.1615634009598045	False	False	False	0.1786642613283674	0.8910216800625004		0.7525768146268145	0.7156688512024689		False	True	True
GSE174574	primary	Astrocyte	Endothelial	Lcn2	Fcgr3	True	True	False	0.1087222580536386	0.28709954713855	0.1783772890849114	0.0008739703517255	0.1	3.416817573867612	0.7856983280766501	1.5975963331653105e-11	5.0944837378389584e-08	True	True	True	0.1468499120786211	0.2295637085861954		0.0069094479492951	0.0067756965724336		GSE245386	primary	True	True	True	0.0086108854111861	0.3554328894885045	0.3468220040773183	0.1573489963601257	0.1	9.834036035575394	1.4320766368915756	0.0029848294041591	1.38461551849573e-08	True	True	True	0.4161041278708876	0.2514692869670407		0.4909844661420022	0.4387886151880218	0.3881157191300668	True	True	True
GSE174574	primary	Astrocyte	Endothelial	Lgals1	Itgb1	True	True	True	0.5089845893352961	0.6604528856692781	0.1514682963339819	0.0048261410261443	0.1	0.7752091396313076	0.5414646013920811	2.790899873725364e-07	9.040428588134037e-14	True	True	True	0.3372598262137916	0.4956281982747497		0.0181945516685642	0.0198529892211848	0.0174660341898558	GSE245386	primary	True	True	False	0.3841633499452698	0.4252770946516961	0.0411137447064262	0.7781041949552817	0.8	0.6011831666611035	0.014211423009056	0.6043757380317214	0.964922086583359	False	False	False	0.1353293761638733	0.8029422841957786		0.9034569336317712	0.8890914497571853		True	True	True
GSE174574	primary	Astrocyte	Endothelial	Lgals3bp	Itgb1	True	True	True	0.6623857665440595	0.7474247200938323	0.0850389535497728	0.0199079823434879	0.1	-0.0139276065555049	0.5414646013920811	0.970134334696553	9.040428588134037e-14	False	True	True	0.4459375064533277	0.4956281982747497		0.0482656549420898	0.0483670443512929	0.0451643778538832	GSE245386	primary	True	True	True	0.4055955615613196	0.6082169167172085	0.2026213551558888	0.462765342910572	0.2	1.5067980191620305	0.014211423009056	0.0157576527610503	0.964922086583359	True	False	True	0.2946636405959031	0.8029422841957786		0.7129898362625348	0.6611695624598412	0.657945283457888	True	True	True
GSE174574	primary	Astrocyte	Endothelial	Lin7c	Abca1	True	True	False	0.1516112852174055	0.1574855023603842	0.0058742171429787	0.6222132022330092	0.6	-0.1130293305685335	0.1977982734657863	0.8338963568692117	0.3204954367275772	False	False	False	0.1377176904811224	0.1024572155310338		0.6950351918276874	0.693385768754456		GSE245386	primary	True	True	True	0.3182794875222611	0.2903763947123741	-0.027903092809887	0.1289309190270275	0.2	0.0384834818036128	-0.2522090726579253	0.9792902918057116	0.2037661322393934	False	False	False	0.2758767846058348	0.3842419351978293		0.4646230069815445	0.4166499439359618	0.3636443656843025	False	True	False
GSE174574	primary	Astrocyte	Endothelial	Lman1	Mcfd2	True	True	True	0.3244756211595973	0.3640356051749859	0.0395599840153886	0.1924673851153063	0.1	0.1263955561739347	0.2230626432111739	0.7574727934533763	0.0440694596675386	False	False	False	0.2483345846136203	0.2736512368745243		0.2614782132917855	0.2649170852157448	0.2417772110539385	GSE245386	primary	True	True	True	0.317684139834476	0.3550984295398759	0.0374142897053998	0.3399045594481119	0.6	0.1740475197961762	0.0915689048053822	0.8738898245216968	0.7178571720379993	False	False	False	0.3802568280571073	0.3816427685366074		0.6268016652278741	0.5665075990801864	0.5571768856835716	True	True	False
GSE174574	primary	Astrocyte	Endothelial	Lrp1b	Plaur	True	True	False	0.148372768771794	0.3139995363601837	0.1656267675883896	0.0003191404867625	0.1	0.0782889615011119	2.5751131657111106	0.8955588928834038	5.278500641761477e-131	False	True	True	0.1287321168752914	0.3241679297670093		0.0044971252901467	0.0044434175464638		GSE245386	primary	True	True	True	0.570928197739356	1.2277902869709731	0.6568620892316172	0.031855626899308	0.1	-0.2381663360635602	2.943781605471446	0.6802866840668048	8.970550800886093e-15	False	True	True	0.618181641837368	0.7094790419217569		0.3172761563146101	0.2951286335710881	0.2838165651556025	True	True	True
GSE174574	primary	Astrocyte	Endothelial	Lrpap1	Lrp8	True	True	False	0.39261231052864	0.3979347202866181	0.005322409757978	0.7175381885744179	0.9	0.1116129239047545	-0.174448379515473	0.6638521681901196	0.2763579430610477	False	False	False	0.4946373157080401	0.137959148964585		0.7840924553407407	0.7800264992911089		GSE245386	primary	True	True	True	0.4907143403648787	0.4720437798016721	-0.0186705605632065	0.8340966611449264	0.9	0.0644692451417982	-0.2597185013921042	0.9549082315241152	0.3218589602566714	False	False	False	0.4426501396648045	0.4402098328002068		0.9313835585169904	0.9214742726681956	0.920805248829776	False	True	False
GSE174574	primary	Astrocyte	Endothelial	Mdk	Itga6_Itgb1	True	True	True	0.6577028718195294	0.6447618577347446	-0.0129410140847847	0.6232078857643661	0.7	-0.1936526392267074	0.2884124615696622	0.3722847250743221	9.040428588134037e-14	False	True	True	0.4121821139551052	0.4142124175076498		0.6951164879679469	0.693385768754456	0.6670957650435468	GSE245386	primary	True	True	True	0.7262197953129611	0.6886113256572248	-0.0376084696557362	0.67002014165495	0.9	-0.1884319617254891	0.1477174098583234	0.8295354259296308	0.0647695310632162	False	False	False	0.3653689478584729	0.8029422841957786		0.8382564314438659	0.821577196855569	0.820842004733103	True	True	True
GSE174574	primary	Astrocyte	Endothelial	Mdk	Ncl	True	True	True	0.6429180347457267	0.7093303248848053	0.0664122901390785	0.1236792472938462	0.1	-0.1936526392267074	0.665368502563311	0.3722847250743221	6.649632714121699e-15	False	True	True	0.4121821139551052	0.4797651578727859		0.1891564958611765	0.1919011043010149	0.1745840617397815	GSE245386	primary	True	True	True	0.6522751579511493	0.6703795922529296	0.0181044343017803	0.7689792606878592	1.0	-0.1884319617254891	0.3292354837865242	0.8295354259296308	0.0446321903788218	False	False	False	0.3653689478584729	0.7780001082743035		0.8955009715596547	0.8813685372499309	0.8806392629247264	True	True	True
GSE174574	primary	Astrocyte	Endothelial	Mdk	Sdc3	True	True	False	0.3749256756160743	0.3839771424897187	0.0090514668736444	0.6803174441401256	0.7	-0.1936526392267074	0.1528004845409311	0.3722847250743221	0.3770555151380085	False	False	False	0.4121821139551052	0.160640567803955		0.7488457706301529	0.74855597197181		GSE245386	primary	True	True	True	0.324180920979191	0.4162938193117396	0.0921128983325485	0.1256749308813788	0.2	-0.1884319617254891	1.015409807792624	0.8295354259296308	1.6639713244605188e-13	False	True	True	0.3653689478584729	0.4738358878912926		0.4627656333389092	0.4166499439359618	0.3622904904028715	True	True	False
GSE174574	primary	Astrocyte	Endothelial	Megf10	Abca1	True	True	False	0.1269111857876275	0.1452628829643203	0.0183516971766928	0.1490060573156862	0.3	0.1117595016274558	0.1977982734657863	0.8718486742428474	0.3204954367275772	False	False	False	0.1145083971143875	0.1024572155310338		0.2190069536374803	0.2228933584639604		GSE245386	primary	True	True	True	0.5355943679954982	0.4940908512797902	-0.0415035167157079	0.3660487930010473	0.4	0.02228736406562	-0.2522090726579253	0.9856139998592912	0.2037661322393934	False	False	False	0.5378840782122905	0.3842419351978293		0.6525937757575233	0.5915539062598271	0.5810792327999462	False	True	False
GSE174574	primary	Astrocyte	Endothelial	Mif	Ackr3	True	True	False	0.4461092560568433	0.3289354517879368	-0.1171738042689065	0.028902051627029	0.1	-0.1347325072018157	-0.6839452546470859	0.4654665169430022	0.0001071355895029	False	True	True	0.5887355802942285	0.0755501922596435		0.0646651244118098	0.0645835968455834		GSE245386	primary	True	True	True	0.5328055733017918	0.3925186699872709	-0.1402869033145208	0.0804596081349756	0.2	-0.4131117688963209	-0.5524791061078063	0.4020906526904755	0.0009487586433414	False	True	True	0.3807708721291123	0.3332630561542273		0.4226386231942292	0.3807552537866976	0.3443991350453551	True	True	True
GSE174574	primary	Astrocyte	Endothelial	Nampt	Insr	True	True	False	0.2291045482348117	0.2143873268295755	-0.0147172214052362	0.4592445978084796	0.4	-0.3070335944348758	0.1562574643773691	0.4220391281139984	0.2763579430610477	False	False	False	0.1180669172562568	0.2096542450731938		0.5427436155918395	0.5432893608061099		GSE245386	primary	True	True	False	0.380323594886329	0.4703966089459028	0.0900730140595738	0.3802308977556199	0.1	-0.0628978931248186	0.7943879872468574	0.9714901454763722	7.237865505277919e-12	False	True	True	0.2032122905027933	0.7685278568315018		0.6584997204036188	0.5984624059979238		False	True	False
GSE174574	primary	Astrocyte	Endothelial	Nampt	Itga5_Itgb1	True	True	False	0.1088466346171004	0.1526600914411028	0.0438134568240024	0.0080412445927165	0.1	-0.3070335944348758	1.021534945288879	0.4220391281139984	2.091897734038406e-18	False	True	True	0.1180669172562568	0.1184583715053416		0.0249510223164948	0.0255344784435384		GSE245386	primary	True	True	False	0.1763163822542879	0.2086133485160868	0.0322969662617989	0.6362463736491274	0.7	-0.0628978931248186	0.2074372413479165	0.9714901454763722	0.1148195076493986	False	False	False	0.2032122905027933	0.2666876603696447		0.814781379906033	0.7979857716643096		True	True	True
GSE174574	primary	Astrocyte	Endothelial	Ncam1	Ptpra	True	True	False	0.3995781790287302	0.3785350283048078	-0.0210431507239223	0.5379113540954918	0.6	-0.2079164495898671	-0.0784110089452292	0.2543321610532844	0.7274403660297312	False	False	False	0.4845330898969575	0.133691579533956		0.6182700624817087	0.6155148424598327		GSE245386	primary	True	True	True	1.0325768016573644	1.0012723810607755	-0.0313044205965888	0.7567431740935274	0.7	-0.4155384852537304	-0.0331273046960741	0.2505110199694528	0.9017388224748908	False	False	False	0.7669343575418994	0.5558840083520558		0.8874389905646848	0.874735444274041	0.8793341652897994	True	True	False
GSE174574	primary	Astrocyte	Endothelial	Ncan	Sdc3	True	True	False	0.2767498927509979	0.2859626399939239	0.009212747242926	0.7139625023914041	0.6	-0.1746157430436672	0.1528004845409311	0.5756673570419205	0.3770555151380085	False	False	False	0.2402046069468356	0.160640567803955		0.7813174554471969	0.7784771863424347		GSE245386	primary	True	True	True	0.3841030897159301	0.4547440543469234	0.0706409646309932	0.3189906466865544	0.6	-0.6372050203638058	1.015409807792624	0.2020891323936651	1.6639713244605188e-13	False	True	True	0.3902564400993171	0.4738358878912926		0.6170981086473116	0.5616539455757105	0.5499094717163218	True	True	False
GSE174574	primary	Astrocyte	Endothelial	Ndp	Fzd4	True	True	False	0.2875185099404785	0.2633213961989066	-0.0241971137415718	0.1883207781314213	0.2	-0.313348215456954	-0.0832575580491489	0.267487427582211	0.6360016089530711	False	False	False	0.1908937451739752	0.1873823538933234		0.2581706667474395	0.2622004680137482		GSE245386	primary	True	True	True	0.2544132560428738	0.3395441449802923	0.0851308889374184	0.1493506607971168	0.2	-0.189788729341814	1.0810784626534276	0.8682640995089935	1.1255293431554302e-13	False	True	True	0.2019902234636871	0.5965427594826355		0.4831277431566826	0.4309979892744895	0.3783550073526959	False	True	False
GSE174574	primary	Astrocyte	Endothelial	Pltp	Abca1	True	True	False	0.3348595497241638	0.2536733842643021	-0.0811861654598616	0.0064130131250916	0.1	-1.4120876961319804	0.1977982734657863	7.23191560204424e-30	0.3204954367275772	True	False	True	0.2881136418327358	0.1024572155310338		0.0214907195391961	0.02270807513314		GSE245386	primary	True	True	True	0.4507248059550622	0.217009276276387	-0.2337155296786751	0.0391705802267094	0.2	-2.522098388564505	-0.2522090726579253	1.5770310258253045e-12	0.2037661322393934	True	False	True	0.119820763500931	0.3842419351978293		0.3429601913183002	0.3206822227351485	0.303471603802408	True	True	True
GSE174574	primary	Astrocyte	Endothelial	Psen1	Ncstn	True	True	False	0.1547493143137101	0.1568945624819475	0.0021452481682374	0.8598910141407914	0.7	0.1746811643230373	-0.1438386891062667	0.7694843040226989	0.4231810440648494	False	False	False	0.1077915518550917	0.1297741872647942		0.8967604767111435	0.8919213384497606		GSE245386	primary	True	True	True	0.1947085452083719	0.2078642390131042	0.0131556938047323	0.382373295644311	0.5	0.1350870293309734	0.0377242835772769	0.9098940223350704	0.9192980241009509	False	False	False	0.2848192116697703	0.2251749656742455		0.6586351800932162	0.5984624059979238	0.5876177852180957	True	True	False
GSE174574	primary	Astrocyte	Endothelial	Psen1	Notch1	True	True	False	0.2037277306175392	0.2270811791470217	0.0233534485294824	0.2275703094997488	0.3	0.1746811643230373	0.1687349111392415	0.7694843040226989	0.1688312334974081	False	False	False	0.1077915518550917	0.2557523233621729		0.3026243621919058	0.3058204816233131		GSE245386	primary	True	True	True	0.4078066045527849	0.4796966560194	0.0718900514666151	0.0686333814121489	0.2	0.1350870293309734	0.4884969130317023	0.9098940223350704	5.713859991756355e-05	False	False	False	0.2848192116697703	0.7185339472610801		0.3949760801414831	0.3687175411232123	0.3297557865549225	True	True	False
GSE174574	primary	Astrocyte	Endothelial	Psen1	Notch4	True	True	False	0.1663331494387152	0.1804537362489955	0.0141205868102803	0.3890567897697848	0.3	0.1746811643230373	0.0582922704106	0.7694843040226989	0.7511464474224823	False	False	False	0.1077915518550917	0.1665567852376172		0.4746744651883782	0.4790427139342248		GSE245386	primary	True	True	True	0.2318050163478992	0.3218630567940707	0.0900580404461714	0.0312374917757707	0.1	0.1350870293309734	0.8437748667326568	0.9098940223350704	6.998166680504632e-08	False	True	True	0.2848192116697703	0.4464178706738115		0.3172761563146101	0.2951286335710881	0.2838165651556025	True	True	False
GSE174574	primary	Astrocyte	Endothelial	Ptdss1	Jmjd6	True	True	False	0.1988775067741446	0.223056756712742	0.0241792499385974	0.349637959251921	0.5	-0.0900481865257164	0.3858426727657157	0.8878371509170835	0.0030376905302415	False	False	False	0.1416658851708968	0.1978104485283612		0.4335970744670204	0.4394754904485951		GSE245386	primary	True	True	True	0.2438922252968721	0.250113228228357	0.0062210029314848	0.5842281521663049	0.7	-0.0175414009846595	-0.0849212665894617	0.9905154817460424	0.7855157369223914	False	False	False	0.2215238981998757	0.3736151856577617		0.7910412704454172	0.7635964444980651	0.760770615593506	True	True	False
GSE174574	primary	Astrocyte	Endothelial	Ptdss1	Scarb1	True	True	False	0.2895700414425621	0.2812870828623099	-0.0082829585802522	0.7838288874862026	0.7	-0.0900481865257164	-0.0692939313506181	0.8878371509170835	0.5974371772442121	False	False	False	0.1416658851708968	0.2935187930331461		0.8359363241366291	0.8319180755828316		GSE245386	primary	True	True	True	0.3472228712325036	0.3042904477655871	-0.0429324234669165	0.2724197024218589	0.4	-0.0175414009846595	-0.5701560621223908	0.9905154817460424	4.424057631144092e-05	False	True	True	0.2215238981998757	0.4583736639557643		0.5780971063961171	0.5230739131553734	0.5038559097891019	True	True	False
GSE174574	primary	Astrocyte	Endothelial	Ptn	Ncl	True	True	True	1.3018440348772142	1.3929313096329556	0.0910872747557414	0.0656776601206225	0.1	-0.5068149761191282	0.665368502563311	2.755810230310258e-07	6.649632714121699e-15	True	True	True	0.8826318206839594	0.4797651578727859		0.1148978091205322	0.1188765648183267	0.110809447792871	GSE245386	primary	True	True	True	1.6714985700442553	1.5685861787109467	-0.1029123913333085	0.2463884980344224	0.1	-1.0213716919489029	0.3292354837865242	0.0011871286467109	0.0446321903788218	True	False	True	0.844574410304159	0.7780001082743035		0.5654974848091014	0.5156163793136086	0.4812635148522829	False	True	True
GSE174574	primary	Astrocyte	Endothelial	Ptn	Ptprb	True	True	True	1.9404693048840072	1.6078392593756297	-0.3326300455083775	0.0014813035133932	0.1	-0.5068149761191282	-0.4907705453808297	2.755810230310258e-07	1.8508508048521e-14	True	False	True	0.8826318206839594	0.5927838221978979		0.0090569389798714	0.0087075316891651	0.0076496169122026	GSE245386	primary	True	True	True	2.509432778733388	2.040970172618292	-0.468462606115096	0.1640018339975884	0.1	-1.0213716919489029	-0.4455470814197005	0.0011871286467109	0.0010125243899014	True	False	True	0.844574410304159	0.9130084808648504		0.496831435734689	0.4448375913783812	0.3922493283997513	True	True	True
GSE174574	primary	Astrocyte	Endothelial	Ptn	Sdc3	True	True	False	0.7591358866864463	0.7540525840067197	-0.0050833026797265	0.8835360133473612	0.9	-0.5068149761191282	0.1528004845409311	2.755810230310258e-07	0.3770555151380085	True	False	True	0.8826318206839594	0.160640567803955		0.9135302701151288	0.9070021610170644		GSE245386	primary	True	True	True	0.8263678120900254	0.9750696347060552	0.1487018226160298	0.2281315022444433	0.2	-1.0213716919489029	1.015409807792624	0.0011871286467109	1.6639713244605188e-13	True	True	True	0.844574410304159	0.4738358878912926		0.5514344287381022	0.4969531262342405	0.4697486105328931	False	True	True
GSE174574	primary	Astrocyte	Endothelial	Rarres2	Ccrl2	True	True	False	0.2645543062103464	0.2501801849317955	-0.0143741212785508	0.2891888958494346	0.4	0.0753613949334853	-0.2318862424918826	0.8485958283699055	0.1656336322753606	False	False	False	0.2539418123264786	0.1149767292553868		0.3665126706362892	0.3725493960764958		GSE245386	primary	True	True	True	0.2446310511166186	0.2082695016511638	-0.0363615494654548	0.2533240530703018	0.3	-0.2082192556365407	0.0627621482465457	0.8630602504696863	0.8331714128606742	False	False	False	0.2117667597765363	0.2822632923042172		0.5734724014496807	0.5216454300003059	0.4917127066471639	True	True	False
GSE174574	primary	Astrocyte	Endothelial	Rgma	Bmpr2	True	True	True	0.5873202789313593	0.5096903724709625	-0.0776299064603968	0.0522512956843203	0.1	-0.3056879416173109	-0.2651532635980377	0.162785997888932	0.0026640595034071	False	False	False	0.3247979802388194	0.3631498798832616		0.098003673994969	0.099307824555139	0.0951946586674114	GSE245386	primary	True	True	True	1.0349860427082485	0.9765968467790378	-0.0583891959292106	0.6593872562184181	0.6	-0.662226681197371	0.4197633095285091	0.0689902676402369	0.0006288440497024	False	False	False	0.4545798417132216	0.8993388500335557		0.8300274087861237	0.8133170627197376	0.8178749943599369	True	True	False
GSE174574	primary	Astrocyte	Endothelial	Rgma	Hfe	True	True	False	0.3021276095569423	0.2489346159816119	-0.0531929935753304	0.0868379094799752	0.1	-0.3056879416173109	-0.4357585867646868	0.162785997888932	0.006116462306655	False	False	False	0.3247979802388194	0.0946971782642704		0.1417224756448081	0.1447520804605357		GSE245386	primary	True	True	False	0.3032904964685227	0.2258650397088725	-0.0774254567596502	0.0716473371544	0.2	-0.662226681197371	-0.5820842732466227	0.0689902676402369	0.0037460754420426	False	True	True	0.4545798417132216	0.1319423896698846		0.3994677005495325	0.3731118384428756		True	True	False
GSE174574	primary	Astrocyte	Endothelial	Rps19	C5ar1	True	True	False	0.1620670019346684	0.6828362125215505	0.5207692105868821	0.0012194104962048	0.1	0.4921645074709949	4.013479707325632	1.212865495928252e-06	2.416524904231476e-54	False	True	True	0.8694079320631979	0.1562731182179835		0.0085132917975781	0.0084668567811689		GSE245386	primary	True	True	False	0.2304431790369623	0.4049191512117396	0.1744759721747773	0.2486515501748343	0.1	0.6100904152819848	1.448315116848806	0.1953383373424058	0.0260411513869856	False	True	True	0.6353875698324023	0.1926456546068382		0.5673863558043517	0.5174452650286356		True	True	True
GSE174574	primary	Astrocyte	Endothelial	Rtn4	Tnfrsf19	True	True	True	0.4567812566440907	0.4253971363331446	-0.031384120310946	0.3686690557557795	0.5	0.8455744404233685	-0.7886658671074052	0.0400001484762595	2.3398458569107806e-14	True	True	True	0.4446117756101929	0.1733748581606104		0.453468952756701	0.4617930732996269	0.4447436228164959	GSE245386	primary	True	True	True	0.787753226427172	0.530550531178601	-0.2572026952485711	0.0197574586663987	0.1	0.3585914651935402	-1.4135631754479412	0.6384162908453037	1.8352460364436383e-20	False	True	True	0.6180264587212911	0.3331044949703785		0.3032898200478345	0.2777227680465478	0.258081803829833	True	True	True
GSE174574	primary	Astrocyte	Endothelial	Selplg	Esam	True	True	True	1.0074244907347616	0.8053029839006	-0.2021215068341616	0.0072822853497233	0.1	-0.9092769349849368	0.2435453253757477	7.278296959202877e-08	3.441613253063212e-06	True	False	True	0.1771075166800114	0.9764535833912312		0.0232786149998131	0.0240540108151304	0.0213654409705153	GSE245386	primary	True	True	True	0.8028508194967315	0.5707742990593381	-0.2320765204373934	0.124475788875696	0.2	-1.286287186640721	0.4772707825157298	0.0004404673041253	2.2132858868591885e-05	True	False	True	0.1333507914338919	0.9736467578846562		0.460529466262629	0.4165252507986416	0.3619126093208853	True	True	True
GSE174574	primary	Astrocyte	Endothelial	Sema4a	Nrp1_Plxna2	True	True	False	0.2187631953206063	0.2868268866064443	0.0680636912858379	0.0811297479038957	0.1	-0.0236021857630951	0.1590925466506331	0.970134334696553	1.4577871634565802e-10	False	True	True	0.1605902531989522	0.252005102621023		0.1347397134791572	0.1391894253137927		GSE245386	primary	True	True	True	0.5665876311663284	0.3491972781216853	-0.217390353044643	0.1310520427524101	0.2	-0.3990086642528173	0.0471352651690922	0.5987553983840771	6.696837406493621e-58	False	True	True	0.3202882526381129	0.405414461900046		0.4669829845721407	0.4166499439359618	0.3636443656843025	False	True	True
GSE174574	primary	Astrocyte	Endothelial	Sirpa	Cd47	True	True	True	0.7049569567279711	0.6690363775090495	-0.0359205792189215	0.1013076003024613	0.1	-0.0877622843485392	-0.1224758672516417	0.770344739853075	0.2298018227526368	False	False	False	0.3680301443764203	0.4903982757366034		0.1608124855327491	0.163720318345942	0.1509681886860208	GSE245386	primary	True	True	True	0.8486677051523719	0.8386728173900411	-0.0099948877623308	0.9127385973153294	1.0	-0.389049557208647	0.2169827158762535	0.4811241556422607	0.1382423623236342	False	False	False	0.5705889199255121	0.7260957639545509		0.9641260250462192	0.9587979807498116	0.951433251066852	True	True	False
GSE174574	primary	Astrocyte	Endothelial	Sorbs1	Itga1	True	True	False	0.1599774589727183	0.1911805755058252	0.0312031165331069	0.1836186377390823	0.2	0.6348978138212044	-0.1054879276564842	0.0354579824086775	0.6281506595812985	True	False	True	0.1611831255175524	0.1172840144529299		0.2549274825431362	0.2596482299279211		GSE245386	primary	True	True	True	1.2538668781410776	1.417361121865398	0.1634942437243203	0.2720106408221403	0.4	0.9987920511688396	0.1296342264413452	0.0519956785233333	0.5145119015846059	False	False	False	0.7128821384233395	0.798008219513083		0.5780971063961171	0.5230739131553734	0.5038559097891019	True	True	True
GSE174574	primary	Astrocyte	Endothelial	Sparc	Eng	True	True	True	1.559034631268536	1.742881050678245	0.1838464194097091	0.0005672347926066	0.1	0.4674573191121815	0.083952048848766	1.5035862028336814e-05	0.2676871886655934	False	False	False	0.8105111065717532	0.8029032734912454		0.0057026004483385	0.0055497025655026	0.0047539320275175	GSE245386	primary	True	True	True	1.518483163217378	1.566267520937667	0.0477843577202892	0.6626261218868686	0.6	0.2363540599300778	-0.0743778267033817	0.7560855321765375	0.7642844736749177	False	False	False	0.732221834264432	0.9112081872174718		0.8332171022024242	0.8159610922408548	0.8194607069488494	True	True	False
GSE174574	primary	Astrocyte	Endothelial	Spon1	App	True	True	False	0.5141624307636625	0.5832963935036678	0.0691339627400052	0.1184915522827222	0.1	0.5219491504491843	-0.4185231826956162	0.114844490896953	4.059770327983166e-13	False	False	False	0.1437563996608751	0.8206812667047211		0.1827047656874694	0.1848876807170062		GSE245386	primary	True	True	True	0.9952358632166576	1.092676158842087	0.0974402956254293	0.75732129068021	0.7	0.4567953038234246	-0.6710733731364281	0.6659171189947866	3.2783346195499374e-08	False	True	True	0.4412049968963376	0.919768157647386		0.8874389905646848	0.874735444274041	0.8793341652897994	True	True	False
GSE174574	primary	Astrocyte	Endothelial	Spon1	Lrp8	True	True	False	0.1708695482560917	0.2054886832942822	0.0346191350381905	0.0877621724557601	0.1	0.5219491504491843	-0.174448379515473	0.114844490896953	0.2763579430610477	False	False	False	0.1437563996608751	0.137959148964585		0.1423479927654658	0.145068065885777		GSE245386	primary	True	True	True	0.4778131799775325	0.5443192667636805	0.0665060867861479	0.7494094261567941	0.8	0.4567953038234246	-0.2597185013921042	0.6659171189947866	0.3218589602566714	False	False	False	0.4412049968963376	0.4402098328002068		0.8860430264007605	0.8730340664734002	0.8779935492943117	True	True	False
GSE174574	primary	Astrocyte	Endothelial	Spp1	Itga5_Itgb1	True	True	False	0.0343558196797842	0.5788472815185766	0.5444914618387923	0.0001476935930104	0.1	8.442535775610972	1.021534945288879	6.994839841412427e-41	2.091897734038406e-18	True	True	True	0.9257034987663189	0.1184583715053416		0.0030174971017783	0.0025459562223703		GSE245386	primary	True	True	False	0.0374836346417061	0.2716588254552697	0.2341751908135635	0.3346260382637714	0.1	6.859187773931327	0.2074372413479165	2.1065544192432425e-05	0.1148195076493986	True	False	True	0.2784082091868404	0.2666876603696447		0.6239893134428552	0.5641348592738433		True	True	True
GSE174574	primary	Astrocyte	Endothelial	Spp1	S1pr1	True	True	True	0.1333364588440254	1.4894665002889929	1.3561300414449673	6.826881716584375e-06	0.1	8.442535775610972	0.2639980307858708	6.994839841412427e-41	0.000223277094407	True	False	True	0.9257034987663189	0.5964208329378939		0.0008231484351317	0.0007903971711344	0.0005188430104604	GSE245386	primary	True	True	False	0.0895062902826757	0.6646404349070367	0.575134144624361	0.2875413593611242	0.1	6.859187773931327	0.7673983388961467	2.1065544192432425e-05	1.0911960536164672e-10	True	True	True	0.2784082091868404	0.8600988656399898		0.5923180496463858	0.5345207022022723		True	True	True
GSE174574	primary	Astrocyte	Endothelial	Sptan1	Ptpra	True	True	False	0.2249365908591324	0.2052397802837377	-0.0196968105753946	0.4017939651439539	0.5	-0.1962499639482645	-0.0784110089452292	0.5924863340742201	0.7274403660297312	False	False	False	0.1678766545267818	0.133691579533956		0.4870621378111595	0.4910892231787926		GSE245386	primary	True	True	True	0.5523449809605615	0.5673825533318917	0.0150375723713301	0.6592886208457359	0.6	0.102909117336175	-0.0331273046960741	0.9135308645077368	0.9017388224748908	False	False	False	0.4673921477343264	0.5558840083520558		0.8300274087861237	0.8133170627197376	0.8178749943599369	False	True	False
GSE174574	primary	Astrocyte	Endothelial	Tgfb2	Eng	True	True	False	0.6964086154242916	0.6608032115403065	-0.035605403883985	0.2977361470852677	0.2	-0.1229413309696786	0.083952048848766	0.7574005805366563	0.2676871886655934	False	False	False	0.195721464121059	0.8029032734912454		0.3747797243777828	0.3808497711832754		GSE245386	primary	True	True	True	0.7605019401980817	0.6890749243559694	-0.0714270158421123	0.5624165879335942	0.5	-0.4518482452346911	-0.0743778267033817	0.42823659125258	0.7642844736749177	False	False	False	0.2748971911855989	0.9112081872174718		0.7729958220203584	0.7402833180398015	0.7392771501768628	True	True	False
GSE174574	primary	Astrocyte	Endothelial	Tgfb2	Tgfbr3	True	True	False	0.2225199051212397	0.1578977489421182	-0.0646221561791215	0.0038386328872972	0.1	-0.1229413309696786	-0.9651871248157388	0.7574005805366563	9.789761645096598e-10	False	True	True	0.195721464121059	0.0677683885320634		0.016352142356057	0.0175896848759695		GSE245386	primary	True	True	True	0.4788689762775363	0.3620398511562048	-0.1168291251213314	0.1390516971823605	0.1	-0.4518482452346911	-0.5818076906558098	0.42823659125258	0.0001772113262014	False	True	True	0.2748971911855989	0.4609920819748486		0.4677308434296738	0.4166499439359618	0.3636443656843025	True	True	True
GSE174574	primary	Astrocyte	Endothelial	Timp2	Itgb1	True	True	False	0.3336775229144127	0.3750967732090702	0.0414192502946575	0.1676373618154489	0.3	-0.1728499455681079	0.5414646013920811	0.7344345550984157	9.040428588134037e-14	False	True	True	0.1337765611872689	0.4956281982747497		0.2384002143187764	0.2431075119192776		GSE245386	primary	True	True	True	0.6664555443816663	0.5571062022964592	-0.109349342085207	0.2986078545489372	0.1	-0.4173733503973504	0.014211423009056	0.5236543834145968	0.964922086583359	False	False	False	0.2489622129112352	0.8029422841957786		0.5992436062425193	0.5435161924349134	0.5243272147103212	False	True	True
GSE174574	primary	Astrocyte	Endothelial	Timp3	Kdr	True	True	True	1.1566056880844158	0.8539363035296764	-0.3026693845547393	0.000455835524477	0.1	-0.4901041829807783	-0.6812604702673553	3.660070416373384e-05	7.08262840513104e-21	False	True	True	0.5052218953009272	0.5283724260353065		0.0050544115508194	0.0050003775715365	0.0040757058659127	GSE245386	primary	True	True	True	1.2481449453584783	0.8417562153871725	-0.406388729971306	0.0367108081513406	0.1	-0.7911851650517524	-1.0426486355109474	0.0317707057924957	2.213267806587157e-17	True	True	True	0.58068552141527	0.6764619131136049		0.3316738623636964	0.3047326883201029	0.2959226570625264	True	True	True
GSE174574	primary	Astrocyte	Endothelial	Tnf	Fas	True	True	False	0.0922866858585722	0.4003674908179022	0.3080808049593299	0.0001018254969679	0.1	3.725644711731397	0.5568545141091191	6.401122967358452e-13	1.752502223938235e-16	True	True	True	0.1113948949041649	0.6037433793297388		0.0024766588617372	0.0023038018689004		GSE245386	primary	True	True	False	0.2225164169180665	0.4960355124043876	0.273519095486321	0.122085941507757	0.1	1.453028434389171	1.902053969438104	0.0012737907941911	4.809789293864978e-55	True	True	True	0.1854923184357541	0.7937810880260754		0.4581129614672025	0.4165252507986416		True	True	True
GSE174574	primary	Astrocyte	Endothelial	Tnf	Flt4	True	True	False	0.0409349931390548	0.1592522353823152	0.1183172422432603	8.509003764864603e-06	0.1	3.725644711731397	0.086324387620567	6.401122967358452e-13	0.6801839883889219	True	False	True	0.1113948949041649	0.1211830643284691		0.0008231484351317	0.0007903971711344		GSE245386	primary	True	True	False	0.1731782038090127	0.3018235401444671	0.1286453363354543	0.2723001276351319	0.1	1.453028434389171	0.8157369485726044	0.0012737907941911	6.656198427862485e-08	True	True	True	0.1854923184357541	0.4433067345683448		0.5780971063961171	0.5230739131553734		True	True	True
GSE174574	primary	Astrocyte	Endothelial	Tnf	Notch1	True	True	False	0.0601697041471669	0.2374226729260266	0.1772529687788596	2.012263921464712e-05	0.1	3.725644711731397	0.1687349111392415	6.401122967358452e-13	0.1688312334974081	True	False	True	0.1113948949041649	0.2557523233621729		0.0010454424995759	0.0010406279136717		GSE245386	primary	True	True	False	0.2942109669062502	0.4517535139783535	0.1575425470721033	0.265010955704689	0.1	1.453028434389171	0.4884969130317023	0.0012737907941911	5.713859991756355e-05	True	False	True	0.1854923184357541	0.7185339472610801		0.5734724014496807	0.5225769564202137		True	True	True
GSE174574	primary	Astrocyte	Endothelial	Tnf	Tnfrsf1a	True	True	False	0.0504553677417336	0.2639890532596106	0.2135336855178769	2.954415604448877e-05	0.1	3.725644711731397	1.1075309097082076	6.401122967358452e-13	1.5955249230616863e-30	True	True	True	0.1113948949041649	0.3102626487809075		0.0013922683535965	0.0013368730610131		GSE245386	primary	True	True	False	0.1600040336679474	0.3238556797716188	0.1638516461036713	0.2675745130737871	0.1	1.453028434389171	1.313190274161396	0.0012737907941911	1.8080046249636818e-15	True	True	True	0.1854923184357541	0.4786389266656274		0.5750419535513026	0.5230739131553734		True	True	True
GSE174574	primary	Astrocyte	Endothelial	Tnfsf12	Tnfrsf12a	True	True	False	0.168298334957754	0.2181092649141855	0.0498109299564315	7.281141554508766e-05	0.1	-0.6764438855017569	1.670297454363674	0.0509503357860252	7.576597142611589e-51	False	True	True	0.0764728826822453	0.3193707539837465		0.0022250808751367	0.0019429514387019		GSE245386	primary	True	True	False	0.1595303825218145	0.3249694975925029	0.1654391150706883	0.0817447981752883	0.1	-0.3794280713537386	2.702766091346338	0.6551322121611727	9.326019770231084e-70	False	True	True	0.1785866697703289	0.5986255230535593		0.4226386231942292	0.3807552537866976		True	True	True
GSE174574	primary	Astrocyte	Endothelial	Trf	Adrb2	True	True	False	0.2156781577535436	0.2944323396262215	0.0787541818726778	0.0208890650221795	0.1	0.9849337494501178	-0.1401586406711295	6.760757015473334e-09	0.4774066749358343	True	False	True	0.3216159086494781	0.1217026867006647		0.0496943349247667	0.0500871617155012		GSE245386	primary	True	True	False	0.2768695427616878	0.1998331682570625	-0.0770363745046253	0.3043743425360218	0.5	-0.1988528487276221	-0.5546861027685379	0.8507060296307655	0.1201844574395456	False	False	False	0.4001687616387336	0.1285432999207544		0.6040756405115826	0.5477267758196528		False	True	True
GSE174574	primary	Astrocyte	Endothelial	Trf	Hfe	True	True	False	0.2041087148024003	0.2559365550998558	0.0518278402974555	0.0113058582513364	0.1	0.9849337494501178	-0.4357585867646868	6.760757015473334e-09	0.006116462306655	True	False	True	0.3216159086494781	0.0946971782642704		0.0327869889288758	0.0335468908769164		GSE245386	primary	True	True	False	0.2831514770588919	0.2175067692827051	-0.0656447077761868	0.1780133807344167	0.3	-0.1988528487276221	-0.5820842732466227	0.8507060296307655	0.0037460754420426	False	True	True	0.4001687616387336	0.1319423896698846		0.5103137164226363	0.4617531370740236		False	True	True
GSE174574	primary	Astrocyte	Endothelial	Trf	Tfrc	True	True	True	0.4281806541950574	0.3862032894240446	-0.0419773647710127	0.1519045216606284	0.3	0.9849337494501178	-1.5791609451788873	6.760757015473334e-09	2.0081506082934385e-67	True	True	True	0.3216159086494781	0.1888108701151933		0.2223041130705766	0.2247855242173938	0.2060053742091413	GSE245386	primary	True	True	True	0.8156637334956068	0.5679469346076407	-0.2477167988879661	0.0672368951016257	0.1	-0.1988528487276221	-1.1534779350010405	0.8507060296307655	1.7732679791055257e-08	False	True	True	0.4001687616387336	0.5504527919369246		0.393435693119414	0.3683197562552293	0.3297557865549225	True	True	True
GSE174574	primary	Astrocyte	Endothelial	Vegfa	Flt1_Kdr	True	True	True	0.6753504486357981	0.4940658748103406	-0.1812845738254574	0.0102363418575266	0.1	-0.4989998272774127	-0.510256056900655	0.0261439003394786	7.08262840513104e-21	False	True	True	0.201485248233926	0.5283724260353065		0.0302509639723418	0.0311391239699549	0.0277843564704294	GSE245386	primary	True	True	True	1.065467904224483	0.6778084558647675	-0.3876594483597155	0.0549902361866226	0.1	-0.984539244198919	-0.705756356818934	0.0037205319291729	2.213267806587157e-17	True	True	True	0.4706606921166977	0.6764619131136049		0.3868955903130234	0.3562410952959465	0.3283702675144036	True	True	True
GSE174574	primary	Astrocyte	Endothelial	Vegfa	Itgb1	True	True	True	0.4838914189866688	0.479362527918981	-0.0045288910676877	0.8844523835332148	0.9	-0.4989998272774127	0.5414646013920811	0.0261439003394786	9.040428588134037e-14	False	True	True	0.201485248233926	0.4956281982747497		0.9135302701151288	0.9070021610170644	0.9190193635706349	GSE245386	primary	True	True	True	1.0122361000210194	0.8047559068361422	-0.2074801931848772	0.102078699277077	0.1	-0.984539244198919	0.014211423009056	0.0037205319291729	0.964922086583359	True	False	True	0.4706606921166977	0.8029422841957786		0.4444890540635656	0.4023737087905945	0.357992318360598	True	True	True
GSE174574	primary	Astrocyte	Endothelial	Vegfa	Nrp1	True	True	True	0.5371575655609419	0.4002768132656867	-0.1368807522952551	0.0208927111023223	0.1	-0.4989998272774127	-0.4097811644891893	0.0261439003394786	1.41880585782501e-07	False	False	False	0.201485248233926	0.3369110569839487		0.0496943349247667	0.0500871617155012	0.0467013542287205	GSE245386	primary	True	True	True	0.9173950821458864	0.4733039629331161	-0.4440911192127702	0.0175022221285963	0.1	-0.984539244198919	-1.5984479454886489	0.0037205319291729	5.659684221239587e-30	True	True	True	0.4706606921166977	0.405414461900046		0.2970308805889282	0.2736217697993153	0.2537250874878106	True	True	False
GSE174574	primary	Astrocyte	Endothelial	Vegfb	Adrb2	True	True	False	0.1778390043577342	0.1310032298007074	-0.0468357745570268	0.0056260673196484	0.1	-0.7753511538756328	-0.1401586406711295	0.0104712971438271	0.4774066749358343	True	False	True	0.0820640103403687	0.1217026867006647		0.0197304872512323	0.0214382775759236		GSE245386	primary	True	True	False	0.2112872744188673	0.1497513662120992	-0.061535908206768	0.0027275454786019	0.1	-0.5225725298381503	-0.5546861027685379	0.3436248544985574	0.1201844574395456	False	False	False	0.2832382836747361	0.1285432999207544		0.2475603847122746	0.208045670175572		True	True	True
GSE174574	primary	Astrocyte	Endothelial	Vegfb	Flt1_Kdr	True	True	False	0.4552311678521851	0.293804492190538	-0.1614266756616471	0.0015042530510013	0.1	-0.7753511538756328	-0.510256056900655	0.0104712971438271	7.08262840513104e-21	True	True	True	0.0820640103403687	0.5283724260353065		0.0090569389798714	0.0087075316891651		GSE245386	primary	True	True	True	0.6964743501194403	0.4781864521652551	-0.2182878979541851	0.0587704276938431	0.2	-0.5225725298381503	-0.705756356818934	0.3436248544985574	2.213267806587157e-17	False	True	True	0.2832382836747361	0.6764619131136049		0.393435693119414	0.3679325095118748	0.3297557865549225	True	True	True
GSE174574	primary	Astrocyte	Endothelial	Vegfb	Nrp1	True	True	False	0.3619636526074349	0.2380825460878475	-0.1238811065195874	0.0011486627779519	0.1	-0.7753511538756328	-0.4097811644891893	0.0104712971438271	1.41880585782501e-07	True	False	True	0.0820640103403687	0.3369110569839487		0.0082497810683899	0.0083176174644429		GSE245386	primary	True	True	True	0.5999361455726896	0.3338288877853073	-0.2661072577873823	0.028063122249059	0.2	-0.5225725298381503	-1.5984479454886489	0.3436248544985574	5.659684221239587e-30	False	True	True	0.2832382836747361	0.405414461900046		0.3129302877206399	0.290375362160403	0.2792948833358737	True	True	True
GSE174574	primary	Astrocyte	Endothelial	Vtn	Cd47	True	True	False	0.357546572360479	0.4094665466377939	0.0519199742773149	0.2300883734579729	0.3	-0.0292816436619046	-0.1224758672516417	0.9666759090747	0.2298018227526368	False	False	False	0.151662134168613	0.4903982757366034		0.3043625150654589	0.3073505210029011		GSE245386	primary	True	True	False	0.3562637561717577	0.3549859012243016	-0.001277854947456	0.9762628689586222	1.0	0.5515645653923296	0.2169827158762535	0.6715971826757562	0.1382423623236342	False	False	False	0.1320317349472377	0.7260957639545509		0.9899551450844316	0.9887577038902902		False	True	False
GSE174574	primary	Astrocyte	Endothelial	Vtn	Itga5	True	True	False	0.0937563866524184	0.1808376316949077	0.0870812450424893	0.0025708490446961	0.1	-0.0292816436619046	1.5016052891856764	0.9666759090747	2.091897734038406e-18	False	True	True	0.151662134168613	0.1184583715053416		0.0124121848652117	0.0129256576969442		GSE245386	primary	True	True	False	0.1590970660169737	0.1695989299320352	0.0105018639150615	0.6002986133058995	0.7	0.5515645653923296	0.4006630596867772	0.6715971826757562	0.1148195076493986	False	False	False	0.1320317349472377	0.2666876603696447		0.7964574843126124	0.7724049514903197		True	True	True
GSE174574	primary	Astrocyte	Endothelial	Vtn	Kdr	True	True	False	0.4248732528552275	0.4242431944627042	-0.0006300583925232	0.9873891556412884	1.0	-0.0292816436619046	-0.6812604702673553	0.9666759090747	7.08262840513104e-21	False	True	True	0.151662134168613	0.5283724260353065		0.9887004294203604	0.9873891556412884		GSE245386	primary	True	True	False	0.4387514796755909	0.3329974299749599	-0.1057540497006309	0.0784992152810546	0.1	0.5515645653923296	-1.0426486355109474	0.6715971826757562	2.213267806587157e-17	False	True	True	0.1320317349472377	0.6764619131136049		0.4226386231942292	0.3807552537866976		True	True	True
GSE174574	primary	Astrocyte	Endothelial	Vtn	Plaur	True	True	False	0.1332593225702583	0.3368560229128899	0.2035967003426315	0.0017572416010527	0.1	-0.0292816436619046	2.5751131657111106	0.9666759090747	5.278500641761477e-131	False	True	True	0.151662134168613	0.3241679297670093		0.010037577024195	0.0097864839935551		GSE245386	primary	True	True	False	0.1801412839869328	0.37592682245977	0.1957855384728371	0.0127252592526487	0.1	0.5515645653923296	2.943781605471446	0.6715971826757562	8.970550800886093e-15	False	True	True	0.1320317349472377	0.7094790419217569		0.2788301044227755	0.243336697924601		True	True	True
GSE174574	primary	Astrocyte	Endothelial	Wnt7b	Tmed5	True	True	False	0.3128085414659938	0.3515294480421988	0.0387209065762049	0.0865099126855426	0.2	0.0981196162720311	0.3576232025974717	0.8535010640025045	0.0001170549344109	False	False	False	0.1684234886723385	0.3583842066710698		0.1417224756448081	0.1447520804605357		GSE245386	primary	True	True	True	0.3587544412403301	0.4042882618799197	0.0455338206395895	0.1659595802866899	0.3	0.1244381262253629	0.1270106277609466	0.9123685072587449	0.573482406214753	False	False	False	0.2726470360024829	0.6036845465500167		0.4970265337764251	0.4451134013410313	0.3922493283997513	True	True	False
GSE174574	primary	Astrocyte	Endothelial	Ybx1	Notch1	True	True	True	0.5957998416911514	0.667012518776526	0.0712126770853746	0.0237094975725309	0.1	0.4037377297705913	0.1687349111392415	0.0020310720326458	0.1688312334974081	False	False	False	0.6453149647941921	0.2557523233621729		0.0553466290083229	0.0552681245383213	0.0507583610003478	GSE245386	primary	True	True	True	0.7069357165843808	0.9035645270150214	0.1966288104306406	0.0892614165437919	0.1	0.468981149736021	0.4884969130317023	0.3443279125327866	5.713859991756355e-05	False	False	False	0.6180264587212911	0.7185339472610801		0.4226386231942292	0.3807552537866976	0.3443991350453551	True	True	False
GSE174574	primary	Endothelial	Astrocyte	Adam10	Axl	True	True	False	0.2864729747227264	0.2633607081435407	-0.0231122665791857	0.3423772303376494	0.4	-0.1718852360301223	-0.2427271647536193	0.1486589053641219	0.5497635421504633	False	False	False	0.2435715674775503	0.1469632954943903		0.425994111674237	0.4318486319938295		GSE245386	primary	True	True	True	0.5142261269373941	0.5025767811636317	-0.0116493457737624	0.7924279446130025	0.8	-0.5078741199008823	0.2982115621445202	0.0001322259226191	0.6716929304812773	True	False	True	0.6351375317005693	0.3593459031657355		0.9129512064942832	0.9013111736437968	0.8992684139575803	True	True	False
GSE174574	primary	Endothelial	Astrocyte	Adam10	Cadm1	True	True	True	0.7749236716771358	0.7550256000200516	-0.0198980716570842	0.4879979833723161	0.6	-0.1718852360301223	0.0554076257060461	0.1486589053641219	0.8133622009133312	False	False	False	0.2435715674775503	0.7651317362362894		0.5669498913139082	0.564393833804404	0.5414284195079713	GSE245386	primary	True	True	True	1.4035349368139105	1.2157869760437714	-0.1877479607701391	0.286252894835064	0.1	-0.5078741199008823	-0.1276342056818321	0.0001322259226191	0.8983232589012587	True	False	True	0.6351375317005693	0.7659547641216635		0.5923180496463858	0.5345207022022723	0.516504046169802	True	True	False
GSE174574	primary	Endothelial	Astrocyte	Adam10	Notch1	True	True	True	0.3830740971071847	0.3807994875547993	-0.0022746095523853	0.90649332028963	0.9	-0.1718852360301223	0.0925467416030462	0.1486589053641219	0.8034024509308639	False	False	False	0.2435715674775503	0.2940715801869302		0.9297732337855672	0.9217712975978825	0.9232243764709932	GSE245386	primary	True	True	True	0.7604133972950479	0.7254777582816001	-0.0349356390134477	0.6129513027512042	0.8	-0.5078741199008823	0.2433346462031193	0.0001322259226191	0.6859384927571354	True	False	True	0.6351375317005693	0.5766992551210428		0.8023349278537357	0.7846197947588439	0.7811391602134249	True	True	False
GSE174574	primary	Endothelial	Astrocyte	Adam10	Notch2	True	True	False	0.3439431738394677	0.3109566986561656	-0.0329864751833021	0.0937558762634535	0.1	-0.1718852360301223	-0.2218897523374423	0.1486589053641219	0.5278701049550769	False	False	False	0.2435715674775503	0.181144461258283		0.1507925783345282	0.1542710327607735		GSE245386	primary	True	True	True	0.7459495536210108	0.6110234460733759	-0.1349261075476349	0.3105785245703084	0.3	-0.5078741199008823	-0.3925193203009718	0.0001322259226191	0.5202768792781676	True	False	True	0.6351375317005693	0.4557146182495344		0.6104727664812577	0.5533408578302239	0.5409242636266205	True	True	False
GSE174574	primary	Endothelial	Astrocyte	Adam10	Nrcam	True	True	True	0.4077439134206204	0.3631419686607481	-0.0446019447598722	0.1531487321423222	0.2	-0.1718852360301223	-0.1960505402176246	0.1486589053641219	0.5140665061976972	False	False	False	0.2435715674775503	0.2622053228714733		0.2229155198305156	0.224878499740749	0.2060053742091413	GSE245386	primary	True	True	True	1.2440673895226293	1.096068690107708	-0.1479986994149211	0.2403924859534754	0.4	-0.5078741199008823	-0.0723000932721824	0.0001322259226191	0.9398747500043874	True	False	True	0.6351375317005693	0.7359268311607696		0.5616494064167188	0.5103257715131302	0.478580866378162	True	True	False
GSE174574	primary	Endothelial	Astrocyte	Adam10	Trem2	True	True	True	0.3792571283881483	0.3548116848539556	-0.0244454435341927	0.1849675555211188	0.2	-0.1718852360301223	-0.254574042256302	0.1486589053641219	0.3818191473742883	False	False	False	0.2435715674775503	0.2382908293662443		0.2559000676383919	0.2605379575822763	0.2378253308309255	GSE245386	primary	True	True	True	0.7276841996381663	0.4633170718437054	-0.2643671277944609	0.0701292785244576	0.1	-0.5078741199008823	-1.1182306427842166	0.0001322259226191	0.0089077273193907	True	True	True	0.6351375317005693	0.2596213531967722		0.3949760801414831	0.3705412234093686	0.333114072991174	True	True	False
GSE174574	primary	Endothelial	Astrocyte	Adam10	Tspan12	True	True	True	0.3632347173407169	0.3659942507813603	0.0027595334406433	0.9110766873069012	1.0	-0.1718852360301223	0.1079677998490643	0.1486589053641219	0.7826852994915218	False	False	False	0.2435715674775503	0.2717266158192342		0.9308290274111158	0.9238368650002752	0.9232243764709932	GSE245386	primary	True	True	True	0.5771405267624279	0.5585551973278424	-0.0185853294345854	0.7636334351462228	1.0	-0.5078741199008823	0.3054176028921066	0.0001322259226191	0.6386300586702424	True	False	True	0.6351375317005693	0.3931467256362507		0.8927939864914297	0.8792997050756353	0.8806392629247264	False	True	False
GSE174574	primary	Endothelial	Astrocyte	Adam10	Tspan14	True	True	False	0.2845841188523554	0.2798838715997988	-0.0047002472525566	0.6453146128094495	0.6	-0.1718852360301223	0.0040354420215997	0.1486589053641219	0.9968420799148576	False	False	False	0.2435715674775503	0.1684102626769613		0.7144893069872612	0.7122069812104289		GSE245386	primary	True	True	True	0.5940109147384532	0.5096531129018649	-0.0843578018365883	0.1201215292104369	0.2	-0.5078741199008823	-0.2337707830732812	0.0001322259226191	0.7603068648832818	True	False	True	0.6351375317005693	0.3577261793916821		0.4565390595714997	0.4162350663338394	0.3612287712946951	True	True	False
GSE174574	primary	Endothelial	Astrocyte	Adam10	Tspan15	True	True	True	0.430223541088381	0.4048810290621787	-0.0253425120262023	0.4378166300827872	0.4	-0.1718852360301223	-0.0840281663624814	0.1486589053641219	0.8196660979989249	False	False	False	0.2435715674775503	0.3228667454087965		0.5231596498929026	0.5261285036756215	0.4966278191983855	GSE245386	primary	True	True	True	0.5773548666053252	0.4146603404060288	-0.1626945261992963	0.1446101893230211	0.3	-0.5078741199008823	-0.5109335791027919	0.0001322259226191	0.3938020425614284	True	False	True	0.6351375317005693	0.2797078677839851		0.4734882099163739	0.4224885923358853	0.3708408536013672	True	True	False
GSE174574	primary	Endothelial	Astrocyte	Adam10	Tspan5	True	True	False	0.3039130255629771	0.2828421643607966	-0.0210708612021805	0.0041780001347012	0.1	-0.1718852360301223	-0.0738879916787758	0.1486589053641219	0.8872481049897009	False	False	False	0.2435715674775503	0.1604332444007113		0.017175792409492	0.0182660423454854		GSE245386	primary	True	True	True	0.8052235360020195	0.7112172273014473	-0.0940063087005721	0.2119699653455523	0.3	-0.5078741199008823	0.0842488238120188	0.0001322259226191	0.9283788449931244	True	False	True	0.6351375317005693	0.5071384233395406		0.5373754054063576	0.4859003820998047	0.4497636828144207	True	True	False
GSE174574	primary	Endothelial	Astrocyte	Adam15	Itgav	True	True	True	0.3955218536344222	0.4979325015590003	0.1024106479245781	0.0199019870148426	0.1	0.6310486384908055	0.1226010408229159	9.139133433882927e-17	0.7566158837984164	True	False	True	0.4419389169009097	0.2463517542087405		0.0482656549420898	0.0483670443512929	0.0451643778538832	GSE245386	primary	True	True	True	0.5880765822309865	0.6901104289231269	0.1020338466921404	0.0437260807396178	0.1	-0.1825648790391061	0.918563271507335	0.3579301726969789	0.0010467480265429	False	True	True	0.5039389444935516	0.6102188081936686		0.3614281638757222	0.3358343314537659	0.3097881652400044	True	True	True
GSE174574	primary	Endothelial	Astrocyte	Adam15	Itgb1	True	True	True	0.3591595479633936	0.4911854253761162	0.1320258774127226	0.0067484451774425	0.1	0.6310486384908055	0.5306270178308851	9.139133433882927e-17	0.0197423303675214	True	True	True	0.4419389169009097	0.239299083097004		0.022123163755616	0.0232660681355638	0.0211516493853655	GSE245386	primary	True	True	True	0.5136969479865797	0.5321804831460354	0.0184835351594556	0.8249761402453993	0.8	-0.1825648790391061	0.4338796345697815	0.3579301726969789	0.4821921488395028	False	False	False	0.5039389444935516	0.470951660459342		0.930459730696624	0.9186954028143834	0.920805248829776	True	True	True
GSE174574	primary	Endothelial	Astrocyte	Adm	Adcyap1r1	True	True	True	0.328517523096263	0.3761016757987104	0.0475841527024474	0.0077780062805054	0.1	1.075788556587213	-0.3828545811064359	1.250584013839718e-41	0.1074214831337796	True	False	True	0.264229506715737	0.1968234130739328		0.024334509275938	0.0251396274423478	0.0218936473080892	GSE245386	primary	True	True	True	0.2913550117285592	0.364248376298713	0.0728933645701538	0.1396291363480049	0.2	0.922062753254298	-0.3266273897341505	5.6793073581043495e-09	0.6164999168070046	True	False	True	0.2853827123273094	0.4190429081315953		0.4677308434296738	0.4166499439359618	0.3636443656843025	True	True	True
GSE174574	primary	Endothelial	Astrocyte	Adm	Ramp1	True	True	True	0.6676343901724401	0.8251613559543873	0.1575269657819472	4.717707711956087e-05	0.1	1.075788556587213	-0.0948035819324823	1.250584013839718e-41	0.6440365706398835	True	False	True	0.264229506715737	0.6728705588597776		0.0019761953415638	0.0017078101917281	0.0014341831444346	GSE245386	primary	True	True	True	0.36759875180317	0.4801518512420918	0.1125530994389218	0.0903544345325338	0.1	0.922062753254298	-0.1367122193001357	5.6793073581043495e-09	0.8835160783912219	True	False	True	0.2853827123273094	0.5535090782122905		0.4226386231942292	0.3807552537866976	0.3443991350453551	True	True	True
GSE174574	primary	Endothelial	Astrocyte	Adm	Ramp2	True	True	True	0.5278849146460476	0.6421655609852107	0.1142806463391631	0.0073092298057026	0.1	1.075788556587213	-0.214041972049129	1.250584013839718e-41	0.3121687787535976	True	False	True	0.264229506715737	0.4672340778353465		0.0232786149998131	0.0240540108151304	0.0213654409705153	GSE245386	primary	True	True	True	0.2361384355805691	0.4131807096888203	0.1770422741082512	0.0147253453221297	0.1	0.922062753254298	0.9264219173197056	5.6793073581043495e-09	0.0085800476142438	True	True	True	0.2853827123273094	0.4639587212911235		0.2907541812939039	0.2538930015156292	0.2406545715289702	True	True	True
GSE174574	primary	Endothelial	Astrocyte	Agrn	Dag1	True	True	True	0.379704528837868	0.2751710720522238	-0.1045334567856442	0.0121394570363107	0.1	-1.097877274086667	-0.0561985453197353	3.1977085204425104e-27	0.9053272420543832	True	False	True	0.1483484547980242	0.2535942374258306		0.0344103406217229	0.034876852755115	0.0312745333816819	GSE245386	primary	True	True	True	0.513355550642154	0.3134865528980188	-0.1998689977441351	0.0452088766621605	0.2	-1.5063151807000232	-0.1796610724965246	2.5091609730055894e-21	0.817149170871817	True	False	True	0.2166694824208267	0.4869258224705152		0.3651354779895521	0.3399993881097174	0.3125950519371363	True	True	True
GSE174574	primary	Endothelial	Astrocyte	Agrn	Itgb1	True	True	True	0.317644253738557	0.2667020853879494	-0.0509421683506076	0.1114089843367978	0.1	-1.097877274086667	0.5306270178308851	3.1977085204425104e-27	0.0197423303675214	True	True	True	0.1483484547980242	0.239299083097004		0.1746411105820073	0.177542689610483	0.1610524846232069	GSE245386	primary	True	True	True	0.4502997187560618	0.3082069717615223	-0.1420927469945394	0.0022934179704001	0.1	-1.5063151807000232	0.4338796345697815	2.5091609730055894e-21	0.4821921488395028	True	False	True	0.2166694824208267	0.470951660459342		0.2475603847122746	0.208045670175572	0.1866762532740963	True	True	True
GSE174574	primary	Endothelial	Astrocyte	Agrn	Lrp1	True	True	True	0.4328743247390574	0.3560596970785379	-0.0768146276605194	0.0041183144089835	0.1	-1.097877274086667	0.3512112890406507	3.1977085204425104e-27	0.0610258084736296	True	False	True	0.1483484547980242	0.3913716444736061		0.0170734907362332	0.0182660423454854	0.0163358689420075	GSE245386	primary	True	True	True	0.572234676987696	0.4090499723432169	-0.1631847046444791	0.0512933762863889	0.2	-1.5063151807000232	0.6101579583740807	2.5091609730055894e-21	0.1705920620167662	True	False	True	0.2166694824208267	0.6289377715704532		0.3789298173156984	0.3505831681959612	0.3248580498137968	True	True	True
GSE174574	primary	Endothelial	Astrocyte	Agrn	Lrp4	True	True	False	0.3222418304200662	0.1944035416537119	-0.1278382887663543	0.0019410544051271	0.1	-1.097877274086667	-0.6114457746696712	3.1977085204425104e-27	0.0131936671900105	True	True	True	0.1483484547980242	0.1291353278879488		0.0105858141191548	0.0103827443551068		GSE245386	primary	True	True	True	0.4572693621643132	0.2432491832763267	-0.2140201788879865	0.0252505199721034	0.1	-1.5063151807000232	-0.7373219190141057	2.5091609730055894e-21	0.0360396627726352	True	True	True	0.2166694824208267	0.3347202824332712		0.3122596474112638	0.290375362160403	0.2786154725180736	True	True	True
GSE174574	primary	Endothelial	Astrocyte	Angptl4	Cdh11	True	True	False	0.1824313198410121	0.280891046818665	0.0984597269776528	0.0097631530560158	0.1	1.6233270092150418	-0.2098886066575935	8.642767309633065e-75	0.6960875960789684	True	False	True	0.3702278302832157	0.0914540013541431		0.0290965114791935	0.0299513678498113		GSE245386	primary	True	True	True	0.215192581134171	0.4705609473619577	0.2553683662277867	0.1028155645838839	0.1	3.1616495646189686	-0.5892428816652089	1.3266862032200182e-10	0.2557935353003179	True	False	True	0.4698967100479487	0.3769785847299813		0.4444890540635656	0.4031452400789134	0.357992318360598	True	True	True
GSE174574	primary	Endothelial	Astrocyte	Angptl4	Sdc2	True	True	True	0.3716875431315911	0.5851237927303122	0.2134362495987211	0.000314741603022	0.1	1.6233270092150418	-0.1633302025407726	8.642767309633065e-75	0.5101137303343188	True	False	True	0.3702278302832157	0.3671940858316183		0.0044971252901467	0.0044434175464638	0.0040757058659127	GSE245386	primary	True	True	True	0.2446785031826026	0.5252278482271162	0.2805493450445135	0.0883842547740761	0.1	3.1616495646189686	-0.7623722785646081	1.3266862032200182e-10	0.0579726069083921	True	False	True	0.4698967100479487	0.4497691651148355		0.4226386231942292	0.3807552537866976	0.3443991350453551	True	True	True
GSE174574	primary	Endothelial	Astrocyte	Angptl4	Sdc3	True	True	False	0.1642561307451983	0.3444723890639642	0.1802162583187659	0.0001114130742325	0.1	1.6233270092150418	0.7268756867507686	8.642767309633065e-75	0.0214832005925751	True	True	True	0.3702278302832157	0.1344040153589732		0.0026251705616044	0.0023724431101284		GSE245386	primary	True	True	False	0.1115902528096751	0.3349424565596497	0.2233522037499745	0.2278829757041257	0.1	3.1616495646189686	0.6456805187101603	1.3266862032200182e-10	0.473901331714673	True	False	True	0.4698967100479487	0.2066651148355059		0.5514344287381022	0.4969531262342405		True	True	True
GSE174574	primary	Endothelial	Astrocyte	Angptl4	Sdc4	True	True	True	0.4938160367564146	0.993622865699566	0.4998068289431515	1.0917087999094749e-05	0.1	1.6233270092150418	0.9549876600084228	8.642767309633065e-75	2.86573451697819e-23	True	True	True	0.3702278302832157	0.7332447262607488		0.0008231484351317	0.0007903971711344	0.0005531324586208	GSE245386	primary	True	True	True	0.2862994225618403	1.0708292075420538	0.7845297849802135	0.0764143613222102	0.1	3.1616495646189686	1.9733532435779448	1.3266862032200182e-10	2.2868175910455123e-10	True	True	True	0.4698967100479487	0.8137511638733705		0.4181563661243171	0.3807552537866976	0.3443991350453551	True	True	True
GSE174574	primary	Endothelial	Astrocyte	Apoe	Abca1	True	True	True	0.9513412952685086	0.860168385766141	-0.0911729095023676	0.2280981492770567	0.3	-0.9283504390198684	0.0055368578186013	2.0937998403570974e-52	0.994435849518374	True	False	True	0.9581627582957192	0.2177289438427961		0.3027922615403182	0.3058204816233131	0.2796041829847792	GSE245386	primary	True	True	True	1.1825689785820153	1.2029913815030948	0.0204224029210795	0.9353036968453944	1.0	-0.3498617864389372	0.3198602956605781	0.1001355211072531	0.5363823942056268	False	False	False	0.8741731250110841	0.623923417132216		0.9723209935543152	0.9662062391435788	0.9629481410871304	False	True	True
GSE174574	primary	Endothelial	Astrocyte	Apoe	Lrp1	True	True	True	1.2073882223656875	1.2107668208764375	0.0033785985107501	0.8831775853479625	0.9	-0.9283504390198684	0.3512112890406507	2.0937998403570974e-52	0.0610258084736296	True	False	True	0.9581627582957192	0.3913716444736061		0.9135302701151288	0.9070021610170644	0.9190193635706349	GSE245386	primary	True	True	True	1.125774434816215	1.2066709093100976	0.0808964744938824	0.3970557610504548	0.6	-0.3498617864389372	0.6101579583740807	0.1001355211072531	0.1705920620167662	False	False	False	0.8741731250110841	0.6289377715704532		0.6657019993782094	0.6086340245418472	0.5964876123249854	True	True	True
GSE174574	primary	Endothelial	Astrocyte	Apoe	Lrp4	True	True	False	0.8993178799283896	0.6597314152061143	-0.2395864647222753	0.0013447322170273	0.1	-0.9283504390198684	-0.6114457746696712	2.0937998403570974e-52	0.0131936671900105	True	True	True	0.9581627582957192	0.1291353278879488		0.0088148722177633	0.0086868885920971		GSE245386	primary	True	True	True	0.9005739544400321	0.7180112892274365	-0.1825626652125955	0.2842617387568279	0.1	-0.3498617864389372	-0.7373219190141057	0.1001355211072531	0.0360396627726352	False	True	True	0.8741731250110841	0.3347202824332712		0.5923180496463858	0.5345207022022723	0.516504046169802	True	True	True
GSE174574	primary	Endothelial	Astrocyte	Apoe	Sdc2	True	True	True	1.352060841233561	1.1454145745909354	-0.2066462666426256	0.0030352675514839	0.1	-0.9283504390198684	-0.1633302025407726	2.0937998403570974e-52	0.5101137303343188	True	False	True	0.9581627582957192	0.3671940858316183		0.0139072166665106	0.0148482007248267	0.0131817333664444	GSE245386	primary	True	True	True	1.080219793157382	0.8663441606973272	-0.2138756324600548	0.4230583187020633	0.4	-0.3498617864389372	-0.7623722785646081	0.1001355211072531	0.0579726069083921	False	False	False	0.8741731250110841	0.4497691651148355		0.6825061928879854	0.6278455128148152	0.6183160042568618	True	True	True
GSE174574	primary	Endothelial	Astrocyte	Apoe	Trem2	True	True	True	1.1007110950803354	0.939052851687432	-0.1616582433929034	0.0477776086699736	0.1	-0.9283504390198684	-0.254574042256302	2.0937998403570974e-52	0.3818191473742883	True	False	True	0.9581627582957192	0.2382908293662443		0.0918987676968371	0.0924892745375961	0.0896567471337777	GSE245386	primary	True	True	True	0.9880647966393172	0.6667571413853998	-0.3213076552539173	0.0603437706991073	0.1	-0.3498617864389372	-1.1182306427842166	0.1001355211072531	0.0089077273193907	False	True	True	0.8741731250110841	0.2596213531967722		0.393435693119414	0.3683197562552293	0.3297557865549225	True	True	True
GSE174574	primary	Endothelial	Astrocyte	App	Aplp1	True	True	True	1.4917713265298012	1.4123324690320638	-0.0794388574977373	0.186192199795264	0.2	-0.4185231826956162	0.1528874330842992	4.059770327983166e-13	0.4306331857517238	False	False	False	0.8206812667047211	0.6494124996886436		0.2571225616220313	0.2612464198677736	0.2378253308309255	GSE245386	primary	True	True	True	1.5607215296218442	1.416936901608505	-0.1437846280133392	0.5496869880280804	0.5	-0.6710733731364281	0.0525058056404166	3.2783346195499374e-08	0.9682381678978278	True	False	True	0.919768157647386	0.6493443513345748		0.7634900350754301	0.7299764814276647	0.7294259079229765	True	True	False
GSE174574	primary	Endothelial	Astrocyte	App	Aplp2	True	True	True	1.3412049679113742	1.248462481448435	-0.0927424864629391	0.0280712426852066	0.1	-0.4185231826956162	0.0060284508176613	4.059770327983166e-13	0.9888600136850236	False	False	False	0.8206812667047211	0.5681332539170413		0.0633704101336702	0.0635111865752801	0.0592615123354363	GSE245386	primary	True	True	True	1.5285604517773306	1.4036595903472309	-0.1249008614300997	0.2797210210967902	0.3	-0.6710733731364281	0.0973329079965328	3.2783346195499374e-08	0.9097266436646704	True	False	True	0.919768157647386	0.6662690099317194		0.5851862777635506	0.5316126548905835	0.5128218720107822	True	True	False
GSE174574	primary	Endothelial	Astrocyte	App	Cd74	True	True	True	0.7671979901704713	1.014130189771414	0.2469321996009426	0.075192343496042	0.1	-0.4185231826956162	1.810777204603776	4.059770327983166e-13	7.121745874164038e-05	False	True	True	0.8206812667047211	0.4032571705829451		0.1281879890178878	0.1329947276110668	0.1215876192701955	GSE245386	primary	True	True	False	0.7064470391838737	0.3840018868031	-0.3224451523807737	0.0578548707891645	0.1	-0.6710733731364281	-1.3499331109036063	3.2783346195499374e-08	0.0153961401040828	True	True	True	0.919768157647386	0.0831490533829919		0.393435693119414	0.366831355643704		False	True	True
GSE174574	primary	Endothelial	Astrocyte	App	Lrp1	True	True	True	0.9494807491327087	0.9972637764276416	0.0477830272949327	0.0781705435758689	0.1	-0.4185231826956162	0.3512112890406507	4.059770327983166e-13	0.0610258084736296	False	False	False	0.8206812667047211	0.3913716444736061		0.1315638166433152	0.136046811415695	0.1245504029233228	GSE245386	primary	True	True	True	1.3023368947636358	1.3434611588788865	0.0411242641152507	0.6446674303350052	1.0	-0.6710733731364281	0.6101579583740807	3.2783346195499374e-08	0.1705920620167662	True	False	True	0.919768157647386	0.6289377715704532		0.8202334797157977	0.803139189965851	0.8067993589222521	True	True	False
GSE174574	primary	Endothelial	Astrocyte	App	Lrp10	True	True	True	0.7335256259896338	0.7561842011611271	0.0226585751714932	0.3728957105541908	0.2	-0.4185231826956162	0.3548626728431692	4.059770327983166e-13	0.1691896952277394	False	False	False	0.8206812667047211	0.2555184068599325		0.4579207911365797	0.465476714553852	0.4461027402037559	GSE245386	primary	True	True	True	0.8202236827500521	0.7599082896717454	-0.0603153930783066	0.4533588824142325	0.6	-0.6710733731364281	0.1545253853759569	3.2783346195499374e-08	0.8838247319614954	True	False	True	0.919768157647386	0.3392108938547485		0.7050923671231879	0.6545588515476807	0.6489863453737986	False	True	False
GSE174574	primary	Endothelial	Astrocyte	App	Ncstn	True	True	False	0.5846147025461906	0.5569583630762375	-0.0276563394699531	0.438924884281872	0.5	-0.4185231826956162	0.1209490689842952	4.059770327983166e-13	0.8233647406532826	False	False	False	0.8206812667047211	0.1395779431414547		0.5236540549818537	0.5261285036756215		GSE245386	primary	True	True	True	0.5795703685354799	0.5732260961254069	-0.006344272410073	0.8884943327105016	0.9	-0.6710733731364281	0.2848782744136581	3.2783346195499374e-08	0.7594520685195019	True	False	True	0.919768157647386	0.2252773898199875		0.9521454382492136	0.9442628785582364	0.937855128972196	True	True	False
GSE174574	primary	Endothelial	Astrocyte	App	Notch2	True	True	False	0.7846179423678703	0.6772195489951063	-0.107398393372764	0.0361478321961211	0.1	-0.4185231826956162	-0.2218897523374423	4.059770327983166e-13	0.5278701049550769	False	False	False	0.8206812667047211	0.181144461258283		0.075234971162736	0.0759997675608423		GSE245386	primary	True	True	True	1.167840793889244	0.9913074921484664	-0.1765333017407775	0.4472685171858123	0.3	-0.6710733731364281	-0.3925193203009718	3.2783346195499374e-08	0.5202768792781676	True	False	True	0.919768157647386	0.4557146182495344		0.7004000469349797	0.649247141050284	0.6430962278186353	True	True	False
GSE174574	primary	Endothelial	Astrocyte	App	Rpsa	True	True	True	1.148513909684398	1.256965188118365	0.1084512784339668	0.0059751363110936	0.1	-0.4185231826956162	0.7928302532292689	4.059770327983166e-13	5.75550263789956e-10	False	True	True	0.8206812667047211	0.5570156693716178		0.0208576517526139	0.0225312431730822	0.0209751594848347	GSE245386	primary	True	True	True	1.5107774726290064	1.4815937896863578	-0.0291836829426486	0.8348927973839357	0.9	-0.6710733731364281	0.6487063837718452	3.2783346195499374e-08	0.1462916863589511	True	False	True	0.919768157647386	0.677868947858473		0.9313835585169904	0.9214742726681956	0.920805248829776	False	True	True
GSE174574	primary	Endothelial	Astrocyte	App	Tspan12	True	True	True	0.8283660792606001	0.7968091149098355	-0.0315569643507646	0.5707384253366594	0.4	-0.4185231826956162	0.1079677998490643	4.059770327983166e-13	0.7826852994915218	False	False	False	0.8206812667047211	0.2717266158192342		0.6510389904747975	0.6476718180936386	0.6196588617940874	GSE245386	primary	True	True	True	0.9031160307627992	0.9028479509929016	-0.0002680797698975	0.997510126066733	1.0	-0.6710733731364281	0.3054176028921066	3.2783346195499374e-08	0.6386300586702424	True	False	True	0.919768157647386	0.3931467256362507		0.9975750724807336	0.9975750724807336	0.9975750724807336	True	True	False
GSE174574	primary	Endothelial	Astrocyte	App	Tspan15	True	True	True	0.9817344054141856	0.8807282013633969	-0.1010062040507887	0.1707525187979634	0.2	-0.4185231826956162	-0.0840281663624814	4.059770327983166e-13	0.8196660979989249	False	False	False	0.8206812667047211	0.3228667454087965		0.2415523436654116	0.2461980893743182	0.2245754337824796	GSE245386	primary	True	True	True	0.9030440643310672	0.6722321636069163	-0.2308119007241508	0.1855431918364656	0.3	-0.6710733731364281	-0.5109335791027919	3.2783346195499374e-08	0.3938020425614284	True	False	True	0.919768157647386	0.2797078677839851		0.5103137164226363	0.4617531370740236	0.4147658546275213	True	True	False
GSE174574	primary	Endothelial	Astrocyte	Arf1	Insr	True	True	False	0.4779780309153037	0.5136994920617449	0.0357214611464412	0.1811995862931592	0.3	0.2975465109916785	0.0597665685536846	4.872549676900043e-06	0.9225029025232844	False	False	False	0.7552075392840808	0.1370636246486994		0.2534777144063859	0.2572323538749946		GSE245386	primary	True	True	True	0.7695979240553066	0.8233169530544775	0.0537190289991709	0.4688726604676358	0.5	0.2984390476049929	-0.1303605564796407	0.0289670495099618	0.8825675128617687	False	False	False	0.816541443389807	0.507477886405959		0.714671884321069	0.6646245459991246	0.662124229984702	True	True	False
GSE174574	primary	Endothelial	Astrocyte	Arf1	Pld2	True	True	False	0.4975827206305719	0.5164359915427458	0.0188532709121738	0.6244302779390958	0.7	0.2975465109916785	-0.0337512544232233	4.872549676900043e-06	0.9582977799968008	False	False	False	0.7552075392840808	0.1408958634621685		0.6954511515008541	0.693385768754456		GSE245386	primary	True	True	True	0.526170876897215	0.5355402771097308	0.0093694002125158	0.9240310275966336	0.9	0.2984390476049929	-0.2822989591732012	0.0289670495099618	0.7586509967432231	False	False	False	0.816541443389807	0.2752172563625077		0.9690148388901416	0.9628015602230656	0.956051904790576	True	True	False
GSE174574	primary	Endothelial	Astrocyte	Arf6	Smap1	True	True	True	0.5380813899112383	0.4315615198634	-0.1065198700478383	0.1306325188356007	0.1	-0.4587206383380762	-0.3686480204412495	0.0397402632467513	0.2159035081021589	False	False	False	0.4499878843359785	0.1937399997814295		0.1973886156353566	0.2003769992308791	0.1821664482845075	GSE245386	primary	True	True	True	0.4552430248645364	0.4554064871818337	0.0001634623172973	0.9928373229797476	1.0	-0.1163406291301538	0.0521525794482466	0.5820320064476917	0.9624611468673272	False	False	False	0.4547570922002365	0.4750155183116077		0.9962085872343476	0.9955098325974588	0.9975750724807336	False	True	False
GSE174574	primary	Endothelial	Astrocyte	B2m	Tfrc	True	True	True	1.0855500762540464	0.7991408463521399	-0.2864092299019065	0.0163609126568442	0.1	-0.1735525177857218	-0.8694483738551018	0.0057609586680771	2.2361154526023265e-05	False	True	True	0.9924346561162048	0.1504167040116971		0.0419596195348997	0.0420046126367206	0.038857167560005	GSE245386	primary	True	True	True	0.6936585020172673	0.6205400388835433	-0.073118463133724	0.0903040626115206	0.2	-0.3721184286855512	-0.0571590426112881	0.0378953162623703	0.9653237536111476	False	False	False	0.8562064744299964	0.2960505896958411		0.4226386231942292	0.3807552537866976	0.3443991350453551	True	True	True
GSE174574	primary	Endothelial	Astrocyte	Bsg	Slc16a1	True	True	True	1.226374069811858	1.1501324578716268	-0.0762416119402313	0.1324679676784048	0.2	-0.7492377667433815	0.1238175450666705	3.02905448532798e-60	0.7296310030380607	True	False	True	0.9972057997657154	0.2128072280747768		0.1989658319313092	0.2014848920150526	0.1830466462465229	GSE245386	primary	True	True	True	1.0414706808515035	0.8885703251803815	-0.152900355671122	0.4811651337771044	0.4	-2.0711606079824803	0.6724432345029773	3.4140394494810708e-06	0.4900887416363856	True	False	True	0.9579923703951918	0.2741697703289882		0.7190103516112989	0.6700336909606407	0.6704234197294322	True	True	True
GSE174574	primary	Endothelial	Astrocyte	C1qb	C1qbp	True	True	True	0.5494759656717091	0.7506702012603427	0.2011942355886335	0.0067255143427092	0.1	0.7085215077754757	0.5287479817395053	2.1565174436461424e-05	0.0075880280036796	True	True	True	0.7300799357133113	0.3086484322502954		0.022123163755616	0.0232660681355638	0.0211516493853655	GSE245386	primary	True	True	True	0.4268807553720348	0.5309843259722411	0.1041035706002063	0.3625064439480154	0.1	0.3716799536474942	0.4843509586618166	0.5390081916239492	0.423224117546805	False	False	False	0.7504417311567708	0.2868559900682805		0.6492160859796275	0.5896665955049595	0.5805658757481627	True	True	True
GSE174574	primary	Endothelial	Astrocyte	C1qb	Lrp1	True	True	True	0.6576702219689814	0.8921474183464229	0.2344771963774414	0.0018098484495263	0.1	0.7085215077754757	0.3512112890406507	2.1565174436461424e-05	0.0610258084736296	True	False	True	0.7300799357133113	0.3913716444736061		0.0102603438416755	0.0099267445261898	0.0088740956234839	GSE245386	primary	True	True	True	0.7761539806864483	0.9736543096810288	0.1975003289945806	0.2891434134060614	0.1	0.3716799536474942	0.6101579583740807	0.5390081916239492	0.1705920620167662	False	False	False	0.7504417311567708	0.6289377715704532		0.5923180496463858	0.5345207022022723	0.516504046169802	True	True	True
GSE174574	primary	Endothelial	Astrocyte	Calr	Itgav	True	True	True	0.4204861147186975	0.5857928964507365	0.1653067817320389	0.0046079374244863	0.1	1.0584155972736184	0.1226010408229159	4.0500228629387416e-55	0.7566158837984164	True	False	True	0.5738696497047832	0.2463517542087405		0.0176364711576785	0.0191732568697016	0.0170830850859004	GSE245386	primary	True	True	True	0.6621329785912775	0.7885184297656249	0.1263854511743474	0.0120877407215664	0.1	-0.1260819441628778	0.918563271507335	0.6385285302300406	0.0010467480265429	False	True	True	0.6112876661567196	0.6102188081936686		0.2788301044227755	0.243336697924601	0.2196815487658604	True	True	True
GSE174574	primary	Endothelial	Astrocyte	Calr	Lrp1	True	True	True	0.5210692846672285	0.7712005902787098	0.2501313056114813	0.0007725107885341	0.1	1.0584155972736184	0.3512112890406507	4.0500228629387416e-55	0.0610258084736296	True	False	True	0.5738696497047832	0.3913716444736061		0.0067007501250631	0.0064022518978934	0.0053972401002257	GSE245386	primary	True	True	True	0.7343855448464645	0.8047538506836932	0.0703683058372287	0.5311973042483725	0.5	-0.1260819441628778	0.6101579583740807	0.6385285302300406	0.1705920620167662	False	False	False	0.6112876661567196	0.6289377715704532		0.7510469062459048	0.71176617205942	0.7093944829898394	True	True	True
GSE174574	primary	Endothelial	Astrocyte	Cd14	Itgb1	True	True	True	0.1323255510047197	0.4399321566796029	0.3076066056748832	0.0012336481023892	0.1	3.351091116481606	0.5306270178308851	1.047841880344444e-169	0.0197423303675214	True	True	True	0.3633190195795771	0.239299083097004		0.0085336758642342	0.0084668567811689	0.0075204975234352	GSE245386	primary	True	True	True	0.2103032823498994	0.4077492716322419	0.1974459892823425	0.3346947755691795	0.1	1.8022927303632448	0.4338796345697815	0.0045013614637302	0.4821921488395028	True	False	True	0.3320860398020073	0.470951660459342		0.6239893134428552	0.5641348592738433	0.5533782271070203	True	True	True
GSE174574	primary	Endothelial	Astrocyte	Cd38	Pecam1	True	True	False	0.2068932587146573	0.2121508150734244	0.005257556358767	0.7302386252657291	0.7	0.2177092196026312	-0.1500009103483003	0.2295270735578392	0.7001673142177789	False	False	False	0.1260920180359107	0.1662854679327003		0.7968160976126769	0.791456234569443		GSE245386	primary	True	True	False	0.135383532642498	0.1405407318959337	0.0051571992534356	0.9137537803119008	1.0	-0.0632183556425728	-0.0534794406387265	0.8889203637772857	0.9803163886597164	False	False	False	0.1319699249453728	0.17084691185599		0.964336578864881	0.9587979807498116		True	True	False
GSE174574	primary	Endothelial	Astrocyte	Cd47	Sirpa	True	True	True	0.7049569567279711	0.6690363775090495	-0.0359205792189215	0.1013076003024613	0.1	-0.1224758672516417	-0.0877622843485392	0.2298018227526368	0.770344739853075	False	False	False	0.4903982757366034	0.3680301443764203		0.1608124855327491	0.163720318345942	0.1509681886860208	GSE245386	primary	True	True	True	0.8486677051523719	0.8386728173900411	-0.0099948877623308	0.9127385973153294	1.0	0.2169827158762535	-0.389049557208647	0.1382423623236342	0.4811241556422607	False	False	False	0.7260957639545509	0.5705889199255121		0.9641260250462192	0.9587979807498116	0.951433251066852	True	True	False
GSE174574	primary	Endothelial	Astrocyte	Col4a1	Cd47	True	True	True	0.7386210112605968	0.948138481236848	0.2095174699762511	0.0022380976764947	0.1	1.240568771853878	-0.1247996991232752	7.359860851616418e-71	0.564977599648004	True	False	True	0.559639439729454	0.549195509094198		0.0112810888949628	0.011690658094835	0.0101063212649532	GSE245386	primary	True	True	True	0.9285691634483944	1.2135348573048512	0.2849656938564567	0.0399774620491982	0.1	1.133964717797833	0.0144816131438766	2.847032254231211e-11	0.9891743937079096	True	False	True	0.8855029574752673	0.6095398820608318		0.3449150375339586	0.3237305350723119	0.303471603802408	True	True	True
GSE174574	primary	Endothelial	Astrocyte	Col4a1	Itgav_Itgb8	True	True	False	0.3356019902444526	0.4460950265050429	0.1104930362605903	0.0053407659093869	0.1	1.240568771853878	0.0199117972730211	7.359860851616418e-71	0.7566158837984164	True	False	True	0.559639439729454	0.1466903308198442		0.0191758928365608	0.0209411635766117		GSE245386	primary	True	True	True	0.7816262616897891	1.0150231753652572	0.2333969136754681	0.0879226903792768	0.1	1.133964717797833	0.4995963879594679	2.847032254231211e-11	0.0010467480265429	True	True	True	0.8855029574752673	0.4708061762880198		0.4226386231942292	0.3807552537866976	0.3443991350453551	True	True	True
GSE174574	primary	Endothelial	Astrocyte	Col4a2	Itgav_Itgb8	True	True	False	0.2932687829577278	0.3997452077067371	0.1064764247490093	0.0042385291630408	0.1	1.2194157053131176	0.0199117972730211	2.4743451651975684e-59	0.7566158837984164	True	False	True	0.4828792951060787	0.1466903308198442		0.0172748702104475	0.0182660423454854		GSE245386	primary	True	True	True	0.7102267022511043	1.0107998586949267	0.3005731564438224	0.0341411214896827	0.1	1.457406270847059	0.4995963879594679	1.298055718911643e-21	0.0010467480265429	True	True	True	0.8983252952108223	0.4708061762880198		0.3202762349270237	0.2952096293437706	0.2882038491467265	True	True	True
GSE174574	primary	Endothelial	Astrocyte	Col4a2	Itgb5	True	True	False	0.3140166518349774	0.4017777373858046	0.0877610855508272	0.0063611953326047	0.1	1.2194157053131176	-0.2521915484516727	2.4743451651975684e-59	0.492057305590589	True	False	True	0.4828792951060787	0.1472671030837095		0.0214122378606427	0.02270807513314		GSE245386	primary	True	True	True	0.8295732286405616	0.9721941947747756	0.142620966134214	0.2626451750053889	0.1	1.457406270847059	-0.4183655955181652	1.298055718911643e-21	0.366822993206607	True	False	True	0.8983252952108223	0.4817562849162011		0.5734724014496807	0.5225769564202137	0.4990258325102389	True	True	True
GSE174574	primary	Endothelial	Astrocyte	Copa	Cd74	True	True	False	0.2755964225411893	0.3974387020643686	0.1218422795231792	0.0389563977636484	0.1	0.0087404528471324	1.810777204603776	0.9669569847826148	7.121745874164038e-05	False	True	True	0.1843222696534308	0.4032571705829451		0.0791606508845141	0.0794272486119885		GSE245386	primary	True	True	False	0.3225323731904015	0.2070724055265257	-0.1154599676638757	0.1558559015085287	0.2	0.2141571781110986	-1.3499331109036063	0.2009355457647081	0.0153961401040828	False	True	True	0.5411380516039064	0.0831490533829919		0.4892360479908379	0.4386849363692708		False	True	True
GSE174574	primary	Endothelial	Astrocyte	Csf1	Csf2ra	True	True	False	0.1050642808070914	0.1619175698623663	0.0568532890552748	0.0160820225102911	0.1	-0.0472986395233413	1.2129089779473845	0.8359385003747091	0.0002436430015604	False	True	True	0.1225379227547042	0.1135699191580325		0.0415268663450669	0.0415835153480386		GSE245386	primary	True	True	False	0.1403833263411987	0.145942339524485	0.0055590131832862	0.8792580214705273	0.8	0.4579597929222256	-0.3759739133914953	0.0064717475177624	0.7783797382868597	False	False	False	0.2740809985130951	0.1078522656734947		0.950948502371778	0.9426080673578536		True	True	True
GSE174574	primary	Endothelial	Astrocyte	Csf1	Sirpa	True	True	False	0.3074674913610278	0.3121684439531785	0.0047009525921506	0.7893771069644222	0.7	-0.0472986395233413	-0.0877622843485392	0.8359385003747091	0.770344739853075	False	False	False	0.1225379227547042	0.3680301443764203		0.8371172132927909	0.8319180755828316		GSE245386	primary	True	True	True	0.3947698940786834	0.4410926671736314	0.046322773094948	0.2886070684741271	0.3	0.4579597929222256	-0.389049557208647	0.0064717475177624	0.4811241556422607	False	False	False	0.2740809985130951	0.5705889199255121		0.5923180496463858	0.5345207022022723	0.516504046169802	True	True	False
GSE174574	primary	Endothelial	Astrocyte	Cxcl12	Itgav	True	True	True	0.7221740671878233	0.5806493948551382	-0.141524672332685	0.0152236808258282	0.1	-1.4332909213897744	0.1226010408229159	1.9296369337342878e-90	0.7566158837984164	True	False	True	0.4781467500322116	0.2463517542087405		0.0402759836585069	0.0405218563158074	0.0376497143870793	GSE245386	primary	True	True	True	1.1530751656672111	1.0494399021377228	-0.1036352635294883	0.5761643331421774	0.5	-1.9883568649418384	0.918563271507335	1.1399956852265161e-45	0.0010467480265429	True	True	True	0.6866200962707902	0.6102188081936686		0.7851403045632322	0.7568429084650177	0.7549739537725083	True	True	True
GSE174574	primary	Endothelial	Astrocyte	Cxcl12	Itgb1	True	True	True	0.6584364712597784	0.5725545830320418	-0.0858818882277366	0.191029765893142	0.2	-1.4332909213897744	0.5306270178308851	1.9296369337342878e-90	0.0197423303675214	True	True	True	0.4781467500322116	0.239299083097004		0.2605286773442741	0.2644851134106115	0.2417772110539385	GSE245386	primary	True	True	True	1.007893846265567	0.7972353631850388	-0.2106584830805282	0.0066545194545343	0.1	-1.9883568649418384	0.4338796345697815	1.1399956852265161e-45	0.4821921488395028	True	False	True	0.6866200962707902	0.470951660459342		0.2534812509631816	0.216457298800228	0.1866762532740963	True	True	True
GSE174574	primary	Endothelial	Astrocyte	Cxcl12	Sdc4	True	True	True	1.3339554276028551	1.2274050366337337	-0.1065503909691216	0.06301820268361	0.1	-1.4332909213897744	0.9549876600084228	1.9296369337342878e-90	2.86573451697819e-23	True	True	True	0.4781467500322116	0.7332447262607488		0.1118017054669222	0.1146361274948081	0.1076265933472889	GSE245386	primary	True	True	True	1.4287346029186052	1.515452480105068	0.0867178771864627	0.4728201468181691	0.8	-1.9883568649418384	1.9733532435779448	1.1399956852265161e-45	2.2868175910455123e-10	True	True	True	0.6866200962707902	0.8137511638733705		0.714671884321069	0.6646245459991246	0.6632175213758212	False	True	True
GSE174574	primary	Endothelial	Astrocyte	Dll4	Notch1	True	True	False	0.2596110494992604	0.2983856903114933	0.0387746408122329	0.1534391973369199	0.2	0.3131449853198714	0.0925467416030462	0.038546033717462	0.8034024509308639	False	False	False	0.149985014806266	0.2940715801869302		0.2229155198305156	0.224878499740749		GSE245386	primary	True	True	True	0.4991589622339537	0.5082606028220058	0.0091016405880521	0.8308570317360947	0.9	-0.3098114889355539	0.2433346462031193	0.1246154594186119	0.6859384927571354	False	False	False	0.3649418072288032	0.5766992551210428		0.9313835585169904	0.921346777880964	0.920805248829776	True	True	False
GSE174574	primary	Endothelial	Astrocyte	Dll4	Notch2	True	True	False	0.2328870798861587	0.2429252045809783	0.0100381246948195	0.1342903298907406	0.2	0.3131449853198714	-0.2218897523374423	0.038546033717462	0.5278701049550769	False	False	False	0.149985014806266	0.181144461258283		0.2011765971779609	0.2034020896253058		GSE245386	primary	True	True	True	0.4897179137931464	0.4250032065091321	-0.0647147072840142	0.2427761061406329	0.3	-0.3098114889355539	-0.3925193203009718	0.1246154594186119	0.5202768792781676	False	False	False	0.3649418072288032	0.4557146182495344		0.5631984330407253	0.511966850883092	0.478751999259804	False	True	False
GSE174574	primary	Endothelial	Astrocyte	Edn1	Ednrb	True	True	True	0.6504318415042939	0.6072457420850679	-0.043186099419226	0.4562350847110578	0.4	-0.1922103858377503	0.2207014196277276	0.6634155818750886	0.3161819437257614	False	False	False	0.2960374884400263	0.4045004806775569		0.5408824746417257	0.5432799363993517	0.5136869101931909	GSE245386	primary	True	True	True	0.8015052987171195	0.6454288227996987	-0.1560764759174208	0.0939270368305513	0.2	-0.1974781192630345	-0.6201354244324495	0.4422610465028228	0.0834396581322771	False	False	False	0.4117045222256342	0.5380295623836127		0.4226386231942292	0.3807552537866976	0.3443991350453551	True	True	False
GSE174574	primary	Endothelial	Astrocyte	Edn3	Ednrb	True	True	False	0.4210168261071209	0.2912515525482805	-0.1297652735588403	0.0027785652800568	0.1	-1.2778922023101995	0.2207014196277276	9.828826242430195e-28	0.3161819437257614	True	False	True	0.0878929918360092	0.4045004806775569		0.0131763410136027	0.0137786387860351		GSE245386	primary	True	True	True	0.5783787361860482	0.3815111698376492	-0.1968675663483989	0.1073306658203138	0.2	-0.8912195311117177	-0.6201354244324495	8.11092312580443e-05	0.0834396581322771	True	False	True	0.1978896078136711	0.5380295623836127		0.4481514502817518	0.4066152816779251	0.357992318360598	True	True	True
GSE174574	primary	Endothelial	Astrocyte	Efna1	Epha5	True	True	False	0.2861941118946932	0.2600048066432883	-0.0261893052514048	0.2639700965343104	0.3	0.0306407175473427	-0.3845682530584888	0.8477829517710169	0.2390174089385073	False	False	False	0.2477761894102662	0.1341862343982042		0.3401198755786822	0.3437308451274115		GSE245386	primary	True	True	True	0.347457117701922	0.2500806580033308	-0.0973764596985912	0.1165723359841037	0.2	-0.6459145992408932	-0.6230140211452967	0.000299346837431	0.1050871187319309	True	False	True	0.2425867104493103	0.2803479981378026		0.4517655774859365	0.4135542395626538	0.3605789723854061	True	True	False
GSE174574	primary	Endothelial	Astrocyte	Entpd1	Adora1	True	True	False	0.1470499352247236	0.2010380034489863	0.0539880682242627	0.0132940650503791	0.1	0.4661412874059622	0.5778127324803526	5.470592758735136e-05	0.147987696258386	False	False	False	0.1952348697964439	0.1113290177380555		0.0361867330252197	0.0364579662745245		GSE245386	primary	True	True	False	0.2507627745913139	0.2866700633838449	0.0359072887925309	0.3204066132478885	0.6	-0.2863828582421748	0.6780501411866762	0.2764449017321471	0.2319883367116438	False	False	False	0.4370502766128438	0.200254112352576		0.6178150356590607	0.5616539455757105		True	True	False
GSE174574	primary	Endothelial	Astrocyte	Entpd1	Adora2b	True	True	False	0.2734035334579682	0.292145633757617	0.0187421002996487	0.0850882982769503	0.2	0.4661412874059622	-0.1461371033559537	5.470592758735136e-05	0.6764179811059509	False	False	False	0.1952348697964439	0.2175920845069962		0.1397746773438356	0.143934411104		GSE245386	primary	True	True	True	0.3039107109291388	0.2628866362703311	-0.0410240746588077	0.264869385959583	0.3	-0.2863828582421748	-0.2437859041322858	0.2764449017321471	0.8161827938772348	False	False	False	0.4370502766128438	0.1850073711980136		0.5734724014496807	0.5225769564202137	0.4990551320735794	False	True	False
GSE174574	primary	Endothelial	Astrocyte	Fam3c	Lamp1	True	True	False	0.6527129916390454	0.6808267309371816	0.0281137392981362	0.4133419918492605	0.4	-0.0156165240541601	0.164345032894684	0.9388838557768252	0.23835121820305	False	False	False	0.178974141859588	0.8479248750334154		0.4978592042401636	0.5004341172221817		GSE245386	primary	True	True	True	0.5725225117130746	0.5863801268398119	0.0138576151267373	0.4852969137372177	0.5	-0.0386332865093296	0.1879672311203364	0.8994350348590343	0.7775618083264941	False	False	False	0.2988255271605157	0.77689517380509		0.7233555511190307	0.6745264939071403	0.6739339200736113	True	True	False
GSE174574	primary	Endothelial	Astrocyte	Fam3c	Lifr	True	True	False	0.1903261339513494	0.2121046790887387	0.0217785451373893	0.1521338492631532	0.2	-0.0156165240541601	0.2028476845713745	0.9388838557768252	0.6901772111652751	False	False	False	0.178974141859588	0.131629354989406		0.2223041130705766	0.2247855242173938		GSE245386	primary	True	True	True	0.2979051605715491	0.3551276041328495	0.0572224435613003	0.4338468299721575	0.2	-0.0386332865093296	0.6940456462559469	0.8994350348590343	0.0915352000071556	False	False	False	0.2988255271605157	0.4619995344506518		0.6920471700770447	0.6375066830951822	0.6296804685012564	True	True	False
GSE174574	primary	Endothelial	Astrocyte	Fn1	C5ar1	True	True	False	0.2324531716336125	0.6858397784369729	0.4533866068033603	0.0036030383159472	0.1	0.0880711826162833	3.3062488120646822	0.2141209489014328	9.63245804144744e-33	False	True	True	0.722239029357883	0.2133993375257698		0.0156131660357714	0.0169389593554922		GSE245386	primary	True	True	False	0.3647194630808909	0.6851321747811494	0.3204127117002585	0.078954982907458	0.1	0.4353759216059215	1.6010571378464864	0.0027245962050781	2.8765663462965912e-05	False	True	True	0.8924382299764877	0.2094972067039106		0.4226386231942292	0.3807552537866976		True	True	True
GSE174574	primary	Endothelial	Astrocyte	Fn1	Itga6	True	True	True	0.7510402995458466	0.7278932296390318	-0.0231470699068148	0.1578126097160631	0.1	0.0880711826162833	-0.159981774654077	0.2141209489014328	0.6108541542194399	False	False	False	0.722239029357883	0.2506986669757877		0.2279515473676468	0.2303555028919954	0.2104168129547509	GSE245386	primary	True	True	True	1.0870387959649623	1.114612631078776	0.0275738351138137	0.7805153672946556	0.8	0.4353759216059215	-0.4060051168273706	0.0027245962050781	0.327652292969497	False	False	False	0.8924382299764877	0.5262550434512725		0.9053671875782952	0.8904807789196301	0.8914082610086504	False	True	False
GSE174574	primary	Endothelial	Astrocyte	Fn1	Itgav_Itgb1	True	True	True	0.5786964972295631	0.6878838407193041	0.109187343489741	0.0156048158314868	0.1	0.0880711826162833	0.3266140293269005	0.2141209489014328	0.0197423303675214	False	True	True	0.722239029357883	0.229490535012891		0.0408542747810454	0.0408669743284661	0.0376497143870793	GSE245386	primary	True	True	True	0.820668783557115	0.9970257754003806	0.1763569918432656	0.2339956310335718	0.1	0.4353759216059215	0.6762214530385582	0.0027245962050781	0.0010467480265429	False	True	True	0.8924382299764877	0.470951660459342		0.5553872206459477	0.5038345234682401	0.4748066687962769	True	True	True
GSE174574	primary	Endothelial	Astrocyte	Fn1	Itgav_Itgb8	True	True	False	0.5397366761595807	0.5404340840093831	0.0006974078498024	0.9754991965963332	1.0	0.0880711826162833	0.0199117972730211	0.2141209489014328	0.7566158837984164	False	False	False	0.722239029357883	0.1466903308198442		0.9793959976479828	0.9782014104373202		GSE245386	primary	True	True	True	0.9004894477650559	1.0469906854639623	0.1465012376989064	0.1409339407676005	0.2	0.4353759216059215	0.4995963879594679	0.0027245962050781	0.0010467480265429	False	True	True	0.8924382299764877	0.4708061762880198		0.4677308434296738	0.4166499439359618	0.3636443656843025	True	True	False
GSE174574	primary	Endothelial	Astrocyte	Fn1	Sdc2	True	True	True	0.9089153713394684	0.886509781188462	-0.0224055901510062	0.4333547495878759	0.6	0.0880711826162833	-0.1633302025407726	0.2141209489014328	0.5101137303343188	False	False	False	0.722239029357883	0.3671940858316183		0.5186499701416801	0.5229147311693704	0.4952625709575725	GSE245386	primary	True	True	True	0.999307792529346	0.940101751949129	-0.0592060405802169	0.7683257197224461	0.6	0.4353759216059215	-0.7623722785646081	0.0027245962050781	0.0579726069083921	False	False	False	0.8924382299764877	0.4497691651148355		0.8955009715596547	0.8813685372499309	0.8806392629247264	True	True	False
GSE174574	primary	Endothelial	Astrocyte	Gas6	Axl	True	True	False	0.401567342587029	0.2969321944451083	-0.1046351481419207	0.0129094360348405	0.1	-0.9100782269358624	-0.2427271647536193	6.7267289374114805e-31	0.5497635421504633	True	False	True	0.2795064205986717	0.1469632954943903		0.0357857160671684	0.0359478141893253		GSE245386	primary	True	True	True	0.3804200533890971	0.3615142530480059	-0.0189058003410911	0.6434054840979422	0.6	-0.6273131997918352	0.2982115621445202	0.0003210410604761	0.6716929304812773	True	False	True	0.3986701862038002	0.3593459031657355		0.8195100023747497	0.8029096912109999	0.8067993589222521	True	True	True
GSE174574	primary	Endothelial	Astrocyte	Gas6	Mertk	True	True	True	0.8499771264831906	0.5872296446627273	-0.2627474818204632	0.0063477456335684	0.1	-0.9100782269358624	-0.5160255764170755	6.7267289374114805e-31	0.0003288178519239	True	True	True	0.2795064205986717	0.4761869900629221		0.0214122378606427	0.02270807513314	0.0209751594848347	GSE245386	primary	True	True	True	0.8843600037675254	0.8581533507382528	-0.0262066530292726	0.8997290314331451	0.8	-0.6273131997918352	0.7137660244633182	0.0003210410604761	0.0555302181394517	True	False	True	0.3986701862038002	0.7408926908752327		0.9575361920982892	0.9507774871172952	0.9449415455755142	True	True	True
GSE174574	primary	Endothelial	Astrocyte	Gnai2	Adora1	True	True	False	0.3846661992333028	0.4844684700493302	0.0998022708160273	0.0500523075594366	0.1	0.1360976567726619	0.5778127324803526	0.0939753045316226	0.147987696258386	False	False	False	0.7963230060699834	0.1113290177380555		0.0945850624055519	0.0958673827328891		GSE245386	primary	True	True	False	0.4841957657506679	0.6308320165871528	0.1466362508364849	0.066480442092154	0.1	0.2809199066261475	0.6780501411866762	0.0396929625767013	0.2319883367116438	False	False	False	0.9441526275653308	0.200254112352576		0.393435693119414	0.3683197562552293		True	True	False
GSE174574	primary	Endothelial	Astrocyte	Gnai2	C5ar1	True	True	False	0.2395880195078111	0.7139801316954352	0.474392112187624	0.0035776225913056	0.1	0.1360976567726619	3.3062488120646822	0.0939753045316226	9.63245804144744e-33	False	True	True	0.7963230060699834	0.2133993375257698		0.0155926441262685	0.0169389593554922		GSE245386	primary	True	True	False	0.4299412652564918	0.7627672715298586	0.3328260062733668	0.1442205151173939	0.1	0.2809199066261475	1.6010571378464864	0.0396929625767013	2.8765663462965912e-05	False	True	True	0.9441526275653308	0.2094972067039106		0.4734882099163739	0.4224885923358853		True	True	True
GSE174574	primary	Endothelial	Astrocyte	Gnai2	Ednrb	True	True	True	0.97639115149768	1.0166728910870588	0.0402817395893787	0.3972371630351473	0.5	0.1360976567726619	0.2207014196277276	0.0939753045316226	0.3161819437257614	False	False	False	0.7963230060699834	0.4045004806775569		0.4823137213019341	0.4874571288770282	0.4644619137026338	GSE245386	primary	True	True	True	1.399097273105589	1.2992987029458485	-0.0997985701597408	0.4190654383331778	0.4	0.2809199066261475	-0.6201354244324495	0.0396929625767013	0.0834396581322771	False	False	False	0.9441526275653308	0.5380295623836127		0.6804056979530442	0.6256588207579509	0.6146293095553276	False	True	False
GSE174574	primary	Endothelial	Astrocyte	Gnai2	Igf1r	True	True	True	0.8196620966386533	0.7316094108868673	-0.088052685751786	0.0332951222743167	0.1	0.1360976567726619	-0.4660492458440823	0.0939753045316226	0.0240782866634883	False	False	False	0.7963230060699834	0.2187687944853825		0.0711176266142628	0.0721726602592972	0.0674781144759485	GSE245386	primary	True	True	True	1.499736437707783	1.599878482304605	0.1001420445968219	0.0325913759030356	0.1	0.2809199066261475	0.1200720357255393	0.0396929625767013	0.8910520557302752	False	False	False	0.9441526275653308	0.6860645561762879		0.3172761563146101	0.2951286335710881	0.2838165651556025	False	True	False
GSE174574	primary	Endothelial	Astrocyte	Gnai2	P2ry12	True	True	True	0.8289283973386979	0.4632678344841532	-0.3656605628545447	0.0216646769041512	0.1	0.1360976567726619	-2.132926440536221	0.0939753045316226	5.0873560566561664e-30	False	True	True	0.7963230060699834	0.0998859681467645		0.0510473949554063	0.0512589087536127	0.0470432984204426	GSE245386	primary	True	True	True	0.9881418097176264	0.4549381320214453	-0.533203677696181	0.0324210430001654	0.1	0.2809199066261475	-2.569455103781372	0.0396929625767013	2.582859562918189e-15	False	True	True	0.9441526275653308	0.1097047641216635		0.3172761563146101	0.2951286335710881	0.2838165651556025	True	True	True
GSE174574	primary	Endothelial	Astrocyte	Gnai2	S1pr1	True	True	True	1.5618115825812584	1.4439191638000095	-0.1178924187812489	0.039055387439044	0.1	0.1360976567726619	-0.4621679238922453	0.0939753045316226	1.901872100192678e-05	False	False	False	0.7963230060699834	0.7076266784240532		0.0791606508845141	0.0794272486119885	0.0770963492303208	GSE245386	primary	True	True	True	1.7903737601301162	1.6138755603305557	-0.1764981997995607	0.3547355154430867	0.2	0.2809199066261475	-0.91701967942276	0.0396929625767013	0.0026266162017026	False	True	True	0.9441526275653308	0.6715549348230913		0.6401486706163795	0.5795569276427623	0.5703055594431163	True	True	False
GSE174574	primary	Endothelial	Astrocyte	Gnas	Adora1	True	True	False	0.4613818324704632	0.5300005576742617	0.0686187252037984	0.2457562640003217	0.2	-0.3390945038640816	0.5778127324803526	0.155727271852493	0.147987696258386	False	False	False	0.878424793511455	0.1113290177380555		0.3203916656387966	0.3235046093386053		GSE245386	primary	True	True	False	0.5340817647225057	0.5960715863926724	0.0619898216701667	0.3238584028571223	0.5	-0.7649046564615443	0.6780501411866762	2.170201976515916e-13	0.2319883367116438	True	False	True	0.9342168267601808	0.200254112352576		0.622440052320518	0.5640490123935252		True	True	False
GSE174574	primary	Endothelial	Astrocyte	Gpi1	Amfr	True	True	True	0.5044588987035028	0.540528939509183	0.0360700408056802	0.1766443830983942	0.2	0.0376202145222772	0.174328278833939	0.7319062579200512	0.5987016011409468	False	False	False	0.4821466369572922	0.2752132489949485		0.2480258190990489	0.2517530184315697	0.2294867199227002	GSE245386	primary	True	True	True	0.5321607886355005	0.5913088553446111	0.0591480667091105	0.2139224961277369	0.3	0.134581106402126	0.2540995284167519	0.4768431005082431	0.7277034230753681	False	False	False	0.6478855475272856	0.4582363438857852		0.5384643958264435	0.4884200968681315	0.4505568917591941	True	True	False
GSE174574	primary	Endothelial	Astrocyte	Grn	Tnfrsf1a	True	True	True	0.336742068426749	0.591985123422674	0.2552430549959249	0.0005942415034396	0.1	0.2838776026051974	1.644064435787296	0.0013123405176827	9.909344545476002e-21	False	True	True	0.4567907334181303	0.3248782986661454		0.0058189362804355	0.0056609322169781	0.0047539320275175	GSE245386	primary	True	True	True	0.2579698268624366	0.4092084323924143	0.1512386055299777	0.4010122091532478	0.1	-0.0152336015069879	1.7953723555865004	0.9634524944280436	0.0013224766385079	False	True	True	0.4140256526093641	0.3760765828677839		0.6685244708848913	0.6105348388711517	0.5973490027434593	True	True	True
GSE174574	primary	Endothelial	Astrocyte	H2-K1	Aplp2	True	True	True	1.251469128318144	1.207769011880206	-0.043700116437938	0.0592815702221378	0.1	-0.1619210120988557	0.0060284508176613	0.0146116270326252	0.9888600136850236	False	False	False	0.7668826169354687	0.5681332539170413		0.1071825891846154	0.1089763333414056	0.1024355639620495	GSE245386	primary	True	True	True	1.3251135318452387	1.257097659212128	-0.0680158726331106	0.1660960074802774	0.2	-0.432984461506489	0.0973329079965328	0.0063136811726041	0.9097266436646704	False	False	False	0.8803833797077154	0.6662690099317194		0.4970265337764251	0.4451134013410313	0.3922493283997513	True	True	False
GSE174574	primary	Endothelial	Astrocyte	Hbegf	Cd9	True	True	True	0.5312042560826299	0.740887737328257	0.209683481245627	0.000136069851119	0.1	0.6582051967417649	1.151002601591668	5.255628081926812e-09	8.033225723704226e-29	True	True	True	0.2182176526642839	0.7429096423414089		0.002981140787258	0.0025047117887639	0.0022980685966779	GSE245386	primary	True	True	True	0.8410914011113677	0.9297877893649882	0.0886963882536204	0.6712004007602166	0.7	0.4307353060764354	0.4330216577448876	0.0844122945152034	0.4953561081936388	False	False	False	0.5526280787004844	0.6507894941030417		0.8382564314438659	0.821577196855569	0.820842004733103	True	True	True
GSE174574	primary	Endothelial	Astrocyte	Hsp90b1	Lrp1	True	True	True	0.6072779425340032	0.8425080427571232	0.2352301002231199	0.001494449448022	0.1	0.8092862917500971	0.3512112890406507	3.9510274213957716e-38	0.0610258084736296	True	False	True	0.6608407028021275	0.3913716444736061		0.0090569389798714	0.0087075316891651	0.0076496169122026	GSE245386	primary	True	True	True	0.903670113830119	1.0774233638957136	0.1737532500655946	0.153452770617345	0.1	0.2005767440576373	0.6101579583740807	0.2747308864407105	0.1705920620167662	False	False	False	0.807063708226887	0.6289377715704532		0.4892360479908379	0.4369129453814273	0.3840913659763487	True	True	True
GSE174574	primary	Endothelial	Astrocyte	Hspg2	Dag1	True	True	False	0.2316673941559544	0.2621342241487772	0.0304668299928228	0.1678919281210481	0.3	0.4020708761100495	-0.0561985453197353	0.0065770443550204	0.9053272420543832	False	False	False	0.142175132574809	0.2535942374258306		0.2384002143187764	0.2431075119192776		GSE245386	primary	True	True	True	0.4857409790637892	0.4323007657672766	-0.0534402132965126	0.286702292523819	0.4	-0.2146618657243099	-0.1796610724965246	0.4262593673123721	0.817149170871817	False	False	False	0.3558494492478202	0.4869258224705152		0.5923180496463858	0.5345207022022723	0.516504046169802	False	True	False
GSE174574	primary	Endothelial	Astrocyte	Hspg2	Fgfr1	True	True	False	0.3125714798960178	0.3416047335762858	0.0290332536802679	0.2674228076338085	0.3	0.4020708761100495	-0.179033594881623	0.0065770443550204	0.5246751071340935	False	False	False	0.142175132574809	0.4019700532595133		0.3423375160541453	0.3469786966431494		GSE245386	primary	True	True	True	0.5473876740721878	0.5751789642705388	0.027791290198351	0.7270423981017935	0.8	-0.2146618657243099	0.4643226496474629	0.4262593673123721	0.3545980311338206	False	False	False	0.3558494492478202	0.62756052141527		0.8730113842068021	0.8593276333531784	0.8632193352043244	True	True	False
GSE174574	primary	Endothelial	Astrocyte	Hspg2	Itgb1	True	True	False	0.1938377629965444	0.2541267108562489	0.0602889478597044	0.0415779344011737	0.1	0.4020708761100495	0.5306270178308851	0.0065770443550204	0.0197423303675214	False	True	True	0.142175132574809	0.239299083097004		0.0827151038414507	0.0831558688023475		GSE245386	primary	True	True	True	0.4267687458960202	0.4347221931377527	0.0079534472417324	0.9335328052402742	0.9	-0.2146618657243099	0.4338796345697815	0.4262593673123721	0.4821921488395028	False	False	False	0.3558494492478202	0.470951660459342		0.9713343096778204	0.9659471387555614	0.9629481410871304	True	True	True
GSE174574	primary	Endothelial	Astrocyte	Hspg2	Lrp1	True	True	False	0.2639099171372694	0.3393898282739798	0.0754799111367103	0.0050105912881312	0.1	0.4020708761100495	0.3512112890406507	0.0065770443550204	0.0610258084736296	False	False	False	0.142175132574809	0.3913716444736061		0.0183954452635188	0.0200810510833246		GSE245386	primary	True	True	True	0.5416374774711065	0.571468381494442	0.0298309040233355	0.7286175959527759	0.7	-0.2146618657243099	0.6101579583740807	0.4262593673123721	0.1705920620167662	False	False	False	0.3558494492478202	0.6289377715704532		0.8730113842068021	0.8593276333531784	0.8632193352043244	True	True	False
GSE174574	primary	Endothelial	Astrocyte	Hspg2	Ptprs	True	True	False	0.1958834411526756	0.2175854768511734	0.0217020356984978	0.1737542012600768	0.2	0.4020708761100495	-0.1154192157337412	0.0065770443550204	0.8018795331192728	False	False	False	0.142175132574809	0.17942783173085		0.2448797528039213	0.2486127306567106		GSE245386	primary	True	True	True	0.4544325029911238	0.4150981472492546	-0.0393343557418692	0.4971590104334538	0.5	-0.2146618657243099	-0.1150019422117662	0.4262593673123721	0.9013550400322532	False	False	False	0.3558494492478202	0.4565002327746741		0.7281808554304119	0.6833643224592676	0.6835936393459989	False	True	False
GSE174574	primary	Endothelial	Astrocyte	Jam2	Itgav_Itgb1	True	True	True	0.4837717733336665	0.4863769635689423	0.0026051902352757	0.8937206593926722	0.8	-0.5424730904429512	0.3266140293269005	1.6869965615821022e-15	0.0197423303675214	True	True	True	0.458386706124833	0.229490535012891		0.9204711066594948	0.9124792702494504	0.9190193635706349	GSE245386	primary	True	True	True	0.6419047926183953	0.661111881283216	0.0192070886648206	0.8448557278974327	0.8	-0.2663989715586103	0.6762214530385582	0.0665938633441729	0.0010467480265429	False	True	True	0.6678980924121182	0.470951660459342		0.9376708642016576	0.9283444207722528	0.9255684284211304	True	True	True
GSE174574	primary	Endothelial	Astrocyte	Lama4	Dag1	True	True	False	0.236461346158386	0.1941083164096713	-0.0423530297487146	0.0598293292346444	0.1	-0.6227200728008553	-0.0561985453197353	8.461220725104796e-05	0.9053272420543832	True	False	True	0.0765562512214811	0.2535942374258306		0.1076293556677411	0.1093849352673803		GSE245386	primary	True	True	True	0.4895668743595098	0.3266243715747035	-0.1629425027848063	0.0617331159199695	0.2	-1.1798563878860178	-0.1796610724965246	1.7990445742195134e-14	0.817149170871817	True	False	True	0.2147381628650874	0.4869258224705152		0.393435693119414	0.3683197562552293	0.3297557865549225	True	True	True
GSE174574	primary	Endothelial	Astrocyte	Lama4	Itga6_Itgb1	True	True	False	0.1978505669621399	0.1874904367377344	-0.0103601302244054	0.5097466967816562	0.7	-0.6227200728008553	0.185322621588404	8.461220725104796e-05	0.0197423303675214	True	True	True	0.0765562512214811	0.2358977225527863		0.5876896167788513	0.585804140428443		GSE245386	primary	True	True	True	0.4298733585512664	0.3219563610680128	-0.1079169974832536	0.1388207299215055	0.1	-1.1798563878860178	0.0139372588712054	1.7990445742195134e-14	0.327652292969497	True	False	True	0.2147381628650874	0.4466461049037864		0.4677308434296738	0.4166499439359618	0.3636443656843025	True	True	True
GSE174574	primary	Endothelial	Astrocyte	Lama4	Itgav_Itgb8	True	True	False	0.1792107476231279	0.144866711999352	-0.0343440356237758	0.0111294172211863	0.1	-0.6227200728008553	0.0199117972730211	8.461220725104796e-05	0.7566158837984164	True	False	True	0.0765562512214811	0.1466903308198442		0.0325255061425368	0.0335468908769164		GSE245386	primary	True	True	True	0.4729223123649282	0.3407145737214075	-0.1322077386435207	0.1050504354341498	0.2	-1.1798563878860178	0.4995963879594679	1.7990445742195134e-14	0.0010467480265429	True	True	True	0.2147381628650874	0.4708061762880198		0.4444890540635656	0.40341533195073	0.357992318360598	True	True	True
GSE174574	primary	Endothelial	Astrocyte	Lamb2	Dag1	True	True	True	0.37224405302079	0.3363496246507738	-0.0358944283700162	0.1451977478863468	0.2	-0.3950069222717068	-0.0561985453197353	0.0001310240652709	0.9053272420543832	False	False	False	0.2217232230336376	0.2535942374258306		0.2142448178205587	0.2180978619703632	0.1988293484569794	GSE245386	primary	True	True	True	0.507700879655891	0.4982182855245175	-0.0094825941313734	0.895288814833571	0.9	0.0072021002399416	-0.1796610724965246	0.9844955807171551	0.817149170871817	False	False	False	0.4656827628242045	0.4869258224705152		0.9568095652199649	0.9487045258633964	0.9426466614620472	True	True	False
GSE174574	primary	Endothelial	Astrocyte	Lamb2	Itga6_Itgb1	True	True	True	0.3114820272322728	0.3250164102563466	0.0135343830240737	0.5021780460492209	0.7	-0.3950069222717068	0.185322621588404	0.0001310240652709	0.0197423303675214	False	True	True	0.2217232230336376	0.2358977225527863		0.5798503012574465	0.5789441167828597	0.5531236449237795	GSE245386	primary	True	True	True	0.4454299263200292	0.4860681098923706	0.0406381835723413	0.2706403049193991	0.1	0.0072021002399416	0.0139372588712054	0.9844955807171551	0.327652292969497	False	False	False	0.4656827628242045	0.4466461049037864		0.5780971063961171	0.5230739131553734	0.5038559097891019	True	True	True
GSE174574	primary	Endothelial	Astrocyte	Lamb2	Itgav_Itgb8	True	True	False	0.28243931564117	0.2511141956644273	-0.0313251199767427	0.0475662207955145	0.1	-0.3950069222717068	0.0199117972730211	0.0001310240652709	0.7566158837984164	False	False	False	0.2217232230336376	0.1466903308198442		0.0917261649100204	0.0924892745375961		GSE245386	primary	True	True	True	0.4892995464113168	0.5170286794095107	0.0277291329981938	0.554242469499014	0.9	0.0072021002399416	0.4995963879594679	0.9844955807171551	0.0010467480265429	False	True	True	0.4656827628242045	0.4708061762880198		0.7653207931633581	0.7334114383246279	0.730830764197438	False	True	False
GSE174574	primary	Endothelial	Astrocyte	Lamb2	Rpsa	True	True	True	0.5141771005170307	0.5488287589362987	0.0346516584192679	0.1953449423570082	0.3	-0.3950069222717068	0.7928302532292689	0.0001310240652709	5.75550263789956e-10	False	True	True	0.2217232230336376	0.5570156693716178		0.2649102275848637	0.2678593527774128	0.2433805839202069	GSE245386	primary	True	True	True	0.6551822038782699	0.7172616038985569	0.062079400020287	0.2782690437953964	0.1	0.0072021002399416	0.6487063837718452	0.9844955807171551	0.1462916863589511	False	False	False	0.4656827628242045	0.677868947858473		0.583215289818854	0.5302370174875607	0.5124073141254436	True	True	True
GSE174574	primary	Endothelial	Astrocyte	Lamc1	Dag1	True	True	False	0.221139510124759	0.232195848017118	0.011056337892359	0.5824412751474136	0.7	0.1387657963498982	-0.0561985453197353	0.4934228411108062	0.9053272420543832	False	False	False	0.1118291583693563	0.2535942374258306		0.6594004826743992	0.6568340859917873		GSE245386	primary	True	True	True	0.4371702363174035	0.4652828904173746	0.028112654099971	0.4368089681922588	0.7	0.3653316509555179	-0.1796610724965246	0.0803307860891645	0.817149170871817	False	False	False	0.4169887282716341	0.4869258224705152		0.6922145309714828	0.6394411089027304	0.6317859816760006	True	True	False
GSE174574	primary	Endothelial	Astrocyte	Lamc1	Itga6_Itgb1	True	True	False	0.1849824680406147	0.223887258269519	0.0389047902289043	0.0352237622160387	0.1	0.1387657963498982	0.185322621588404	0.4934228411108062	0.0197423303675214	False	True	True	0.1118291583693563	0.2358977225527863		0.0741863595276346	0.0750058936600353		GSE245386	primary	True	True	True	0.3842646705950143	0.4614199327954146	0.0771552622004003	0.4759056138101968	0.2	0.3653316509555179	0.0139372588712054	0.0803307860891645	0.327652292969497	False	False	False	0.4169887282716341	0.4466461049037864		0.7157351213838579	0.6648514193777078	0.6653128647915126	True	True	True
GSE174574	primary	Endothelial	Astrocyte	Lamc1	Itgav_Itgb8	True	True	False	0.1676995535872744	0.1731935341121536	0.0054939805248792	0.6184394873060783	0.6	0.1387657963498982	0.0199117972730211	0.4934228411108062	0.7566158837984164	False	False	False	0.1118291583693563	0.1466903308198442		0.6939038295071176	0.6931117473832829		GSE245386	primary	True	True	True	0.4213188709883099	0.4868406969841821	0.0655218259958721	0.3234804207558603	0.4	0.3653316509555179	0.4995963879594679	0.0803307860891645	0.0010467480265429	False	True	True	0.4169887282716341	0.4708061762880198		0.622440052320518	0.5640490123935252	0.5533782271070203	True	True	False
GSE174574	primary	Endothelial	Astrocyte	Lcn2	Fcgr3	True	True	True	0.2781204762796121	0.5875379479087103	0.3094174716290981	0.0015097928116189	0.1	2.3223941417030742	0.7032063162458345	2.9117371196701244e-30	0.0010824419323819	True	True	True	0.3170723056464874	0.3233093727262553		0.0090569389798714	0.0087075316891651	0.0076496169122026	GSE245386	primary	True	True	True	0.056216729815539	0.666148102774746	0.609931372959207	0.0529285312940474	0.1	8.300920590346614	1.1862290454883728	0.0	0.0035346541090266	True	True	True	0.6885547993985176	0.2653049348230912		0.3814727072534396	0.3520692483398692	0.325354795307527	True	True	True
GSE174574	primary	Endothelial	Astrocyte	Lgals3bp	Itgb1	True	True	True	0.3251800651766843	0.384780052487645	0.0595999873109607	0.0397259839227489	0.1	0.0771360485250973	0.5306270178308851	0.5602056507234947	0.0197423303675214	False	True	True	0.294189996669547	0.239299083097004		0.0803039996722592	0.0803396993298051	0.0774147379007415	GSE245386	primary	True	True	True	0.3161296768291772	0.2841117507989332	-0.032017926030244	0.6905239497714906	0.7	-0.6355264590259386	0.4338796345697815	0.0046357417247762	0.4821921488395028	True	False	True	0.1943463078929166	0.470951660459342		0.8519825768579351	0.8364883619183097	0.8381632080905018	False	True	True
GSE174574	primary	Endothelial	Astrocyte	Lin7c	Abca1	True	True	False	0.2150095580658016	0.2210681020195976	0.0060585439537959	0.7366644181400408	0.8	-0.0215968871978657	0.0055368578186013	0.9282011756792412	0.994435849518374	False	False	False	0.118579407092675	0.2177289438427961		0.8010821406357898	0.7943912783711009		GSE245386	primary	True	True	True	0.4510388749214387	0.5216512423558541	0.0706123674344154	0.3356731658397993	0.4	0.2050800036026252	0.3198602956605781	0.293335044027679	0.5363823942056268	False	False	False	0.3595733619077932	0.623923417132216		0.6248278457049492	0.5642256234938006	0.5533782271070203	True	True	False
GSE174574	primary	Endothelial	Astrocyte	Lman1	Mcfd2	True	True	False	0.2710967830451121	0.3231590038702107	0.0520622208250985	0.0767432855628995	0.1	0.5621713881458521	0.0809295796706803	2.610353380237036e-09	0.8832535316374657	True	False	True	0.3211220951804905	0.1675379634855371		0.1300324434032051	0.1342080646075827		GSE245386	primary	True	True	False	0.2600973022710868	0.231846339621159	-0.0282509626499277	0.4229444400848069	0.4	0.0108162925939481	-0.1118436066593071	0.9726216517098408	0.9420657817110848	False	False	False	0.4476120382357635	0.1747167908131595		0.6825061928879854	0.6278455128148152		False	True	True
GSE174574	primary	Endothelial	Astrocyte	Lpl	Lrp1	True	True	False	0.1174524070526762	0.3434614375131943	0.226009030460518	1.3620230121776147e-05	0.1	2.810852654895585	0.3512112890406507	3.5507954200056026e-45	0.0610258084736296	True	False	True	0.1343435991709929	0.3913716444736061		0.0008352246118469	0.0008217538840138		GSE245386	primary	True	True	False	0.0847951280311902	0.4107133036829035	0.3259181756517132	0.0331830391927702	0.1	4.465626797551733	0.6101579583740807	4.0309530382861133e-94	0.1705920620167662	True	False	True	0.1655210747531392	0.6289377715704532		0.3172761563146101	0.2951286335710881		True	True	True
GSE174574	primary	Endothelial	Astrocyte	Lrpap1	Lrp1	True	True	True	0.4970359980476586	0.5674613767001123	0.0704253786524536	0.0213287242169509	0.1	-0.0120106940615536	0.3512112890406507	0.9326423974782524	0.0610258084736296	False	False	False	0.3610979586195599	0.3913716444736061		0.0504133481491568	0.0507960405693174	0.0469850156663267	GSE245386	primary	True	True	True	0.5691452057246398	0.6265102099943373	0.0573650042696974	0.2329709638317597	0.4	-0.1198102343019386	0.6101579583740807	0.5667353165095174	0.1705920620167662	False	False	False	0.459937224238883	0.6289377715704532		0.5546395387509397	0.5036013850649028	0.4748066687962769	True	True	False
GSE174574	primary	Endothelial	Astrocyte	Mfge8	Itgav	True	True	True	0.4041414088096637	0.4590311527276869	0.0548897439180232	0.0871711423767867	0.1	0.152583200914518	0.1226010408229159	0.1164316268907485	0.7566158837984164	False	False	False	0.3928507402302947	0.2463517542087405		0.1419590525963222	0.1447520804605357	0.1325001364127158	GSE245386	primary	True	True	True	0.4294348956655291	0.5056833972734268	0.0762485016078977	0.2827532753853765	0.1	-0.2000813353808483	0.918563271507335	0.3148313124485342	0.0010467480265429	False	True	True	0.3263585858255868	0.6102188081936686		0.5904847553100971	0.5345207022022723	0.5161173323628269	True	True	False
GSE174574	primary	Endothelial	Astrocyte	Mfge8	Itgb5	True	True	False	0.3571659374021974	0.35039546785255	-0.0067704695496473	0.761811879700619	0.7	0.152583200914518	-0.2521915484516727	0.1164316268907485	0.492057305590589	False	False	False	0.3928507402302947	0.1472671030837095		0.8194096395067999	0.8183261140997747		GSE245386	primary	True	True	True	0.4811845797186725	0.393795274364161	-0.0873893053545115	0.3346035115240284	0.1	-0.2000813353808483	-0.4183655955181652	0.3148313124485342	0.366822993206607	False	False	False	0.3263585858255868	0.4817562849162011		0.6239893134428552	0.5641348592738433	0.5533782271070203	True	True	False
GSE174574	primary	Endothelial	Astrocyte	Mfge8	Pdgfrb	True	True	True	0.4161403835121096	0.3792340013182187	-0.0369063821938908	0.0817116933291547	0.1	0.152583200914518	-0.5597793259469891	0.1164316268907485	0.0192376294259968	False	True	True	0.3928507402302947	0.1676888028137679		0.1354079489454564	0.1395265706846888	0.1267365039390972	GSE245386	primary	True	True	True	0.3149615042704319	0.2919899868839221	-0.0229715173865098	0.7484236877728419	0.6	-0.2000813353808483	-0.0460827487823277	0.3148313124485342	0.9775570575092888	False	False	False	0.3263585858255868	0.3160983085040347		0.8860430264007605	0.8730340664734002	0.8779935492943117	True	True	True
GSE174574	primary	Endothelial	Astrocyte	Mfng	Notch1	True	True	True	0.3822987453252565	0.4161272417905601	0.0338284964653036	0.1023911587430974	0.2	0.2000089015850942	0.0925467416030462	0.0650352742951398	0.8034024509308639	False	False	False	0.2814389318422938	0.2940715801869302		0.162191037168688	0.1647359976222279	0.1511015158150564	GSE245386	primary	True	True	True	0.4372350455925091	0.5022724203816754	0.0650373747891662	0.1102337053701278	0.2	0.1680013611345275	0.2433346462031193	0.4809238895574746	0.6859384927571354	False	False	False	0.3931052603576972	0.5766992551210428		0.4481514502817518	0.4074666227207029	0.357992318360598	True	True	False
GSE174574	primary	Endothelial	Astrocyte	Mfng	Notch2	True	True	False	0.3432591291997069	0.3400366995263035	-0.0032224296734034	0.8176175316697104	0.8	0.2000089015850942	-0.2218897523374423	0.0650352742951398	0.5278701049550769	False	False	False	0.2814389318422938	0.181144461258283		0.8620698109152063	0.8554264348683097		GSE245386	primary	True	True	True	0.4291544749301099	0.4206695648594987	-0.0084849100706112	0.8625381346405588	0.8	0.1680013611345275	-0.3925193203009718	0.4809238895574746	0.5202768792781676	False	False	False	0.3931052603576972	0.4557146182495344		0.9457514611735998	0.9353579480454388	0.9268404634440968	True	True	False
GSE174574	primary	Endothelial	Astrocyte	Nampt	Insr	True	True	False	0.3478738470509521	0.2956949114074436	-0.0521789356435085	0.0249865969133131	0.1	-0.6700899632381635	0.0597665685536846	4.122006455583174e-15	0.9225029025232844	True	False	True	0.3092566474632988	0.1370636246486994		0.0576143549621959	0.0576124081695499		GSE245386	primary	True	True	True	0.6775474190390024	0.606950150203267	-0.0705972688357353	0.3639238936892652	0.3	-0.3852537306889868	-0.1303605564796407	0.0079648789472675	0.8825675128617687	False	False	False	0.5701564983716851	0.507477886405959		0.6507685965820145	0.5906825725457573	0.5806114029088277	True	True	True
GSE174574	primary	Endothelial	Astrocyte	Nid1	Itgav	True	True	False	0.1575900619544917	0.2496007691455943	0.0920107071911026	0.0049676764230722	0.1	1.215086920578566	0.1226010408229159	2.575827642481709e-15	0.7566158837984164	True	False	True	0.1323222235841631	0.2463517542087405		0.0183954452635188	0.0200810510833246		GSE245386	primary	True	True	True	0.3171261832938158	0.5170841311353429	0.199957947841527	0.0149689446405579	0.1	0.9026956423368432	0.918563271507335	6.793911629194097e-06	0.0010467480265429	True	True	True	0.3165505440317057	0.6102188081936686		0.2907541812939039	0.2538930015156292	0.2406545715289702	True	True	True
GSE174574	primary	Endothelial	Astrocyte	Nid1	Itgb1	True	True	False	0.1429948591516832	0.2460443658084131	0.1030495066567298	0.0007272635829252	0.1	1.215086920578566	0.5306270178308851	2.575827642481709e-15	0.0197423303675214	True	True	True	0.1323222235841631	0.239299083097004		0.0066067077292248	0.0064022518978934		GSE245386	primary	True	True	True	0.2767017804289817	0.4030384475926782	0.1263366671636965	0.3474328027953064	0.1	0.9026956423368432	0.4338796345697815	6.793911629194097e-06	0.4821921488395028	True	False	True	0.3165505440317057	0.470951660459342		0.6347226783679323	0.573488248894045	0.5628950060792174	True	True	True
GSE174574	primary	Endothelial	Astrocyte	Nid1	Ptprf	True	True	False	0.1238635518149356	0.1719174535779166	0.048053901762981	0.0279362435696976	0.1	1.215086920578566	-0.3071457434890354	2.575827642481709e-15	0.4092172492922966	True	False	True	0.1323222235841631	0.1233205602684214		0.0633704101336702	0.0635111865752801		GSE245386	primary	True	True	True	0.2275496681199046	0.3428335198302236	0.1152838517103189	0.0210427593132427	0.1	0.9026956423368432	0.3648092677094533	6.793911629194097e-06	0.5221833756435484	True	False	True	0.3165505440317057	0.4033597144630664		0.3104788673319806	0.2850337397884701	0.2665416179677417	True	True	True
GSE174574	primary	Endothelial	Astrocyte	P4hb	Mttp	True	True	False	0.2341095523639854	0.2172458934896721	-0.0168636588743133	0.2210047702321169	0.1	0.6531134194706345	-0.8428336514261688	9.296648676655136e-12	0.0101501180183878	True	True	True	0.3541234277306002	0.0678396873818219		0.2949337995664003	0.2996394263072147		GSE245386	primary	True	True	False	0.2324722306058678	0.2811744531472531	0.0487022225413852	0.4055771519316943	0.4	0.6997079992529636	0.056778503481977	1.652555844297859e-07	0.9775570575092888	True	False	True	0.5706558669271473	0.156453677839851		0.6700916028842546	0.6105348388711517		False	True	True
GSE174574	primary	Endothelial	Astrocyte	Pdap1	Pdgfrb	True	True	True	0.3899634550644286	0.3404780368988039	-0.0494854181656247	0.0840851002625245	0.1	0.0498126733402563	-0.5597793259469891	0.7224542565417664	0.0192376294259968	False	True	True	0.3332065275586913	0.1676888028137679		0.1384283091658155	0.1429051938733985	0.1291003559586235	GSE245386	primary	True	True	True	0.3638454513193533	0.3466782388122605	-0.0171672125070928	0.7938517816993951	0.7	-0.128478035642189	-0.0460827487823277	0.5521531470376543	0.9775570575092888	False	False	False	0.4490131870634608	0.3160983085040347		0.9129512064942832	0.9015542337897092	0.8992684139575803	True	True	True
GSE174574	primary	Endothelial	Astrocyte	Pdgfb	Itgav	True	True	True	0.3420526052958936	0.3261346741793837	-0.0159179311165099	0.472948344349538	0.5	-0.4374755058819756	0.1226010408229159	2.1865139836359087e-05	0.7566158837984164	False	False	False	0.2116856622846906	0.2463517542087405		0.5528729482783746	0.5522816150146217	0.5285893260377189	GSE245386	primary	True	True	True	0.8046691355731883	0.885922149455743	0.0812530138825546	0.3324467169709116	0.3	-0.5149931146724349	0.918563271507335	4.188308161279386e-05	0.0010467480265429	True	True	True	0.683127433254959	0.6102188081936686		0.6227448802846554	0.5641348592738433	0.5533782271070203	False	True	False
GSE174574	primary	Endothelial	Astrocyte	Pdgfb	Lrp1	True	True	True	0.4240847641977683	0.4289588940819694	0.0048741298842011	0.5806980252973166	0.4	-0.4374755058819756	0.3512112890406507	2.1865139836359087e-05	0.0610258084736296	False	False	False	0.2116856622846906	0.3913716444736061		0.6594004826743992	0.6568340859917873	0.62600070812193	GSE245386	primary	True	True	True	0.8918842408465478	0.898716791307073	0.0068325504605252	0.9196143020743428	1.0	-0.5149931146724349	0.6101579583740807	4.188308161279386e-05	0.1705920620167662	True	False	True	0.683127433254959	0.6289377715704532		0.9676148060516992	0.9600843728423692	0.9538431222508074	True	True	False
GSE174574	primary	Endothelial	Astrocyte	Pdgfb	S1pr1	True	True	True	0.7915660133887777	0.6349848147348488	-0.1565811986539289	0.0012864008921665	0.1	-0.4374755058819756	-0.4621679238922453	2.1865139836359087e-05	1.901872100192678e-05	False	False	False	0.2116856622846906	0.7076266784240532		0.0086602345776213	0.0084668567811689	0.0075204975234352	GSE245386	primary	True	True	True	1.3083403554687834	0.9925531654296408	-0.3157871900391424	0.0993223845686634	0.1	-0.5149931146724349	-0.91701967942276	4.188308161279386e-05	0.0026266162017026	True	True	True	0.683127433254959	0.6715549348230913		0.438056188657314	0.3956961310355842	0.3548440747837718	True	True	False
GSE174574	primary	Endothelial	Astrocyte	Plat	Lrp1	True	True	True	0.6248614022505298	1.0434181733338932	0.4185567710833634	4.410462014163758e-05	0.1	1.731413312641688	0.3512112890406507	5.100505457774071e-164	0.0610258084736296	True	False	True	0.7886479882763627	0.3913716444736061		0.0019561696227526	0.0017078101917281	0.0014341831444346	GSE245386	primary	True	True	True	0.986735231208466	1.3763597310066031	0.389624499798137	0.018230237911317	0.1	0.9497380699391004	0.6101579583740807	8.970550800886093e-15	0.1705920620167662	True	False	True	0.8875399844869059	0.6289377715704532		0.2970308805889282	0.2736217697993153	0.2537250874878106	True	True	True
GSE174574	primary	Endothelial	Astrocyte	Pltp	Abca1	True	True	True	0.8637692821358686	0.6920589540101053	-0.1717103281257632	0.0526075745267273	0.1	-1.3003218831362915	0.0055368578186013	5.250717302597825e-124	0.994435849518374	True	False	True	0.7576555801596495	0.2177289438427961		0.0980601264934067	0.099307824555139	0.0951946586674114	GSE245386	primary	True	True	True	1.540848622946883	1.03028012347538	-0.510568499471503	0.1375195449476316	0.1	-2.9400475908555577	0.3198602956605781	6.58609944180376e-96	0.5363823942056268	True	False	True	0.7672670679038561	0.623923417132216		0.4677308434296738	0.4166499439359618	0.3636443656843025	True	True	True
GSE174574	primary	Endothelial	Astrocyte	Pros1	Axl	True	True	False	0.2900059470902524	0.308420134716487	0.0184141876262345	0.4544503886942402	0.5	0.3532572811158787	-0.2427271647536193	0.000270209047928	0.5497635421504633	False	False	False	0.3273774336125251	0.1469632954943903		0.5396151072054444	0.54294072840698		GSE245386	primary	True	True	True	0.397864967014857	0.4605711708066551	0.0627062037917981	0.1190428186344163	0.2	0.1331906175851798	0.2982115621445202	0.5258321181020841	0.6716929304812773	False	False	False	0.5646476931506235	0.3593459031657355		0.4553676751646607	0.4161115539398006	0.3605789723854061	True	True	False
GSE174574	primary	Endothelial	Astrocyte	Pros1	Mertk	True	True	True	0.6129912565477477	0.6101623378298672	-0.0028289187178804	0.9263909114070248	0.9	0.3532572811158787	-0.5160255764170755	0.000270209047928	0.0003288178519239	False	True	True	0.3273774336125251	0.4761869900629221		0.9413729746642812	0.9367416478473268	0.9325259505554157	GSE245386	primary	True	True	True	0.9262416213275712	1.078551199589464	0.1523095782618928	0.3133335659998251	0.1	0.1331906175851798	0.7137660244633182	0.5258321181020841	0.0555302181394517	False	False	False	0.5646476931506235	0.7408926908752327		0.6119093105344435	0.5544738875768876	0.5434582182071657	False	True	True
GSE174574	primary	Endothelial	Astrocyte	Psap	Gpr37	True	True	False	0.5627674255164344	0.5497614777228829	-0.0130059477935515	0.7691619274846654	0.8	0.1053304182684159	-0.0240171724818929	0.1775559574970044	0.9711890865832112	False	False	False	0.814961005062639	0.1381932408581671		0.823789905288974	0.8213469550131235		GSE245386	primary	True	True	True	0.5419794538297693	0.3833025322211519	-0.1586769216086174	0.2579490370671585	0.1	-0.2421766318093046	-0.9101472864705163	0.1752964574664822	0.0393606952555129	False	True	True	0.729618179068897	0.1881401303538174		0.5734724014496807	0.5216454300003059	0.4923486839398265	True	True	False
GSE174574	primary	Endothelial	Astrocyte	Psap	Gpr37l1	True	True	True	1.984290253642664	2.0465979007135093	0.0623076470708454	0.059304800188555	0.1	0.1053304182684159	0.0072570156218119	0.1775559574970044	0.980449827921438	False	False	False	0.814961005062639	0.9009210570761932		0.1071825891846154	0.1089763333414056	0.1024355639620495	GSE245386	primary	True	True	True	1.505585910456616	1.3811677892690395	-0.1244181211875763	0.4722821381275181	0.4	-0.2421766318093046	-0.2750981422556625	0.1752964574664822	0.650624036600943	False	False	False	0.729618179068897	0.8190952824332712		0.714671884321069	0.6646245459991246	0.6632175213758212	False	True	False
GSE174574	primary	Endothelial	Astrocyte	Psap	Lrp1	True	True	True	0.8436819387803917	0.978889689613506	0.1352077508331144	0.0121038687039446	0.1	0.1053304182684159	0.3512112890406507	0.1775559574970044	0.0610258084736296	False	False	False	0.814961005062639	0.3913716444736061		0.0344103406217229	0.034876852755115	0.0312745333816819	GSE245386	primary	True	True	True	0.8610038918456132	0.925194825961787	0.0641909341161738	0.2310121677364991	0.3	-0.2421766318093046	0.6101579583740807	0.1752964574664822	0.1705920620167662	False	False	False	0.729618179068897	0.6289377715704532		0.5546395387509397	0.501761122343125	0.4733484613424346	True	True	False
GSE174574	primary	Endothelial	Astrocyte	Psen1	Ncstn	True	True	False	0.1451770492821613	0.1608433772991788	0.0156663280170175	0.3367762294698219	0.4	0.1759461021312018	0.1209490689842952	0.4347459186847514	0.8233647406532826	False	False	False	0.1032326802841703	0.1395779431414547		0.4197178132566045	0.4262692135247397		GSE245386	primary	True	True	True	0.1773844978291144	0.206735433998152	0.0293509361690375	0.0846587041096616	0.1	0.1532802523367045	0.2848782744136581	0.4915251017593043	0.7594520685195019	False	False	False	0.3012953013619226	0.2252773898199875		0.4226386231942292	0.3807552537866976	0.3443991350453551	True	True	False
GSE174574	primary	Endothelial	Astrocyte	Psen1	Notch1	True	True	False	0.2162402261366308	0.2392410815959171	0.0230008554592862	0.2248427011032823	0.2	0.1759461021312018	0.0925467416030462	0.4347459186847514	0.8034024509308639	False	False	False	0.1032326802841703	0.2940715801869302		0.2995254357453619	0.303705439549956		GSE245386	primary	True	True	True	0.3642402412277861	0.4233183197138027	0.0590780784860165	0.1233161759056416	0.2	0.1532802523367045	0.2433346462031193	0.4915251017593043	0.6859384927571354	False	False	False	0.3012953013619226	0.5766992551210428		0.459809842020405	0.4165252507986416	0.3619126093208853	True	True	False
GSE174574	primary	Endothelial	Astrocyte	Psen1	Notch2	True	True	False	0.1946567567429853	0.1954546723303962	0.0007979155874109	0.9624507270166082	1.0	0.1759461021312018	-0.2218897523374423	0.4347459186847514	0.5278701049550769	False	False	False	0.1032326802841703	0.181144461258283		0.9688756317363452	0.9677976755000336		GSE245386	primary	True	True	True	0.3574973207068346	0.3562716345249251	-0.0012256861819094	0.983390227860144	1.0	0.1532802523367045	-0.3925193203009718	0.4915251017593043	0.5202768792781676	False	False	False	0.3012953013619226	0.4557146182495344		0.993197271718646	0.9917000302095162	0.9904990728808198	False	True	False
GSE174574	primary	Endothelial	Astrocyte	Ptn	Cdh10	True	True	False	0.6359199626605692	0.4914009047269505	-0.1445190579336186	0.0038326000298722	0.1	-1.2254211794342516	0.0224992228346416	2.498578897181377e-72	0.9681554532223277	True	False	True	0.4877481399590809	0.1854811329712302		0.016352142356057	0.0175896848759695		GSE245386	primary	True	True	True	1.498215072123716	0.6967927753269201	-0.8014222967967959	0.1158727189475415	0.1	-3.107974134547109	-0.5370030902171486	1.1891106904755533e-17	0.2033906833512552	True	False	True	0.4377103065002851	0.5773490844196152		0.4505314269605068	0.4130391177795139	0.3605789723854061	True	True	True
GSE174574	primary	Endothelial	Astrocyte	Ptn	Ncl	True	True	True	0.8171689668429369	0.7720867660068795	-0.0450822008360574	0.4029102190168547	0.5	-1.2254211794342516	0.8319967902980098	2.498578897181377e-72	7.922051847612892e-08	True	True	True	0.4877481399590809	0.4046963025829561		0.4876313084088418	0.4910892231787926	0.4674988800806254	GSE245386	primary	True	True	True	1.0348588246662416	0.6121778764277817	-0.4226809482384599	0.00896800134038	0.1	-3.107974134547109	0.7621136269074975	1.1891106904755533e-17	0.1104452941765766	True	False	True	0.4377103065002851	0.5646337678460585		0.2534812509631816	0.216457298800228	0.1882452132787486	True	True	True
GSE174574	primary	Endothelial	Astrocyte	Ptn	Plxnb2	True	True	False	0.5033850838689764	0.387030340594402	-0.1163547432745744	0.0070062497245027	0.1	-1.2254211794342516	-0.0236057894309658	2.498578897181377e-72	0.9736067395538406	True	False	True	0.4877481399590809	0.119968524437346		0.022575693556731	0.023483911113611		GSE245386	primary	True	True	True	0.6126460942059869	0.3085710813165548	-0.304075012889432	0.0662271124081261	0.1	-3.107974134547109	0.0570857290737571	1.1891106904755533e-17	0.969932104551412	True	False	True	0.4377103065002851	0.2346950651769087		0.393435693119414	0.3683197562552293	0.3297557865549225	True	True	True
GSE174574	primary	Endothelial	Astrocyte	Ptn	Ptprb	True	True	True	0.7433425861756255	0.4619420964208706	-0.2814004897547549	0.0095604279840481	0.1	-1.2254211794342516	-0.5764885225614121	2.498578897181377e-72	0.0172002602131838	True	True	True	0.4877481399590809	0.1526290333786157		0.0286054075395727	0.0295801276087644	0.0264215464286422	GSE245386	primary	True	True	False	0.6366179167139195	0.2834448741007322	-0.3531730426131872	0.0323602741106132	0.1	-3.107974134547109	-0.1939413491767766	1.1891106904755533e-17	0.8983232589012587	True	False	True	0.4377103065002851	0.1569774208566107		0.3172761563146101	0.2951286335710881		True	True	True
GSE174574	primary	Endothelial	Astrocyte	Ptn	Ptprs	True	True	False	0.6529734461540472	0.4830277087328588	-0.1699457374211884	0.0064611373997608	0.1	-1.2254211794342516	-0.1154192157337412	2.498578897181377e-72	0.8018795331192728	True	False	True	0.4877481399590809	0.17942783173085		0.0215561840682286	0.02270807513314		GSE245386	primary	True	True	True	0.990906732608356	0.4952795908042837	-0.4956271418040722	0.0267494153837114	0.1	-3.107974134547109	-0.1150019422117662	1.1891106904755533e-17	0.9013550400322532	True	False	True	0.4377103065002851	0.4565002327746741		0.3122596474112638	0.290375362160403	0.2786154725180736	True	True	True
GSE174574	primary	Endothelial	Astrocyte	Ptn	Ptprz1	True	True	True	1.5372140593604813	1.1660586558018535	-0.3711554035586277	0.0006370793208987	0.1	-1.2254211794342516	-0.0435022463593874	2.498578897181377e-72	0.8653356113165632	True	False	True	0.4877481399590809	0.7439372915375557		0.0060044725994707	0.0057655678541337	0.0048418028388305	GSE245386	primary	True	True	True	2.22201447508199	1.088601672173708	-1.133412802908282	0.0914264532064561	0.1	-3.107974134547109	-0.37119535709498	1.1891106904755533e-17	0.4190474971429852	True	False	True	0.4377103065002851	0.8435172253258846		0.4226386231942292	0.3807552537866976	0.3443991350453551	True	True	True
GSE174574	primary	Endothelial	Astrocyte	Ptn	Sdc2	True	True	True	0.9858398575535412	0.7127637657122844	-0.2730760918412569	0.0007811794881905	0.1	-1.2254211794342516	-0.1633302025407726	2.498578897181377e-72	0.5101137303343188	True	False	True	0.4877481399590809	0.3671940858316183		0.0067007501250631	0.0064022518978934	0.0053972401002257	GSE245386	primary	True	True	True	1.13175252633457	0.4935431910109903	-0.6382093353235797	0.0653154896956878	0.1	-3.107974134547109	-0.7623722785646081	1.1891106904755533e-17	0.0579726069083921	True	False	True	0.4377103065002851	0.4497691651148355		0.393435693119414	0.3683197562552293	0.3297557865549225	True	True	True
GSE174574	primary	Endothelial	Astrocyte	Ptn	Sdc3	True	True	False	0.4358093506434072	0.4191802587725424	-0.0166290918708648	0.4811350418207853	0.4	-1.2254211794342516	0.7268756867507686	2.498578897181377e-72	0.0214832005925751	True	True	True	0.4877481399590809	0.1344040153589732		0.5607045155067576	0.5582400164715522		GSE245386	primary	True	True	False	0.5165589786544984	0.2947518861828757	-0.2218070924716226	0.0270599882310106	0.1	-3.107974134547109	0.6456805187101603	1.1891106904755533e-17	0.473901331714673	True	False	True	0.4377103065002851	0.2066651148355059		0.3122596474112638	0.290375362160403		True	True	True
GSE174574	primary	Endothelial	Astrocyte	Ptn	Sdc4	True	True	True	1.3098445464554325	1.2101710353932846	-0.0996735110621478	0.0365719810025324	0.1	-1.2254211794342516	0.9549876600084228	2.498578897181377e-72	2.86573451697819e-23	True	True	True	0.4877481399590809	0.7332447262607488		0.0755486950024916	0.0760865351891767	0.0731439620050649	GSE245386	primary	True	True	True	1.3195089257951211	0.971946157117854	-0.3475627686772671	0.0917657021935418	0.2	-3.107974134547109	1.9733532435779448	1.1891106904755533e-17	2.2868175910455123e-10	True	True	True	0.4377103065002851	0.8137511638733705		0.4226386231942292	0.3807552537866976	0.3443991350453551	True	True	True
GSE174574	primary	Endothelial	Astrocyte	Rps19	C5ar1	True	True	False	0.3375216079153524	0.9621530157224188	0.6246314078070663	0.0050479990292335	0.1	0.0124135699431301	3.3062488120646822	0.8791233611079383	9.63245804144744e-33	False	True	True	0.9850317190827944	0.2133993375257698		0.0183954452635188	0.0200810510833246		GSE245386	primary	True	True	False	0.4133369846839322	0.6972210039796776	0.2838840192957453	0.1440498016128681	0.2	-0.0218679290749622	1.6010571378464864	0.9288771105909308	2.8765663462965912e-05	False	True	True	0.9201810701048112	0.2094972067039106		0.4734882099163739	0.4224885923358853		True	True	True
GSE174574	primary	Endothelial	Astrocyte	Rtn4	Tnfrsf19	True	True	True	0.4849712967977514	0.4745253293787803	-0.0104459674189711	0.7905519834267792	0.9	0.5094051278003513	-0.3603317168977942	2.318855076229958e-06	0.1497773504156228	True	False	True	0.4571497647331501	0.2211075913345903		0.8371856678424039	0.8319180755828316	0.8344715380616003	GSE245386	primary	True	True	True	0.7715598321958158	0.7469749096454648	-0.024584922550351	0.7878703096581272	0.8	0.2598913432531657	-0.4699965213367184	0.1668420235456744	0.3556075169468987	False	False	False	0.7269199554208556	0.4470340626939789		0.910667018799448	0.897497523998937	0.8973563744880032	True	True	True
GSE174574	primary	Endothelial	Astrocyte	Selplg	Esam	True	True	True	0.4500139278571593	0.3277068785160722	-0.1223070493410871	0.0484619687925629	0.1	-0.8751949548931137	0.040430688978276	0.0003924583422494	0.9119161489266762	True	False	True	0.1266723109589794	0.3365347782116779		0.0927419402781534	0.0933150675686584	0.0898319421520679	GSE245386	primary	True	True	True	0.1920128915523008	0.1678702234548764	-0.0241426680974243	0.4942819344536135	0.7	-1.0343207730961697	0.6929631677545316	2.201202947387969e-06	0.3067967176555273	True	False	True	0.1360208773392149	0.2165580384854127		0.7266682170698646	0.6806655104767875	0.6818806884541599	True	True	True
GSE174574	primary	Endothelial	Astrocyte	Serpine2	Lrp1	True	True	True	0.4541591775772923	0.5611937236583064	0.107034546081014	0.0012828967267989	0.1	0.3000151715586961	0.3512112890406507	0.0009893648745283	0.0610258084736296	False	False	False	0.3188508837413668	0.3913716444736061		0.0086602345776213	0.0084668567811689	0.0075204975234352	GSE245386	primary	True	True	True	0.4198700169871392	0.8118136259128148	0.3919436089256756	0.0628851767404162	0.1	2.0217691521321943	0.6101579583740807	4.180831873690049e-30	0.1705920620167662	True	False	True	0.5419610763212499	0.6289377715704532		0.393435693119414	0.3683197562552293	0.3297557865549225	True	True	False
GSE174574	primary	Endothelial	Astrocyte	Sorbs1	Itgb5	True	True	False	0.2131325097120109	0.1831967822338885	-0.0299357274781223	0.2311978767502766	0.4	-0.3104480831570357	-0.2521915484516727	0.081951437550325	0.492057305590589	False	False	False	0.1166894718764874	0.1472671030837095		0.3052945692989642	0.3076971742044123		GSE245386	primary	True	True	True	1.0663983502416474	1.0783474478092112	0.0119490975675637	0.9485821246120888	0.9	0.8995773452618901	-0.4183655955181652	1.1482679093105457e-13	0.366822993206607	True	False	True	0.9046637756183068	0.4817562849162011		0.9778918954187572	0.9684343845047392	0.9650976276156572	False	True	False
GSE174574	primary	Endothelial	Astrocyte	Sparc	Eng	True	True	True	1.1493356109711026	1.0966531696871284	-0.0526824412839741	0.5390005664634446	0.5	0.633180564719301	-0.1984367160492819	1.4672381555380497e-35	0.5341368586884161	True	False	True	0.983539165887086	0.243465209546958		0.6185790367023398	0.6155148424598327	0.5894106913844862	GSE245386	primary	True	True	False	0.56272226303079	0.5351900840693515	-0.0275321789614384	0.7708083354726643	0.8	0.1130562978829115	-0.3135067229287888	0.6130642657717579	0.8068859136156534	False	False	False	0.9543565472818016	0.1075903941651147		0.8967474926463476	0.8821078493504375		True	True	True
GSE174574	primary	Endothelial	Astrocyte	Sparc	Fgfr1	True	True	True	1.348247503701554	1.3754772105830322	0.0272297068814781	0.7373355511952759	0.7	0.633180564719301	-0.179033594881623	1.4672381555380497e-35	0.5246751071340935	True	False	True	0.983539165887086	0.4019700532595133		0.8010821406357898	0.7943912783711009	0.783741285186587	GSE245386	primary	True	True	True	1.351230132312694	1.5541064898028276	0.2028763574901335	0.114261914558259	0.2	0.1130562978829115	0.4643226496474629	0.6130642657717579	0.3545980311338206	False	False	False	0.9543565472818016	0.62756052141527		0.4481514502817518	0.4101164697989528	0.3591088743259568	True	True	True
GSE174574	primary	Endothelial	Astrocyte	Sptan1	Ptpra	True	True	True	0.4266765743624591	0.350387379567127	-0.0762891947953321	0.0459758067233575	0.1	-0.4757987596725952	-0.2359066391792468	1.309576154396212e-07	0.4921600741551325	False	False	False	0.3262951343935997	0.1829231979665568		0.0891323999515049	0.0902122892333032	0.0873540327743794	GSE245386	primary	True	True	True	1.1819004307330794	1.1165932198087658	-0.0653072109243135	0.4895131744089344	0.5	0.0918892259045925	-0.4037773526702781	0.6783698435551558	0.3656694922878203	False	False	False	0.8519495908444743	0.614350558659218		0.725978133188658	0.6778574627038217	0.6775381023275979	True	True	False
GSE174574	primary	Endothelial	Astrocyte	Tgfb1	Eng	True	True	True	0.3978197106201696	0.3590464037510263	-0.0387733068691432	0.2045618261400315	0.3	0.0426678716423613	-0.1984367160492819	0.8195955552069879	0.5341368586884161	False	False	False	0.2325306628099449	0.243465209546958		0.2754278873385424	0.279439173821477	0.2527918501893072	GSE245386	primary	True	True	False	0.2351893018824028	0.245703998480007	0.0105146965976042	0.8144146030466426	0.9	0.3828113887967584	-0.3135067229287888	0.0208836311497035	0.8068859136156534	False	False	False	0.4935236098652825	0.1075903941651147		0.9235013397460944	0.909653492158544		False	True	False
GSE174574	primary	Endothelial	Astrocyte	Tgfb1	Itgb1	True	True	True	0.28857313080181	0.3362673429605372	0.0476942121587272	0.0320099349588594	0.1	0.0426678716423613	0.5306270178308851	0.8195955552069879	0.0197423303675214	False	True	True	0.2325306628099449	0.239299083097004		0.069554728988415	0.070656075945775	0.0657501366722518	GSE245386	primary	True	True	True	0.4401091632664504	0.5364686304060873	0.0963594671396368	0.33147528865878	0.1	0.3828113887967584	0.4338796345697815	0.0208836311497035	0.4821921488395028	False	False	False	0.4935236098652825	0.470951660459342		0.6227448802846554	0.5640490123935252	0.5533782271070203	True	True	True
GSE174574	primary	Endothelial	Astrocyte	Tgfb1	Itgb5	True	True	False	0.2812905108019561	0.2603257913534394	-0.0209647194485167	0.3765673937712048	0.4	0.0426678716423613	-0.2521915484516727	0.8195955552069879	0.492057305590589	False	False	False	0.2325306628099449	0.1472671030837095		0.4609282709472215	0.4668403991273155		GSE245386	primary	True	True	True	0.5631710267822417	0.5415365662054716	-0.02163446057677	0.7512789545061204	0.7	0.3828113887967584	-0.4183655955181652	0.0208836311497035	0.366822993206607	False	False	False	0.4935236098652825	0.4817562849162011		0.8861650415862075	0.8730340664734002	0.8779935492943117	True	True	False
GSE174574	primary	Endothelial	Astrocyte	Tgfb1	Itgb8	True	True	False	0.2618425143393412	0.2586158836878193	-0.0032266306515219	0.6920761544543711	0.7	0.0426678716423613	-0.0827774462768735	0.8195955552069879	0.8841938875404614	False	False	False	0.2325306628099449	0.1466903308198442		0.7606784554790026	0.7591865694317647		GSE245386	primary	True	True	True	0.483247296398505	0.5614366617257481	0.0781893653272431	0.0646792449516284	0.2	0.3828113887967584	0.0806295044116009	0.0208836311497035	0.9363769044632458	False	False	False	0.4935236098652825	0.4708061762880198		0.393435693119414	0.3683197562552293	0.3297557865549225	False	True	False
GSE174574	primary	Endothelial	Astrocyte	Tgfb1	Lpp	True	True	False	0.2263258179510329	0.2468438185513239	0.0205180006002909	0.4583921478522774	0.5	0.0426678716423613	0.2158953375966317	0.8195955552069879	0.6498809338863704	False	False	False	0.2325306628099449	0.1366940906926816		0.54258662398841	0.5432893608061099		GSE245386	primary	True	True	True	0.6372974756899282	0.795697723029608	0.1584002473396797	0.0472484668508193	0.1	0.3828113887967584	0.4651486011129396	0.0208836311497035	0.1873020734774103	False	False	False	0.4935236098652825	0.6864816108007449		0.3651354779895521	0.3405889872334951	0.3134898276768647	True	True	False
GSE174574	primary	Endothelial	Astrocyte	Tgfb1	Sdc2	True	True	True	0.4411180076381524	0.4245919194960861	-0.0165260881420663	0.3852956533164844	0.4	0.0426678716423613	-0.1633302025407726	0.8195955552069879	0.5101137303343188	False	False	False	0.2325306628099449	0.3671940858316183		0.4708475244742776	0.4760308071691719	0.4539917775512064	GSE245386	primary	True	True	True	0.5321431590143707	0.5010656947538521	-0.0310774642605186	0.6953266404008435	0.6	0.3828113887967584	-0.7623722785646081	0.0208836311497035	0.0579726069083921	False	False	False	0.4935236098652825	0.4497691651148355		0.8552300613463029	0.8387439687406895	0.8400188892703832	True	True	False
GSE174574	primary	Endothelial	Astrocyte	Tgfb1	Tgfbr1_Tgfbr2	True	True	False	0.2092650010100342	0.2181157355640723	0.0088507345540381	0.5952144898408166	0.7	0.0426678716423613	-0.0640813410078496	0.8195955552069879	0.6430649113378943	False	False	False	0.2325306628099449	0.104959286110622		0.6708396492376318	0.6691541780198		GSE245386	primary	True	True	False	0.3312125968709425	0.3200233400471431	-0.0111892568237994	0.876495062038209	1.0	0.3828113887967584	-0.2953679887258887	0.0208836311497035	0.5018339982114624	False	False	False	0.4935236098652825	0.1948905959031657		0.950948502371778	0.9422638112820572		False	True	False
GSE174574	primary	Endothelial	Astrocyte	Tgfb2	Eng	True	True	True	0.4721281485733388	0.2793471400004825	-0.1927810085728562	0.0019503497683626	0.1	-1.4524066763572754	-0.1984367160492819	2.544957132433951e-45	0.5341368586884161	True	False	True	0.1361111787470062	0.243465209546958		0.0105858141191548	0.0103827443551068	0.0092641613997223	GSE245386	primary	True	True	False	0.3335735138269859	0.1990340845931486	-0.1345394292338372	0.0862589451741036	0.2	-1.7936567125182623	-0.3135067229287888	2.305773918560474e-31	0.8068859136156534	True	False	True	0.3418736634890648	0.1075903941651147		0.4226386231942292	0.3807552537866976		True	True	True
GSE174574	primary	Endothelial	Astrocyte	Tgfb2	Tgfbr1_Tgfbr2	True	True	False	0.248285862102779	0.1692062069781653	-0.0790796551246136	0.01719431537804	0.1	-1.4524066763572754	-0.0640813410078496	2.544957132433951e-45	0.6430649113378943	True	False	True	0.1361111787470062	0.104959286110622		0.0434320598506683	0.0435996298910856		GSE245386	primary	True	True	False	0.4688460850797275	0.2579524631801344	-0.2108936218995931	0.0237360881943238	0.1	-1.7936567125182623	-0.2953679887258887	2.305773918560474e-31	0.5018339982114624	True	False	True	0.3418736634890648	0.1948905959031657		0.3122596474112638	0.290375362160403		True	True	True
GSE174574	primary	Endothelial	Astrocyte	Tgm2	Itgb1	True	True	True	0.3960056387827665	0.5570123728937498	0.1610067341109832	0.0172230582166443	0.1	0.6613488342454111	0.5306270178308851	5.042563421582119e-19	0.0197423303675214	True	True	True	0.5317979689217366	0.239299083097004		0.0434320598506683	0.0435996298910856	0.0402754592143067	GSE245386	primary	True	True	True	0.4465294227613438	0.6672362369236433	0.2207068141622994	0.1216344791729802	0.1	1.09984184216842	0.4338796345697815	9.926588679275374e-16	0.4821921488395028	True	False	True	0.6605394067128202	0.470951660459342		0.4581129614672025	0.4165252507986416	0.3619126093208853	True	True	True
GSE174574	primary	Endothelial	Astrocyte	Tgm2	Sdc4	True	True	True	0.8025474848647381	1.1941962481233468	0.3916487632586086	0.0001639278375811	0.1	0.6613488342454111	0.9549876600084228	5.042563421582119e-19	2.86573451697819e-23	True	True	True	0.5317979689217366	0.7332447262607488		0.003252673408847	0.0026973580547443	0.0024917031312334	GSE245386	primary	True	True	True	0.6347925936614811	1.265236021630706	0.630443427969225	0.0024550854953209	0.1	1.09984184216842	1.9733532435779448	9.926588679275374e-16	2.2868175910455123e-10	True	True	True	0.6605394067128202	0.8137511638733705		0.2475603847122746	0.208045670175572	0.1866762532740963	True	True	True
GSE174574	primary	Endothelial	Astrocyte	Timp3	Ddr1	True	True	False	0.5372329508913983	0.5245906225543427	-0.0126423283370555	0.7103936878013969	0.7	-0.2653467404464601	0.2117305188983899	0.0076124121092481	0.5882265181406259	False	False	False	0.5552936413158416	0.1872693478659967		0.7785419194800193	0.7769260271423132		GSE245386	primary	True	True	True	0.6528469240141019	0.8362649335388619	0.1834180095247599	0.0496686117055658	0.1	0.6510271478316247	0.2790974237422405	0.0001043884110205	0.6851519173215413	True	False	True	0.8396926596555944	0.3837290502793296		0.3739382104202471	0.3448896514907469	0.3194073798911771	False	True	False
GSE174574	primary	Endothelial	Astrocyte	Tln1	Itgb5	True	True	False	0.250169233727319	0.2649922500016859	0.0148230162743669	0.465778244550825	0.5	0.4207798781414191	-0.2521915484516727	0.0002375845989341	0.492057305590589	False	False	False	0.2454156351808354	0.1472671030837095		0.5487449943614406	0.5474406640499956		GSE245386	primary	True	True	True	0.6637407494056337	0.6001951486446397	-0.0635456007609939	0.3981340761690691	0.3	0.1772192745865491	-0.4183655955181652	0.3382835551431421	0.366822993206607	False	False	False	0.6107238930585904	0.4817562849162011		0.666527141813182	0.6086340245418472	0.5964876123249854	False	True	False
GSE174574	primary	Endothelial	Astrocyte	Trf	Tfrc	True	True	True	0.2527455528494719	0.2756665494497476	0.0229209966002756	0.3756654654347418	0.3	1.06370950652037	-0.8694483738551018	1.3167426684392105e-18	2.2361154526023265e-05	True	True	True	0.2550632557792489	0.1504167040116971		0.4605719690045452	0.4668403991273155	0.4461027402037559	GSE245386	primary	True	True	True	0.3426616566328526	0.3319162664533847	-0.0107453901794679	0.8873424037868104	0.9	0.0681306118690887	-0.0571590426112881	0.9427157372242722	0.9653237536111476	False	False	False	0.4231642138492167	0.2960505896958411		0.9521454382492136	0.9442628785582364	0.937855128972196	False	True	True
GSE174574	primary	Endothelial	Astrocyte	Vtn	Cd47	True	True	False	0.3059742691248882	0.3793258541649364	0.0733515850400483	0.0978974764803176	0.1	0.702510664758605	-0.1247996991232752	0.0001042878031173	0.564977599648004	True	False	True	0.1126568776159527	0.549195509094198		0.1567191024759224	0.1596346238102476		GSE245386	primary	True	True	False	0.2998832903433857	0.3404186892942312	0.0405353989508454	0.4578849270375232	0.3	0.2607108400819941	0.0144816131438766	0.4124938006403252	0.9891743937079096	False	False	False	0.1591996288804903	0.6095398820608318		0.7093315645587843	0.6585410630172872		True	True	True
GSE174574	primary	Endothelial	Astrocyte	Vtn	Itgav_Itgb1	True	True	False	0.1488423120216569	0.2273145172952418	0.0784722052735849	0.0079516250441795	0.1	0.702510664758605	0.3266140293269005	0.0001042878031173	0.0197423303675214	True	True	True	0.1126568776159527	0.229490535012891		0.0247748978649231	0.0254733474866638		GSE245386	primary	True	True	False	0.2313754606182722	0.2686496222785792	0.037274161660307	0.1354317473618865	0.2	0.2607108400819941	0.6762214530385582	0.4124938006403252	0.0010467480265429	False	True	True	0.1591996288804903	0.470951660459342		0.4677308434296738	0.4166499439359618		True	True	True
GSE174574	primary	Endothelial	Astrocyte	Vtn	Itgav_Itgb5	True	True	False	0.1494906866943447	0.1794511376583772	0.0299604509640325	0.1914229273855807	0.1	0.702510664758605	-0.0647952538143784	0.0001042878031173	0.492057305590589	True	False	True	0.1126568776159527	0.1472671030837095		0.2605286773442741	0.2644851134106115		GSE245386	primary	True	True	False	0.2643177310266959	0.2751861716361796	0.0108684406094836	0.8529359913083855	0.9	0.2607108400819941	0.2500988379945849	0.4124938006403252	0.0010467480265429	False	True	True	0.1591996288804903	0.4817562849162011		0.9404519275423616	0.9314876628317936		True	True	True
GSE174574	primary	Endothelial	Astrocyte	Vtn	Itgav_Itgb8	True	True	False	0.1387802108007535	0.1785953974605645	0.0398151866598109	0.0359947789652373	0.1	0.702510664758605	0.0199117972730211	0.0001042878031173	0.7566158837984164	True	False	True	0.1126568776159527	0.1466903308198442		0.0752186148978248	0.0759997675608423		GSE245386	primary	True	True	False	0.2528329458157067	0.2827867576989636	0.0299538118832569	0.2641177457890675	0.3	0.2607108400819941	0.4995963879594679	0.4124938006403252	0.0010467480265429	False	True	True	0.1591996288804903	0.4708061762880198		0.5734724014496807	0.5225769564202137		True	True	True
GSE174574	primary	Endothelial	Astrocyte	Vwf	Itgb1	True	True	True	0.4946333262703415	0.5843659961025253	0.0897326698321837	0.0730101349683431	0.1	-0.0795733888659118	0.5306270178308851	0.3366717069408063	0.0197423303675214	False	True	True	0.5605141159648782	0.239299083097004		0.125684113621303	0.1301954130962572	0.1193283926364317	GSE245386	primary	True	True	True	0.4566925358893452	0.7991060960340723	0.3424135601447271	0.10806688023118	0.1	1.8181434893324435	0.4338796345697815	1.5440582661407064e-38	0.4821921488395028	True	False	True	0.7149465442295864	0.470951660459342		0.4481514502817518	0.4066152816779251	0.357992318360598	True	True	True
GSE174574	primary	Endothelial	Astrocyte	Vwf	Lrp1	True	True	True	0.6739170868837379	0.779555368095549	0.1056382812118111	0.0022606244934763	0.1	-0.0795733888659118	0.3512112890406507	0.3366717069408063	0.0610258084736296	False	False	False	0.5605141159648782	0.3913716444736061		0.0112810888949628	0.011690658094835	0.0101063212649532	GSE245386	primary	True	True	True	0.580061878873603	1.0570026507363166	0.4769407718627135	0.0038263321388048	0.1	1.8181434893324435	0.6101579583740807	1.5440582661407064e-38	0.1705920620167662	True	False	True	0.7149465442295864	0.6289377715704532		0.2475603847122746	0.208045670175572	0.1866762532740963	True	True	False
GSE174574	primary	Endothelial	Astrocyte	Vwf	Sirpa	True	True	True	0.7552096069159541	0.7543252110796398	-0.0008843958363142	0.956236579065184	0.9	-0.0795733888659118	-0.0877622843485392	0.3366717069408063	0.770344739853075	False	False	False	0.5605141159648782	0.3680301443764203		0.9654812926022868	0.9642274139877344	0.956236579065184	GSE245386	primary	True	True	True	0.615938891264368	0.9276496041722476	0.3117107129078798	0.1852487495783478	0.1	1.8181434893324435	-0.389049557208647	1.5440582661407064e-38	0.4811241556422607	True	False	True	0.7149465442295864	0.5705889199255121		0.5103137164226363	0.4617531370740236	0.4147658546275213	False	True	False
GSE174574	primary	Endothelial	Astrocyte	Wnt5a	Fzd2	True	True	False	0.2421139166907515	0.2361529838617895	-0.005960932828962	0.7680490953834304	0.9	-0.0709647621165689	-0.2176940419357984	0.7308664439984658	0.492057305590589	False	False	False	0.1088469975980341	0.2349076490215743		0.8237681620470931	0.8213469550131235		GSE245386	primary	True	True	True	0.225393839969471	0.5873000563527512	0.3619062163832801	0.3302361689161759	0.1	2.6856629461321138	0.7677521392715755	1.199239428782758e-49	0.7158814592153426	True	False	True	0.3743776561040105	0.4647055400372439		0.6227448802846554	0.5640490123935252	0.5533782271070203	False	True	False
GSE174574	primary	Endothelial	Astrocyte	Wnt5a	Fzd9	True	True	False	0.1813673956445574	0.1971535611678161	0.0157861655232586	0.2903847992283726	0.4	-0.0709647621165689	0.1533416752602009	0.7308664439984658	0.7314125296300973	False	False	False	0.1088469975980341	0.1680789386304589		0.3673660043929412	0.3727634656761379		GSE245386	primary	True	True	False	0.1007665265146766	0.1696635939843973	0.0688970674697207	0.0278236101418303	0.1	2.6856629461321138	-1.1681166815918511	1.199239428782758e-49	0.049222634213495	True	True	True	0.3743776561040105	0.0675434512725015		0.3129302877206399	0.290375362160403		True	True	False
GSE174574	primary	Endothelial	Astrocyte	Wnt5a	Ryk	True	True	False	0.1541821008220125	0.164618716115528	0.0104366152935154	0.1143797725541125	0.2	-0.0709647621165689	-0.0013918251603133	0.7308664439984658	0.9993480824561016	False	False	False	0.1088469975980341	0.1266285271893466		0.1774533919872446	0.1792444920544967		GSE245386	primary	True	True	True	0.232017587201994	0.4761827114569798	0.2441651242549857	0.1865606634352766	0.1	2.6856629461321138	-0.2312583287082017	1.199239428782758e-49	0.7500849966822787	True	False	True	0.3743776561040105	0.4444832402234637		0.5104507041215209	0.4617531370740236	0.4147658546275213	True	True	False
GSE174574	primary	Endothelial	Astrocyte	Wnt5a	Vangl2	True	True	False	0.149433097538824	0.1384684499551212	-0.0109646475837027	0.467805853437679	0.4	-0.0709647621165689	-0.4180911985824568	0.7308664439984658	0.31222445595393	False	False	False	0.1088469975980341	0.089306342758048		0.5494168434454985	0.548044397878446		GSE245386	primary	True	True	False	0.1068578525577622	0.2170923376464557	0.1102344850886935	0.1395365084052323	0.1	2.6856629461321138	-0.1220041300152563	1.199239428782758e-49	0.9382680442939388	True	False	True	0.3743776561040105	0.1291996430788329		0.4677308434296738	0.4166499439359618		False	True	False
GSE174574	primary	Endothelial	Astrocyte	Ybx1	Notch1	True	True	True	0.9101954922379174	1.0034644473852223	0.0932689551473049	0.0305606540349853	0.1	0.610306760625659	0.0925467416030462	1.0929893650768536e-25	0.8034024509308639	True	False	True	0.948356212558344	0.2940715801869302		0.0673764126970144	0.067870900372176	0.0636331426481886	GSE245386	primary	True	True	True	0.99156322412115	1.174746181067436	0.183182956946286	0.096482357846957	0.2	0.4617850089919615	0.2433346462031193	0.0004821115604236	0.6859384927571354	False	False	False	0.915717205253544	0.5766992551210428		0.4306082983170425	0.3885370626809891	0.3506923963480698	True	True	True
