path	bytes	sha256
.gitattributes	272	1e11dbba775ee55747bab21b0465e214c54142b608c372d474aa40f4981f5a6d
.gitignore	895	878171437508c3584de2f6696539d41b0ec2c1844a4c2dc07fb84268f846c13f
.zenodo.json	1592	e536a0cdf18ba54165269136b9e334ef75349862a3c34a68262221c7f17beb8a
AUTHOR_DECLARATIONS.md	950	39ecfdc6f54339ecbeff3314cc6e220550ec51de43d571f2192af71c310a3e6d
CITATION.cff	853	f4cfcc777bb5865f9b2b438042d8c7cc255c5482757f9ce2cf7ba9d7308f598b
ENVIRONMENT.md	3593	add820c1f53418169ded2e97cd9bfdb3a48c1f9cfa43677a0a2ca0ddf88321bb
FIGURE_SOURCE_INDEX.tsv	55709	f1a0c3e25fa688368d4bef2517b2388df28d90c3cae34ef0935a406e9a3d04ba
LICENSE	1474	b162bc7b5ca5022bb01c425f79ab6abf8395ab2429e4388621a67d647cb637b8
MANIFEST_SHA256.tsv	255246	42ed19339e3f9308e114a5ba85326ff3de470a26ae365ddb61335a9adc5b5e2f
outputs/figure_source_data/figure1_markers_GSE174574.tsv	485	9c422a83c6677874602d08e0ad95ac364fec0fb62438a83d73ffc4679a9d01f9
outputs/figure_source_data/figure1_markers_GSE245386.tsv	484	19f88d7a136f96a83bd10284a93c8e44a89cdb0ce1abcaa9438cfb1742fa0bb4
outputs/figure_source_data/figure1_sample_counts.tsv	1399	6af60badf6585f164d0288c8e3c76fa52d1baa195d3b589e5fdd90cfacb06878
outputs/figure_source_data/figure2_Astrocyte.tsv.gz	1180294	39f7993503b2f5908b56e099af0db733b0654cefdf8c671af7ca8c15468a9ba0
outputs/figure_source_data/figure2_communication.tsv	209204	773b48d48ab1644ef8d69833846ed7ac560aef1b682851e6b278e8ed762ab66d
outputs/figure_source_data/figure2_Endothelial.tsv.gz	1275685	69df307995d7e16d66b165c54b52d2c788b0106a76490507a8568de3e90978f7
outputs/figure_source_data/figure3_sample_scores.tsv	5251	f4f8b83f858e3f0c3fce9f4d0159b029f8dcecba733c9c167aed4cbc451ed822
outputs/figure_source_data/figure4_gene_effects.tsv	10665	b06b5a3d018f760fb63b2b9f1ed878f438b9887fa9acf957258c433e97546026
outputs/figure_source_data/figure4_program_scores.tsv	4022	494ba29270a0dca305051fd0a4c33c062143ae625a67218d0efac0009d9afa67
outputs/figure_source_data/figure5_GSM7437221.tsv.gz	92176	445fbaffdded880ce417aeeaff2c4ca680e77c156abc35ae7ada2877bff494a0
outputs/figure_source_data/figure5_GSM7437222.tsv.gz	91235	79334d07301ae74eb1bde2764caa7f7b75fe15b027a08c64cb6f0c21a3a83250
outputs/figure_source_data/figureS1_constituent_effects.tsv	4631	9a86fd8683f6a63d5631ecb9b3efa20dd6b6d35395d4091074bf0352c28efafc
outputs/figure_source_data/figureS2_spatial_correlations.tsv	2564	ec7dcb39c491aa8f85445591041651ae6b5bc414afddbb10414d6930aa86b350
outputs/reproducibility_v2/document_build_audit.json	425	25d9505271f0a5c69993f8e6197ade5bfce0db8c26636b03bc2395e73e744cac
outputs/reproducibility_v2/figure_font_and_dimension_audit.json	8004	5f90e2aa170a5fc5a0d2e1c520c4746bbd7a1df9006d2754271f7aea169229c8
outputs/reproducibility_v2/figure_source_data/figure1_animal_counts.tsv	1399	6af60badf6585f164d0288c8e3c76fa52d1baa195d3b589e5fdd90cfacb06878
outputs/reproducibility_v2/figure_source_data/figure1_markers_GSE174574.tsv	485	9c422a83c6677874602d08e0ad95ac364fec0fb62438a83d73ffc4679a9d01f9
outputs/reproducibility_v2/figure_source_data/figure1_markers_GSE245386.tsv	484	19f88d7a136f96a83bd10284a93c8e44a89cdb0ce1abcaa9438cfb1742fa0bb4
outputs/reproducibility_v2/figure_source_data/figure2_common_effects.tsv.gz	42120	2bd574142ebc278e478736345c0446b3bf8d2d88a216fb2b068e56b41b7f366b
outputs/reproducibility_v2/figure_source_data/figure2_common_null_summary.tsv	5567	409852011dba7ce75d3eb9db98e6cf5fb685000f81744de71f515c952c1b3abf
outputs/reproducibility_v2/figure_source_data/figure2_original_gate_null.tsv	22666	07614cac55a664a87936b8d68e6b6a7fb398c5d8e9195080554177fe3cf64e97
outputs/reproducibility_v2/figure_source_data/Figure3_caption_zh.md	1238	317032a4721df2418dfea1e82444dea42f1786a2c18df070473be4779a8e5f9b
outputs/reproducibility_v2/figure_source_data/figure3_comparison_and_denominators.tsv	906	4edcbd0c46bd9cb630fb00658e1e84ae6b80ee044879f249247d12c2e81c9e90
outputs/reproducibility_v2/figure_source_data/figure3_data_profile.json	10156	ef2ecbe7ed243002117af040f9a226a036bc19bb60f068893ff551eaefe5c2bf
outputs/reproducibility_v2/figure_source_data/figure3_global_universe_context.tsv	1480	fe649807b40dd5de48767e84c40119afa5fb8a3770d9bbccd79b468d2d0376b6
outputs/reproducibility_v2/figure_source_data/figure3_qa.json	1744	1ba29b01bcb08a4a6b8e5382ff9ae5fa65605386e28d21d75b0ff8069cce2281
outputs/reproducibility_v2/figure_source_data/figure3_zero_effect_sources.tsv	911	b91a68b1769721fe423f294356b75c64eacc3541630b76b34d612486dd2f61d7
outputs/reproducibility_v2/figure_source_data/figure4_data_profile.json	28000	52aa67903a6348b200d806fe4c145830e1ba4d4057cd43eca57fe5482ce3d3f6
outputs/reproducibility_v2/figure_source_data/figure4_gate_coverage.tsv	205	53dac949cf63a3b245d8cdab502b7875330d8b85d06cd7f36c11b2966dd7820d
outputs/reproducibility_v2/figure_source_data/figure4_matched_rank_comparisons.tsv	7842	650efed03edc9caee8eafd394991dff634d10e7239f14d1590395929b58e8210
outputs/reproducibility_v2/figure_source_data/figure4_paired_markers.tsv	12220	fb59f9d2c6ca48ab9650b0c7f007140cf3da00d109fda2ecef177dc20d3fa3fe
outputs/reproducibility_v2/figure_source_data/figure5_all_metric_and_universe_results.tsv	3909	586c4ad7fc202a86a0a8551a7e21c44b967d18a8cd805b827b363bf1d63f24cb
outputs/reproducibility_v2/figure_source_data/figure5_captions_en_zh.md	2028	be0d52b7b9a4bbb6de8f7cf00fbd893ec54fb711ae56e55edf7a275cc695dddf
outputs/reproducibility_v2/figure_source_data/figure5_data_profile.json	17911	76fccf6f462741dda8f71ae0b0134c0dadc76097a5f6ec1a4d58dc8e5b5d1773
outputs/reproducibility_v2/figure_source_data/figure5_fixed_17_library_comparison.tsv	1250	3017a31075a42192a9136c251834acea4c3f03f054b7bc736a68eeeb8e4e7865
outputs/reproducibility_v2/figure_source_data/figure5_grayscale_preview.png	110586	1bb4991841dad3544ddb70d009bc18332da9cdc97e08e5b90579ba8cb91b4877
outputs/reproducibility_v2/figure_source_data/figure5_layout_audit.json	2	4f53cda18c2baa0c0354bb5f9a3ecbe5ed12ab4d8e11ba873c2f11161202b945
outputs/reproducibility_v2/figure_source_data/figure5_library_counts.tsv	453	d30e45d4327120d8d82f18744d77e8afd7d4f551eda8556b3369f01081484c89
outputs/reproducibility_v2/figure_source_data/figure5_qa.json	3594	d9a6c00ca7ed05b24f1fa9a2d17988871d4caffb47108e3f2c2e21e2cbad6d04
outputs/reproducibility_v2/figure_source_data/figure5_visual_review.json	924	7ba91a18bd24af677078292e56843c576b03f5df3fc3f9a98277fa13cf2b1226
outputs/reproducibility_v2/figure_source_data/sorted_fixed_components_per_pool.tsv	3366	f6b00629fa15ad4b848b30b8449b8f4c97ab940dcc7acae1e23d0167484979a0
outputs/reproducibility_v2/figures/Figure1_samples_and_marker_groups.pdf	60758	735038054f839312ba298c681287db4f792a31f39bf9302d1c32d668e36d5bac
outputs/reproducibility_v2/figures/Figure1_samples_and_marker_groups.png	206593	46b01a284b5135310ddc89dda1a3e4992b9b3e77646034f5f7f57f6147e9cabc
outputs/reproducibility_v2/figures/Figure1_samples_and_marker_groups.svg	56141	ad3b603ce9b1d79ac69dec0da0f845bdf2ed6d1e775f76f901a14d3e0e4228a7
outputs/reproducibility_v2/figures/Figure2_expression_priority_and_null.pdf	55735	3f3d4b65def7bab7b055629787f695effa40cc396e8b8bef13288c051d7349e4
outputs/reproducibility_v2/figures/Figure2_expression_priority_and_null.png	452561	9bac339a816aed5d48c13a1121744cb51b964f42fbf1a924df6b6ff9bb8104f0
outputs/reproducibility_v2/figures/Figure2_expression_priority_and_null.svg	106323	c63ce09b9dfe36480cf46dadc2db2544950ad51d1694df804c1aaef5b0705f6c
outputs/reproducibility_v2/figures/Figure3_implementation_and_rank_universe.pdf	49188	3169cc541a6e2cca0536932b061e2e8712c39fc25677bed5f638f8a038363ea1
outputs/reproducibility_v2/figures/Figure3_implementation_and_rank_universe.png	383912	4bd44740fd33ce1c6544119a2fd2e00086b612f33e3771f0edeff413a2074193
outputs/reproducibility_v2/figures/Figure3_implementation_and_rank_universe.svg	55047	c191250ed57b38d5c23ed5349149616db0734e0ed64389a5289e5a705f84d089
outputs/reproducibility_v2/figures/Figure4_ambient_sensitivity.pdf	65555	45db9a65d391875ba025c360f719a7096a0f824f2a14eea9a00878b358b427e2
outputs/reproducibility_v2/figures/Figure4_ambient_sensitivity.png	436212	1578deb1f7d1a5a28fc3cd75b1daddeac2bf15008115a372c2ab7258d0169d12
outputs/reproducibility_v2/figures/Figure4_ambient_sensitivity.svg	89973	ea1ff36954e5393ca595e5aa41c11c160d1031736e189b35d2db574d7144073b
outputs/reproducibility_v2/figures/Figure5_third_cohort_transfer.pdf	45416	cf2a49c74a7ee82283568d980ae73060e856d0e125de6a2bdbe1d76533b57807
outputs/reproducibility_v2/figures/Figure5_third_cohort_transfer.png	231969	f8cf96f9c568e122fe1f991ebd00d2b30c432716501c044f12e4640a31471f7d
outputs/reproducibility_v2/figures/Figure5_third_cohort_transfer.svg	36111	79060a1c26daf443fa1a9a51b99f1bdb4e4a763d1e91f5306e16d49905709bb1
outputs/reproducibility_v2/figures/FigureS1_reference_identity.pdf	58234	0bf7c2a9966908d6769af0ca6f5df598e7eb74e5204c7d7e5f54c0e3acbbe2b9
outputs/reproducibility_v2/figures/FigureS1_reference_identity.png	490579	69ae1f7a1e24d1ede95706ba3430bee6c7196e7d05df324b0678bf40db44505e
outputs/reproducibility_v2/figures/FigureS1_reference_identity.svg	79181	0ccfe64fbcd4c2ec020d27edbb53e4a1310a0351496d237c7ef89142725b65b7
outputs/reproducibility_v2/figures/FigureS2_doublet_distributions.pdf	56432	cd588fd17d46678952efc0dcf4514786dc1597dbdc1a68955acd614c66abfe96
outputs/reproducibility_v2/figures/FigureS2_doublet_distributions.png	582863	c5a368c72b1619a172b750a426d9dcae731a5731adb2ec4754bde6d2e38ec93d
outputs/reproducibility_v2/figures/FigureS2_doublet_distributions.svg	143490	5693f41ba4b1db817910e8851b91f3615d5a8586cab445c9f7285d46402e6bd3
outputs/reproducibility_v2/figures/FigureS3_barrier_selection.pdf	70685	4fdede01deb0a3cf56cddea5e981496a74366048811352af1afddbf5dc99034e
outputs/reproducibility_v2/figures/FigureS3_barrier_selection.png	376047	ac512cbec6207a489c70c1c62bb3341ebf60557efceeca577c1a304b1467a4a9
outputs/reproducibility_v2/figures/FigureS3_barrier_selection.svg	84551	66c2fd9306944570900d25d5c98feb51187d230009927db6f9f9e6e0efbe19a0
outputs/reproducibility_v2/figures/FigureS4_sorted_effects_and_intervals.pdf	51155	c931ca8af5bce543345434c5f79422dbd7a3be04653c9bf5c2e3ec48bef5458e
outputs/reproducibility_v2/figures/FigureS4_sorted_effects_and_intervals.png	139308	99955fd39c52d6b2c9c346025e8ef974f9ee5197d38365128be1315c628ab13d
outputs/reproducibility_v2/figures/FigureS4_sorted_effects_and_intervals.svg	31253	6fff26badc0f9ea20046429c4a2c93aaaff287df07aaaad54bddb8de48f01dcf
outputs/reproducibility_v2/figures/FigureS5_spatial_expression_context.pdf	464469	fe939439449cb2c4bce6316dab1e1a2f3cc24a94c726011f36c05728a341177f
outputs/reproducibility_v2/figures/FigureS5_spatial_expression_context.png	2954418	8426b456a2c3feb55da1765103254dbe1b74d83bdcc9cec90acddb4ce7bab69c
outputs/reproducibility_v2/figures/FigureS5_spatial_expression_context.svg	2836674	a4b92331f65e4ba42c5f6f4709250ec0c55d6d07834be12101413b43793535cb
outputs/reproducibility_v2/manuscript_en.docx	5902950	d835f2d195e96ab4425e1a89681186cafe873103d86a4e3a614272036b3642a6
outputs/reproducibility_v2/manuscript_en.md	57839	687fb5b435a06168ba93d603875910552adabdc7672da0ea29ae64a3c46716eb
outputs/reproducibility_v2/manuscript_readiness.json	266	14ab76353dd46face8174783eabca216ffe138f97fea320173fa75a1239a64a2
outputs/reproducibility_v2/manuscript_zh.docx	5903442	18ddfb10a3875d211878f15187835c33d28c9ff58cb6d83fb030b756ae010584
outputs/reproducibility_v2/manuscript_zh.md	47120	f90d11dc93c178620529e09d47a8727695669bec8719686258887ab57be417de
outputs/reproducibility_v2/README.md	7358	493e3378fed9cdde07c824ea6e172f6c3a9dfa66df191a3386a8a6980b7c278a
outputs/reproducibility_v2/references_en.json	21751	4ca6540084766251b0958da076d7b4f53c95b3e548a46a17c7c8d7f9fa0453f2
outputs/reproducibility_v2/references_zh.json	21751	4ca6540084766251b0958da076d7b4f53c95b3e548a46a17c7c8d7f9fa0453f2
outputs/reproducibility_v2/revision_response_12_points_zh.md	4606	9542b5e96a52c41a755f9be40df801b320e16d04e2c6dff5a219d32c44149a9a
outputs/reproducibility_v2/supplement_figure_provenance.json	3450	fd8ab799bf19f5af8f0b9bcb4edbd110a771c4513b648a82005e330d7bc54c53
outputs/reproducibility_v2/tables/ambient_cell_type_contamination_summary.tsv	74601	055a6d63257e7b15f27eb45afc42c62a303463f730595c59379940b46c383ab9
outputs/reproducibility_v2/tables/ambient_concordance_summary.tsv	3676	8652add070a434374ad43fc44348cfc79c709d8cb8823f111774e48de619ef41
outputs/reproducibility_v2/tables/ambient_coverage.tsv	457	7da1621968517b9c7d5e41926886b0332527bf69549749a98d37ca96632b6b0a
outputs/reproducibility_v2/tables/ambient_cross_cohort_effects.tsv.gz	25110	336a365ea7eb84fb8026bdc96b7eb64191b8d6b740a812af22bd51836a18a446
outputs/reproducibility_v2/tables/ambient_fixed_examples.tsv	2455	f51820d1e40b943aacc04bc25ee057f2eafc3b63ed60628ad6fe5e83dc7f35d0
outputs/reproducibility_v2/tables/ambient_markers_per_animal.tsv	162957	f01d4518252b6514666a12464edb79128ea4e7556bc963d4494845db59ff2068
outputs/reproducibility_v2/tables/ambient_rank_matched_animal_scores.tsv.gz	570523	07f45761564c8690278c83ddcb438df9c3be54fa82f74c6678b7be9cd0c9681f
outputs/reproducibility_v2/tables/ambient_rank_matched_audit.json	595	8f94b913feb0688ebf3c9e4a0b8d8db0a37fa86453a8edac88bddcd18a249518
outputs/reproducibility_v2/tables/ambient_rank_matched_candidate_keys.tsv	17191	30b03ae8eb8aa6605e35a80c6ed250aa2ad8a97bfab23e756d497d44d462ca6f
outputs/reproducibility_v2/tables/ambient_rank_matched_coverage.tsv	2496	fcdfdefed38d22aafd36a0684efd3af3e9d8c1b50deffd181a2f31e5ab7ec34a
outputs/reproducibility_v2/tables/ambient_rank_matched_effects.tsv.gz	115962	e51088296a01b68c09c3e2cda158b069792e503ff700435503ed233e0e5678df
outputs/reproducibility_v2/tables/ambient_rank_matched_summary.tsv	7861	f9318b9e0f1652809a6e5712150241617402f8a4b9cadec82791603493adcfd3
outputs/reproducibility_v2/tables/ambient_sample_contamination_summary.tsv	2561	53ffa99b69254e8750d6d55641f0852d0f769d9ca487762c2cb294f42cf24ba2
outputs/reproducibility_v2/tables/ambient_selected_sources.tsv	2595	9740076d729d82baeaf42922f30ec512c1664fc16eaa0f0c184dbb6d2570c965
outputs/reproducibility_v2/tables/ambient_summary_audit.json	6652	3a097caf51ff94e7c18e136bab2fa9610e47e124695590b874f10cddf99762b5
outputs/reproducibility_v2/tables/null_animal_label_allocations.tsv	33302	363a11fae7704199a4f0918c54f8a141dad3ca3e0ce760fd494a65615299985f
outputs/reproducibility_v2/tables/null_audit.json	28868	15dd766ff0974b64f998fc7c5f1adb8a72a6cb6571f8ef120f0f01238d3d88a9
outputs/reproducibility_v2/tables/null_conditional_all_allocations.tsv.gz	7727	11d55e9bfbd2aaa0d3b82a351dd5e79bbb8b006b4839ec2d093acddf5b96701d
outputs/reproducibility_v2/tables/null_conditional_audit.json	17343	2ca12c9abf32feea5768dd43b78747ba0e335585124d8c4a1dcd4c048a36ff92
outputs/reproducibility_v2/tables/null_conditional_explanation_zh.md	1026	d7ebff53b5e1ca465346d6dd9ce544ee794dc43ea33516a2aa034abb9761752e
outputs/reproducibility_v2/tables/null_conditional_methods.md	2421	a29e0816586da3385bf0a63b0ab8d2fd41ef270e7310c722fd699646e893113b
outputs/reproducibility_v2/tables/null_conditional_summary.tsv	17633	3ac98b7ad19121ee2f4102bfa38aaed8da607d7c3843e3d090cf53262677fae3
outputs/reproducibility_v2/tables/null_coverage.tsv	208	829e08250f7666b3fea09188bae970bb51bd1fee6d86a237a306e637ee0581f0
outputs/reproducibility_v2/tables/null_dynamic_gate_all_allocations.tsv.gz	9907	f1871f1fd614c32849a619ad19d0c78f4fcbb8c83df63a007a515f300b1287a0
outputs/reproducibility_v2/tables/null_dynamic_gate_summary.tsv	1332	00e8fd82d0c7bf3431ad605f463129132b4c1afbed3567af5bd81b8de154b141
outputs/reproducibility_v2/tables/null_family_gap_all_allocations.tsv.gz	54880	736ef112d0daaed3a2570e82b86ddf5a177702a1fb78b66a025bf71ca54af2f8
outputs/reproducibility_v2/tables/null_family_gap_summary.tsv	5716	ed44818d7922489f52d804727bc2a580e1c531409496826013566f40c73c0675
outputs/reproducibility_v2/tables/null_fixed_candidate_keys.tsv	17191	30b03ae8eb8aa6605e35a80c6ed250aa2ad8a97bfab23e756d497d44d462ca6f
outputs/reproducibility_v2/tables/null_fixed_common_all_allocations.tsv.gz	34339	b353b96b9108952c3178c6e5f5a71b96c18a035a91a408def59e70b78641ac6d
outputs/reproducibility_v2/tables/null_fixed_common_animal_scores.tsv.gz	281217	39e35aa6c3f78f039f50784ae8a0c04f1cfbc62b04b499303b81d3b1fcc47b33
outputs/reproducibility_v2/tables/null_fixed_common_observed_effects.tsv.gz	46160	bf6f72214ddee8e58c346b93928a4119a164988db6259aadab1d34c854951f6c
outputs/reproducibility_v2/tables/null_fixed_common_summary.tsv	5586	3fb8cc1635520a9521981b00f0f40fb4177bded1ffbac77be5d2d80b5b57ed08
outputs/reproducibility_v2/tables/null_methods.md	5636	a8e3339688ec3894ffba5cb6c1978441901b65d765d8ea0da53dfd0486d21c89
outputs/reproducibility_v2/tables/rank_audit.json	19873	6167503627ad595a3c194b62dcb9c1993cb3b8b8394fb009aba3fdc7bb16939b
outputs/reproducibility_v2/tables/rank_background_animal_scores.tsv.gz	140508	a1935eba2d8dcb7e45d7618149c549b8b1a75dccfdfafab7d9f556ba59d26f9e
outputs/reproducibility_v2/tables/rank_background_audit.json	24617	e7ab244db6424eb52d4e476c4db4eadea76f86406e21be5a31300a3c153a1242
outputs/reproducibility_v2/tables/rank_background_context.tsv	1480	fe649807b40dd5de48767e84c40119afa5fb8a3770d9bbccd79b468d2d0376b6
outputs/reproducibility_v2/tables/rank_background_effects.tsv.gz	30579	e1db57e77d543b5aaf5b6a3784e406c373b2bb9231c3642bdec6d4ccaeb4c22f
outputs/reproducibility_v2/tables/rank_background_global_keys.tsv.gz	59296	03d8fc6f01d76b9d678359845ef644e5f10557ba50a64c3864a8628f4345622c
outputs/reproducibility_v2/tables/rank_background_monotonic_redundancy.tsv	4766	a7c6b223decf04c1e127e30923d2d723231391bf19af5eb669196706eab87ee6
outputs/reproducibility_v2/tables/rank_background_summary.tsv	867	555fad51aac56d6c71f87d1e72ca603511177f844697094a92e907522789547a
outputs/reproducibility_v2/tables/rank_background_zero_effects.tsv	911	b91a68b1769721fe423f294356b75c64eacc3541630b76b34d612486dd2f61d7
outputs/reproducibility_v2/tables/rank_comparison_summary.tsv	2328	fd1b62fcc89befe1c66fb39634fb55abc493cc42e449a9208d65725eaecc9232
outputs/reproducibility_v2/tables/rank_diagnostic_decontx_animal_scores.tsv.gz	225506	35a1492402d6e0fdeb57637d94e54321de8b01a48620f1d1eea71b131340ab2b
outputs/reproducibility_v2/tables/rank_diagnostic_decontx_audit.json	93980	542d2616b79d37e3a43bd6f5be66eb603c0465ab7f64c1d5ddebe6ad5e6beea0
outputs/reproducibility_v2/tables/rank_diagnostic_decontx_effects.tsv.gz	47166	39d997f5bb44d3d7689f6bbe41927abdd895b56ee0d9b74a5ba96b8b796ee03b
outputs/reproducibility_v2/tables/rank_diagnostic_decontx_summary.tsv	1308	23a88712c4cfd9cd9dafca81c42ae673c9a56c6a4b1c2acd82f230c860e14869
outputs/reproducibility_v2/tables/rank_diagnostic_decontx_ties.tsv	11544	9eda78b184739440e53f781498ddc9b441a74345ba537a3bfd9497d2c1664758
outputs/reproducibility_v2/tables/rank_diagnostic_raw_animal_scores.tsv.gz	222641	5c2b816d18e6b6c7cb3425a60a4f3a95ff8202a72d1554b4a5819d6867dc4c79
outputs/reproducibility_v2/tables/rank_diagnostic_raw_audit.json	80740	5fa6ee7e642ebc2018c2b13bb7ec4859dfa473ab95d80259e426614376af7602
outputs/reproducibility_v2/tables/rank_diagnostic_raw_effects.tsv.gz	46650	d612136bdc728de7e2859c063bc91b82b896ea7732ff7bd62561d8f0c75da6d0
outputs/reproducibility_v2/tables/rank_diagnostic_raw_summary.tsv	1264	ef39420d2eb017b10133de6c437e53c152b4e4ee2bcffdf332bb8c0525b82c22
outputs/reproducibility_v2/tables/rank_diagnostic_raw_ties.tsv	11173	7e376038d9b9a3494cb4009cc39c43376b3b29198855545c9ac5a375391f183b
outputs/reproducibility_v2/tables/rank_figure_source_comparison.tsv	2328	fd1b62fcc89befe1c66fb39634fb55abc493cc42e449a9208d65725eaecc9232
outputs/reproducibility_v2/tables/rank_implementation_four_row_probe.tsv	513	c155258394a7d586abd0519839a84a7a73d02a138a01fc410831550cb04d5d2c
outputs/reproducibility_v2/tables/rank_methods.md	3349	0536f2ae36efa9c7cef8372be112ddb8bcd02c647c1b61b786f5a77b4e45c798
outputs/reproducibility_v2/tables/rank_native_target_ties_per_animal.tsv	7254	dc83c3992d93262d781446d3858926a1465fcf62bd99268fc6b335b07018d91e
outputs/reproducibility_v2/tables/rank_native_zero_effects.tsv	451	1c54df3ab112a21fdf42ff4a23a53b8bfe756c624154c3150f69b15342d0cfda
outputs/reproducibility_v2/tables/rank_network_context_cell_counts.tsv	15418	ac025d262fe578db0bb2ab4c7a1db91640373dcfc2dffcdb5134557f5092b294
outputs/reproducibility_v2/tables/rank_network_context_per_animal.tsv	4389	213fbb36c5e5acffc3163e3064bc53d841011d6d746dc23b07d0d233390aed7c
outputs/reproducibility_v2/tables/rank_network_context_ranges.tsv	1627	ccbc52f616f6218b682a3ac59d69f678f3beb7174748415398115ffe7e08bb13
outputs/reproducibility_v2/tables/rank_observed_effects.tsv.gz	72574	6eb1300a6672a51d34b08acc1f7e2434836e0b19fa39f483f4ee53e3619abe02
outputs/reproducibility_v2/tables/rank_per_animal_representations.tsv.gz	348770	9f02a2f975774c0c6003c33aa1e68e8f53cc0c81c7dc68af986852f6615aa146
outputs/reproducibility_v2/tables/rank_upstream_animal_scores.tsv.gz	122900	c177162499e6c21dd77bbf7c0527415da40e48d1d087c9be661f66acf66fc443
outputs/reproducibility_v2/tables/rank_upstream_audit.json	9790	65227dff787d4f8de1e929c0903938ee71552697c1f1324dceff31231dfdebc9
outputs/reproducibility_v2/tables/rank_upstream_effects.tsv.gz	32622	26098ff0eb80abfc9b34d81fcf32730510be18ba5a5535bce22a4e9176a59d07
outputs/reproducibility_v2/tables/rank_upstream_per_library_equality.tsv	5636	c1c82fa67f1033e8a8757e71b44ff158197499bc523ead18ffeccb255052c080
outputs/reproducibility_v2/tables/rank_upstream_summary.tsv	851	25fa947c6dbaf25a7406bc1b32f4ef4d0f2c3680c5dcea5749c14dbece06e809
outputs/reproducibility_v2/tables/sorted_all_gene_descriptive_effects.tsv.gz	1607419	90ed10f65ef17756bdc3cf205e13fb66821c0a7c8537faf6988caceafd4c3760
outputs/reproducibility_v2/tables/sorted_descriptive_audit.json	781	cd1a16f176c7dbf4576fa5760f72c5a09515c2a7390a83a30b294c879ea7950d
outputs/reproducibility_v2/tables/sorted_fixed_component_effects_ci.tsv	2217	bf4d479313db83e85d0048b7e9e63bde2be8d97f52b46ab3d64b134aefab4163
outputs/reproducibility_v2/tables/third_all_covered_coavailability_effects.tsv.gz	239288	afde8f844d034fa6aae2b8ebcb278269371da777ba050b5eb74c891619d683aa
outputs/reproducibility_v2/tables/third_all_covered_coavailability_library_scores.tsv.gz	1254228	e222d214e87d35c35503e432f85193581c7419115ae0ee2745f9e42c031a1237
outputs/reproducibility_v2/tables/third_cell_type_library_counts.tsv	5073	f06eb72369e1ec2737af4ee9d628263a61f8c6f7d005b47a15365bc4afb8b748
outputs/reproducibility_v2/tables/third_coavailability_audit.json	3804	a3c89dc5e5180a1fb169ea70bdf6164712c5c15ba998f170745b441bc7ec5656
outputs/reproducibility_v2/tables/third_cross_cohort_concordance_edges.tsv.gz	16773	76d644be9aca3644ddc5c32bc59f65295c4c5e89b3c636310a2a68d01ba5118d
outputs/reproducibility_v2/tables/third_cross_cohort_concordance_summary.tsv	764	35beb983000dffd395848c8bf12126ef998b28843959f2671d74842cd8428b51
outputs/reproducibility_v2/tables/third_fixed_examples_component_expression.tsv	8807	d6541ac8f6697ca49acb32013832036445583c93a84901a046cdb4d09a12ea01
outputs/reproducibility_v2/tables/third_fixed_examples_effects_eligibility.tsv	785	578cf17ff377d4b01b8f1bb6dddba8cd822a0299b7e1b2c4ed61594ddf3745c1
outputs/reproducibility_v2/tables/third_fixed_examples_library_scores.tsv	5002	3125762177df672bcdb5d712c2eea2d1e179a77591a0427421da52aa9d0adeeb
outputs/reproducibility_v2/tables/third_gene_feature_coverage.tsv.gz	148394	0597b85cb2be5dfa049fea22c817708d2a67743547561e1c5ae3deb26b58d714
outputs/reproducibility_v2/tables/third_library_metadata.tsv	2616	926e0721ffc8375ee1ca32e5d400cefcfddae867f8bf57544b04892f505c1032
outputs/reproducibility_v2/tables/third_rank_diagnostic_audit.json	17444	7ad060cfa87a063f68e3a3ed0365201ee8bf1db96e1c661f2c1edd510910c7a5
outputs/reproducibility_v2/tables/third_rank_diagnostic_effects.tsv.gz	76873	46d17c7b350f0e01cf971ca1cd2ece7f62e79be0003df24f736c64846175e134
outputs/reproducibility_v2/tables/third_rank_diagnostic_library_scores.tsv.gz	398409	341d74b5f55bbb138d8928554cdf8be2e80e00845c0224e661499b89d970cb7d
outputs/reproducibility_v2/tables/third_rank_diagnostic_original_pair_on99.tsv	1172	0d5b6a6492149f13f064d46dd24b36713f81097ec8502cf3605a930e4f017e68
outputs/reproducibility_v2/tables/third_rank_diagnostic_original_pair_on99_audit.json	4041	a435f9947064d41237d6d0db247d2053b9002a8b999a91da0c9d4be12e217ac1
outputs/reproducibility_v2/tables/third_rank_diagnostic_original_pair_on99_effects.tsv.gz	16291	51872055c983ac205cbb53ab111b511da28a6a91d1c5b613f6c0e3c5ca27e8b7
outputs/reproducibility_v2/tables/third_rank_diagnostic_summary.tsv	3909	586c4ad7fc202a86a0a8551a7e21c44b967d18a8cd805b827b363bf1d63f24cb
outputs/reproducibility_v2/tables/third_rank_diagnostic_ties.tsv	10380	695f26f57d928c95587951a3551f6a67e449eb992d77dfb608e0fa4556c67a0d
outputs/reproducibility_v2/validation/cached_pipeline/ambient_rank_matched.log	6375	a8ce07f3dbdf707f426a2bfbaf61cb221f8c8d963ef851aad82e2d63f9b184bc
outputs/reproducibility_v2/validation/cached_pipeline/ambient_summary.log	6342	3542e2bb536e859150002a7d6ea169f7fdf61d59877283f4973f51a837650685
outputs/reproducibility_v2/validation/cached_pipeline/background.log	1995	06d17f3a383fb5289a19e5763e1726c2311cc009f8781034f9bc8101b5b0b22b
outputs/reproducibility_v2/validation/cached_pipeline/cached_pipeline_audit.json	6108	89d21389b61ed1944fadef93ce9a221e596e88c11f4a9c428a22441c23dbf7ac
outputs/reproducibility_v2/validation/cached_pipeline/conditional.log	4250	b5a1e3480a167133fcf0966eefae7ad8e775bace25e9be34d9aadcdcc423b765
outputs/reproducibility_v2/validation/cached_pipeline/corrected_rank_summary.log	2497	c06ced93ac91c49bd6bd70c0428bebe7ccecf0ff4e42547ae28e41380d26059f
outputs/reproducibility_v2/validation/cached_pipeline/evidence_manifest.json	3599	7f69a7e490b3fe425621bc3588afe9886a2a17b6760c63e5864d4644a2efd27c
outputs/reproducibility_v2/validation/cached_pipeline/null.log	6541	587957f79b12b4005d67ef1f8a4ac431c9c2f984c03f508243467b0330147eb8
outputs/reproducibility_v2/validation/cached_pipeline/plan.json	2761	753da0e5d62c3fbe182923fd38d25792a29154f78e6f99e366a58b23d02dc7b5
outputs/reproducibility_v2/validation/cached_pipeline/protected_inputs_sha256.json	77611	6e181b4f3ebbffab2cb7a6005da3aacbf39992cd2b94d0074f1f9e73ccc4acea
outputs/reproducibility_v2/validation/cached_pipeline/rank.log	9460	94fbf91caeb14a26154ab13ab911cdd4199e796b37b0ee003dbf86f0a8308a55
outputs/reproducibility_v2/validation/cached_pipeline/raw_rank_summary.log	2497	f8552a97957c554f2c8d831c5f6a2a1e85bff3bbb4b83f03b57c178274566c9a
outputs/reproducibility_v2/validation/cached_pipeline/README.md	1053	e8922aa9a19f762900334ebdf093821ae51986a7fc714f91e6fb7f37dfac6052
outputs/reproducibility_v2/validation/cached_pipeline/semantic_comparison.tsv	36044	be89e9c4d15fb352a153e2e2b5bd0bfc92eba9ad9430ab6e62d32c6df21da7e8
outputs/reproducibility_v2/validation/cached_pipeline/sorted.log	98	4f5fae064a9e5c12af3747c6a93a8b438b8ff22a7385b60ff40174b61216d71e
outputs/reproducibility_v2/validation/cached_pipeline/third_custom.log	4164	c649ada1b02464be0d7ff35a3c3e8e0e463b1f6798dcb3a281c652740f434f9d
outputs/reproducibility_v2/validation/cached_pipeline/third_rank_summary.log	7375	d722cf0ea06139d0c3fbb10098a39b85fe09875095116965390fd18c60f0ea5b
outputs/reproducibility_v2/validation/cached_pipeline/upstream.log	3031	65b00dc8a61bcec48443793b24194393784e3f310ce782188210cdb6bd9ee394
outputs/reproducibility_v2/validation/cached_pipeline/validation_after/repro_validation_audit.json	400502	a92c14844227dd2f5eb4b27fd2095403fc7367cc3c461ce5b06947490df04f15
outputs/reproducibility_v2/validation/cached_pipeline/validation_after/repro_validation_checks.tsv	190851	f7f83bb4cc674a46d3f8be781f4627cde20182b65c2cdc1611a15f73ad8e104b
outputs/reproducibility_v2/validation/cached_pipeline/validation_before.json	400502	48fc3ed1819785b349fd4bffabb389093949a39e27bbb42379f3c9a1a1ec6f84
outputs/reproducibility_v2/validation/document_visual_review_en.json	18520	317084b123881e4a510ef4009a713cb0c24a341f8ddb6bac22d02342ba70ac87
outputs/reproducibility_v2/validation/document_visual_review_zh.json	10225	538ee933860d859b1b3f2a371336d4717a17c39f71651432281960f0534d7150
outputs/reproducibility_v2/validation/final_document_sync.json	6782	846dc1b2a22a2a5284a113d2f42d741155a4b13282860e30454f296f0368afe8
outputs/reproducibility_v2/validation/manuscript_scientific_review.json	8957	e61782c9328b52977b932fef620a57220b227f766d6e8ef05cbd1edaf67462a5
outputs/reproducibility_v2/validation/release_complete/release_validation.log	1095	3efd00b2d96af8e7683455e1c5973cda16518148da8353e5e1a5a02b36d5dba5
outputs/reproducibility_v2/validation/release_complete/repro_validation_audit.json	402483	e8f4be813ae80be0cd0a6c7b09dba7153a51c6fcd02559c42ed291a573832059
outputs/reproducibility_v2/validation/release_complete/repro_validation_checks.tsv	192629	7b85da387a5def75ec068cc2d7d6c8623bb2171e3d04afc153bc759af58be5fb
outputs/reproducibility_v2/validation/relocated_cached_pipeline/ambient_rank_matched.log	6375	a8ce07f3dbdf707f426a2bfbaf61cb221f8c8d963ef851aad82e2d63f9b184bc
outputs/reproducibility_v2/validation/relocated_cached_pipeline/ambient_summary.log	6342	3542e2bb536e859150002a7d6ea169f7fdf61d59877283f4973f51a837650685
outputs/reproducibility_v2/validation/relocated_cached_pipeline/background.log	1995	06d17f3a383fb5289a19e5763e1726c2311cc009f8781034f9bc8101b5b0b22b
outputs/reproducibility_v2/validation/relocated_cached_pipeline/cached_pipeline_audit.json	6488	1b8355c4cf096439d6a7c0a47509ec80a92681307b0a3444cb516bbbd0ec4fd2
outputs/reproducibility_v2/validation/relocated_cached_pipeline/conditional.log	4250	b5a1e3480a167133fcf0966eefae7ad8e775bace25e9be34d9aadcdcc423b765
outputs/reproducibility_v2/validation/relocated_cached_pipeline/corrected_rank_summary.log	2497	c06ced93ac91c49bd6bd70c0428bebe7ccecf0ff4e42547ae28e41380d26059f
outputs/reproducibility_v2/validation/relocated_cached_pipeline/evidence_manifest.json	4166	224e9ef6b6156f49bfaf98426c381b9c936e48aafb7c5f8b4fc1c7e2aff379a4
outputs/reproducibility_v2/validation/relocated_cached_pipeline/metadata_differences.json	1896	a4b6cd721441908962d703ff62e369849dd94924127d5c2c33bbd559d3a75358
outputs/reproducibility_v2/validation/relocated_cached_pipeline/null.log	6541	587957f79b12b4005d67ef1f8a4ac431c9c2f984c03f508243467b0330147eb8
outputs/reproducibility_v2/validation/relocated_cached_pipeline/plan.json	2793	b4da7ad02afc8b4bb817cfeb38255781616405967130bfaf0a764563abaf940d
outputs/reproducibility_v2/validation/relocated_cached_pipeline/protected_inputs_sha256.json	76148	63fc4661936af652a4f4799029bf9c108049bb5ce970eccf32b0aae9de4e1d81
outputs/reproducibility_v2/validation/relocated_cached_pipeline/rank.log	9460	94fbf91caeb14a26154ab13ab911cdd4199e796b37b0ee003dbf86f0a8308a55
outputs/reproducibility_v2/validation/relocated_cached_pipeline/raw_rank_summary.log	2497	f8552a97957c554f2c8d831c5f6a2a1e85bff3bbb4b83f03b57c178274566c9a
outputs/reproducibility_v2/validation/relocated_cached_pipeline/README.md	1028	1b748f68ce922d8998a921ac06170ceb35335a362ef5ec2c54d1e4dfa5e2caab
outputs/reproducibility_v2/validation/relocated_cached_pipeline/semantic_comparison.tsv	36106	08dce02206761c29e0d8d7f67adaeaaae6a6a7db28a386821d0652811b5e89e8
outputs/reproducibility_v2/validation/relocated_cached_pipeline/sorted.log	98	4f5fae064a9e5c12af3747c6a93a8b438b8ff22a7385b60ff40174b61216d71e
outputs/reproducibility_v2/validation/relocated_cached_pipeline/third_custom.log	4193	3bc1d7104f2f13415040dd16fa01be51cffe3a318be5c23aaedc83bd668c4932
outputs/reproducibility_v2/validation/relocated_cached_pipeline/third_rank_summary.log	7375	d722cf0ea06139d0c3fbb10098a39b85fe09875095116965390fd18c60f0ea5b
outputs/reproducibility_v2/validation/relocated_cached_pipeline/upstream.log	3031	e71868d0265668d21d2b425e11fb2e90e949b08ab50d0aaa41e16411e07a355c
outputs/reproducibility_v2/validation/relocated_cached_pipeline/validation_after/repro_validation_audit.json	402483	e8f4be813ae80be0cd0a6c7b09dba7153a51c6fcd02559c42ed291a573832059
outputs/reproducibility_v2/validation/relocated_cached_pipeline/validation_after/repro_validation_checks.tsv	192629	7b85da387a5def75ec068cc2d7d6c8623bb2171e3d04afc153bc759af58be5fb
outputs/reproducibility_v2/validation/relocated_cached_pipeline/validation_before.json	402483	1a6e6e7b96ce9ca51f0f713c4adb8a6d552e2b20697a592b990757f98b32eb35
outputs/reproducibility_v2/validation/relocated_initial/relocation_issue.json	960	e809ad8bb0d9dc6831e684fdb004caee9ad82f23303c65e00a9dec0da05777f4
outputs/reproducibility_v2/validation/relocated_initial/repro_validation_audit.json	400267	9bd47ef4444ada88973ad69e159c7494211ea6e52ef6adeb97f234a9981b27c2
outputs/reproducibility_v2/validation/relocated_initial/repro_validation_checks.tsv	190775	a53058a61d460c7e102ef3f8f3b379325eb583d77bdb65658677353ec6a6ddf2
outputs/reproducibility_v2/validation/relocated_path_failure/ambient_rank_matched.log	6375	a8ce07f3dbdf707f426a2bfbaf61cb221f8c8d963ef851aad82e2d63f9b184bc
outputs/reproducibility_v2/validation/relocated_path_failure/ambient_summary.log	6342	3542e2bb536e859150002a7d6ea169f7fdf61d59877283f4973f51a837650685
outputs/reproducibility_v2/validation/relocated_path_failure/background.log	1995	06d17f3a383fb5289a19e5763e1726c2311cc009f8781034f9bc8101b5b0b22b
outputs/reproducibility_v2/validation/relocated_path_failure/cached_pipeline_audit.json	6515	33121973ac82b6d6cd32a1e5626d6f0b029086dd69639f03a6c29b964f769142
outputs/reproducibility_v2/validation/relocated_path_failure/conditional.log	4250	b5a1e3480a167133fcf0966eefae7ad8e775bace25e9be34d9aadcdcc423b765
outputs/reproducibility_v2/validation/relocated_path_failure/corrected_rank_summary.log	2497	c06ced93ac91c49bd6bd70c0428bebe7ccecf0ff4e42547ae28e41380d26059f
outputs/reproducibility_v2/validation/relocated_path_failure/evidence_manifest.json	4233	88f3175fb317e64a9813c80af9b14c7eb7bea118eb4b27df5ed3a087862f1c55
outputs/reproducibility_v2/validation/relocated_path_failure/metadata_differences.json	46501	5500434584dd7f2401fecc6732cfdfb39d0a46d09f5565037bfd790473a2c276
outputs/reproducibility_v2/validation/relocated_path_failure/null.log	6541	587957f79b12b4005d67ef1f8a4ac431c9c2f984c03f508243467b0330147eb8
outputs/reproducibility_v2/validation/relocated_path_failure/plan.json	2793	b4da7ad02afc8b4bb817cfeb38255781616405967130bfaf0a764563abaf940d
outputs/reproducibility_v2/validation/relocated_path_failure/protected_inputs_sha256.json	76148	63fc4661936af652a4f4799029bf9c108049bb5ce970eccf32b0aae9de4e1d81
outputs/reproducibility_v2/validation/relocated_path_failure/rank.log	9460	94fbf91caeb14a26154ab13ab911cdd4199e796b37b0ee003dbf86f0a8308a55
outputs/reproducibility_v2/validation/relocated_path_failure/raw_rank_summary.log	2497	f8552a97957c554f2c8d831c5f6a2a1e85bff3bbb4b83f03b57c178274566c9a
outputs/reproducibility_v2/validation/relocated_path_failure/README.md	1014	b2c33028936e2b0be754bb04f0aa90a69ae59276e7e2eb9caa7369d5553f036b
outputs/reproducibility_v2/validation/relocated_path_failure/semantic_comparison.tsv	36118	ef44b0eb0eb35a04dcd34553f4b695d3c5c1470e7331ac54d80bd4cf1f488735
outputs/reproducibility_v2/validation/relocated_path_failure/sorted.log	98	4f5fae064a9e5c12af3747c6a93a8b438b8ff22a7385b60ff40174b61216d71e
outputs/reproducibility_v2/validation/relocated_path_failure/third_custom.log	4193	3bc1d7104f2f13415040dd16fa01be51cffe3a318be5c23aaedc83bd668c4932
outputs/reproducibility_v2/validation/relocated_path_failure/third_rank_summary.log	7375	d722cf0ea06139d0c3fbb10098a39b85fe09875095116965390fd18c60f0ea5b
outputs/reproducibility_v2/validation/relocated_path_failure/upstream.log	3031	40eadabfebbaa5ac28a7d1d32ccc9495ce493789f8f9b53e9604eb195facc9ce
outputs/reproducibility_v2/validation/relocated_path_failure/validation_after/repro_validation_audit.json	266934	d62e81ede21d24f79eeebe82743214bf035e0ccf861e5cfe145c4c40f3606bf6
outputs/reproducibility_v2/validation/relocated_path_failure/validation_after/repro_validation_checks.tsv	116174	f448180d96fea3d1efe50245c5b1cd9f49c0ef21b990510261174fbd0ce32725
outputs/reproducibility_v2/validation/relocated_path_failure/validation_before.json	400502	a92c14844227dd2f5eb4b27fd2095403fc7367cc3c461ce5b06947490df04f15
outputs/reproducibility_v2/validation/relocated_preflight/repro_validation_audit.json	400502	a92c14844227dd2f5eb4b27fd2095403fc7367cc3c461ce5b06947490df04f15
outputs/reproducibility_v2/validation/relocated_preflight/repro_validation_checks.tsv	190851	f7f83bb4cc674a46d3f8be781f4627cde20182b65c2cdc1611a15f73ad8e104b
outputs/reproducibility_v2/validation/repro_validation_audit.json	400502	48fc3ed1819785b349fd4bffabb389093949a39e27bbb42379f3c9a1a1ec6f84
outputs/reproducibility_v2/validation/repro_validation_checks.tsv	190851	f7f83bb4cc674a46d3f8be781f4627cde20182b65c2cdc1611a15f73ad8e104b
outputs/reproducibility_v2/validation/require_complete_check/repro_validation_audit.json	306972	b190fc7676eafc65db7e0c48da3d23aa8e147a96ef3baa42fcf0df3b9cd3fd66
outputs/reproducibility_v2/validation/require_complete_check/repro_validation_checks.tsv	147889	3d30b7db0c90a0e9adbcd7c9627ec9974854cfbad04094d290df295115f7ca56
outputs/reproducibility_v3/archive_record.json	320	6f0e63c6683a04f3d3779f03aa6581fd49d47036fe1c60cd08639a5f3ed353cd
outputs/reproducibility_v3/document_build_audit.json	2979	28fa9995cb5608b5a67488654c61c8439d6bcffa89da61717f3df932298c6baa
outputs/reproducibility_v3/document_delivery_manifest.json	3400	b179a50165130ee519df80ef00150e841f9aea6410c37b6cd441f37b96880867
outputs/reproducibility_v3/figure_source_data/figure1_animal_counts.tsv	1399	6af60badf6585f164d0288c8e3c76fa52d1baa195d3b589e5fdd90cfacb06878
outputs/reproducibility_v3/figure_source_data/figure1_markers_GSE174574.tsv	485	9c422a83c6677874602d08e0ad95ac364fec0fb62438a83d73ffc4679a9d01f9
outputs/reproducibility_v3/figure_source_data/figure1_markers_GSE245386.tsv	484	19f88d7a136f96a83bd10284a93c8e44a89cdb0ce1abcaa9438cfb1742fa0bb4
outputs/reproducibility_v3/figure_source_data/figure2_common_effects.tsv.gz	42120	2bd574142ebc278e478736345c0446b3bf8d2d88a216fb2b068e56b41b7f366b
outputs/reproducibility_v3/figure_source_data/figure2_common_null_summary.tsv	5567	409852011dba7ce75d3eb9db98e6cf5fb685000f81744de71f515c952c1b3abf
outputs/reproducibility_v3/figure_source_data/figure2_original_gate_null.tsv	22666	07614cac55a664a87936b8d68e6b6a7fb398c5d8e9195080554177fe3cf64e97
outputs/reproducibility_v3/figure_source_data/Figure3_caption_zh.md	1238	317032a4721df2418dfea1e82444dea42f1786a2c18df070473be4779a8e5f9b
outputs/reproducibility_v3/figure_source_data/figure3_comparison_and_denominators.tsv	906	4edcbd0c46bd9cb630fb00658e1e84ae6b80ee044879f249247d12c2e81c9e90
outputs/reproducibility_v3/figure_source_data/figure3_data_profile.json	10156	ef2ecbe7ed243002117af040f9a226a036bc19bb60f068893ff551eaefe5c2bf
outputs/reproducibility_v3/figure_source_data/figure3_global_universe_context.tsv	1480	fe649807b40dd5de48767e84c40119afa5fb8a3770d9bbccd79b468d2d0376b6
outputs/reproducibility_v3/figure_source_data/figure3_qa.json	1744	1ba29b01bcb08a4a6b8e5382ff9ae5fa65605386e28d21d75b0ff8069cce2281
outputs/reproducibility_v3/figure_source_data/figure3_zero_effect_sources.tsv	911	b91a68b1769721fe423f294356b75c64eacc3541630b76b34d612486dd2f61d7
outputs/reproducibility_v3/figure_source_data/figure4_data_profile.json	28000	52aa67903a6348b200d806fe4c145830e1ba4d4057cd43eca57fe5482ce3d3f6
outputs/reproducibility_v3/figure_source_data/figure4_gate_coverage.tsv	205	53dac949cf63a3b245d8cdab502b7875330d8b85d06cd7f36c11b2966dd7820d
outputs/reproducibility_v3/figure_source_data/figure4_matched_rank_comparisons.tsv	7842	650efed03edc9caee8eafd394991dff634d10e7239f14d1590395929b58e8210
outputs/reproducibility_v3/figure_source_data/figure4_paired_markers.tsv	12220	fb59f9d2c6ca48ab9650b0c7f007140cf3da00d109fda2ecef177dc20d3fa3fe
outputs/reproducibility_v3/figure_source_data/figure5_all_metric_and_universe_results.tsv	3909	586c4ad7fc202a86a0a8551a7e21c44b967d18a8cd805b827b363bf1d63f24cb
outputs/reproducibility_v3/figure_source_data/figure5_captions_en_zh.md	2028	be0d52b7b9a4bbb6de8f7cf00fbd893ec54fb711ae56e55edf7a275cc695dddf
outputs/reproducibility_v3/figure_source_data/figure5_data_profile.json	17911	76fccf6f462741dda8f71ae0b0134c0dadc76097a5f6ec1a4d58dc8e5b5d1773
outputs/reproducibility_v3/figure_source_data/figure5_fixed_17_library_comparison.tsv	1250	3017a31075a42192a9136c251834acea4c3f03f054b7bc736a68eeeb8e4e7865
outputs/reproducibility_v3/figure_source_data/figure5_grayscale_preview.png	110586	1bb4991841dad3544ddb70d009bc18332da9cdc97e08e5b90579ba8cb91b4877
outputs/reproducibility_v3/figure_source_data/figure5_layout_audit.json	2	4f53cda18c2baa0c0354bb5f9a3ecbe5ed12ab4d8e11ba873c2f11161202b945
outputs/reproducibility_v3/figure_source_data/figure5_library_counts.tsv	453	d30e45d4327120d8d82f18744d77e8afd7d4f551eda8556b3369f01081484c89
outputs/reproducibility_v3/figure_source_data/figure5_qa.json	3594	d9a6c00ca7ed05b24f1fa9a2d17988871d4caffb47108e3f2c2e21e2cbad6d04
outputs/reproducibility_v3/figure_source_data/figure5_visual_review.json	924	7ba91a18bd24af677078292e56843c576b03f5df3fc3f9a98277fa13cf2b1226
outputs/reproducibility_v3/figure_source_data/sorted_fixed_components_per_pool.tsv	3366	f6b00629fa15ad4b848b30b8449b8f4c97ab940dcc7acae1e23d0167484979a0
outputs/reproducibility_v3/figures/Figure1_samples_and_marker_groups.pdf	60758	735038054f839312ba298c681287db4f792a31f39bf9302d1c32d668e36d5bac
outputs/reproducibility_v3/figures/Figure1_samples_and_marker_groups.png	206593	46b01a284b5135310ddc89dda1a3e4992b9b3e77646034f5f7f57f6147e9cabc
outputs/reproducibility_v3/figures/Figure1_samples_and_marker_groups.svg	56141	ad3b603ce9b1d79ac69dec0da0f845bdf2ed6d1e775f76f901a14d3e0e4228a7
outputs/reproducibility_v3/figures/Figure2_expression_priority_and_null.pdf	55735	3f3d4b65def7bab7b055629787f695effa40cc396e8b8bef13288c051d7349e4
outputs/reproducibility_v3/figures/Figure2_expression_priority_and_null.png	452561	9bac339a816aed5d48c13a1121744cb51b964f42fbf1a924df6b6ff9bb8104f0
outputs/reproducibility_v3/figures/Figure2_expression_priority_and_null.svg	106323	c63ce09b9dfe36480cf46dadc2db2544950ad51d1694df804c1aaef5b0705f6c
outputs/reproducibility_v3/figures/Figure3_implementation_and_rank_universe.pdf	49188	3169cc541a6e2cca0536932b061e2e8712c39fc25677bed5f638f8a038363ea1
outputs/reproducibility_v3/figures/Figure3_implementation_and_rank_universe.png	383912	4bd44740fd33ce1c6544119a2fd2e00086b612f33e3771f0edeff413a2074193
outputs/reproducibility_v3/figures/Figure3_implementation_and_rank_universe.svg	55047	c191250ed57b38d5c23ed5349149616db0734e0ed64389a5289e5a705f84d089
outputs/reproducibility_v3/figures/Figure4_ambient_sensitivity.pdf	65555	45db9a65d391875ba025c360f719a7096a0f824f2a14eea9a00878b358b427e2
outputs/reproducibility_v3/figures/Figure4_ambient_sensitivity.png	436212	1578deb1f7d1a5a28fc3cd75b1daddeac2bf15008115a372c2ab7258d0169d12
outputs/reproducibility_v3/figures/Figure4_ambient_sensitivity.svg	89973	ea1ff36954e5393ca595e5aa41c11c160d1031736e189b35d2db574d7144073b
outputs/reproducibility_v3/figures/Figure5_third_cohort_transfer.pdf	45416	cf2a49c74a7ee82283568d980ae73060e856d0e125de6a2bdbe1d76533b57807
outputs/reproducibility_v3/figures/Figure5_third_cohort_transfer.png	231969	f8cf96f9c568e122fe1f991ebd00d2b30c432716501c044f12e4640a31471f7d
outputs/reproducibility_v3/figures/Figure5_third_cohort_transfer.svg	36111	79060a1c26daf443fa1a9a51b99f1bdb4e4a763d1e91f5306e16d49905709bb1
outputs/reproducibility_v3/figures/FigureS1_reference_identity.pdf	58234	0bf7c2a9966908d6769af0ca6f5df598e7eb74e5204c7d7e5f54c0e3acbbe2b9
outputs/reproducibility_v3/figures/FigureS1_reference_identity.png	490579	69ae1f7a1e24d1ede95706ba3430bee6c7196e7d05df324b0678bf40db44505e
outputs/reproducibility_v3/figures/FigureS1_reference_identity.svg	79181	0ccfe64fbcd4c2ec020d27edbb53e4a1310a0351496d237c7ef89142725b65b7
outputs/reproducibility_v3/figures/FigureS2_doublet_distributions.pdf	56432	cd588fd17d46678952efc0dcf4514786dc1597dbdc1a68955acd614c66abfe96
outputs/reproducibility_v3/figures/FigureS2_doublet_distributions.png	582863	c5a368c72b1619a172b750a426d9dcae731a5731adb2ec4754bde6d2e38ec93d
outputs/reproducibility_v3/figures/FigureS2_doublet_distributions.svg	143490	5693f41ba4b1db817910e8851b91f3615d5a8586cab445c9f7285d46402e6bd3
outputs/reproducibility_v3/figures/FigureS3_barrier_selection.pdf	70685	4fdede01deb0a3cf56cddea5e981496a74366048811352af1afddbf5dc99034e
outputs/reproducibility_v3/figures/FigureS3_barrier_selection.png	376047	ac512cbec6207a489c70c1c62bb3341ebf60557efceeca577c1a304b1467a4a9
outputs/reproducibility_v3/figures/FigureS3_barrier_selection.svg	84551	66c2fd9306944570900d25d5c98feb51187d230009927db6f9f9e6e0efbe19a0
outputs/reproducibility_v3/figures/FigureS4_sorted_effects_and_intervals.pdf	51155	c931ca8af5bce543345434c5f79422dbd7a3be04653c9bf5c2e3ec48bef5458e
outputs/reproducibility_v3/figures/FigureS4_sorted_effects_and_intervals.png	139308	99955fd39c52d6b2c9c346025e8ef974f9ee5197d38365128be1315c628ab13d
outputs/reproducibility_v3/figures/FigureS4_sorted_effects_and_intervals.svg	31253	6fff26badc0f9ea20046429c4a2c93aaaff287df07aaaad54bddb8de48f01dcf
outputs/reproducibility_v3/figures/FigureS5_spatial_expression_context.pdf	464469	fe939439449cb2c4bce6316dab1e1a2f3cc24a94c726011f36c05728a341177f
outputs/reproducibility_v3/figures/FigureS5_spatial_expression_context.png	2954418	8426b456a2c3feb55da1765103254dbe1b74d83bdcc9cec90acddb4ce7bab69c
outputs/reproducibility_v3/figures/FigureS5_spatial_expression_context.svg	2836674	a4b92331f65e4ba42c5f6f4709250ec0c55d6d07834be12101413b43793535cb
outputs/reproducibility_v3/figures/FigureS6_cellchat_controlled_extension.pdf	53873	22bad96471af8b21ec601eb57e4346b7327e2fe9b710f2b7ff44d827ae0308c4
outputs/reproducibility_v3/figures/FigureS6_cellchat_controlled_extension.png	444336	2b79a397209af7432f6f5fa01f99dd956f49faed31790463f81ed06bafbdd109
outputs/reproducibility_v3/figures/FigureS6_cellchat_controlled_extension.svg	52939	8a4b01f2e14c20fd139a77fb639118bcad73ef40f74e2a5db291657930d49e7b
outputs/reproducibility_v3/github_public_verification.json	3903	90b311b4dafcc0c8ce8246456f7f28d86527089d3f363656d90171545dd0fdff
outputs/reproducibility_v3/github_release_record.json	1152	37ccd7c55d55b5cdef9da2f702e8e19ede842e12dc2a3c5f60f516ff373c59e2
outputs/reproducibility_v3/manuscript_en.docx	1553118	cc4bdf7ecdd30215f1ceafde05f016255993827331441301e454cc9ab8af6231
outputs/reproducibility_v3/manuscript_en.md	43890	22f1e91f517116b9950c80e80b92c0e62e9e07a0f2a9812131e9332fb6cac578
outputs/reproducibility_v3/manuscript_en.pdf	1651662	88d62b9e0f50a412b75809ff855c6e9dbc2617c3b511efe78fc02f7c6ff87108
outputs/reproducibility_v3/manuscript_readiness.json	486	8b9d4c50cdf27c966d90da1187d53488193bf216ff699865753537f5bd7b49f6
outputs/reproducibility_v3/manuscript_references_en.json	17398	fb33cf4e5e62d1e4e5b35e143938257e245891635e1c46268891dade16c89737
outputs/reproducibility_v3/manuscript_references_zh.json	17398	fb33cf4e5e62d1e4e5b35e143938257e245891635e1c46268891dade16c89737
outputs/reproducibility_v3/manuscript_zh.docx	1554225	ca06c21fc16bcce7b75cc1bcffcfe1f6f760dfcfbfa62e2e20a75196bb922ca3
outputs/reproducibility_v3/manuscript_zh.md	38180	019653990f99cf7246dc72c66733131c5bdeba476b759db0a5992a2e5d4ab53a
outputs/reproducibility_v3/manuscript_zh.pdf	1886204	e941d786b5cf3365fc5a0d04e5a6ff39acde4ceff44237aa332fbfecf502c782
outputs/reproducibility_v3/publication_status.json	850	7fcf45f9d90e2b8b168d8589c767baef737cb1fb8df5e177c538b0ac0489a52c
outputs/reproducibility_v3/README.md	1693	751ba9e0b501d557d67868d9d0b8641e9e804309a2079d0b4f71e72211c60cb4
outputs/reproducibility_v3/revision_response.md	3133	78ffa6f78444f6db983efa37924475df1d44313d90e78d2cf99f2a1de586120e
outputs/reproducibility_v3/supplement_en.docx	4798534	6fa993bf71e1b2b736445c4d133ac85ecb3d251ef7e544cc2fdcc149f1038c7d
outputs/reproducibility_v3/supplement_en.md	37385	9cdbe1c1fca7eb312895042c954ba1088f21f048175182b03974b4c90bc70001
outputs/reproducibility_v3/supplement_en.pdf	2668525	4d7fe17ee22a2d2c5ef038bc40cc64b7ee8e6b858527527c45310a15c6a8ae10
outputs/reproducibility_v3/supplement_references_en.json	22011	fb938a2a03931c6237af609a172e55f8e25fb470718fffcd8607f8eeb7a235fb
outputs/reproducibility_v3/supplement_references_zh.json	22011	fb938a2a03931c6237af609a172e55f8e25fb470718fffcd8607f8eeb7a235fb
outputs/reproducibility_v3/supplement_zh.docx	4798675	13f4d2cb16995849bc94ab84f1f652040bb579306329053bea4feed5159de0f1
outputs/reproducibility_v3/supplement_zh.md	30194	c8abc8902078434d4dfdecda005b88324a649a1fb9e5a59b7d128088a142f3c6
outputs/reproducibility_v3/supplement_zh.pdf	2886642	57414b22bae10b4b203b9c2aa03786c70f9f2f5da2c6d377daba6407fdb3d72f
outputs/reproducibility_v3/upstream_comment_record.json	569	920651660b33c99b21134c07a8c18867434df92007c4999d4ba060486285999a
outputs/reproducibility_v3/validation/manuscript_scientific_review.json	10336	b73634fd5238530713b6bcdd594d6920a191f23510ff65bda499b0fc6492157a
outputs/reproducibility_v3/validation/repository_checks/environment_verification.json	19348	d4edefc17414303db6f159482d9c28fae50fa40da8e499c522327f9a4e034664
outputs/reproducibility_v3/validation/repository_checks/repro_validation_audit.json	402483	e8f4be813ae80be0cd0a6c7b09dba7153a51c6fcd02559c42ed291a573832059
outputs/reproducibility_v3/validation/repository_checks/repro_validation_checks.tsv	192629	7b85da387a5def75ec068cc2d7d6c8623bb2171e3d04afc153bc759af58be5fb
outputs/reproducibility_v3/validation/visual_qa_en_main.json	12389	4bf96fc18f4dd835e0dead6696d4d37960f11f041c5ca81cb250845fcfb8d160
outputs/reproducibility_v3/validation/visual_qa_en_supplement.json	9103	199145c5d2cac789993eca61dcf464efe52b3d67a975d23106bfcee66dbb3188
outputs/reproducibility_v3/validation/visual_qa_zh_main.json	11449	a3fd487ec1191a8b930174991003b225190e4c4a013ac29396e7f54d35e479de
outputs/reproducibility_v3/validation/visual_qa_zh_supplement.json	18620	3e0a321317a1d4ce4f1ac9cb05ad5c65e0481cc3d4148d786b2e5d45be104bfe
outputs/reproducibility_v3_cellchat/cellchat_archive_manifest.json	228341	76675eb6fe4a9ac9fa61f04fd58bc9ab0614d35c4aea16b1f494cd64b406d5dc
outputs/reproducibility_v3_cellchat/cellchat_archive_manifest.tsv	159228	2f8c54a86dbbcce736948fe2dbbb7626e96b1fa438fea7796c93140be547615c
outputs/reproducibility_v3_cellchat/figure_source_data/figureS6_candidate_effects.tsv	13418	3efe0d538586a3d4c4490a427e007e0b3150a53330ef5b26fd2567bd1411ff3a
outputs/reproducibility_v3_cellchat/figure_source_data/figureS6_concordance.tsv	615	bbdb4881163c89759e9a61689752da5d36bafa400f9bb49dab8a0214b2dd6aab
outputs/reproducibility_v3_cellchat/figure_source_data/figureS6_data_profile.json	11602	807d44546c2ea7a4c3be20deb91643e04b7ce06dfa458accb0524547c4c9e711
outputs/reproducibility_v3_cellchat/figure_source_data/figureS6_export_compliance.txt	726	6ddb4424d52decfb8b5939f84c081b81c8f4c64d6d95b7f02f62647babbb2063
outputs/reproducibility_v3_cellchat/figure_source_data/figureS6_grayscale_preview.png	214625	edbd71ceb7f38d4e3a5b071c8ff19fc37e49b438cb498ce92cdee07bb32288e8
outputs/reproducibility_v3_cellchat/figure_source_data/figureS6_independent_editorial_review.json	1912	b66a3086b1599330936396a55d2c15a9f4c0fdebf89ce8c6ad5981bac87e1691
outputs/reproducibility_v3_cellchat/figure_source_data/figureS6_layout_audit.json	2	4f53cda18c2baa0c0354bb5f9a3ecbe5ed12ab4d8e11ba873c2f11161202b945
outputs/reproducibility_v3_cellchat/figure_source_data/figureS6_pdf_font_audit.json	351	1526da4fc74bcdc54638c1d93991cdc20a45e5fe6ce3eae0da0447acab35b474
outputs/reproducibility_v3_cellchat/figure_source_data/figureS6_public_helper_fallback_audit.json	227	194a13fc0c2daea90661532c80113a1901f6b40c81c63eee60b7f1aa9a5e21fa
outputs/reproducibility_v3_cellchat/figure_source_data/figureS6_visual_review.json	828	46f3b8866a214b04a423d3a79543abbf252b1a0ead253afd8ad1eeb3843038db
outputs/reproducibility_v3_cellchat/figure_source_data/figureS6_zero_tie_floors.tsv	1196	4ee8a1cbe8e3cfe560b34588d040802c5babe60f2c34cacf70e7abe6e626b536
outputs/reproducibility_v3_cellchat/figures/FigureS6_cellchat_controlled_extension.pdf	53873	22bad96471af8b21ec601eb57e4346b7327e2fe9b710f2b7ff44d827ae0308c4
outputs/reproducibility_v3_cellchat/figures/FigureS6_cellchat_controlled_extension.png	444336	2b79a397209af7432f6f5fa01f99dd956f49faed31790463f81ed06bafbdd109
outputs/reproducibility_v3_cellchat/figures/FigureS6_cellchat_controlled_extension.svg	52939	8a4b01f2e14c20fd139a77fb639118bcad73ef40f74e2a5db291657930d49e7b
outputs/revised/figure_source_data/figure6_and_S3_captions.txt	2141	3703f038b51f9bfd856fddc96badbf2344a392ed77f49c20d733ac67aa67d4a0
outputs/revised/figure_source_data/figure6_coarse_confusion_by_sample.tsv	14209	9736bed12e1cf50eb78a0b376d81fd1a0b8d042ae482c611bbf6a4387b4dacc2
outputs/revised/figure_source_data/figure6_confusion_animal_mean.tsv	1747	1f16800e672d025f4090887fcfc68d6da4341af29e208f93004e9853615159be
outputs/revised/figure_source_data/figure6_full_label_confusion.tsv	149519	17303be91fd2a3511b25db964937f0ecbfff19c08fa0fb6b96604983501bb401
outputs/revised/figure_source_data/figure6_sample_metadata.tsv	798	33fdeaf14b63cc14e42c423cda9e958a65ef8c5ab164710d2b5ff973a7a84c92
outputs/revised/figure_source_data/figure6_target_proportions.tsv	6545	71ecec927874876160831ed0bbf347ac72163a91b5a7aaf0896439911a05bb17
outputs/revised/figure_source_data/figure7_A_custom_concordance.tsv	475	59dfcec76ab34f04aedec148cdaf507dce3b170ff629f9299ab3839a7432aa89
outputs/revised/figure_source_data/figure7_B_liana_concordance.tsv	1180	6c05f1af34daf5f919f1824ad79a99dca29fd616889a3a949bef4f7ec40eaa0f
outputs/revised/figure_source_data/figure7_C_direction_eligibility.tsv	7465	d6992699e099190a5ca2110e5d27e90396e9fb0ec3201fab0c0d77a4da20bfc5
outputs/revised/figure_source_data/figure7_caption.md	2634	5963ddd5d2041c495e4ada049c0b9f1261dda5d5a44a7938ed129158fed5ccd3
outputs/revised/figure_source_data/figureS3_histogram_bins.tsv	104979	5ca82a0b51b22e4d25b83a1995705c0511921d2a30b36eafced5d6058ae9eae9
outputs/revised/figure_source_data/figureS3_sample_doublet_audits.tsv	1440	bf7602350d131b6dfdad649a15e037c823b6c453a80f20ecb8bfa49748a2e3a2
outputs/revised/figure_source_data/figureS4_barrier_effects.tsv	29886	02c0a636aaf7a042728a730ef08dfcbfaee41da63c8d79445eaa8e64943d8ffa
outputs/revised/figure_source_data/identity_figure_metadata.json	448	d8fa9aa079c38ad32d2d1e6fe2ade2e8ff402da7880c4904bd7bc91f38b686cc
outputs/revised/tables/barrier_genes_cell_selection_sensitivity.tsv	29894	8b647e4740d1e18b49d023fe9de5f0ce61a7383a01d42a4f4a9dd29e6eb9ec0d
outputs/revised/tables/cell_selection/GSE174574/reference_only__Astrocyte__de.tsv.gz	614975	56733a7cbd3b19d0c11565ac71953486066fe47d675bec8ceab515ac3e5dfd2b
outputs/revised/tables/cell_selection/GSE174574/reference_only__Astrocyte__diagnostics.json	353	51f8f2da94cb5f39e0961b2efbc483804f0e92129e11b45c2b746aea6558f36b
outputs/revised/tables/cell_selection/GSE174574/reference_only__Astrocyte__normalized.tsv.gz	306642	1b02eec92f6a97a5015f23c5e70c35cdc71c0fc92a7aa6a3f35eb8808b470fb5
outputs/revised/tables/cell_selection/GSE174574/reference_only__communication.tsv.gz	70448	4277c35307b220ed503611e37dad810c70ff63fd27e666321da94bde448f7fc6
outputs/revised/tables/cell_selection/GSE174574/reference_only__communication_sample_scores.tsv.gz	111191	829aff9a66ca96ddd8fcb71a2c0fe59ab707fe18f66640574cf507e04118740a
outputs/revised/tables/cell_selection/GSE174574/reference_only__Endothelial__de.tsv.gz	790290	7009523a01d3060b10256093c56aae51dfbddb5446e89d89c3fa658c6e05925f
outputs/revised/tables/cell_selection/GSE174574/reference_only__Endothelial__diagnostics.json	356	071e0dc96a16366c33ce02f520d8658d39ec5f432b1cdb4943cbeed53b7b1346
outputs/revised/tables/cell_selection/GSE174574/reference_only__Endothelial__normalized.tsv.gz	588667	765b13f55b7c60e58a586a4fefb6fa5a0e35298813246457739d498609b22fcf
outputs/revised/tables/cell_selection/GSE174574/reference_singlet__Astrocyte__de.tsv.gz	592872	56b62a0a2e2515cb85bcda301c54392f3bf8c172d3c32195837d9f7234337ae5
outputs/revised/tables/cell_selection/GSE174574/reference_singlet__Astrocyte__diagnostics.json	354	6feaae029cefd717325cc3d3f62ed702463b32144fce64261e12b75fa4093264
outputs/revised/tables/cell_selection/GSE174574/reference_singlet__Astrocyte__normalized.tsv.gz	292931	3217b63668cde4acb21bfbd56c6cba0f7ed8a97d8b7764d9a99c0a5072bc45d8
outputs/revised/tables/cell_selection/GSE174574/reference_singlet__communication.tsv.gz	71035	f3d978831ddaf3aa6d6263fdbf672c61f098061c8608461be65df06ccca3283f
outputs/revised/tables/cell_selection/GSE174574/reference_singlet__communication_sample_scores.tsv.gz	112145	ba489ad6870f82a07b97e63dc12148212396b05919086f774cb55bc13d8d68a3
outputs/revised/tables/cell_selection/GSE174574/reference_singlet__Endothelial__de.tsv.gz	691311	e1f8ea0da0dcdaad103c1e181d441b4284d5809dc8f75a5bdc7c6158159e01c1
outputs/revised/tables/cell_selection/GSE174574/reference_singlet__Endothelial__diagnostics.json	359	ee2e71098b020cc75092d083b04525dfd422c60a5e059173d982376c2d65680f
outputs/revised/tables/cell_selection/GSE174574/reference_singlet__Endothelial__normalized.tsv.gz	446882	59f1dca8403ddd3f2b2d1b5550ef14977b974922535910dd46514190641a6148
outputs/revised/tables/cell_selection/GSE174574/singlet__Astrocyte__de.tsv.gz	635580	0fa9510cfefb9551ecab9d035ebf527262de437d12f5ad31ac106b772e21f92e
outputs/revised/tables/cell_selection/GSE174574/singlet__Astrocyte__diagnostics.json	345	ca3a6e6bb7438ea846cbc7a096ff4b9ab10c07c776815db6200181bfddf90bff
outputs/revised/tables/cell_selection/GSE174574/singlet__Astrocyte__normalized.tsv.gz	326125	c4e355a58cbf4604d23dc5001a67e9b7bef2225cc6e4236d89000aedd7479c6d
outputs/revised/tables/cell_selection/GSE174574/singlet__communication.tsv.gz	71999	b3f61ee3bce6d095c9e91fba06a62600753070384010e0e0e019fc949a57fbc5
outputs/revised/tables/cell_selection/GSE174574/singlet__communication_sample_scores.tsv.gz	114547	dfea6faa1a8d90bd359979def443aa82cfa4d456a0e436789414090051b15430
outputs/revised/tables/cell_selection/GSE174574/singlet__Endothelial__de.tsv.gz	704045	6c8fc99ec7a77066a1437a6fd70db6c2dc68fb7e639af79916c056514b9fe344
outputs/revised/tables/cell_selection/GSE174574/singlet__Endothelial__diagnostics.json	349	ca0353286761a65b1fe2c84003f963f297efedd5a0e22827a6a8f53d0fd13183
outputs/revised/tables/cell_selection/GSE174574/singlet__Endothelial__normalized.tsv.gz	464363	5139abaa4cb560194f6296bdafa3bc6ef3ac1d09d1e03647a39b8f5f8551e59a
outputs/revised/tables/cell_selection/GSE245386/reference_only__Astrocyte__de.tsv.gz	789275	a6161e0ecdf4ae0c90c1add1dda2d971cf0c472195f2c2b0b4c2d1535f8401f5
outputs/revised/tables/cell_selection/GSE245386/reference_only__Astrocyte__diagnostics.json	371	2ce9517bb0a9eda3a8218d6494fcab1332b3e4606762393060a9e60230d2e94e
outputs/revised/tables/cell_selection/GSE245386/reference_only__Astrocyte__normalized.tsv.gz	403032	60fd374e5af724598181eaf974540af8188783d5aa3378c525dc3d5a92019a08
outputs/revised/tables/cell_selection/GSE245386/reference_only__communication.tsv.gz	110674	1c561a77c42b708084fa9838e42e61a34ccfb63c76d7bd4739965c6e0f241586
outputs/revised/tables/cell_selection/GSE245386/reference_only__communication_sample_scores.tsv.gz	146380	1b48f6dbad1d27c7d85f37925559b35cad1d7066f3d5281ea75805aaba8da26f
outputs/revised/tables/cell_selection/GSE245386/reference_only__Endothelial__de.tsv.gz	948129	95172518fd0f29329cb33f0915e00822015ce716eb43a34defcc2f5689904a8a
outputs/revised/tables/cell_selection/GSE245386/reference_only__Endothelial__diagnostics.json	376	e951841ec2a8d2c404b371d854d4febfdd4990ffac6b02ece632d81387e7042e
outputs/revised/tables/cell_selection/GSE245386/reference_only__Endothelial__normalized.tsv.gz	620712	32a929cd1090d5f343258519df600b5ff49e5a03bd651899ac27b37b13e7b1ec
outputs/revised/tables/cell_selection/GSE245386/reference_singlet__Astrocyte__de.tsv.gz	786038	c1351da35e4a8f8a8098afb1381816a5bfae927cfbe735f763cfc21fc8a4b3a6
outputs/revised/tables/cell_selection/GSE245386/reference_singlet__Astrocyte__diagnostics.json	374	e6c7059becc27542fee86a1b924f56b8c3e5ecdc64e016c2c3ee6412c909e491
outputs/revised/tables/cell_selection/GSE245386/reference_singlet__Astrocyte__normalized.tsv.gz	400371	0ab46fdd096ec875f6db12905a5e283ef43ea977d780749084c275145ba5bd65
outputs/revised/tables/cell_selection/GSE245386/reference_singlet__communication.tsv.gz	109472	587a21152dc6bc64c0900a37fe301f2eebea04ed94e0077dbcf0c12455d866a8
outputs/revised/tables/cell_selection/GSE245386/reference_singlet__communication_sample_scores.tsv.gz	144065	d3d186c6690ed64874f1bcbbf0cdc67fcbf3d3d7e03c017c40d456db34223dbe
outputs/revised/tables/cell_selection/GSE245386/reference_singlet__Endothelial__de.tsv.gz	926886	23bfe53f3f048e5b310b0ea3aa60f8c5aeb806861f8d403cb451b9436f442ab8
outputs/revised/tables/cell_selection/GSE245386/reference_singlet__Endothelial__diagnostics.json	379	4e07219c0fe862bf445e35bd5d6dc94cd923e05614652a28cf3f4dcb78e7d450
outputs/revised/tables/cell_selection/GSE245386/reference_singlet__Endothelial__normalized.tsv.gz	604244	4bd86e941e94ab87a9c80c1ef2fcf38f9fdc42cfaba9e6fc46b5d7555d36f4dc
outputs/revised/tables/cell_selection/GSE245386/singlet__Astrocyte__de.tsv.gz	813011	af2d27a31a12f174390603b54c4c8797d3e9a3b24444a0acdfe6092335258206
outputs/revised/tables/cell_selection/GSE245386/singlet__Astrocyte__diagnostics.json	364	3f10b1e18278605b4686bd833a7d228062ef6a064e8ed640266d15b85c47c48e
outputs/revised/tables/cell_selection/GSE245386/singlet__Astrocyte__normalized.tsv.gz	429926	10ad5577653bb8d9d8fbeda889ed8c321d954df6788ff9ca98418a4d61e3641c
outputs/revised/tables/cell_selection/GSE245386/singlet__communication.tsv.gz	108137	188dd51cd69a9edab7fc39c5a621d2d041c2821fd825a51a6a64045ff523afe9
outputs/revised/tables/cell_selection/GSE245386/singlet__communication_sample_scores.tsv.gz	147133	f4b5f7c6a3e0a829acc1f73422a6f6a1d77b0881201f6141f2b2768ee81ef4b1
outputs/revised/tables/cell_selection/GSE245386/singlet__Endothelial__de.tsv.gz	929924	d6f2e1ae8a0644ca1c40e454d2cb7978ee3fe3c0f51a556c3c40e9aee3bf9c85
outputs/revised/tables/cell_selection/GSE245386/singlet__Endothelial__diagnostics.json	369	4fbfbe4f90a51ae27fb5d03167b49ea1714769336020e7a280dc6e35327c73f5
outputs/revised/tables/cell_selection/GSE245386/singlet__Endothelial__normalized.tsv.gz	609645	13e86bd5eb9427cf1c2629882d759ac845664499e044e56d6af6b7e71e004435
outputs/revised/tables/custom_cross_cohort_edges.tsv.gz	854103	a9c6e37c48d22a537b36b40583ed72c25732ee5807ffafd9408db85dbf1fa29c
outputs/revised/tables/custom_cross_cohort_summary.tsv	1090	63bde79d89f184de6b779758c0fd735fccfee11c1eafc9d8b6f3041aa6e5a964
outputs/revised/tables/custom_fixed_examples.tsv	14558	9d548b83f8d5b804f8841fff25db1a804758443aa3d8583611169c9cc8b7b18e
outputs/revised/tables/custom_vs_original_within_cohort.tsv	630	26a821a543bd8cc9726127e3eb3cfd6b19dc073dda190ae9af2e228f11e80211
outputs/revised/tables/liana_animal_level_effects.tsv.gz	392164	2d1afd89e2495897853877b6fe6390d346e6814d28ce8c3aed7aeca2a0a9e27e
outputs/revised/tables/liana_contrast_coverage.tsv	1717	fe201c1e8b2fb337f92ef609bfa5749b93409c2e5de9c713beb03f165b16b092
outputs/revised/tables/liana_cross_cohort_edges.tsv.gz	197893	dc88f929f52f7b931ab409f3740da4f5be370e75f1b2d898951228166c70a6a0
outputs/revised/tables/liana_cross_cohort_summary.tsv	1183	62733be0ed813675516c5954943baccbe891670428e92caf14e50463d9202e80
outputs/revised/tables/liana_fixed_examples_animal_effects.tsv	23092	cca0599791a242f82ff1888b94f91471499ed70ca226a60af0a8c401ce759dfb
outputs/revised/tables/liana_fixed_examples_per_animal_eligibility.tsv	24612	48569c94180fcc750105f1feaacaa980c97cf1813e56d0a9e596409151043355
outputs/revised/tables/liana_per_animal_audit.tsv	1549	e7af7b0a6917538eb0f9ca96c2319ad18208e94260ad79edc63312dd22b3072f
outputs/revised/tables/liana_per_animal_observed_scores.tsv.gz	694112	7b8f781d1ba5d32fb2e0a9ea9a2636e4ceb8a319cd177ff0377e64afa199db3e
outputs/revised/tables/liana_vs_custom_direction_edges.tsv.gz	1242804	e6dbd4eb13ff73c43a43431499b61d6fee9674fc603f7ac06507a88711a17546
outputs/revised/tables/liana_vs_custom_direction_summary.tsv	2264	d986b3b17f2f5e1fba35c1e622bedbd1478671f7832fac380023ff8f7feddf28
outputs/revised/tables/methodsREADME.md	3289	9dfa6f1404eb720d43622a31908ee162cc200836ae1925e64c32dafd6a40d79b
outputs/revised/tables/reference_added_cell_markers.tsv	160739	375f247ba02cdbaa4e9875c4f1d742a43959a2fdace10bb9adc9d07a2f25e193
outputs/revised/tables/summary.json	39409	9e58dceebef9bd4c082cc82f98e570a88dcf4f2877b44d35b7694d5d458b6e04
outputs/tables/cross_cohort/Astrocyte__gene_replication.tsv.gz	1180572	0f05eb4087b3ff64b0a3e623c3ce8128af6aa7e4dbc15121cce8cd0fc8578b29
outputs/tables/cross_cohort/communication_replication.tsv.gz	187989	c2fafa4672ee466a042c1dda595c12f6305e7e0c7a77ac7fc7c828ad54b20248
outputs/tables/cross_cohort/Endothelial__gene_replication.tsv.gz	1275934	e622159241bde31d1bb4b5854b6bab6a38cf38b7d3db27ec0f7eccda52d4c082
outputs/tables/cross_cohort/summary.json	735	547940007a03735b42fac5a0200c10b147d9c884f09c0915fbf7c85b4f22db08
outputs/tables/GSE174574/low_myeloid__Astrocyte__de.tsv.gz	655369	7c130237f247c688277a9b1bb79e3000eebcbfaa9c38b18ad32270e916a1704c
outputs/tables/GSE174574/low_myeloid__Astrocyte__diagnostics.json	350	03ca6c9e7b8c70fa00b37411f065594b6829441b12141d462bc98d33880540d9
outputs/tables/GSE174574/low_myeloid__Astrocyte__normalized.tsv.gz	345070	588670fef2feaed52e5267d64be612b8fee33855df44f881919a242df1f6f1cb
outputs/tables/GSE174574/low_myeloid__communication.tsv.gz	75016	9dfb8ad7e7c14a24febdc4d9466aa34e812a30156e73ed384441719e03934604
outputs/tables/GSE174574/low_myeloid__communication_sample_scores.tsv.gz	118877	bb339382384ceef1c42d5bcb485d0ee3f981a10039ad5849af3af39a30541a2c
outputs/tables/GSE174574/low_myeloid__Endothelial__de.tsv.gz	704948	368813f9d1e466413f7d02040d2b82f1e3ec75af543eadb536b1e2e6be70f134
outputs/tables/GSE174574/low_myeloid__Endothelial__diagnostics.json	353	da88adfd7500533c87bb202e10cda03170cd78ab6f77649acf7e08b2f491414b
outputs/tables/GSE174574/low_myeloid__Endothelial__normalized.tsv.gz	465745	47672668835654ed43f3e417e1e05fdefed14caf70fc374e92bdfad0b29abc65
outputs/tables/GSE174574/mt10__Astrocyte__de.tsv.gz	653810	d81dae77f51dc455bd4399e659068d0c07403902bda65d40a206c876334af3a2
outputs/tables/GSE174574/mt10__Astrocyte__diagnostics.json	343	7abea185e40da5cd2a213f5d6dba6af0ece4f13cc56c12ab7862fa6abe884371
outputs/tables/GSE174574/mt10__Astrocyte__normalized.tsv.gz	342853	37e9f9592f248077f0a9bb72b6dc32574e9f464446df4ccbe091ee36a657bed0
outputs/tables/GSE174574/mt10__communication.tsv.gz	76366	d0c6612760bc0e403396192fd4be00233c5b2953dada156644819077c2e0c41e
outputs/tables/GSE174574/mt10__communication_sample_scores.tsv.gz	121390	0a98861b299a5bba7f8bf33eae400d5ff2e34f34f3f4def4fe530e167d5ed3c7
outputs/tables/GSE174574/mt10__Endothelial__de.tsv.gz	705010	e55881d26031c8faa62ddfc53ba4341070ea0d5957c98868576560d2d9d75180
outputs/tables/GSE174574/mt10__Endothelial__diagnostics.json	346	efad6c3d8fe46ffab963cfb83bea44129f285a0b1e634cf1aed0e135c5020439
outputs/tables/GSE174574/mt10__Endothelial__normalized.tsv.gz	464473	05b840fa48fdfc0af0daa1c1f7edd8c2bcc39ea91f521e591d2a55754d9ff519
outputs/tables/GSE174574/primary__Astrocyte__de.tsv.gz	657410	7b6497cb4fd1c7a9f5b895ea0d221404bdff2a150c91dc81076901188a282c2c
outputs/tables/GSE174574/primary__Astrocyte__diagnostics.json	346	7ac9624ad8cbf655e389a0037cfbd8747634bca239a6b888c4ffcd03d0392698
outputs/tables/GSE174574/primary__Astrocyte__normalized.tsv.gz	345868	4eda4f0f2c570935a535f4eb4c5073601e3c7474d1b1551ffec1efdea1841b3f
outputs/tables/GSE174574/primary__communication.tsv.gz	75899	28b66a059a38963198c864a78cd1b2e079c48756cfa3602f632d5cee8649066c
outputs/tables/GSE174574/primary__communication_sample_scores.tsv.gz	120683	d9c18f4819a648e9ebb04177e31cefb47ec2ba058dbd1a17e72bcf81fd91d90f
outputs/tables/GSE174574/primary__Endothelial__de.tsv.gz	705195	de5dd77238a35b7a26ea63d3762273791bff8bd3a9250061d955b1bdbc07de2b
outputs/tables/GSE174574/primary__Endothelial__diagnostics.json	349	22630aed76b91fa49339c2b5e71d1f8cf82733dfe211fc2b76cb206979f0df33
outputs/tables/GSE174574/primary__Endothelial__normalized.tsv.gz	464621	4150d1c12ef9c7a669ce55f30373dd589c296bce782c4a07e2ffc6d9b03677ee
outputs/tables/GSE174574/strict_identity__Astrocyte__de.tsv.gz	642778	91807326ea9c6dc9e19cf19fa7b42b2d66440b3dea73bdbf73807f286cdc1258
outputs/tables/GSE174574/strict_identity__Astrocyte__diagnostics.json	353	4c5ad9dc8381112a4dccc4b27a7063113786df481a4279867b7e4ce47829bbe0
outputs/tables/GSE174574/strict_identity__Astrocyte__normalized.tsv.gz	333889	af9c3e6842c579f2f4affae7435bd052469426a9449119b39c235257710abd4b
outputs/tables/GSE174574/strict_identity__communication.tsv.gz	76908	bc3e7b240ed45f2647e6ef179d9fbb220ceb2c6a4739f109418ea75b45bf9ec3
outputs/tables/GSE174574/strict_identity__communication_sample_scores.tsv.gz	122913	61041a565475d6d4f79b3d94f8606463540b47e37794fa28674e26b0ab47d359
outputs/tables/GSE174574/strict_identity__Endothelial__de.tsv.gz	652103	38571d16aa32e0fb524cdda83371f289bf220412c1f4abc88cf09fc5df2d19f6
outputs/tables/GSE174574/strict_identity__Endothelial__diagnostics.json	356	ea1f8aa9aac61c9f8ba5c6812fce5d9920771b5253a40c7a6b9dabfb82135c76
outputs/tables/GSE174574/strict_identity__Endothelial__normalized.tsv.gz	388648	a3b488faab37c46e95ce5b3a1022c46ee197d67884383ecc216c5280e5644348
outputs/tables/GSE245386/low_myeloid__Astrocyte__de.tsv.gz	807829	8293b1e80cb0dcfa395faa0f44bc37d518dd53ee0dd1c2e80a77217f00b0d633
outputs/tables/GSE245386/low_myeloid__Astrocyte__diagnostics.json	368	d8303f464590d8af330272728bc2147e097e129950e486cac26c9d1773c65381
outputs/tables/GSE245386/low_myeloid__Astrocyte__normalized.tsv.gz	420979	b104ac7cb6a118377900e994e5f863fea235a34ae05847ed6a5cb33245d4bed2
outputs/tables/GSE245386/low_myeloid__communication.tsv.gz	106366	16b7e510cdc6663af865bdc2b11d08e2265588dc3595d3629f059459f40263f5
outputs/tables/GSE245386/low_myeloid__communication_sample_scores.tsv.gz	142022	7f63d9ab3af4dcc4a6f724820b62bc89d4ac7a3f35bce51605bd3f968f5bfaf5
outputs/tables/GSE245386/low_myeloid__Endothelial__de.tsv.gz	926848	07790b6b8eb76e99d8e7c135f9bc9ebcd641f89be8c4593b71eec1330bdc851f
outputs/tables/GSE245386/low_myeloid__Endothelial__diagnostics.json	373	cd98a6570a84602e2b2d36e20015a9e12a42e207e5324bf315c2ffbd7b4fbadc
outputs/tables/GSE245386/low_myeloid__Endothelial__normalized.tsv.gz	603850	9a5fbfc26a7dac96a0e64f26dcb28da48c8488007dd08a13ecf9ef4b302a5934
outputs/tables/GSE245386/mt10__Astrocyte__de.tsv.gz	819708	c6b372a7b37ead6368754ee185f5b43a6471d987d01eb9a579ff4dff71f2058e
outputs/tables/GSE245386/mt10__Astrocyte__diagnostics.json	361	3263361089668f7c351dcb18e6be65892c0d69921f3ea877f4e2c5abe7e9eb85
outputs/tables/GSE245386/mt10__Astrocyte__normalized.tsv.gz	434394	d1dd5cb01ab9cf02dbf10449ec9701296d27545db5c88e2997546c27f354b95f
outputs/tables/GSE245386/mt10__communication.tsv.gz	114794	f506965fcef0796b2254afdb6a58135e10a6ac7b160137e9d30115cf8454d1e6
outputs/tables/GSE245386/mt10__communication_sample_scores.tsv.gz	155944	222d53e714ed3bca016ba81de88899824c78dc4b4e75579bd97691db2a1270ab
outputs/tables/GSE245386/mt10__Endothelial__de.tsv.gz	937311	e0499f1144b67b93eb19cd0b0fa93c3bb2d3c93b7f4ae104b7f8cf8843776c3f
outputs/tables/GSE245386/mt10__Endothelial__diagnostics.json	366	5858d11a7f9cda12225e5d588beee062d8562ae14bc83c985f89814a7bd9884e
outputs/tables/GSE245386/mt10__Endothelial__normalized.tsv.gz	612478	92afad8e29681799f6dcb3e627520ba06db781f4d647051ac8a3dafa61ff9c70
outputs/tables/GSE245386/primary__Astrocyte__de.tsv.gz	821745	22b4b900da2eb6b8f0e6bb77fac40693e0551deda3022ea92b1cea015220333f
outputs/tables/GSE245386/primary__Astrocyte__diagnostics.json	364	b64f02f54c83ec32e1c4049aa268f1a06c9940ff6365b10c64ee0a855b05f159
outputs/tables/GSE245386/primary__Astrocyte__normalized.tsv.gz	436894	7a390485026b5e027aff8f8df94dd8cd60f435b3a0f3c1c28c749c6950af70a4
outputs/tables/GSE245386/primary__communication.tsv.gz	114132	96a5c4b0189b16ac1bb6ec30b6f595be0c2edc6d77bcbbacfa2d87c6151cf43f
outputs/tables/GSE245386/primary__communication_sample_scores.tsv.gz	153486	03e9028ac80986b653b5477292583b372c69e769b4f241a16c6bd5060d531117
outputs/tables/GSE245386/primary__Endothelial__de.tsv.gz	938185	5897d976149f4946b2f958bf66633edc46d24a7d25f4e12fa4f7c9055e1edd16
outputs/tables/GSE245386/primary__Endothelial__diagnostics.json	369	5677cd3e7d0429467477d1872b734df34c217526300c22f0fbe11f666e29b44c
outputs/tables/GSE245386/primary__Endothelial__normalized.tsv.gz	613652	5a15fcbd4348d33eb5f14723cecded55df8cdb1af70df431d6aaa05a11351dea
outputs/tables/GSE245386/strict_identity__Astrocyte__de.tsv.gz	813954	d1a386afcd52da098cf629177ae265dc7d04b11061482c4d1e692e39174f879d
outputs/tables/GSE245386/strict_identity__Astrocyte__diagnostics.json	372	01746ec35954aa026834318fd1c176116168f19fdcb403bfa6c0dfe7b13c3809
outputs/tables/GSE245386/strict_identity__Astrocyte__normalized.tsv.gz	430645	350d3741b26855ab30082744ce7f57a01c0789e6d90685b15be3f6249fdf2577
outputs/tables/GSE245386/strict_identity__communication.tsv.gz	114432	47f35bd14551699cbd8efa08ae2b32518c3df680101c8184d3cd3268070a2c52
outputs/tables/GSE245386/strict_identity__communication_sample_scores.tsv.gz	152392	6705a8272a7ff7d4774ba19d073dd8f349f53d789a0b14d197b4b04d11cd7bc2
outputs/tables/GSE245386/strict_identity__Endothelial__de.tsv.gz	926506	acc3d50a0e81b6ccca6eba8ad91408f015e1ff03e0a08b80736c0580dc1b65e9
outputs/tables/GSE245386/strict_identity__Endothelial__diagnostics.json	377	af39165ef01337c77fddcb4b15925b166801c56ed9c434e3e502a1581cbffc55
outputs/tables/GSE245386/strict_identity__Endothelial__normalized.tsv.gz	601876	f522a12148bf8910eb96ecbeeba2dfdcb0c7b69aabbb97ad849d7258cc0af23c
outputs/tables/identity_marker_audit.tsv	86275	056cf631474dca3782081b285fce89e6811cfec5f65f01db073d80f9a315b2d5
outputs/tables/integrated/barrier_gene_effects.tsv	10695	88cc21289778cc62e1e72c8e2a8b136931c4e36d694c95452afb8305deffa732
outputs/tables/integrated/communication_barrier_associations.tsv	2626	0ca8b6fe36049cd7d940656806af5f166dcd3bf8539965e285172c868c34a6fe
outputs/tables/integrated/endothelial_program_samples.tsv	4023	a6a4978ee9db158b4890ae202e64ad50504b6173239174182eca41803617b956
outputs/tables/integrated/illustrative_pair_components.tsv	4647	d2289e84a50c1f266c123f245617b044a05624907b8345e8fc8dcc2b094c43d3
outputs/tables/integrated/illustrative_pair_stability.tsv	12698	13e934988badc4cd82d7505a9dc6b956ba932cb0f5fcb0ce231165f27b10c9c6
outputs/tables/integrated/illustrative_pairs.json	307	12ceeb94dbadc0d09dec1b6dc4ac9b9467404fd156fb77569a05cbd6e9059861
outputs/tables/integrated/sensitivity_summary.tsv	336	24c03179033191f5531abf09751d3be34d592042451129fb81c5af0193ca145b
outputs/tables/sorted_validation/audit.json	679	3c59b080b1c431f0ef0ea274981891aac4ffe0bb5781c3616a16723811cb85ae
outputs/tables/sorted_validation/diff_expression.tsv.gz	2335998	55ef8b6a74b40cb6d58c72f2665d4d9900b59af609a57de6ea1bdc224e7db944
outputs/tables/sorted_validation/identity_markers_expression.tsv	4712	c0ef782cce6deeb036ab5248cf452afc57387a392b7b0a967d3d739905ce3f45
outputs/tables/sorted_validation/sample_manifest.tsv	3177	9dcb1dbf262676af2b988f16c68767c0b5676a0a925a09d46939dcfdeb0bf117
outputs/tables/spatial/descriptive_coexpression.tsv	2371	cfb4980dcccb219c33444d82e661112942a36bb3106b062d0cca8ad1f4709e81
outputs/tables/spatial/GSM7437221_spots.tsv.gz	420049	6ac5f65f7b07c7a0609da86143416fe404273f50658389517c95d9ddad0f0673
outputs/tables/spatial/GSM7437222_spots.tsv.gz	370499	3c48f36eaef49306bb1f4a37a3fe2264cb502f22b40b901af71893115c953429
outputs/tables/spatial/GSM7437223_spots.tsv.gz	421022	440a9ae0fe7a851d430ff5b4f369b858ad47cdbf587cb42648fbfccec5cf0fe5
outputs/tables/spatial/GSM7437224_spots.tsv.gz	426856	bb81d4a478e12ad8d3245e0c5fe3b6934588c2bcda8e8acba0d2a4f4adce4791
outputs/tables/spatial/GSM7437225_spots.tsv.gz	280321	728bcf1844d9c99bae043e592f23834ece80b30b1bdc63ca8417eb0d46d9e932
outputs/tables/spatial/sample_qc.tsv	739	73040e8dad274d777628a4785ec508a2d40144dd80fba644939f2c90eed0b730
outputs/tables/validation_checks.json	24552	5780c50e8642cc7dc036eef30f5d864ed2ac78c1cdba230e6bb49bfb65a4fa90
provenance/content_closure_audit.json	7346	6b87b3b1d3b47a93bb05a389f61302df953e7c38a58cf98f8a82889e98838182
provenance/repository_environment_verification.json	19348	d4edefc17414303db6f159482d9c28fae50fa40da8e499c522327f9a4e034664
provenance/repository_source_audit.json	1331	d0e175eb533046b2c0bc1c160930053be1f3fea806b42c8d5a1fc79d6d954c40
provenance/repository_validation/repro_validation_audit.json	402483	e8f4be813ae80be0cd0a6c7b09dba7153a51c6fcd02559c42ed291a573832059
provenance/repository_validation/repro_validation_checks.tsv	192629	7b85da387a5def75ec068cc2d7d6c8623bb2171e3d04afc153bc759af58be5fb
provenance/repro_v3_final_repository_audit.json	4257	b6311b4625a4a7ad9e8d1679073dd72f8460079da40013666ac5ce1ee64ae7a3
provenance/repro_v3_final_repository_audit.md	1085	1e54c59775add5cc11950bc0eaa09ebac8a55ed415bbff7f1cb9bda1fe66f37b
provenance/v2_archive/.zenodo.json	1013	7a332e42de5ba0968c7d477c62630e64a7607ba1e0d9d94f7712fafdf77059db
provenance/v2_archive/CITATION.cff	445	b3b99aa236cdff5cefe7eb2e752ca1533b8f0654103038bb3213347ecbb258bd
provenance/v2_archive/code_results_SHA256.tsv	255246	42ed19339e3f9308e114a5ba85326ff3de470a26ae365ddb61335a9adc5b5e2f
provenance/v2_archive/corrected_matrices_SHA256.tsv	22819	39745ff482f4f6d71c2e8000424051aa71449e24d3a4856ccb6ee69fe896af45
provenance/v2_archive/README.md	1353	d5eca743aad2bc45a50fe93b9efc105b889e9f4fe26da5dc12c2071c4189b831
provenance/v2_archive/release_integrity.json	8189	672aaf0f5424dff7e3555c7650625dff1336a3e49de5b1d650e2ae118cddace7
provenance/v3_overlay_stage_audit.json	256	256a29a94234aa3428ea0008102998697ec4b400b1780c99127a33e9f72ebd94
provenance/v3_review_scope.json	394	1a0f155bf34bf96902d0b931632a6bc2b1529f59728d1b588453b949737e1831
provenance/v3_reviewed_file_index.tsv	333305	f536823fbcdd8fe2e70e252076981ee41ed9f0291c60a0c7af8f76c15a7f2050
README.md	7098	22c5e17544765479d236648c5cc26c5b0fa21e0ad9967c8e50c9b1f91fae9f86
RUNNING.md	5395	c22e31c1779190ea4b5fe004297362eb9f25a32009e363d7dd947b51cb620816
tools/audit_content_closure.py	3486	4fcf3c16319b3a893d29150f364e88d6ac5fec642483fb03f1146b0be00cc754
tools/build_figure_source_index.py	8005	9fbea6f3aace4ec930a8a964a4f16bcb59822e1fb853752f744e46d087012acc
tools/supplement_manifest.example.json	300	344d119946696f6a5456afb788191b4ebae8ad22368c2074461c3c6a4d98e444
tools/sync_supplement.py	2486	e28fc755b6748688f973067764970cac150d678b838d49541f6965bb79ed210e
tools/update_file_index.py	3815	815c0f5793c7088ae39f79534d5d80bd299d761ec28c6164d4431ff940885d15
work/aggregate_targets.py	3966	ecddbfe82c36ec08d993914ab93514f22ff6612281c2d00e5ca7b92ec3c76463
work/analysis_plan.md	5173	7ee71741969ac2da4dd2a4375624d80461feff5a3501e53130b50b20589b5221
work/analysis_plan_amendment.md	1817	3affe9205d08d5fadfdbf5158993e31ec51b7dad2e1b49b315fbc73f085f79d7
work/build_manuscript.py	6414	312ba52ad3fc46ee032864a167f21b7f1e57ad2a8a2559b289552edb3792945f
work/build_revised_manuscript.py	6528	0a3edfe91ca3dfe7338211fef2516f63c0aebb4b5557ea27ccae1e7432b50b61
work/candidate_communication.py	4699	04af923132938c7f7be4edb6e12e579f1a95941e8e99e03833d969684054d941
work/contamination_sensitivity.py	2433	e54ccfec7c6f4ca0de6d5830cc62f780f952815c379b38c922c916f30af58001
work/cross_cohort.py	2938	203cbe13ed8ff6d31d5d1786fdf5f30c9c0a44ec2aefe6e6312ab9749f477011
work/data/GSE174574/download_manifest.json	639	943eb8a236db5ebf978e72fa9ecd5cefff9aa0a0025343bbf263df677af462e6
work/data/GSE174574/GSE174574_family.soft	21613	b9fdf4bbb5e77ef521ffcee4b03a86afb8d2616d162b1a2d63757f4608a36f2f
work/data/GSE174574/GSE174574_family.soft.gz	2468	0ad1570e39b38b25bbf8015b72eec386fe71f84c3fc2b65c39893ac2246fe962
work/data/GSE233814/download_manifest.json	5251	c087f3737644b93fdbae44d41af9500ab284b195d6956ebab9b124b8602ed414
work/data/GSE245386/download_manifest.json	3903	ae4a8d02c231f798a80e534aff98838da067a3a4a231b1c343a332eac8e02807
work/dataset_audit.json	4723	31c6689e16f122adc9dcae3804ec7d5d5d2fe7ca8d2739125573c27bbb7a7350
work/delivery_readme.md	5268	859956337f3039efb2f7207c43b47624d5616401f0407dff2772f0184caca44f
work/document_qa.json	724	479f61495045cb2ff5fc9b2f915e4787ce918ef17453ec96667a2e9f89e33bd9
work/download_geo.py	2094	d53e3ff2e87827499191b456a4939b9d93646c3312a93ebf445258238b2b66af
work/download_spatial.py	1227	cfa06a41ac7d4b5d131611d6ab875dcd6c6ea6a800934d41fa42f34ee3dcef15
work/download_validation.py	967	deff4d734a60c2adc87c627a311397282a01635f8252941838d15eaa77309953
work/export_results.py	712	762b6138a2c634088db51c0dea596923c28fc482f271bc45d569aaf898c98cfe
work/fetch_metadata_batch.py	1135	982a288cdaef29c181bd4376d69442f6c45203ca8407988427a9d92f7828c350
work/fetch_spatial_geometry.py	926	01645c3a6cbd65bd2f9902d11b0eb251b6da60484a7c3e3bb330be88d8470dbc
work/figure_font_qa.json	2313	97b79d9eb404a48ce459208c8f94f6cef4473c3f8a421d17b62763ff0c6d4c59
work/finalize_revised_text.py	12907	4745d2e32980acddd8243baaf56673eddc3a4d3c12ab7eeb516de25238cf8486
work/gene_panels.json	932	e6919ffddf1039dc638c875c3c2e49eb13336fc868e2f9d06cfbee58f5edd819
work/identity_audit.py	1483	66c471ba6b9c80c617565bde26e24a6e6168a6b25ac62a3e2d841feff5e01ada
work/identity_reference_review/fetch_models.py	692	3a26e84aa52dc0f0a07b059a6e40ff412613e0ef4baf36093ee2b239ece1696f
work/identity_reference_review/inspect_models.py	1057	72d184480e3fc2366489ccaa464abb11b9410bab5a76e6df971fbb05a759581a
work/identity_reference_review/manifest.json	1013	e05bee8c05c01acd4b6839a7e370e95607b18f2091b64532604c587d749eaee1
work/identity_reference_review/model_inspection.json	17699	40f7ae4f14f0cc84aa7d4353bea34bf8d3c719fda85503944bebf8dae367536b
work/identity_reference_review/models.json	26123	a269c22270468fd9ffa41f7a2ca642382a0390268580e490de3712fb00bfda3c
work/identity_reference_review/Mouse_Isocortex_Hippocampus.pkl	680650	22a4b0ebd7503f16a58056c0f6eded00acd0682be3f764056ef2e6d0f7bc68af
work/identity_reference_review/Mouse_Whole_Brain.pkl	7672163	1e11d918da423015956341e68b56b585ae6e0887da2a23ab8005429e1267ca1f
work/integrated_tables.py	6096	592debaf4c201f5078ae1dfcb63fc0392cc8590ca96947d581579a6c853d5fda
work/literature/Andreone2017_crossref.json	23864	dd8f4b41703764cafc7c8df8824c5a9c3fc93cda1cb506a4e02138abeca48b57
work/literature/Arbaizar2023_crossref.json	27014	799205db4c11efb438a778daeb53c2676f870fcbd85709ab8dcac869576b00b3
work/literature/Armulik2010_crossref.json	16089	a83233cc862809b313dd4cc9e829887f5f38ed651acc7bd038aa02dae4d963b6
work/literature/BenZvi2014_crossref.json	15123	e5a3697d5ae16db486cae95e3d16cf3b26fb9ebf28635c48bd55376a64886914
work/literature/Browaeys2020_crossref.json	23536	816dda38892958811e86a706314cd69fe9ce6f759b484feea8083c6b6c31a048
work/literature/Cabello2020_crossref.json	23819	cb5220466985af80728cca263a727b9b149f0e5e0494318eef44b10c3ab839bd
work/literature/Crowell2020_crossref.json	29682	9ebd9f389849c9d5950439da76362336da27e5c3f93c33f1e1f5ba258e4be7f4
work/literature/DelToro2010_crossref.json	21501	d787aa8ddda8478b6510ac1b2ced4502963a70d78d13dafbe8c74b64a4b8bcc0
work/literature/Dimitrov2022_crossref.json	32436	e0260f16df5a6f3333470071f5bc47dabed91e2dae639c663cbfce7cc5f962ab
work/literature/Dimitrov2024_crossref.json	38259	aac4e40e32e06a72b77d382408a5a1425e2ea02ad80ba9b9f77b21d40c25bbc5
work/literature/Dominguez2022_crossref.json	25401	dfd0e2aa3195ff0c83e22daa2cff8a76ffa3e19ab5a32212f667fd1ec425681c
work/literature/Efremova2020_crossref.json	17281	da3730945d47e7e9f8d1cf119b2218f2f86b814272ab03b5f6d820f1b0406bfa
work/literature/fetch_additions.py	1856	650c05ee1ea2f231085b613485352183c6274cb720c7d0aef7f9f9a22d388c1b
work/literature/fetch_literature.py	4961	3d73e224d68fdfa1f98c4c12412d8abadb7b527ae0ece72c9ef65c95ddb934ba
work/literature/fetch_revision.py	1260	75f0ac2e64754e39decc9dd81ca3f199b82385d6fcede8693d0e372a73029304
work/literature/Hill2025_crossref.json	49826	208687f3644b969fb0a6b09c3d459d90d3363fb80aa9d655d76a219758584fd6
work/literature/Hou2020_crossref.json	29344	e2dcd3099074943f3160a34a151ad955ebce9709a484897074817307b0ff6cd6
work/literature/Jin2021_crossref.json	40153	f47549826867d38ee77a974fb2b995c5bcd4f6fde30e8665d13e32b1dd6e3785
work/literature/Liu2026_crossref.json	47906	7e331e5afca14a66a1d09c102ed8e37cb0756a4cd35364d9e1fdcfeff0737d9e
work/literature/Love2014_crossref.json	29333	acbcce42474484a557bec9337709a58b31040e1857c870480ef6e6b63b2b98ce
work/literature/lr_resource_manifest.json	546	0c0d02f666ad81ac424fb74a02dbfaca15710bf704d28836bcf8ccdaf41f139a
work/literature/Mikelis2009_crossref.json	12424	aae4ba58ff5e0e34ba9fe452aeb4e445c962f2b38c2b853a4dead8347728f36b
work/literature/mouseconsensus.csv	139898	42dd1fada22cf96f1a2156e6e78011fb5d2959fd344cc73e02c8b80e44ddd2f9
work/literature/Munji2019_crossref.json	24025	b0d5c1e32f3abd33adee115f482ef17c65fb5dde3cba20ecd8c403b71aa0b8b4
work/literature/Muzellec2023_crossref.json	6669	42f2d40f27233855a6563f2c970f13c13878f36111dea9a81392c4dd3628ae2e
work/literature/Nitta2003_crossref.json	12359	69f2cea3e5df528265a8d5811617df6f11e28d87dfc08c17ca20f2d1b9f23b7f
work/literature/omni_resource.csv	2004367	65e46a428818c0600de66c1574c94ff2f5dc80859998321c03a956d330dd67fb
work/literature/Qi2003_crossref.json	21503	bf4447a22a7f8cb954e8725e9016bf735f2ad0818c974116a98078a3d472c6c9
work/literature/Raredon2022_crossref.json	18257	5dfc2daee834325a3bed4ec1f18e1f7aa9b518b01f98654d37447729b4ab1edc
work/literature/references.json	37731	d8cb69ad13839dbde9d914ceca9597c2c17b9857bc48bf9a5e33d17f5f8f2740
work/literature/Ruan2023_crossref.json	33113	58fe98588a107165d8c8cd17a212deb569d80baa42e280e0b54d249ec3a066d5
work/literature/RuanCorrection2025_crossref.json	4464	dc2f279a1752ac8f353b57393b6886d784753e61325fde31409a04d9f371813f
work/literature/Shao2021_crossref.json	15294	302b4043575a2449bc7c59f2aafbc159c5c8371bd56d74bd5a8dc5d6d8026b4e
work/literature/Spitzer2022_crossref.json	67696	0640544d35e674a4ce001ece4be88ef6ad4077999c30bb280d54c830f177dc5b
work/literature/Squair2021_crossref.json	42096	4287bd7e7b890600126bab06fbf52d1b165799dae9a24eeb2141acd9b8ee53c6
work/literature/Vanlandewijck2018_crossref.json	30395	e2fcd5330a549e1c3ca14e22f3f2d247f46c8ae54740010f8426be91f00ec25f
work/literature/Wolock2019_crossref.json	12684	97e75cad0906b7b48730cd93692795e82a6bf61909a098738eeebc55ea869178
work/literature/Xu2026_crossref.json	13105	8e2328aaa4b3484122cc67e3a28d34d23f625cd5fea4e9c67cf373c91df67107
work/literature/Yao2021_crossref.json	33869	8a1622ba276858d24fb9676ea9dd4cb183723215a81878577b340c129d0d5439
work/literature/Yao2023_crossref.json	70200	606abc8445a053c972dcb05839896598e29bd45fcb4888b8e6ff35971ac089c8
work/literature/Yepes2003_crossref.json	7832	ec1d79ecac8ea03db1cc6bd730de3a62cc63903cb610118b0a3b5320634b2bfb
work/literature/Zheng2022_crossref.json	11780	93cd101d914391bdb7808ca4cd2e0605679dd9cd6f441a166d63d7fd0cc6f364
work/literature/Zucha2024_crossref.json	19214	61dcfc7938178a82cf82775aa69fd573bbf9eb332b0245812757a12a824e0f98
work/make_figures.py	11584	95041a9d9116ce1bf154ae6ff0bae8051145ae23802d3cf65b38ee101b14df4e
work/manuscript_revised_source.md	53099	0ef4ae782ec50f3b02d43d8ae0b7763bc8f7600727ead0eaec409639adc7167a
work/manuscript_source.md	33192	af4c584ae53878196a0d20b6421ed93f05a1355ef3b5dfe2bbc96073c6992859
work/metadata_audit/GSE154396_family.soft	24163	cc57c9e2758ddad494beef6df1639054c3542e33c2abd4d0de14d46015a14f63
work/metadata_audit/GSE154396_family.soft.gz	2789	ffa6ae51245f5bdcc61d18320840feea75d5b75aefbd23d8f7d99107aab4e1a9
work/metadata_audit/GSE167593_samples.soft	14742	3dbc8c29cebd656f396795f981de6afd856ad847e28e9f248b20b46d94605a3d
work/metadata_audit/GSE167593_series.soft	2652	eedc343635d40e63a818b858e376bee07476f9404781fac036d59957cdf442c7
work/metadata_audit/GSE174574_samples.soft	19329	fdcfd7b0376a28490a65d54605474e0ccaff56499a60f05e1b9a8673c3fe33a7
work/metadata_audit/GSE174574_series.soft	1689	1b15192035dedb6dcb8235b0dd5442e0ecafe936c553f9796179f2d4fc816864
work/metadata_audit/GSE197731_samples.soft	35140	09f9f0082e357abaf675c4d5dcb5c8f76623ed815b83796abebf7551e2871d62
work/metadata_audit/GSE197731_series.soft	1796	f10b688ce4fb2f6209c0928ef6fda4440a5ba285f9f47bbca86680f12c12071d
work/metadata_audit/GSE210986_samples.soft	7450	c47de0e53d17a1007c21e254a0c0f2038cbc5ee53b8a5fca0a695961116e2ecf
work/metadata_audit/GSE210986_series.soft	2252	a3ac2f056ce9f6855921b029fb26405cffccc02714b6de21acd30accf970515f
work/metadata_audit/GSE227651_samples.soft	31818	fff1d96b5e41e28deb046257ec27b24eb0ed5b73d4ae74e048f199b9954a9775
work/metadata_audit/GSE227651_series.soft	3478	40ee8ff9481a6e09ffc5b39e11952170a7a80c46d046b3fd74be12cb403a00fb
work/metadata_audit/GSE233812_family.soft	26159	dd077197e6124080fd1c3e1a948cedd10af36ac74f336ab18849ebd8c4209687
work/metadata_audit/GSE233812_family.soft.gz	4023	de6beebf13d757d13fcf413ca96830cec988b465208207f6368a1a8d34f7fa8e
work/metadata_audit/GSE233813_family.soft	28207	50b5414251cfdee8cc15c14be5a25901c7f76598448560176a17e7c8973e57fe
work/metadata_audit/GSE233813_family.soft.gz	4046	d9db2fe19071f3b7cab3e6f429d3e88bbad61f9b6cc498fbbb32c33ea7a4b00e
work/metadata_audit/GSE233815_family.soft	288659	c7d528fa59f00c3955c77368a6fac15ab56f1ae6bad332e4e82aeaa1f6edafc6
work/metadata_audit/GSE233815_family.soft.gz	10426	3c71c3d1266ee0758ae65319bedfaac479e923b9ac0775540ecd4e08a1db1a18
work/metadata_audit/GSE234052_family.soft	23440	8bb3c62702afe32eff711e3c16667a3efeb5ffd6b16ad8f81b8a0793926c7098
work/metadata_audit/GSE234052_family.soft.gz	2901	bbb34cdc13793ae1ee919655f4c30791678853782d0644044c6b3a14a5d820fd
work/metadata_audit/GSE245386_family.soft	33900	61eeb41c5f5b9b68cbc56bddae5818f1727c402810812760a5d4d5db62a938aa
work/metadata_audit/GSE245386_family.soft.gz	2817	179df54601f68d9c35a3580f70395cd184538b298cdbe5877e3cc4cace418ba3
work/metadata_audit/GSE261494_samples.soft	27692	9813d6bf94f4de839973e8be87b32f185bdb0c45943bec026e641c38c54b9f60
work/metadata_audit/GSE261494_series.soft	2840	9dc2738566b9642a34cf29b3b2bfed9393afb23345991ef9cf4e3d4b9ca254de
work/metadata_audit/pubmed_metadata.xml	188429	8089dc9d500d7bf774d6c18952302467553df9b9b398d4820d4c5ed27e2436c6
work/prepare_revised_text.py	3792	b836b15d922e35e676df4b105177fd2c89f0c1dfe72e8843d879f8eba5fa80cb
work/processed/GSE174574/GSM5319987_cells.tsv.gz	980366	b7c2e54a6b39aa160aa01d79945758a461efedeae667bf5b545a3cbe2346a049
work/processed/GSE174574/GSM5319987_features.tsv.gz	211305	d342b3cb77776ce811e059f59c7ee3a39ff3155241510c81274726947a6f8ea6
work/processed/GSE174574/GSM5319987_fractions.tsv.gz	646142	5dc43b812bc48cc58c46abb77afe4db6b74a6a52d3fd31e0ba5d1625ddcecbd6
work/processed/GSE174574/GSM5319987_mean_logcp10k.tsv.gz	1523460	9539547c53138fa7af0b9326b924f155180ded08ea87be95d61193e33870deff
work/processed/GSE174574/GSM5319987_pseudobulk.tsv.gz	307822	e5a80658c8cd35d3793099986139c1e4cb08118282aca314da7932f86b7e0b50
work/processed/GSE174574/GSM5319987_sample_counts.tsv	600	78eb794aaf2c2957719b380f0835c67e28920a0ad2f027e7da7120eef3b59922
work/processed/GSE174574/GSM5319987_target_cells.tsv.gz	224544	298fd5a11db2cd11a05acc8bf189746b85400f9dbb12be7bb5bc00f6d3e55871
work/processed/GSE174574/GSM5319988_cells.tsv.gz	977520	34ae309dfed1a1c9cd072e8ed076e8d3a7f7dfc27846d6042207433a0300be9c
work/processed/GSE174574/GSM5319988_features.tsv.gz	211305	0a64b76598cfe92bc06c2eff1fa0ec6c8b148c57dd91ec43c19d6df7a634e67f
work/processed/GSE174574/GSM5319988_fractions.tsv.gz	624821	565e6271cb9850e8cf85e2360cc02dfae08e0fdcc53d119f8aff93e9ff776bc7
work/processed/GSE174574/GSM5319988_mean_logcp10k.tsv.gz	1544722	6015302cac15a1dcbf1db8ed393275d128bd455ba433727cf5b8f89980466c12
work/processed/GSE174574/GSM5319988_pseudobulk.tsv.gz	312065	e5eb0d0bd5cc5c6127fbfbabf0b44935b322dbcfcedb4278549a1f9a47e4fa2f
work/processed/GSE174574/GSM5319988_sample_counts.tsv	600	8a2af9a6b87b705fadfaa2c7e2318165a20a7add4c10032cb668727e3daf09b6
work/processed/GSE174574/GSM5319988_target_cells.tsv.gz	218057	7d3a00d211c68524fecdfa039bea6f7a374408e885b78edc9455222ef8d43a0d
work/processed/GSE174574/GSM5319989_cells.tsv.gz	1143436	eef277c4df87f2bc208a1227a6046935027dccddef03fa01c5d08937acd0d4d2
work/processed/GSE174574/GSM5319989_features.tsv.gz	211305	09b47147288f83bc7c61f957f242a4714669d8cbf818e33a6eb126420180624e
work/processed/GSE174574/GSM5319989_fractions.tsv.gz	685504	2129aa31af303b4995a3ff3567167a6bda35c50d4e2a9de67fc75d42012af250
work/processed/GSE174574/GSM5319989_mean_logcp10k.tsv.gz	1548730	a48119a2581fbe196fbf42b11810f8e8eccb00221a8b95e5e20bf058ead6da5c
work/processed/GSE174574/GSM5319989_pseudobulk.tsv.gz	321862	761e9515faae453e9abcffbb7636f5e47d1ce29ae8785c62ba79dcc952188adc
work/processed/GSE174574/GSM5319989_sample_counts.tsv	601	ab013f48eeec4f5f9867a72f67de769fbcb2944705c3e0ff73309eb65a8308d9
work/processed/GSE174574/GSM5319989_target_cells.tsv.gz	267707	ada35bea6914552abeec91d9d9e4a4a9d9d13c0f1574c70e3dff943e6df09e16
work/processed/GSE174574/GSM5319990_cells.tsv.gz	1434829	132bce17c6db96cd8de85cdc28d59bbe3f43957d8e6f0f2438f21dbe7078edbd
work/processed/GSE174574/GSM5319990_features.tsv.gz	211305	dc57fbee8b3a6d2f8ec1015f434a15c52240a7c1a7f705ed6ee4ac4de5e24399
work/processed/GSE174574/GSM5319990_fractions.tsv.gz	810657	8ee2f0d591e3884ae5ddacf1ae3df2a79258f07c04b363bdbc60c82ddc4f4588
work/processed/GSE174574/GSM5319990_mean_logcp10k.tsv.gz	1730604	0786bded1f01a709c83ca4da8328fb1fccdaccc19f1688bc5e7b475ac8f5bbc2
work/processed/GSE174574/GSM5319990_pseudobulk.tsv.gz	345232	aefd9c5a4a46cca83f4ce7ff009a787736599e6a118293b75549c5148c9f91eb
work/processed/GSE174574/GSM5319990_sample_counts.tsv	602	84b40aee7b05f27ae5bbd381d1a09f945c4fe5a650ab453b2ab9e8abe8469fd2
work/processed/GSE174574/GSM5319990_target_cells.tsv.gz	387455	7f7f88ee4ee5664103cdd8c0a9899ca81d66cbc75fd62dbe4c970583a6dae78e
work/processed/GSE174574/GSM5319991_cells.tsv.gz	1377216	533422aea8d27a50ebd2d4b9b7d58d1345524a32f5b1125505b4d60b703502d1
work/processed/GSE174574/GSM5319991_features.tsv.gz	211305	44f10a735c4687da7f6f7f2722bd19d575bcda500c6a56edcd8fea103bdfc299
work/processed/GSE174574/GSM5319991_fractions.tsv.gz	819395	33e29c8e53161070dc608a18d66c33870723cc857f7a7b9bb221965b2b75ece1
work/processed/GSE174574/GSM5319991_mean_logcp10k.tsv.gz	1740092	c8e34c95fb96ed1b0c94786aec7afdc788728594b79cea3d8c40c5aa61d9e414
work/processed/GSE174574/GSM5319991_pseudobulk.tsv.gz	338384	211caac2b2f35fbbb52dd5758f1b5483650d4f848e33ebb7fbb7bc47976a1988
work/processed/GSE174574/GSM5319991_sample_counts.tsv	602	4c96905529ddd828ff1592dc71c2112b3e1c1edb04359a3d968caa7e45982353
work/processed/GSE174574/GSM5319991_target_cells.tsv.gz	361267	6f46c8f0682fba6c7b74baa525be3114640691932e8193336a7ab6fcb19b24be
work/processed/GSE174574/GSM5319992_cells.tsv.gz	997759	35e3e99ad449a123375e6dfb54bd6562e27a051503582b2cccb7fd6215e4a000
work/processed/GSE174574/GSM5319992_features.tsv.gz	211305	da943ade436d180e6d8573ff07489162ca18ea65852f6b70b27502dfd344706c
work/processed/GSE174574/GSM5319992_fractions.tsv.gz	751767	483cd8953405e0d50cb7ad161eda2f4f5d7c1e20955256ebb2c461e0f4dcd892
work/processed/GSE174574/GSM5319992_mean_logcp10k.tsv.gz	1667824	9281f6bebdcc28b36d30617edeefde6af97dab8ba6c7a9ba5a3f877c382779ba
work/processed/GSE174574/GSM5319992_pseudobulk.tsv.gz	326474	3c3f0a597b7e063324549d8cfe496b4e008438d82641df3b8bd0706ec1489db8
work/processed/GSE174574/GSM5319992_sample_counts.tsv	601	9d7d896da6b298404e93f0f64f22505baa578a4f60741c9d95a3d0c1588d0ef7
work/processed/GSE174574/GSM5319992_target_cells.tsv.gz	292092	9ccba773f99d619c65641638a6a483426b00166fbfb6cf6fe185325fff47f0d2
work/processed/GSE174574/marker_panel.json	1506	22342372dc56e0570d7394c60fee465d69aa29af0def9b2f4984fd24e7c24ed8
work/processed/GSE174574/qc_summary.tsv	731	678e986e87c2ed535b11e2d8474849e544efae2be5fd1e21a2ab54d6646302ea
work/processed/GSE174574/sample_cell_counts.tsv	4495	7c9b17b3e83d7c4abeaa3ac9cd111c71d9c230bcbf6165943c3bd904e522620a
work/processed/GSE245386/GSM7841720_cells.tsv.gz	1882361	a3f1b591cc913de5704bd3ddccd98a9e4880513dd6c9791451a1f1bc362d79e0
work/processed/GSE245386/GSM7841720_features.tsv.gz	242825	d4ba3d934b9ceeb017919c2a6f13f6255cc2f79589660f0746ecd37cb91b0976
work/processed/GSE245386/GSM7841720_fractions.tsv.gz	1036184	7260801fdd7bdc4488d3695d36bbb4dfd87e46970bc0fe58e6306854c65e48e0
work/processed/GSE245386/GSM7841720_mean_logcp10k.tsv.gz	2188915	1f357897a08ed6a42eb54faf5e1d03663c5823073415db902f47ad0445c86b44
work/processed/GSE245386/GSM7841720_pseudobulk.tsv.gz	448631	55baeb8795ce413e009681f027ca73dac954f0cd6c602524824595c7496bc7ba
work/processed/GSE245386/GSM7841720_sample_counts.tsv	608	cf464f72ed0113c5d7062666b8d748b09a07b50f09c57b2519ea4bf475965d80
work/processed/GSE245386/GSM7841720_target_cells.tsv.gz	395314	5b3370c5d5e3c3aead2c6458b6d9742febd4c001f1d1661e6fd1fee049f20e83
work/processed/GSE245386/GSM7841721_cells.tsv.gz	1336034	e1e7d2d79873a0edf502d2bd0af577ce370a8bd0ff6a4de9e290e657d5a69142
work/processed/GSE245386/GSM7841721_features.tsv.gz	242825	b1e055103d1f4c2554bedc2bf6311af164327ac28571519a23cf206b471f750d
work/processed/GSE245386/GSM7841721_fractions.tsv.gz	975753	77d451cff82f20108284e0a0ea5c811e6066cabb7de9353b992c8f56b1211b99
work/processed/GSE245386/GSM7841721_mean_logcp10k.tsv.gz	2146252	aea93bea65677d17720a2ed82dbf9cd592998d3956122617a7b8a52c4d92eacc
work/processed/GSE245386/GSM7841721_pseudobulk.tsv.gz	442524	e894b5808984237ca09b5eb2166c00c0ee0a71c0c4a1d8d4cc24e29e88fdc867
work/processed/GSE245386/GSM7841721_sample_counts.tsv	608	08a15824c0ea7fd914543b10904e7261f74af59551b41bf1cc39ff09ddfb77a2
work/processed/GSE245386/GSM7841721_target_cells.tsv.gz	349431	d8fe7bb7c7d5664e859507492b9aac362f9ca3fddca9cdbe9e96648bae189792
work/processed/GSE245386/GSM7841722_cells.tsv.gz	1266229	c21d48fb978a2337d1a44ede5038db4f727c15ca9b76bc8744bf45b2ef4cfe22
work/processed/GSE245386/GSM7841722_features.tsv.gz	242825	e3e4e8098d46e506645ee8f28a51e7680fb543a71c90e989574d6701dce2426b
work/processed/GSE245386/GSM7841722_fractions.tsv.gz	1025224	922fb6c3fd3c79636ad9be9f5c514aa70ee8061d693786c98ea82e6768026e4b
work/processed/GSE245386/GSM7841722_mean_logcp10k.tsv.gz	2155114	97876ffff82da4ff3fdee2979105f2b87bc5c2bee87cd01623623dceb22a158a
work/processed/GSE245386/GSM7841722_pseudobulk.tsv.gz	441666	dca287ec885b30fc74acc7a8d07e9ad0936b693a4776a31d7817da04dcc06afc
work/processed/GSE245386/GSM7841722_sample_counts.tsv	608	7987143e16d111dd57be00f8c785cac33d97ce0f297d992b997bd6d661c0b610
work/processed/GSE245386/GSM7841722_target_cells.tsv.gz	365740	1f7ef988034b79072d93dc048890b118ff11bc8950a208a2d1ff75dfb430142a
work/processed/GSE245386/GSM7841723_cells.tsv.gz	1331314	0b85ca7d3de218dab9df394de606ee3f76e7ea5a03d5f0262780361c7b5bb552
work/processed/GSE245386/GSM7841723_features.tsv.gz	242825	831cfdf1ef53cea187348b6579e02b87ccdcd84fbcd89b79ec114a0cb98221ed
work/processed/GSE245386/GSM7841723_fractions.tsv.gz	981802	854738a4a3b6e75920ea74cd7d2948a900313809d932db48c53b79ed1d6038cb
work/processed/GSE245386/GSM7841723_mean_logcp10k.tsv.gz	2182887	72a2e82472072cb073cf2fb789d6f4b54516338bc4f535fcca26c4ec4fa77a46
work/processed/GSE245386/GSM7841723_pseudobulk.tsv.gz	438103	b91148b1e0bca12b115280415f0b80a7dd86167fb0805cb50372de0236cc4c2f
work/processed/GSE245386/GSM7841723_sample_counts.tsv	608	19846575ab9fa1ba6333ee287863ce3ea25a721eb9a37ef674a0816c7fd031b7
work/processed/GSE245386/GSM7841723_target_cells.tsv.gz	343443	8df94cd221cc6bd930bbb3ce4afdf977c543a6ef8a8dcd7d58cca895f29effd5
work/processed/GSE245386/GSM7841724_cells.tsv.gz	1631723	88e153ec732416ec9b8ef0de63f4b18800c9b820a47cd7afb11f7850aee04642
work/processed/GSE245386/GSM7841724_features.tsv.gz	242825	3c0701fb0cdfdd0d3c55c74f31c07ffb8778c27469bc05d24a47003d8d0ef464
work/processed/GSE245386/GSM7841724_fractions.tsv.gz	1166281	574017156af642a83861c919e4f25754b5cb66ed0be22a3f6f4e460d01f3467b
work/processed/GSE245386/GSM7841724_mean_logcp10k.tsv.gz	2239024	94fcec91e3a81ca4252761bca86dbf55b77e03dfbf6c931fbb3c4d6b2ca3b33b
work/processed/GSE245386/GSM7841724_pseudobulk.tsv.gz	462410	035c5490a25a877a0f5166b2fd41b0d32d034e9dc19a5fadd5056c260d6890ad
work/processed/GSE245386/GSM7841724_sample_counts.tsv	608	37f2697574b2f6f8516785c2795c11d277303fcd494d87377dfaeccc3ae2ef40
work/processed/GSE245386/GSM7841724_target_cells.tsv.gz	434502	0f16c2551a1b7606497add0ccff2ddf5efe50aeb7df271a9ec92ff356abb8243
work/processed/GSE245386/marker_panel.json	1506	22342372dc56e0570d7394c60fee465d69aa29af0def9b2f4984fd24e7c24ed8
work/processed/GSE245386/qc_summary.tsv	651	7e049ba45d3c54e4773e80473ffabcbc4268bc011a301bb50760065126467ff1
work/processed/GSE245386/sample_cell_counts.tsv	3821	e8e17f5a01c6a16b5a81aed49b78c4a953c2966a19b986969b4fbc179e701dc3
work/repro_ambient_figure.py	5589	31235b28fad57ed129508dfc19ecd2202f19222fd752435a2543fcebb330e70c
work/repro_ambient_followup.py	8231	f5ed644e2d9ea3c4d117ab29f931fcabbf7c79631a3bfd877c37258333771706
work/repro_ambient_followup_default500_snapshot.py	7813	eb3883e2e296c07534a6da073e9762bad8a70b4c4199c579959345283c7f3252
work/repro_ambient_followup_plan.md	2342	930f756c23328a606f669bd27efb41309d772ed9ce7871fc7c36a940aaa657cf
work/repro_ambient_followup_selected_snapshot.py	7990	f58d228ebe7c0b7d98ea5979549bd9d9265bd91c12b2064e6c207f9759767e7d
work/repro_ambient_narrative.json	14011	5216e45ebf5723a427899a08b33534d8b35361e5b2671068c4597bafbe7e5c7f
work/repro_ambient_narrative.py	14980	a7bf4af70c746f29ef3109f75fa04766801e18737277023db67aee937aeeb97d
work/repro_ambient_rank_comparison.py	5277	b322a92f7207ad662ff0872b09ae132a344d0d7b5d8d97a20d05987182083c6d
work/repro_ambient_summary.py	8213	47bc9e4ac2cb1ad938f00122058bef6b1b8dbb3536514e3e6e670efccd054165
work/repro_author.json	647	ce12602dcb5a0ef26aae57ed8dc135e251b65685dd5a9673cd2d1c01aece0fe7
work/repro_build_docx.py	9049	357f783a6e9378a63c1ce4b7c15998fe63cfcd050a52c9785e68a66b4109066c
work/repro_cached_pipeline_notes.md	8631	a7e08997e1cda11ada93dcf5783e03ac32e3291d2ed4f77829154d79b0fa38b3
work/repro_caption_static.json	10429	d0ddb877c3e883445916fb657580c4e144aec3db48184e7a8e6381fa17c2be61
work/repro_capture_environment.py	1819	a15e61122cf56a274a2b3bdcefcd84bd9cdb4dea285202523c844a956c2053fb
work/repro_cohort_metadata/ADVS-9999-e77547-s001.json	92928	cd6c4f4ace2a83606a9e24e96f3207302bcb077c172c8c3311a8f6bf01647006
work/repro_cohort_metadata/ADVS-9999-e77547-s001.xlsx	52182	c20ec5d550af876a0490b763cdf1ea5a315a15b46894588da4fe2c09fd6e92f7
work/repro_cohort_metadata/gds_search.json	4412	d925e8d7c8ee0a70cf0b6ce693d6a9b19c97a4c8fc7c8297746f994d1e36ae20
work/repro_cohort_metadata/gds_summaries.json	417108	3753ce67d3e0492d9af13e0035ceb84525dcdd05eab031dda68ba04b3eec1b60
work/repro_cohort_metadata/GSE171393_family.soft	16397	7743e83f5d5bec2b658eadd22b74ae2d10c954f70f5012fee2173f178a8c34d8
work/repro_cohort_metadata/GSE225948_family.soft	129823	fcf3b14324b7730a9d63009977de0f770a0c16418cbd61fb68471f8034c8d176
work/repro_cohort_metadata/GSE247102_family.soft	34769	447a25b851abffaf9823bfac6247e71b585c67a39d58c86873964e21f76e250a
work/repro_cohort_metadata/GSE254550_family.soft	50374	cffe329aa0511a6bf14d8f627b116f789efc5ef3e23b9beab990631c417cea88
work/repro_cohort_metadata/GSE267240_family.soft	17679	8e2c1e90b9354a9cf05e86ce3d6d238045114d3f6c88c9275c69cb7570434c4a
work/repro_cohort_metadata/GSE268505_family.soft	26160	ad2e7151d0c0b601a28c2ab077b22c9278341c846a13265eb783581bae4e2b32
work/repro_cohort_metadata/GSE276202_family.soft	13919	20dac82321a2592af1bc16adda9f6b54476772519e49da605b2536880bbd6253
work/repro_cohort_metadata/GSE279665_family.soft	17690	043abf43196daba14ed0cad0682186452301a51d333f986d733a8a8b47076b93
work/repro_cohort_metadata/GSE279666_family.soft	13371	89eecdc453af83497a00f25dd4003133dbfe28a3957a191504a6c00e58b93fc0
work/repro_cohort_metadata/GSE289791_family.soft	20901	3cb5efce93050f489bd2ba456321b7fd195371e775b5fa58603d28016e7e86ac
work/repro_cohort_metadata/GSE290194_family.soft	87429	8daf02b894c210ea7a36d8794f7f1bbb326f30379621341269b372fd83d932d7
work/repro_cohort_metadata/GSE295882_family.soft	23099	da57c65b117930c4aa3c82c2699a0a2cad58594033cb78aa2c31d8657e9746b9
work/repro_cohort_metadata/GSE300442_family.soft	24547	21368dc6ed2d1c6dd31620bdb86364130faef452292874d4b77239a5cce77fb4
work/repro_cohort_metadata/GSE300564_family.soft	30559	ee71458d3f870c21540eeff6ae904795b45be393931452e7d8ebe5d3e5290753
work/repro_cohort_metadata/GSE303092_family.soft	34184	294062bfee3cd87e7204001fff357fe8944316819d07689831ffd0817d0cad8b
work/repro_cohort_metadata/GSE310324_family.soft	61484	1a10ca64dc3bf6290a43f984d06f5e8660662ccf57a891297c06ea2d05900a94
work/repro_cohort_metadata/GSE313837_family.soft	17524	03f9169136a0cbdba87cfaa0612d424e580233ee9c8df00b2ccd2836dec7b0f1
work/repro_cohort_metadata/GSE319237_family.soft	77480	18bc7ca99448147c701d5cd14715c6c6fb17e33dc6147fc695ea8d3346fe4da5
work/repro_cohort_metadata/GSE319238_family.soft	81182	867ec1a5ce2071c8744fa930d7f7b1620b9f7b70d4e09818183dcfa56ff4e7b1
work/repro_cohort_metadata/GSE332910_biosample.xml	12325	78f2861ea8207a960424e8c873f20e4ddb43d77d226beb6a7de0a80a6707b790
work/repro_cohort_metadata/GSE332910_download_manifest.json	3207	1a83be9e3ec8d08d17edbd1b88776814c45bf51a924d31856f6dcc61ed67e1a6
work/repro_cohort_metadata/GSE332910_family.soft	173048	dc40a3fd2b792b66f5dc8f26274e4ebbdc504fb98d8e153623a48da4ebbc5088
work/repro_cohort_metadata/GSE332910_paper.txt	136436	f3c529c0ef29877001f53101653a386c004abb18181a2da664311743d52fa964
work/repro_cohort_metadata/GSE332910_paper_bioc.xml	6148	3acc5f4c51ec704cd708d3379196db9f66442a96c9bf275773710e0de0196b52
work/repro_cohort_metadata/GSE332910_public_s3_metadata.json	1809	926e52b3dc619e75d8c81a350fe67dacbee1d42fb069559560917e15a126704f
work/repro_cohort_metadata/GSE332910_public_s3_versions.xml	346	b44e67d91278125af20126f664095e86df8355d1af8b601fe03a04d08a330b5e
work/repro_cohort_metadata/GSE332910_replication_provenance_update.json	1345	125667996aeac94830aec66b3dc728fbfe9a8809a64eff1e0dcffb02f86165c7
work/repro_cohort_metadata/GSE332910_supplement_download_audit.json	760	c2ac15d1f32907535d52b59f5593683f79d6cf90a897377f4ce3f7024cc9fb85
work/repro_cohort_metadata/GSE335511_family.soft	23422	a2341923825bbb3dce760e3af9bb33806d52ed74960fc719032ff64a00c2a9b3
work/repro_cohort_metadata/new_pubmed.xml	181141	2c80c362ad6fe87d13b0a1d7361087304edd8a8f8e9f90c410fe9736958c7dce
work/repro_conditional_null.py	6772	79766333f6433b6eee2e46ecd3ef18f33c4016e32bc871a493ad23d49a74d670
work/repro_conditional_null_plan.md	2412	47eeb081c5e922dfae63d35ca8f990bb3ed8589e9d8f254c431cc44c333e8169
work/repro_copy_supplement_figures.py	1229	b21b05877c90b1af54318cf865dec6ddacc41b835569cfa59694b382c5c19703
work/repro_core_figures.py	7429	687f33000d85bceb75f05ccf5828d091e6445816ee760737f60877c03eda7c93
work/repro_decontx/cell_type_contamination_summary.tsv	73143	595fb12440ee84559243cfe367aff2c4c73c0743da7ddbc0de2276ae6cc8a5f2
work/repro_decontx/completion_status.json	9401	21b650b1ad5905e4897f56614b35a67caa8521161325132dc03f10bc77a89368
work/repro_decontx/final_selected_source_summary.tsv	3909	be882a8998f6f89a8e3411bee9be93ab2de71ef4ad7837a188201bb3cf8d668f
work/repro_decontx/GSE174574/GSM5319987/audit.json	366289	9ac2f3b6dec1ff0fd45cdb2286b79053484855e91188d4515b8dfa8d2dd05c01
work/repro_decontx/GSE174574/GSM5319987/cells.tsv.gz	964992	0b5272508fb8628e30b5c2f792560b374675aaad72d4e7b171e550fa86b01efe
work/repro_decontx/GSE174574/GSM5319987/contamination.tsv.gz	233001	0de4da08d4d1760eaf002efb2ed49d81acc4ae11a029f4f6694dd4cdca86e37a
work/repro_decontx/GSE174574/GSM5319987/executed_decontx_run.R	4946	aa14e27215ebf89cda7b2d5ccfee592120610ba9c919292a94742278057dc1a3
work/repro_decontx/GSE174574/GSM5319987/genes.tsv.gz	104632	54f64d3571229538580dc49658075a04919072ac63ffe617d069ee733a3eccf9
work/repro_decontx/GSE174574/GSM5319987/input_audit.json	1527	8b0ac147d1213a47225d91135b0b66b8a1de1602de12e690d24d94f9ef01d7d3
work/repro_decontx/GSE174574/GSM5319987/installed_packages.tsv	21904	ae15775816de0a5d69ff9bcd8990236911d7ab7adf53513b9484d4f2ccb5caec
work/repro_decontx/GSE174574/GSM5319987/model_estimates.rds	4914518	e00661e82c5c4da302c4adfc21cfa72207d2d75156ddcaf0ce59d81d7258aeae
work/repro_decontx/GSE174574/GSM5319987/python_source_snapshot_provenance.json	462	8f3841940862347c9f49b112b8fc4da7f26aad16105d9d14a5fa186a460662fa
work/repro_decontx/GSE174574/GSM5319987/python_wrapper_source_snapshot.py	7509	5e2f316ce76991d37684d33cd9b380e5e6dcf41ad7dacdc35b43208edc71c0e5
work/repro_decontx/GSE174574/GSM5319987/r_audit.json	240899	354bd250d9df31b3d64ac9a38223f77c036166b835d043bf488b68280a6a7f4b
work/repro_decontx/GSE174574/GSM5319987/run.log	1735	9efc058e8270eed91cbb3a53cc128b8c9c4fa6dde0353997a4487460d9969479
work/repro_decontx/GSE174574/GSM5319987/sessionInfo.txt	4886	9e61a6ed3999abd81eebccbd9b4e367609f8356a1e5f0a63736a34de49930aa7
work/repro_decontx/GSE174574/GSM5319987/source_snapshot_provenance.json	383	23466eff4e89f62e0b7bab0571a6913453ab6dc0d94427149647332445e732c0
work/repro_decontx/GSE174574/GSM5319988/audit.json	356466	376e38252c728b0287d5381c922f4b3a0b8c93308a18589a348ff428b3735c27
work/repro_decontx/GSE174574/GSM5319988/cells.tsv.gz	960484	1de7027698620dc883f348594fcdf377675b5378d66fe575473d82e8e1b51773
work/repro_decontx/GSE174574/GSM5319988/contamination.tsv.gz	227076	d4b27df97559b2e268fb142fe718ff04c06e887419436b793ca77fc305fdd22c
work/repro_decontx/GSE174574/GSM5319988/executed_decontx_run.R	4946	aa14e27215ebf89cda7b2d5ccfee592120610ba9c919292a94742278057dc1a3
work/repro_decontx/GSE174574/GSM5319988/genes.tsv.gz	104632	193fac38cd62be2332411a5b28a27e1c201b79f7d50779253f403b41ad36f99f
work/repro_decontx/GSE174574/GSM5319988/input_audit.json	1487	7500e17de9113e2b35da1793f10e974700f0d1a6b21e1e0efc1a9e175ead2adf
work/repro_decontx/GSE174574/GSM5319988/installed_packages.tsv	21904	ae15775816de0a5d69ff9bcd8990236911d7ab7adf53513b9484d4f2ccb5caec
work/repro_decontx/GSE174574/GSM5319988/model_estimates.rds	4634037	d0e0606dc066b138be7a14845c3dcf128e049771eb6f89f940b17ac15b37a81a
work/repro_decontx/GSE174574/GSM5319988/python_source_snapshot_provenance.json	462	8f3841940862347c9f49b112b8fc4da7f26aad16105d9d14a5fa186a460662fa
work/repro_decontx/GSE174574/GSM5319988/python_wrapper_source_snapshot.py	7509	5e2f316ce76991d37684d33cd9b380e5e6dcf41ad7dacdc35b43208edc71c0e5
work/repro_decontx/GSE174574/GSM5319988/r_audit.json	234494	8326242afc757eb6d30bb2a1f35148d69a156285efdb0e70b05dd8d33c20c8f9
work/repro_decontx/GSE174574/GSM5319988/run.log	3077	987635791bba13253e07c221112c9a8507eeb69ea3ea9736075626ce8065f75e
work/repro_decontx/GSE174574/GSM5319988/sessionInfo.txt	4886	9e61a6ed3999abd81eebccbd9b4e367609f8356a1e5f0a63736a34de49930aa7
work/repro_decontx/GSE174574/GSM5319988/source_snapshot_provenance.json	383	23466eff4e89f62e0b7bab0571a6913453ab6dc0d94427149647332445e732c0
work/repro_decontx/GSE174574/GSM5319989/audit.json	415971	2f4b86a0b934b5efa3d7f05ec48b203cf4ac6b3e74c20d13c9b93f4a97bab283
work/repro_decontx/GSE174574/GSM5319989/cells.tsv.gz	1123867	1390ef40580b05636f872a88050e5eb04a3bfd331d16e5e0b27c417bb9666e17
work/repro_decontx/GSE174574/GSM5319989/contamination.tsv.gz	264921	ca8b0e4123b99ea4b7549adc7511e94482111919eec73d03f6786e38156377ea
work/repro_decontx/GSE174574/GSM5319989/executed_decontx_run.R	4946	aa14e27215ebf89cda7b2d5ccfee592120610ba9c919292a94742278057dc1a3
work/repro_decontx/GSE174574/GSM5319989/genes.tsv.gz	104632	ec4968aaa031945010482d5f6ac0082927d7761b9a36908bcb2d789325a51bdc
work/repro_decontx/GSE174574/GSM5319989/input_audit.json	1514	a18c294fa0452c6aafc77635e03ec2d2312a18741bcabd9ce8e48c9910189339
work/repro_decontx/GSE174574/GSM5319989/installed_packages.tsv	21904	ae15775816de0a5d69ff9bcd8990236911d7ab7adf53513b9484d4f2ccb5caec
work/repro_decontx/GSE174574/GSM5319989/model_estimates.rds	4945700	0c1189131f225b033cc8b042e21459c0a1ffb96be8da629339b17a5d08922e95
work/repro_decontx/GSE174574/GSM5319989/python_source_snapshot_provenance.json	462	8f3841940862347c9f49b112b8fc4da7f26aad16105d9d14a5fa186a460662fa
work/repro_decontx/GSE174574/GSM5319989/python_wrapper_source_snapshot.py	7509	5e2f316ce76991d37684d33cd9b380e5e6dcf41ad7dacdc35b43208edc71c0e5
work/repro_decontx/GSE174574/GSM5319989/r_audit.json	273819	b8726cfe662b1f142b4a3a5937ad0345aeba60c9d52a9b1e235aad3c132b9457
work/repro_decontx/GSE174574/GSM5319989/run.log	2364	85f94179666f544c92cefc7e657c191ffa9a14542493be721d561a96dbb3ce5f
work/repro_decontx/GSE174574/GSM5319989/sessionInfo.txt	4886	9e61a6ed3999abd81eebccbd9b4e367609f8356a1e5f0a63736a34de49930aa7
work/repro_decontx/GSE174574/GSM5319989/source_snapshot_provenance.json	383	23466eff4e89f62e0b7bab0571a6913453ab6dc0d94427149647332445e732c0
work/repro_decontx/GSE174574/GSM5319990/audit.json	487356	8bcf8e8bec784cebc8704f38ae5d5035b8fe638cd2562c271b24df2773083e4f
work/repro_decontx/GSE174574/GSM5319990/cells.tsv.gz	1410459	6c730962f1b7610ea91f0e1a1e3d6830b4293eb697f33f02ae02ffecf565cf88
work/repro_decontx/GSE174574/GSM5319990/contamination.tsv.gz	315571	039b3354c1b3b0fac9301c230ea819f2ea3ee7d0dc28b70023c64131cf6f5e68
work/repro_decontx/GSE174574/GSM5319990/executed_decontx_run.R	4946	aa14e27215ebf89cda7b2d5ccfee592120610ba9c919292a94742278057dc1a3
work/repro_decontx/GSE174574/GSM5319990/genes.tsv.gz	104632	cb7c1df9cd77d6860051f5eade819202285ccd69acc6712311f1a4124b345c6a
work/repro_decontx/GSE174574/GSM5319990/input_audit.json	1521	97d415d8096acd3f388046ae7bf72822348251e342bc5799410405408cb85ab7
work/repro_decontx/GSE174574/GSM5319990/installed_packages.tsv	21904	ae15775816de0a5d69ff9bcd8990236911d7ab7adf53513b9484d4f2ccb5caec
work/repro_decontx/GSE174574/GSM5319990/model_estimates.rds	5251055	007772e80b03a5ec6a4d5f2edc5a9601fae8086b1c228db43de343f013be777a
work/repro_decontx/GSE174574/GSM5319990/python_source_snapshot_provenance.json	462	8f3841940862347c9f49b112b8fc4da7f26aad16105d9d14a5fa186a460662fa
work/repro_decontx/GSE174574/GSM5319990/python_wrapper_source_snapshot.py	7509	5e2f316ce76991d37684d33cd9b380e5e6dcf41ad7dacdc35b43208edc71c0e5
work/repro_decontx/GSE174574/GSM5319990/r_audit.json	320475	42dd1106ec5a3018c8b5b6af18e7f2f4bc64a4bfbc4222c0219d3d914cceb609
work/repro_decontx/GSE174574/GSM5319990/run.log	2600	6ba0b38b176ed9d0b761b650d3b01a3040357cb0875e0a60555e462c403817bb
work/repro_decontx/GSE174574/GSM5319990/sessionInfo.txt	4886	9e61a6ed3999abd81eebccbd9b4e367609f8356a1e5f0a63736a34de49930aa7
work/repro_decontx/GSE174574/GSM5319990/source_snapshot_provenance.json	383	23466eff4e89f62e0b7bab0571a6913453ab6dc0d94427149647332445e732c0
work/repro_decontx/GSE174574/GSM5319991/audit.json	470918	cd229f36111c3e62eaa4014551eaa4860cd1e65e30de5e91ccbdb3a3d7707f6a
work/repro_decontx/GSE174574/GSM5319991/cells.tsv.gz	1354823	a9864917415606b75cefc1029d63a347406124e3cc8d7360c686a514d37cfcdd
work/repro_decontx/GSE174574/GSM5319991/contamination.tsv.gz	304866	6a2aa3a938c491846deb6bfa69d6f81564504229eec600188895280d55fe1f92
work/repro_decontx/GSE174574/GSM5319991/executed_decontx_run.R	4946	aa14e27215ebf89cda7b2d5ccfee592120610ba9c919292a94742278057dc1a3
work/repro_decontx/GSE174574/GSM5319991/genes.tsv.gz	104632	b5d30642482c1b6562b15a1c68b2c82e264ae34e8f940af71bb7638840f9cdee
work/repro_decontx/GSE174574/GSM5319991/input_audit.json	1514	376bf19690d4fe0041045fc7a2a263585ac72b79f1b8caf74558e147d1507e6b
work/repro_decontx/GSE174574/GSM5319991/installed_packages.tsv	21904	ae15775816de0a5d69ff9bcd8990236911d7ab7adf53513b9484d4f2ccb5caec
work/repro_decontx/GSE174574/GSM5319991/model_estimates.rds	5199412	8d849091a6890f18fe489df83b47d04ca4bca7f3ab50f702ef2253731ad1453a
work/repro_decontx/GSE174574/GSM5319991/python_source_snapshot_provenance.json	462	8f3841940862347c9f49b112b8fc4da7f26aad16105d9d14a5fa186a460662fa
work/repro_decontx/GSE174574/GSM5319991/python_wrapper_source_snapshot.py	7509	5e2f316ce76991d37684d33cd9b380e5e6dcf41ad7dacdc35b43208edc71c0e5
work/repro_decontx/GSE174574/GSM5319991/r_audit.json	309603	3d107d96db081768c0f3069c0ba6407b8ab91c1f7308f18120303e11f219158a
work/repro_decontx/GSE174574/GSM5319991/run.log	2286	b47bdc80af510501e63134f91f1542b0d8779257f9b8dfd4820f6c225547b648
work/repro_decontx/GSE174574/GSM5319991/sessionInfo.txt	4886	9e61a6ed3999abd81eebccbd9b4e367609f8356a1e5f0a63736a34de49930aa7
work/repro_decontx/GSE174574/GSM5319991/source_snapshot_provenance.json	383	23466eff4e89f62e0b7bab0571a6913453ab6dc0d94427149647332445e732c0
work/repro_decontx/GSE174574/GSM5319992/audit.json	337008	ba167c3d004e070b1b5f867c604b6f75b3d23d63e378268d16ca5d0aecca0cfe
work/repro_decontx/GSE174574/GSM5319992/cells.tsv.gz	982439	b28aabeb2364ee931e068eec9585741b6d59d4c9eb9e3e36207ec11ebad30cb8
work/repro_decontx/GSE174574/GSM5319992/contamination.tsv.gz	219760	8a7548830239191f277cd3f7bcddbcdf44136834d112df126f80743874ffa801
work/repro_decontx/GSE174574/GSM5319992/executed_decontx_run.R	4946	aa14e27215ebf89cda7b2d5ccfee592120610ba9c919292a94742278057dc1a3
work/repro_decontx/GSE174574/GSM5319992/genes.tsv.gz	104632	f1970e4259f4fde0f60faa779b9db9c8cf3dbc7d2e53fc025e43f3cbf5bceda9
work/repro_decontx/GSE174574/GSM5319992/input_audit.json	1515	50fcca56c2ab69338f205bbea40fac59eb98b48852bf80f349b8de2f9f9dce5d
work/repro_decontx/GSE174574/GSM5319992/installed_packages.tsv	21904	ae15775816de0a5d69ff9bcd8990236911d7ab7adf53513b9484d4f2ccb5caec
work/repro_decontx/GSE174574/GSM5319992/model_estimates.rds	4992279	dbfaf35c1559044bcf4f509369d7afa1e3b643ad4d1b1a340b769bb17840849f
work/repro_decontx/GSE174574/GSM5319992/python_source_snapshot_provenance.json	462	8f3841940862347c9f49b112b8fc4da7f26aad16105d9d14a5fa186a460662fa
work/repro_decontx/GSE174574/GSM5319992/python_wrapper_source_snapshot.py	7509	5e2f316ce76991d37684d33cd9b380e5e6dcf41ad7dacdc35b43208edc71c0e5
work/repro_decontx/GSE174574/GSM5319992/r_audit.json	221052	a902b9e894f98b672b720106dd0a931660f39ca1b4b4f7030070c1216160e650
work/repro_decontx/GSE174574/GSM5319992/run.log	5039	3f47e75451efcb24382437c89175013eff625dc9d842f2fa7cc4a895366a0c20
work/repro_decontx/GSE174574/GSM5319992/sessionInfo.txt	4886	9e61a6ed3999abd81eebccbd9b4e367609f8356a1e5f0a63736a34de49930aa7
work/repro_decontx/GSE174574/GSM5319992/source_snapshot_provenance.json	383	23466eff4e89f62e0b7bab0571a6913453ab6dc0d94427149647332445e732c0
work/repro_decontx/GSE245386/GSM7841720/audit.json	636321	08aa5e00ace9a01ceeb3b608a724088d056bd49151c80ed1fd2a7d5088a7c33d
work/repro_decontx/GSE245386/GSM7841720/audit_recovery.log	237	748905c7fbfcfc80f6d9afe9bacc457508b4ff7b4a9ca6037fde77f3cd2eaf3c
work/repro_decontx/GSE245386/GSM7841720/audit_recovery_provenance.json	1715	5cd127a2962a4e3113ba525b4afdb6d5f4bcb6721ed4c58f497926edae5d6674
work/repro_decontx/GSE245386/GSM7841720/cells.tsv.gz	1793395	2b5906870cb1933b469e783d74951dfa501848024e148842b63050d8a6ebf4af
work/repro_decontx/GSE245386/GSM7841720/contamination.tsv.gz	415300	ae93b206fb877bc67e4a054997ebd8b29e19c65be2da48fa8204018a33dda72c
work/repro_decontx/GSE245386/GSM7841720/executed_decontx_run.R	4946	aa14e27215ebf89cda7b2d5ccfee592120610ba9c919292a94742278057dc1a3
work/repro_decontx/GSE245386/GSM7841720/genes.tsv.gz	120514	4bd7fc1fadb4424f1b81a0d90f13eadf87360b4989fd2926be77ba3d2a0e171f
work/repro_decontx/GSE245386/GSM7841720/input_audit.json	1479	35142bbbe1f7d495406b036daa1516d10f72333738479567c8a6e3fc8e051c14
work/repro_decontx/GSE245386/GSM7841720/installed_packages.tsv	21904	ae15775816de0a5d69ff9bcd8990236911d7ab7adf53513b9484d4f2ccb5caec
work/repro_decontx/GSE245386/GSM7841720/model_estimates.rds	5872675	6df24e361fb47ef001472808ba20f5a18f4baa20837fbebfa532f7827bcc9735
work/repro_decontx/GSE245386/GSM7841720/postprocessing_source_snapshot.py	8303	4f35f685c67286a61aeb2c1c9ee1c51968062e8503f5a2baa9f544a7c8f87f9f
work/repro_decontx/GSE245386/GSM7841720/python_source_snapshot_provenance.json	462	8f3841940862347c9f49b112b8fc4da7f26aad16105d9d14a5fa186a460662fa
work/repro_decontx/GSE245386/GSM7841720/python_wrapper_source_snapshot.py	7509	5e2f316ce76991d37684d33cd9b380e5e6dcf41ad7dacdc35b43208edc71c0e5
work/repro_decontx/GSE245386/GSM7841720/r_audit.json	420595	a78fe42f4ea27c74048e667d2b085ffa701124db2ac04ac044e840b6a6c3836b
work/repro_decontx/GSE245386/GSM7841720/run.log	1796	723c18fd75a847558e59d1af6940635e518d6e991f1e00455b6fdcb993d6ea38
work/repro_decontx/GSE245386/GSM7841720/sessionInfo.txt	4886	9e61a6ed3999abd81eebccbd9b4e367609f8356a1e5f0a63736a34de49930aa7
work/repro_decontx/GSE245386/GSM7841720/source_snapshot_provenance.json	383	23466eff4e89f62e0b7bab0571a6913453ab6dc0d94427149647332445e732c0
work/repro_decontx/GSE245386/GSM7841721/audit.json	419307	d666507e580b5da812cbae1584f4e0faab3c9caa24f2d3f973c5dff25e797638
work/repro_decontx/GSE245386/GSM7841721/cells.tsv.gz	1235559	d92be3b9da895375f52495007cdb2e1ebf48cf97c624423d6aaf7dd7fb21fc96
work/repro_decontx/GSE245386/GSM7841721/contamination.tsv.gz	275381	8ac365ec6f181ed95a23b4dd38d754a66be81d86d988a83bf978b6d6e113ee5f
work/repro_decontx/GSE245386/GSM7841721/executed_decontx_run.R	5056	3a3fa028b986b4781d35c3f3e8fc4ff896dbae07e1b0ff90b60a6f59fab4eabf
work/repro_decontx/GSE245386/GSM7841721/genes.tsv.gz	120514	aa6486dd2f55c52b1c48d2b212a2f6ca19c40e58c27d7595d22097b418bd9400
work/repro_decontx/GSE245386/GSM7841721/input_audit.json	1493	0a9d1ace8316f34458746bb58d81d831463c62128a50791ac3b84a7dfdc0193d
work/repro_decontx/GSE245386/GSM7841721/installed_packages.tsv	21904	ae15775816de0a5d69ff9bcd8990236911d7ab7adf53513b9484d4f2ccb5caec
work/repro_decontx/GSE245386/GSM7841721/model_estimates.rds	5828072	1a2bfd6b30a61905045167be8472efe8d3c7c78d3dfd2caa1f33264634f45d79
work/repro_decontx/GSE245386/GSM7841721/python_source_snapshot_provenance.json	512	8de0fa50ed280032ef785f858da5de31f329fe341510e5162e7ab8db2772a34c
work/repro_decontx/GSE245386/GSM7841721/python_wrapper_source_snapshot.py	8303	4f35f685c67286a61aeb2c1c9ee1c51968062e8503f5a2baa9f544a7c8f87f9f
work/repro_decontx/GSE245386/GSM7841721/r_audit.json	276258	0cea44ca906cb8c04968d767029a4d32a38b73a3f4968faff75c30c7eec47bea
work/repro_decontx/GSE245386/GSM7841721/run.log	1581	fd16f3db6276a3389b280c3f1c710bcbae950ba0959bd4386018c484bf54249a
work/repro_decontx/GSE245386/GSM7841721/sessionInfo.txt	4886	9e61a6ed3999abd81eebccbd9b4e367609f8356a1e5f0a63736a34de49930aa7
work/repro_decontx/GSE245386/GSM7841721/source_snapshot_provenance.json	329	4754ce42fcb781bc279061b56ac78d6997c1ddd54c9fee860deca2cec4c32524
work/repro_decontx/GSE245386/GSM7841722/audit.json	403097	2d36134ed93544efae770d280900162ceca9804c5166128ccdc8743432039256
work/repro_decontx/GSE245386/GSM7841722/cells.tsv.gz	1172510	c02dafbd87c99700ae2d4338f101b6a97073ce8e689bb61ccf1ee78ff9c3c8ae
work/repro_decontx/GSE245386/GSM7841722/contamination.tsv.gz	264642	f603408c08ade24e53b9a7db06d2940087a7806a074188d7e98732955cc3d731
work/repro_decontx/GSE245386/GSM7841722/executed_decontx_run.R	5056	3a3fa028b986b4781d35c3f3e8fc4ff896dbae07e1b0ff90b60a6f59fab4eabf
work/repro_decontx/GSE245386/GSM7841722/genes.tsv.gz	120514	fcfbf39544941ebf847a699d601efb160d6eba3b0443998239d7c045d4e57186
work/repro_decontx/GSE245386/GSM7841722/input_audit.json	1506	63861933ef5cdbdec0e63c01ee898b132e1ca1787669cbc799eab7c098f5465a
work/repro_decontx/GSE245386/GSM7841722/installed_packages.tsv	21904	ae15775816de0a5d69ff9bcd8990236911d7ab7adf53513b9484d4f2ccb5caec
work/repro_decontx/GSE245386/GSM7841722/io_source_snapshot.py	3249	0875ab0e6e955f65755d0ae4c3e48b2d414b1bdb9a8637938311d90ccd269aba
work/repro_decontx/GSE245386/GSM7841722/model_estimates.rds	6160944	40b3d9f814a6acee67a7f880bafb3d20adbea211bfe15607dfb534041c6cf9d2
work/repro_decontx/GSE245386/GSM7841722/postprocessing_source_snapshot.py	9413	8fbed8f0f88159b4d90eb344bd2b594168e169e80d69784191cc45fae4cc2782
work/repro_decontx/GSE245386/GSM7841722/python_source_snapshot_provenance.json	512	8de0fa50ed280032ef785f858da5de31f329fe341510e5162e7ab8db2772a34c
work/repro_decontx/GSE245386/GSM7841722/python_wrapper_source_snapshot.py	8303	4f35f685c67286a61aeb2c1c9ee1c51968062e8503f5a2baa9f544a7c8f87f9f
work/repro_decontx/GSE245386/GSM7841722/r_audit.json	264915	f59db30c4fc8f9f5ffc01bdc6409b59b8015b911966f3e90d330d535d6b141e5
work/repro_decontx/GSE245386/GSM7841722/run.log	1579	e8b32b94e3658fc8340b01419148ed4046142a27c2e9178952836fc9aabbb978
work/repro_decontx/GSE245386/GSM7841722/sessionInfo.txt	4886	9e61a6ed3999abd81eebccbd9b4e367609f8356a1e5f0a63736a34de49930aa7
work/repro_decontx/GSE245386/GSM7841722/source_snapshot_provenance.json	329	4754ce42fcb781bc279061b56ac78d6997c1ddd54c9fee860deca2cec4c32524
work/repro_decontx/GSE245386/GSM7841723/audit.json	411536	33f4a65d62a52694f568d5bc51369c7666ebdb9431b21f96994b70fe23e71ae7
work/repro_decontx/GSE245386/GSM7841723/cells.tsv.gz	1202772	efb1b8e7a6822692a40e4e4721249c5c2b7373198d7199e1fe724a38006d994f
work/repro_decontx/GSE245386/GSM7841723/contamination.tsv.gz	271056	f691b6f006c460fc980d3f50b6a925e884524648238558eb67d93a360153b79e
work/repro_decontx/GSE245386/GSM7841723/executed_decontx_run.R	5144	e63056dea6299f70f32e9bfcf709726068eb803b3fd321a4cf84aa35c903d362
work/repro_decontx/GSE245386/GSM7841723/genes.tsv.gz	120514	5c7e8e066de47c55d13e0b50b807a653cb536fe03bfb2f9a67fda06353d80112
work/repro_decontx/GSE245386/GSM7841723/input_audit.json	1567	343ce2d14989f473ab476946349f93ceca8c2d0b5a7b9ecff611c03714174853
work/repro_decontx/GSE245386/GSM7841723/installed_packages.tsv	21904	ae15775816de0a5d69ff9bcd8990236911d7ab7adf53513b9484d4f2ccb5caec
work/repro_decontx/GSE245386/GSM7841723/io_source_snapshot.py	3249	0875ab0e6e955f65755d0ae4c3e48b2d414b1bdb9a8637938311d90ccd269aba
work/repro_decontx/GSE245386/GSM7841723/model_estimates.rds	5709864	36e19d9f41105f99aeb8ec3762c1ebc00bde67b0dee39ca6b7ef8b0c9e5c9124
work/repro_decontx/GSE245386/GSM7841723/postprocessing_source_snapshot.py	9413	8fbed8f0f88159b4d90eb344bd2b594168e169e80d69784191cc45fae4cc2782
work/repro_decontx/GSE245386/GSM7841723/python_source_snapshot_provenance.json	353	0c0c4f45cdfc4e4ca3923586b98409533948c5e9bb37b4627c6e92cadb1c18c5
work/repro_decontx/GSE245386/GSM7841723/python_wrapper_source_snapshot.py	9413	8fbed8f0f88159b4d90eb344bd2b594168e169e80d69784191cc45fae4cc2782
work/repro_decontx/GSE245386/GSM7841723/r_audit.json	270133	d0bd5c867b96ccf52c90e6f1fbca775db2a14b5f351b06419ffcdb93feca2cdb
work/repro_decontx/GSE245386/GSM7841723/run.log	1731	ef0c0fb6f81447c823219dfc62ca735685dd7d44431a1ffaf5cdd927720277f4
work/repro_decontx/GSE245386/GSM7841723/sessionInfo.txt	4886	9e61a6ed3999abd81eebccbd9b4e367609f8356a1e5f0a63736a34de49930aa7
work/repro_decontx/GSE245386/GSM7841723/source_snapshot_provenance.json	329	4bd20661d05a780f9d0fad117164384d4d120410235bf9f1ea0df3a0b8d1e3f0
work/repro_decontx/GSE245386/GSM7841724/audit.json	519939	7e6d5145b7da210eb9442f162ac3e7d5f49926e9046f0a907fdafc36d38c65c3
work/repro_decontx/GSE245386/GSM7841724/cells.tsv.gz	1490958	8015f22068d8cfffb26fe73d5f00da00c0513633b2ebab05f4dacca25dc53aa8
work/repro_decontx/GSE245386/GSM7841724/contamination.tsv.gz	338652	be377464d825e293dc7dbe96a47849524c4ed82602a51484038c0a8ad29ba825
work/repro_decontx/GSE245386/GSM7841724/executed_decontx_run.R	5144	e63056dea6299f70f32e9bfcf709726068eb803b3fd321a4cf84aa35c903d362
work/repro_decontx/GSE245386/GSM7841724/genes.tsv.gz	120514	e19583b7f8ba2ef912eff639bdacb424df38ea81991224ed6d17a3b156cfae65
work/repro_decontx/GSE245386/GSM7841724/input_audit.json	1589	723729c030a1c69d467e2e4c5ed1c007c598081598167375f910ad0580cd10ab
work/repro_decontx/GSE245386/GSM7841724/installed_packages.tsv	21904	ae15775816de0a5d69ff9bcd8990236911d7ab7adf53513b9484d4f2ccb5caec
work/repro_decontx/GSE245386/GSM7841724/io_source_snapshot.py	3249	0875ab0e6e955f65755d0ae4c3e48b2d414b1bdb9a8637938311d90ccd269aba
work/repro_decontx/GSE245386/GSM7841724/model_estimates.rds	6052011	f4d543bb2ab4ff75eae715481ab9169c82b2424cecede73355039ef9aec8aa4a
work/repro_decontx/GSE245386/GSM7841724/postprocessing_source_snapshot.py	9413	8fbed8f0f88159b4d90eb344bd2b594168e169e80d69784191cc45fae4cc2782
work/repro_decontx/GSE245386/GSM7841724/python_source_snapshot_provenance.json	353	0c0c4f45cdfc4e4ca3923586b98409533948c5e9bb37b4627c6e92cadb1c18c5
work/repro_decontx/GSE245386/GSM7841724/python_wrapper_source_snapshot.py	9413	8fbed8f0f88159b4d90eb344bd2b594168e169e80d69784191cc45fae4cc2782
work/repro_decontx/GSE245386/GSM7841724/r_audit.json	343927	a7ebd129f0c24763cdc7c07c9950a71f7bcad4927ba0c2903805524fa11e61e8
work/repro_decontx/GSE245386/GSM7841724/run.log	1575	6a3c148f9e1860c299c602f54dd50f5f5860687ade87ce117fc3d7dc3c7e7531
work/repro_decontx/GSE245386/GSM7841724/sessionInfo.txt	4886	9e61a6ed3999abd81eebccbd9b4e367609f8356a1e5f0a63736a34de49930aa7
work/repro_decontx/GSE245386/GSM7841724/source_snapshot_provenance.json	329	4bd20661d05a780f9d0fad117164384d4d120410235bf9f1ea0df3a0b8d1e3f0
work/repro_decontx/installers/decontx_source_manifest.json	259	bd888e6e7942555bda8ea92cb1c995acd5a8ce2724ea5e7ea7a2922eff286010
work/repro_decontx/installers/executed_decontx_run_original_500.R	4946	aa14e27215ebf89cda7b2d5ccfee592120610ba9c919292a94742278057dc1a3
work/repro_decontx/installers/executed_python_original.py	7509	5e2f316ce76991d37684d33cd9b380e5e6dcf41ad7dacdc35b43208edc71c0e5
work/repro_decontx/installers/io_transport_smoketest.json	323	cc2818717fdc382ec7acf7ff414ce8d0016b262da73226c294bac4c5dec45f0c
work/repro_decontx/installers/official_decontX_1.10.0.R	43917	c14a6d2c3d37882d82b35030e731bfba6c251effa641e30e5c540dc1a8a7dc82
work/repro_decontx/installers/official_decontX_DESCRIPTION	2416	59fecfcc79af43d540d4a222ca29300f5db37787dff0f177a2cbd1b3ace04261
work/repro_decontx/installers/official_decontX_LICENSE	74	1a2da169626385cc5e59bbb554e3cbfc7b69e4ba6f921b24cdaa26ac84f8e68b
work/repro_decontx/installers/r_runtime_manifest.json	639	aeffb25e958b7ac99cd0a79586644f3768c637cb2c47c50c5812e4d10a1eee36
work/repro_decontx/README.md	4268	af6d342be0c6f1ca77f9ec96b0ca25c802526dea0216467f1cfdf3350b7e5e9a
work/repro_decontx/sample_contamination_summary.tsv	2407	fcf8511aab886ce2d4b33214caf216a46d02b132ea0053bee3baf757264db864
work/repro_decontx/sample_contamination_summary_with_convergence.tsv	2816	d3507116f0dac6664aa914238ee3c1244ef3805ece70a6f48bf86081c0ab60ea
work/repro_decontx/source_integrity_check.json	3201	998b3898cd936398b0fcf6ddb1ffe1c80e32265c5089e1992b7c80ee48f7f63f
work/repro_decontx/source_integrity_check_stdout.json	3203	a0e8e871b39ed55f2225e0ebdd6ab6350a20e48ad914fcc8bd1f6677f46bb48b
work/repro_decontx/source_snapshots/historical_python_source_manifest.json	2442	f5de3aca09a5c83c76254f8143b55f51d7273c56a712ff261e68c077818b6184
work/repro_decontx/source_snapshots/repro_decontx_4f35f685c67286a61aeb2c1c9ee1c51968062e8503f5a2baa9f544a7c8f87f9f.py	8303	4f35f685c67286a61aeb2c1c9ee1c51968062e8503f5a2baa9f544a7c8f87f9f
work/repro_decontx/source_snapshots/repro_decontx_5e2f316ce76991d37684d33cd9b380e5e6dcf41ad7dacdc35b43208edc71c0e5.py	7509	5e2f316ce76991d37684d33cd9b380e5e6dcf41ad7dacdc35b43208edc71c0e5
work/repro_decontx.py	9413	8fbed8f0f88159b4d90eb344bd2b594168e169e80d69784191cc45fae4cc2782
work/repro_decontx_analysis/historical_default500_aggregates/GSE174574/GSM5319992/GSM5319992_audit.json	589	d62fbc8f8b1f9072795c0a9fc18b941ee6123edf5ea0a65236494af0f8ba1571
work/repro_decontx_analysis/historical_default500_aggregates/GSE174574/GSM5319992/GSM5319992_estimated_pseudobulk.tsv.gz	690785	c3702620397b16c00618cfc696a519a85c1c1316a2d3436fe5f09f945af7dad8
work/repro_decontx_analysis/historical_default500_aggregates/GSE174574/GSM5319992/GSM5319992_fractions.tsv.gz	341400	f42cfbcf5c50466b084f7fa77fad73e8b304099d57218f766ab291adc2d7bad0
work/repro_decontx_analysis/historical_default500_aggregates/GSE174574/GSM5319992/GSM5319992_fractions_ge1.tsv.gz	235174	eb8b959aa411a9b9d61dc2505e82de9f7b2676167a3651769cd5749e3a7af157
work/repro_decontx_analysis/historical_default500_aggregates/GSE174574/GSM5319992/GSM5319992_markers.tsv	15483	e954414e6ebe261de864e15983eddf062000b5dd9c2782448a075c9ca3628ca2
work/repro_decontx_analysis/historical_default500_aggregates/GSE174574/GSM5319992/GSM5319992_mean_logcp10k.tsv.gz	726126	bcad17b923496e08dcabbc80662deb743f11811e63fd26eeea8181b339315598
work/repro_decontx_analysis/historical_default500_aggregates/GSE174574/GSM5319992/GSM5319992_sample_counts.tsv	369	7458e7bc7e5816023494b2e76f526c7efe506d8de1f3b5b1bb8f50c2d38b8a64
work/repro_decontx_analysis/processed/GSE174574/GSM5319987_audit.json	589	4361a679a4fe98f429ad162b9927ace36a6bb9c1ee7710f1623c1d20774cd228
work/repro_decontx_analysis/processed/GSE174574/GSM5319987_estimated_pseudobulk.tsv.gz	650702	ad7fa11b25f868460b5c42eac800a61f9075cf94f2c6c9c429d3752f1ed5d74f
work/repro_decontx_analysis/processed/GSE174574/GSM5319987_fractions.tsv.gz	306493	662f8f51ff9ddd0337e3cd8254c5b5ff7395c6c4acba974274b2cec2d45915fc
work/repro_decontx_analysis/processed/GSE174574/GSM5319987_fractions_ge1.tsv.gz	206350	1ab45cc44970ee459421c7240db192bc28512fd57a33f231959b46bfe58eecde
work/repro_decontx_analysis/processed/GSE174574/GSM5319987_markers.tsv	15291	bebe6a938c6ff194572c980e901f23131252313de17817b131b35c4ca179ef14
work/repro_decontx_analysis/processed/GSE174574/GSM5319987_mean_logcp10k.tsv.gz	692536	52003cbce8613abab9514d9b8c7ba7d55829b5c753578a5044cfa52226d1cce7
work/repro_decontx_analysis/processed/GSE174574/GSM5319987_sample_counts.tsv	370	69d2e99980c0e16399d587d6c4f2f7ff00f669c21ada30558c2bfc57efa6e515
work/repro_decontx_analysis/processed/GSE174574/GSM5319988_audit.json	589	d956af8a5f8f7f2b43dcfe49ae7748b3059fa3f3fe5bee58a631c821286755e0
work/repro_decontx_analysis/processed/GSE174574/GSM5319988_estimated_pseudobulk.tsv.gz	655424	2350c88bb4c517db145d8a9a828f4dae235b924c1fbc90bb110b742d537cc6ac
work/repro_decontx_analysis/processed/GSE174574/GSM5319988_fractions.tsv.gz	300031	3fbed1e702ea6a7a02b4f4f4d5af7900cc089e008cda8b67b0acaac60d882607
work/repro_decontx_analysis/processed/GSE174574/GSM5319988_fractions_ge1.tsv.gz	203427	a31438c20fbd44a32eab9d8af914fcd9beb04ba3b7e831864dbd2a1db33a69b6
work/repro_decontx_analysis/processed/GSE174574/GSM5319988_markers.tsv	15205	dd32340880fff5205c6fd5d238ff0e88b8b54a91dbcbbc6c62df3accd567d431
work/repro_decontx_analysis/processed/GSE174574/GSM5319988_mean_logcp10k.tsv.gz	699599	23745bffd96bec79ebadceb04138ff09e3c0cd9d4dbc76426a31a5dacce1048e
work/repro_decontx_analysis/processed/GSE174574/GSM5319988_sample_counts.tsv	371	72e7747a8fd8f633ab2e4212a9251af62f73d149ccdd19e5cfafad591d07b92e
work/repro_decontx_analysis/processed/GSE174574/GSM5319989_audit.json	589	f11e37ffd5d4972f6ab71bcb86fb37ee8747638b480bcd265680de29a0f9289b
work/repro_decontx_analysis/processed/GSE174574/GSM5319989_estimated_pseudobulk.tsv.gz	673595	77521729875fef362e9c1b0db50b52672db8574ca216a241e008eab52b7fb5d0
work/repro_decontx_analysis/processed/GSE174574/GSM5319989_fractions.tsv.gz	341998	71aaebbde4eacda72c015a3cbdac3274783fda5312f1e266b8ec7768baa8a394
work/repro_decontx_analysis/processed/GSE174574/GSM5319989_fractions_ge1.tsv.gz	226706	2458624ea60aaaf24d8a196db8238b218df109a737ab74bf7555e1130103714a
work/repro_decontx_analysis/processed/GSE174574/GSM5319989_markers.tsv	15370	9cbdd68204b4bc3bd97af4ddbcff58207c2dcacb965d30f2529abf9ffeaf89b1
work/repro_decontx_analysis/processed/GSE174574/GSM5319989_mean_logcp10k.tsv.gz	714719	c0365c6c7ea82464525b4cddd5c1ce4c13771d69963ae969001eb8ec13ad730a
work/repro_decontx_analysis/processed/GSE174574/GSM5319989_sample_counts.tsv	368	15110bfc95506124a219f7c43e2f66df98da655f33bb32086413cf215a536c44
work/repro_decontx_analysis/processed/GSE174574/GSM5319990_audit.json	590	042d945047230ea5b7c06cc7f406307c8672e6c2c1f3645e62753c622b636ec9
work/repro_decontx_analysis/processed/GSE174574/GSM5319990_estimated_pseudobulk.tsv.gz	705768	754c315af1d0ca07749d03c7bd002fca8ed4179f13df511efde50c53c02f382a
work/repro_decontx_analysis/processed/GSE174574/GSM5319990_fractions.tsv.gz	369187	f40ae505d00a7ecfd1bfc43b51da3dc45fe3144909df2c5ae2d22e579660439d
work/repro_decontx_analysis/processed/GSE174574/GSM5319990_fractions_ge1.tsv.gz	244143	20d2a533123fd5e25bbdf4edd8326c704fb2232b2f117baf3969136af4e87289
work/repro_decontx_analysis/processed/GSE174574/GSM5319990_markers.tsv	15487	27a16d2db081c3f462e02c85f8c396daa81324f73477bbb19c917fd457364025
work/repro_decontx_analysis/processed/GSE174574/GSM5319990_mean_logcp10k.tsv.gz	740305	68571e7ba1a50dacbe7468338c105d67d31f76be568bd36d58bd7fe1b0ce1022
work/repro_decontx_analysis/processed/GSE174574/GSM5319990_sample_counts.tsv	367	faa2a94c5bde82fec78c6ea0ac2efbed02a8e1fe068bffd25da1f9802a347b8a
work/repro_decontx_analysis/processed/GSE174574/GSM5319991_audit.json	590	c801acf84fb455c73416c243b9d704e6f7fbabce7024d59646209ff1daa5ecf8
work/repro_decontx_analysis/processed/GSE174574/GSM5319991_estimated_pseudobulk.tsv.gz	703051	4645ecd8ca6a366b2b3d7e8e897453f8623b13a9fd24b688e9eb9a15794d3945
work/repro_decontx_analysis/processed/GSE174574/GSM5319991_fractions.tsv.gz	353582	eb82bd1cf290cd44da26d8c266c3f8f4e057aa480f8deae4142a113c7a944895
work/repro_decontx_analysis/processed/GSE174574/GSM5319991_fractions_ge1.tsv.gz	235968	8f916dfcf51ca63117b752ba1d56a79aa28fe0f1a49bd1ab7a0cd5b1481a6c10
work/repro_decontx_analysis/processed/GSE174574/GSM5319991_markers.tsv	15477	bda5ebc61e268f6a00f7ccc7bd7ea35d0e191e64f005ed5c5c6527d2dadd929b
work/repro_decontx_analysis/processed/GSE174574/GSM5319991_mean_logcp10k.tsv.gz	733924	ba629744034de24bde333e31c999a32a3e855bba5e1de69f844aabe887d24f6c
work/repro_decontx_analysis/processed/GSE174574/GSM5319991_sample_counts.tsv	370	69d811fcb8c604fd6d8dce46b8f0038bb74de73590c8c6f3138c905b0174a7ae
work/repro_decontx_analysis/processed/GSE174574/GSM5319992_audit.json	1095	f57f28af4491aeff71c1c634e0c9a958edac5b9f3068a31ad33528ad0b70b095
work/repro_decontx_analysis/processed/GSE174574/GSM5319992_estimated_pseudobulk.tsv.gz	690517	ffcee45e3ee98533def46f3e7a8e3707b99a4fe10c4531ebfd783d6e515fa42d
work/repro_decontx_analysis/processed/GSE174574/GSM5319992_fractions.tsv.gz	341400	b5c371a07d0f6e9174cb326ebb6990b96af0fe218cd141e08c36b5b64d7c7a59
work/repro_decontx_analysis/processed/GSE174574/GSM5319992_fractions_ge1.tsv.gz	235094	fc7618766c7bad285d8053cc11b88c6909c7a119d5fc7db0229ea31e622f0e76
work/repro_decontx_analysis/processed/GSE174574/GSM5319992_markers.tsv	15488	286dea2f037d20c64a2eca829cad8510a6e12d344f8c3442457e5c6cace5488a
work/repro_decontx_analysis/processed/GSE174574/GSM5319992_mean_logcp10k.tsv.gz	725844	f69a6a14c7b01a77dc4cc86e8cbe7ec9ae7586fd52e6f92e62f320c19d314915
work/repro_decontx_analysis/processed/GSE174574/GSM5319992_sample_counts.tsv	369	091be86351528d76e5bbd4899945149d9477f59b856603d58f894a9b391d5240
work/repro_decontx_analysis/processed/GSE174574/sample_cell_counts.tsv	1843	f079089f64f3b5297ff8832af5a26f93fbf72309952fb963eae0cf5ed6700e52
work/repro_decontx_analysis/processed/GSE245386/GSM7841720_audit.json	1083	34f67c8e4aec790dd188a86ce7924612ad81d582f61cf5aa7662a24fd850ab1c
work/repro_decontx_analysis/processed/GSE245386/GSM7841720_estimated_pseudobulk.tsv.gz	856155	4098d01b38a9c2fa7376c038eea49cb27bba7159ef39ae6e270a770e7994921d
work/repro_decontx_analysis/processed/GSE245386/GSM7841720_fractions.tsv.gz	429706	386df82de29745f43485bda6c7e555cd7fbfd7900e0663173ba19f9890b69c01
work/repro_decontx_analysis/processed/GSE245386/GSM7841720_fractions_ge1.tsv.gz	323076	9ade6ea2babbabacfd26315315cebb2c4ace60419cd0833e4ae6b7e0aa9b5b60
work/repro_decontx_analysis/processed/GSE245386/GSM7841720_markers.tsv	15342	ebbfe9be5388cd050dad4894de3d20545777f94731093f21cc2227b423fbca45
work/repro_decontx_analysis/processed/GSE245386/GSM7841720_mean_logcp10k.tsv.gz	911144	9ce232e8ddbdeed6ccc6b1cc603486dff0e4c10284b6447c62e51e78c376a249
work/repro_decontx_analysis/processed/GSE245386/GSM7841720_sample_counts.tsv	372	1da994d09e9de64be21abb09c25a837da9e967db6d67ae5735269d604bbf015c
work/repro_decontx_analysis/processed/GSE245386/GSM7841721_audit.json	1083	114442dade53a6e1db0f44a358a57a557c6ee1d061b79c54f4ca77bb21079a3d
work/repro_decontx_analysis/processed/GSE245386/GSM7841721_estimated_pseudobulk.tsv.gz	836902	e4ab127c71b89c87fc44bd2197b1bce7ee23df69df4c4740b7288f648239cfc0
work/repro_decontx_analysis/processed/GSE245386/GSM7841721_fractions.tsv.gz	420588	bfbd38d0a1a839ed7657c232db353604bc4b65ff8902be4338025a75e120ba7c
work/repro_decontx_analysis/processed/GSE245386/GSM7841721_fractions_ge1.tsv.gz	322864	f4bb676e484068282eb03727115cee22e78c075bbe40fcf5c6ff6c4430bac43c
work/repro_decontx_analysis/processed/GSE245386/GSM7841721_markers.tsv	15329	30620b40433db9fc896158f308519e7b5e74d3a62f8d3c92999c3400d4f60eff
work/repro_decontx_analysis/processed/GSE245386/GSM7841721_mean_logcp10k.tsv.gz	903575	8da2c0a174ca4802d18f3dff68358d6eace716b0e55cbb6f84baa29e3e679197
work/repro_decontx_analysis/processed/GSE245386/GSM7841721_sample_counts.tsv	371	b493d2b374d540e49798efebd83d5e20702de81cec0d0399159f0c238445d3f8
work/repro_decontx_analysis/processed/GSE245386/GSM7841722_audit.json	1082	2d82224c9630b7c2a1e8196607a23326364fbae55aed406cfc1ba74e22b339c9
work/repro_decontx_analysis/processed/GSE245386/GSM7841722_estimated_pseudobulk.tsv.gz	833500	99d53812e32538ffc5d758ebc9bfa7d7822e9cb922f456872e9aba281d8d9f8c
work/repro_decontx_analysis/processed/GSE245386/GSM7841722_fractions.tsv.gz	445777	f25a02c292e5e829b32afa9f3308825ba96cbaf7548634f9a20eeaa9fffe7e5f
work/repro_decontx_analysis/processed/GSE245386/GSM7841722_fractions_ge1.tsv.gz	342638	5514347a4fd195d59f8edad416b6c656b32a47d6e4c98404a7e44414018fe526
work/repro_decontx_analysis/processed/GSE245386/GSM7841722_markers.tsv	15380	6127a9ab3cf382710413aa4cc101ac9ce384c56bbc289462bb7f43e74fa82bbf
work/repro_decontx_analysis/processed/GSE245386/GSM7841722_mean_logcp10k.tsv.gz	911331	3d9ebb7d0d25d5d24415a92c7df66240a803f947dc4a7eee24f9d3db388fd0c7
work/repro_decontx_analysis/processed/GSE245386/GSM7841722_sample_counts.tsv	369	0406c8c5e9e4c33819dda3d895edd0f5bf9bd69e389b8b97c85e4a98e0a75145
work/repro_decontx_analysis/processed/GSE245386/GSM7841723_audit.json	1082	4ee950980a00d05530eee9b66205d7460d5f09563f727afce051aed3392b71b6
work/repro_decontx_analysis/processed/GSE245386/GSM7841723_estimated_pseudobulk.tsv.gz	832242	915ab8d833ba7333511bcac68cce355f3c1650030b42ab05e69cc03adf73ef1c
work/repro_decontx_analysis/processed/GSE245386/GSM7841723_fractions.tsv.gz	426369	d0c65dc30d24dd74f0eaa0e93c29e47322fce05b502e6384f430dd19997cd8a7
work/repro_decontx_analysis/processed/GSE245386/GSM7841723_fractions_ge1.tsv.gz	332271	8b3cd6e3c0a80efb05cc78fcb0443ecb192a1f97efe34c3c535627a746571905
work/repro_decontx_analysis/processed/GSE245386/GSM7841723_markers.tsv	15336	28698eb0527678f8b70d3047d282134a8056280f76b3e1bb5d33ebec5a8f0f39
work/repro_decontx_analysis/processed/GSE245386/GSM7841723_mean_logcp10k.tsv.gz	902006	721d9685e3516725faa3bd39adf8c1ab69755302c5075c9d7efe71a7b89bbda6
work/repro_decontx_analysis/processed/GSE245386/GSM7841723_sample_counts.tsv	370	d7c23f82457c19a105840159aed60201a2ad924f5b5ee090e9e645838638afc8
work/repro_decontx_analysis/processed/GSE245386/GSM7841724_audit.json	1083	474ecd92d3345fb681d31e523300fa6f9caf79d72072e70d9510f5971d818d26
work/repro_decontx_analysis/processed/GSE245386/GSM7841724_estimated_pseudobulk.tsv.gz	865860	ca2e6044262d10cefb24ce1ca48b64385a4c8f6f52a24714f34bad653764b50f
work/repro_decontx_analysis/processed/GSE245386/GSM7841724_fractions.tsv.gz	483107	e812a5cf8718f646702cc5f23d824cc3f45ceb6566b18d8b62e75d387212c243
work/repro_decontx_analysis/processed/GSE245386/GSM7841724_fractions_ge1.tsv.gz	359351	a464885bd52ed5bf02751e195d66b961693f038e80c113deccd9dd9fbe906100
work/repro_decontx_analysis/processed/GSE245386/GSM7841724_markers.tsv	15403	01aac4da5d2e0a91563ca87a893246d123cbe11f604fb00df8e645effcb4ec3f
work/repro_decontx_analysis/processed/GSE245386/GSM7841724_mean_logcp10k.tsv.gz	931752	1aa2e7c50b5b8759f5d70e6cae3333f562df6d2799b941d6e5b04c26ac35c779
work/repro_decontx_analysis/processed/GSE245386/GSM7841724_sample_counts.tsv	371	5f1edc4f253f7c5e17c0c16434586cf1a53f8340c267a0457920f3994222a39a
work/repro_decontx_analysis/processed/GSE245386/sample_cell_counts.tsv	1554	6cc5a996d2dfb1b861aa567ba69db857bcad65821f4091ecb4692c42b0d66092
work/repro_decontx_analysis/results/GSE174574/primary__communication.tsv.gz	99978	d1f4b95a4884e6279e1a0bbf079e4b407cb868b4b8fb8181e2c4e886fa52d61e
work/repro_decontx_analysis/results/GSE174574/primary__communication_sample_scores.tsv.gz	430814	b05ebd3fe2bbe3db5ec0119b027fe8de21a6187a20e655b239f80959b97b5033
work/repro_decontx_analysis/results/GSE174574/reference_singlet__communication.tsv.gz	98393	419b348d843ee7d2b44e2699c766ead41306cb0a7eadd56f2cfb4bae65e9a2bf
work/repro_decontx_analysis/results/GSE174574/reference_singlet__communication_sample_scores.tsv.gz	419232	27bb64709938dbded0565592f30a529c4d04ce37ed33d5e3d9d537e99c732d46
work/repro_decontx_analysis/results/GSE245386/primary__communication.tsv.gz	110422	47655d6bd3be572d5e49154fd5ab66df19a538291be05c14bd5a751462d91ccc
work/repro_decontx_analysis/results/GSE245386/primary__communication_sample_scores.tsv.gz	425219	9715fe83c5578bab7d81638d0b1cc98387aa283566abf7a82a298d0b4eb8c18f
work/repro_decontx_analysis/results/GSE245386/reference_singlet__communication.tsv.gz	110116	94b4db50f6b57bfd8d137ef4301fa677d56afc8ff019b5cc7c204bc1bab05854
work/repro_decontx_analysis/results/GSE245386/reference_singlet__communication_sample_scores.tsv.gz	422607	ad768e6adb3f5564a5b4e9a48ce0b9a74d7e59584be49de9dc77a69e0457c9d2
work/repro_decontx_archive_source_check.json	39290	8004988415868dee03f5344112a7968880e1ebf21ab9de1e55512672c02b3099
work/repro_decontx_archive_source_check.py	3560	db8892d28a152201672788d799514f05093f07524a9981353d691683eb30a309
work/repro_decontx_build_model_narrative.py	12024	4e2dc6b3231043922a8ad68e239223af977b56b01bcd7521ffcd4028859f853a
work/repro_decontx_convergence_amendment.md	1958	50bb5cfdfe8e012809167807716fe7c11b84058ae5b5ce1b04e1978ad645dc9d
work/repro_decontx_extend.py	4562	5fcef879a92127295dac2f9abb0d4093a4b7bfdb7b91dad2059b6b9171591379
work/repro_decontx_install.R	749	e774989b092027f9e9c3149e27129a6f2a75ce95544e4f26e3c39986eb491d96
work/repro_decontx_io.py	3249	0875ab0e6e955f65755d0ae4c3e48b2d414b1bdb9a8637938311d90ccd269aba
work/repro_decontx_io_amendment.md	1853	968c2139197d906093de845dfd9c272e2c98cd07f856ae2c72427c0f256a43b1
work/repro_decontx_maxiter2000/analysis_plan_snapshot.md	1958	50bb5cfdfe8e012809167807716fe7c11b84058ae5b5ce1b04e1978ad645dc9d
work/repro_decontx_maxiter2000/cell_type_contamination_summary.tsv	6994	705ee3c62bf934890e98137633db89e52aa135f49256d2969a04cd019fff316c
work/repro_decontx_maxiter2000/completion.json	906	fc97e7dcb076757a1e93dd38600806cefbced1d80333ad4a5f6e605a8fbc215d
work/repro_decontx_maxiter2000/convergence_comparison.tsv	586	d578feaea00fc0d7f214836d31942718711982680b9681cf13458628610dd9e6
work/repro_decontx_maxiter2000/extension_driver_source_snapshot.py	4562	5fcef879a92127295dac2f9abb0d4093a4b7bfdb7b91dad2059b6b9171591379
work/repro_decontx_maxiter2000/GSE174574/GSM5319992/audit.json	337705	a8877f7abb57d6b3f55815aedb915605aece3e47528590e5d9fae4c722037f48
work/repro_decontx_maxiter2000/GSE174574/GSM5319992/cells.tsv.gz	982439	a5755da0d4a35c8747a2f60e823ad2d8edb10927ccb59d18c155c111d21f0b7b
work/repro_decontx_maxiter2000/GSE174574/GSM5319992/contamination.tsv.gz	219710	2b10e45d8c5ae1323f48dcaffd073fe40dd00810c5b769027f3e08004ecb916a
work/repro_decontx_maxiter2000/GSE174574/GSM5319992/executed_decontx_run.R	5144	e63056dea6299f70f32e9bfcf709726068eb803b3fd321a4cf84aa35c903d362
work/repro_decontx_maxiter2000/GSE174574/GSM5319992/genes.tsv.gz	104632	c3e4fd294b185df1fdc25a639194f6f0040bba57b81bf82c8789eb64dcedefd0
work/repro_decontx_maxiter2000/GSE174574/GSM5319992/input_audit.json	1611	6cb03c1744ad95fb888a05df650adc07e40a5b07ae61dce98c151d9fce4f3efb
work/repro_decontx_maxiter2000/GSE174574/GSM5319992/installed_packages.tsv	21904	ae15775816de0a5d69ff9bcd8990236911d7ab7adf53513b9484d4f2ccb5caec
work/repro_decontx_maxiter2000/GSE174574/GSM5319992/io_source_snapshot.py	3249	0875ab0e6e955f65755d0ae4c3e48b2d414b1bdb9a8637938311d90ccd269aba
work/repro_decontx_maxiter2000/GSE174574/GSM5319992/model_estimates.rds	4992677	220ccb683431ada5ded05267b4276827aec417acbcf6c75176ee56f4673b6dc1
work/repro_decontx_maxiter2000/GSE174574/GSM5319992/postprocessing_source_snapshot.py	9413	8fbed8f0f88159b4d90eb344bd2b594168e169e80d69784191cc45fae4cc2782
work/repro_decontx_maxiter2000/GSE174574/GSM5319992/python_source_snapshot_provenance.json	353	0c0c4f45cdfc4e4ca3923586b98409533948c5e9bb37b4627c6e92cadb1c18c5
work/repro_decontx_maxiter2000/GSE174574/GSM5319992/python_wrapper_source_snapshot.py	9413	8fbed8f0f88159b4d90eb344bd2b594168e169e80d69784191cc45fae4cc2782
work/repro_decontx_maxiter2000/GSE174574/GSM5319992/r_audit.json	221056	5edb781bb600365ea2d4e798655744d45aa9a35681d7f37888e5956bd1916ff9
work/repro_decontx_maxiter2000/GSE174574/GSM5319992/run.log	6135	13381524e32cd539eb5da2906cfd34d0008bbd4d3354553d8503d60cccc7eb67
work/repro_decontx_maxiter2000/GSE174574/GSM5319992/sessionInfo.txt	4886	9e61a6ed3999abd81eebccbd9b4e367609f8356a1e5f0a63736a34de49930aa7
work/repro_decontx_maxiter2000/GSE174574/GSM5319992/source_snapshot_provenance.json	329	4bd20661d05a780f9d0fad117164384d4d120410235bf9f1ea0df3a0b8d1e3f0
work/repro_decontx_maxiter2000/sample_contamination_summary.tsv	443	407203ee8f6b5723c29777833322a35ed48308f61460fcc2f6d06f8e076ae5a1
work/repro_decontx_maxiter2000/selection.json	396	28def46df1fee32ddb81bad342f3ed527d0181242b8eb9fe52685aa47245fa6e
work/repro_decontx_model_narrative.json	17271	a0cd529ad6288891ea0f3112c3b0b9861e5a413bb626ccbfb2c1c3d2a0a60dd7
work/repro_decontx_plan.md	2544	31f064ed9fa907938458f8f716c9c553a74798290fc9c271eda840b51d14734f
work/repro_decontx_recover_audit.R	3701	b48b30b0afec5a010f77d01586d4a87de4bd65bf793ec313a307b9daf70fb7cf
work/repro_decontx_recover_source.py	1445	bc8c7e1e0b29d0bfae46aae98d2d303b55c8cf40f60ec70600766ba9127cf743
work/repro_decontx_run.R	5144	e63056dea6299f70f32e9bfcf709726068eb803b3fd321a4cf84aa35c903d362
work/repro_decontx_snapshot_python_history.py	2414	e1f963e3f9f8e4c8918077d22947b5e008bb17734af44ee144cd3fadfde1ce02
work/repro_decontx_source.py	1873	72a0fffa21c693ba896553190485dd35a05d1c19db6929880b9ee76d6df8e766
work/repro_decontx_source_audit.py	1927	425af8fbc9de8645c13f1cba4faffa0b25f31fe84054ea072dffaae6170d40db
work/repro_decontx_status.py	2778	5c5948add39b33765dde736adfad9c9a2b3fa188d028c35f33ef90144a92f798
work/repro_discussion_zh.md	4117	5ff85493a97093d309270fdc6b823e46fa560c5e22e9fa0c6da250491bf30344
work/repro_environment.json	3972	a28d742c5dd2387a5d3606e2c50c10431895080d8a89d1b4aefb0a8c53cb5a10
work/repro_external_cohort_audit.json	167983	144223d86b7e493e5888318d3b48bb8fc758cd875420c05be603d6890e740769
work/repro_external_cohort_audit.md	12174	416b6cad5af80bb7d5085b7ac27b3476d2c7b1c2303f0dde8c7491b72557d434
work/repro_figure_eda.md	4478	272c6e413d22a7f800a828ff490fde03da469e9734c17631d6d976018d133cbf
work/repro_figure_plan.md	1992	d29669224f2d10c39f10bc64c1c5796297b106c3e8eb8e08df2f45727c73a736
work/repro_final_figure_qa.py	2531	9dd84ac47769e84e307dd24071665770afe9d41226b4571ce91c124fdc2c50f5
work/repro_finalize_narrative.py	13992	4a03f0b9c6cb97f50994f6a40a14f88f019cc7cece275e223157abb2fa3d5123
work/repro_integrate_static.py	2849	ad36f8f74efc598ca0f996a1f380297736b2f60cdfba070350b2d9ede57c56ce
work/repro_liana_rank_diagnostic/decontx/GSE174574/primary__GSM5319987.json	3718	3c8e08e98f9e1ba899bcd4630d2dce27bafb38eaf4f17780bf7805dc4115ffe9
work/repro_liana_rank_diagnostic/decontx/GSE174574/primary__GSM5319987__full_network.tsv.gz	1310070	a963c7ccdd051fdb6c41f9ce9355da6f63923cbc46c006b5219a9f3e8b8b230f
work/repro_liana_rank_diagnostic/decontx/GSE174574/primary__GSM5319987__target.tsv.gz	21363	4d5392c63ee79df138f3d7f254e162fc8badb4c4f366ea603e1ea8fb60d42a39
work/repro_liana_rank_diagnostic/decontx/GSE174574/primary__GSM5319988.json	3718	13a7952df203379749bdc8745aca773edae8a048e7bb8dcd991ee33d531e0fc8
work/repro_liana_rank_diagnostic/decontx/GSE174574/primary__GSM5319988__full_network.tsv.gz	1491362	468b75aac1a02c1291f4d1c28591e78413aa6bdd5c2b2606ed1e9ca571495f2e
work/repro_liana_rank_diagnostic/decontx/GSE174574/primary__GSM5319988__target.tsv.gz	22090	7b80a63ab3447e8a12ccb20de1f3283871a341773d6bec2def566032d67430e0
work/repro_liana_rank_diagnostic/decontx/GSE174574/primary__GSM5319989.json	3742	d472338e4e9d00bf0ab7a9bb2fb476d6b05e550850ef916a29122de3e6c0da1a
work/repro_liana_rank_diagnostic/decontx/GSE174574/primary__GSM5319989__full_network.tsv.gz	1770366	a4b8f0ee34fbd30786104f47a8e3e671f3ae658d24ff63a425134e44db77b904
work/repro_liana_rank_diagnostic/decontx/GSE174574/primary__GSM5319989__target.tsv.gz	23690	bca69466e87af75ec0dbd787a730f73c8081e7b46d7a2714380a46966d3eb5e1
work/repro_liana_rank_diagnostic/decontx/GSE174574/primary__GSM5319990.json	3754	0c9704fa6214057bb9e1699515398fbf1f07596c32b53d3f644f18dd6140f0fd
work/repro_liana_rank_diagnostic/decontx/GSE174574/primary__GSM5319990__full_network.tsv.gz	2254655	7a706a641e4c6272a953e7241721f96f9a0be3e030f4cc0a4bb8f35328599fd5
work/repro_liana_rank_diagnostic/decontx/GSE174574/primary__GSM5319990__target.tsv.gz	26939	d54f371b5b573810dbbb5f95e3888528f6120fdc34e7c7e45b6600272261997e
work/repro_liana_rank_diagnostic/decontx/GSE174574/primary__GSM5319991.json	3755	a7b53d58a229a95a6831c3c2427019f954348c17d3bac6ad7c372964635a7292
work/repro_liana_rank_diagnostic/decontx/GSE174574/primary__GSM5319991__full_network.tsv.gz	2049982	cca0248599f19180d2582f0d694783e726f8262e0e1ec59d6cb062e66f0219a7
work/repro_liana_rank_diagnostic/decontx/GSE174574/primary__GSM5319991__target.tsv.gz	25765	94afd309f81a046d1ee91e3c96b01f19a7453d6c04fb4e8e7ec5b0e257326fdb
work/repro_liana_rank_diagnostic/decontx/GSE174574/primary__GSM5319992.json	3775	3e6db3e76e8a4c16a2885558ac74e1623277994bd71257d06983ef9677386bb6
work/repro_liana_rank_diagnostic/decontx/GSE174574/primary__GSM5319992__full_network.tsv.gz	2452299	60c7b6688bea9ddca3462c8716d56d4371fa8f9ec260494a49efc3f0be61ca20
work/repro_liana_rank_diagnostic/decontx/GSE174574/primary__GSM5319992__target.tsv.gz	30913	719510b1748a564498dc2757a428bc94ab776be552fb04a6972937ddd479f50f
work/repro_liana_rank_diagnostic/decontx/GSE174574/reference_singlet__GSM5319987.json	3789	ce61ce7227a02ccfdccf7f4818c33b0aed380081712fe0532da90c083d4f6570
work/repro_liana_rank_diagnostic/decontx/GSE174574/reference_singlet__GSM5319987__full_network.tsv.gz	1201655	d928b0afa2ef00bdc4f26b6b7285e8eb0f919ab1c7de7ec42e58e0d299677bfc
work/repro_liana_rank_diagnostic/decontx/GSE174574/reference_singlet__GSM5319987__target.tsv.gz	20722	6709ad17030943c98b014a03811720147a47f670fdba10b2de87f04bde828506
work/repro_liana_rank_diagnostic/decontx/GSE174574/reference_singlet__GSM5319988.json	3790	b0ef532173237d6ad671adfbaa9c2f52da185e05eae4a404ea2c4e01287c66e7
work/repro_liana_rank_diagnostic/decontx/GSE174574/reference_singlet__GSM5319988__full_network.tsv.gz	1432503	1548649e877298723febfa014e81b23c4fefb4502bfa07335efae9b43b9dafc2
work/repro_liana_rank_diagnostic/decontx/GSE174574/reference_singlet__GSM5319988__target.tsv.gz	22468	7601e3076d476ca0e5ba7d396783e0616332e4d801d42ce0ebe827bc9b8164a9
work/repro_liana_rank_diagnostic/decontx/GSE174574/reference_singlet__GSM5319989.json	3812	05de0f54c5f288f3c858fbe409e90294adf9e66edadd38e5cd21cca6c9d05498
work/repro_liana_rank_diagnostic/decontx/GSE174574/reference_singlet__GSM5319989__full_network.tsv.gz	1682714	de9206b3153ef8e3e93640e400bad0cc4079371c1f02227b1a586c12ee28830f
work/repro_liana_rank_diagnostic/decontx/GSE174574/reference_singlet__GSM5319989__target.tsv.gz	22671	0dd85796387925f5684473272e271e6423b82e84f2b6d34ae49f22e3fbc7b2dd
work/repro_liana_rank_diagnostic/decontx/GSE174574/reference_singlet__GSM5319990.json	3839	e1c86c5df4a6e47348e96a8eedfa09da00c00cc6cddc4ab28708a8935f50961f
work/repro_liana_rank_diagnostic/decontx/GSE174574/reference_singlet__GSM5319990__full_network.tsv.gz	2151141	fa25ef295e7d0e17ef4ee1c54a4f8050fe8e051cbbaa0fa0c1378e8b80c102a6
work/repro_liana_rank_diagnostic/decontx/GSE174574/reference_singlet__GSM5319990__target.tsv.gz	26882	0b5fe33a9469820325f9a379dda7d8e29227fec985b17d801f1a6417ef6c8a27
work/repro_liana_rank_diagnostic/decontx/GSE174574/reference_singlet__GSM5319991.json	3840	2ec257a843294f64a57851166b2ebc47113fa4cf44b3a5497f74f4a9c76fcd82
work/repro_liana_rank_diagnostic/decontx/GSE174574/reference_singlet__GSM5319991__full_network.tsv.gz	2040518	a3dad337d8a5ed018809128f4a84e65a19fdef2c1b1df0f8a7473ef47b91d88c
work/repro_liana_rank_diagnostic/decontx/GSE174574/reference_singlet__GSM5319991__target.tsv.gz	23094	c72f6cebc603ed6cda63b782f2b421a656c911029e7e2fd653cea421a1fdce03
work/repro_liana_rank_diagnostic/decontx/GSE174574/reference_singlet__GSM5319992.json	3833	2ff84d3e45a08935365e6d523c5e93363d624e0e777fe048d10b39ef0bfa06c6
work/repro_liana_rank_diagnostic/decontx/GSE174574/reference_singlet__GSM5319992__full_network.tsv.gz	2375197	c640b136a9acf75a832969781317ca6de17f9d7dad2380c536f44a26cebbf8cb
work/repro_liana_rank_diagnostic/decontx/GSE174574/reference_singlet__GSM5319992__target.tsv.gz	29873	a2538c7a86e7cd68ed9427d71fc3ebb5e7eb418b1b5cee5aabe14148534a1e28
work/repro_liana_rank_diagnostic/decontx/GSE245386/primary__GSM7841720.json	3804	1c6edc0a7c4f51743f062701ded557a76655509be529c6892ad2c1eea7cd118c
work/repro_liana_rank_diagnostic/decontx/GSE245386/primary__GSM7841720__full_network.tsv.gz	4641766	d76d60c0304f72bc08b13e493450c77d9029269d990bd121a46378a50a278cdd
work/repro_liana_rank_diagnostic/decontx/GSE245386/primary__GSM7841720__target.tsv.gz	48042	d4dca48efe28d7c1b6e58298c0d6f2a6222754c5f617da1f990d7eff8af93720
work/repro_liana_rank_diagnostic/decontx/GSE245386/primary__GSM7841721.json	3764	948eb45b2575604c56a64e290d649413d5c3698d734bf1ff8802d9fce1ceaed9
work/repro_liana_rank_diagnostic/decontx/GSE245386/primary__GSM7841721__full_network.tsv.gz	4445429	ee0a4e129a7672c243bdb610516f9a2cf41d161826117f32c86b3ea0faa5427d
work/repro_liana_rank_diagnostic/decontx/GSE245386/primary__GSM7841721__target.tsv.gz	52486	d2ce258ab44b55e9f1196b6515c2443209a80c3d6ed150f25827de52a522242b
work/repro_liana_rank_diagnostic/decontx/GSE245386/primary__GSM7841722.json	3749	098cece5ba4d0134093bc8744f2d89ae2256ae6e92ac4303d4cd082d7a61c650
work/repro_liana_rank_diagnostic/decontx/GSE245386/primary__GSM7841722__full_network.tsv.gz	4181934	472335e5e4eda75368a3c800bba98bedcda7d3f4d7a15b720adcbc09404a8dbf
work/repro_liana_rank_diagnostic/decontx/GSE245386/primary__GSM7841722__target.tsv.gz	53239	e8deb7c19ea4d7a371f06b80f12ac0a038fb61f18cf94436843156bb197474c6
work/repro_liana_rank_diagnostic/decontx/GSE245386/primary__GSM7841723.json	3777	4fe9cf052f7a5687d22fa2b14671a96796ee251b5e63b31a18b26252c63f9ade
work/repro_liana_rank_diagnostic/decontx/GSE245386/primary__GSM7841723__full_network.tsv.gz	5601279	3d8061e94848178e9d7ac7948617e925bd1694a346a2dae7337d295f93f0b4eb
work/repro_liana_rank_diagnostic/decontx/GSE245386/primary__GSM7841723__target.tsv.gz	59858	ba37e3f78096ab05abbd1d95848a731583133eaaf253a41f8a6a44b617c117a2
work/repro_liana_rank_diagnostic/decontx/GSE245386/primary__GSM7841724.json	3746	2c4ab0a1983461d893de5ab0c038ef24c4b2d955125914e54cc9f303c81cd71a
work/repro_liana_rank_diagnostic/decontx/GSE245386/primary__GSM7841724__full_network.tsv.gz	4436526	8756d3dc933cd5ce72b3612f436a7733c6f74cdf82139a19349988911e359abf
work/repro_liana_rank_diagnostic/decontx/GSE245386/primary__GSM7841724__target.tsv.gz	54826	11f4b01698d3fbf6a2172ae42cc0f63efb13b18bdf7bdc030dd585c19a1ea677
work/repro_liana_rank_diagnostic/decontx/GSE245386/reference_singlet__GSM7841720.json	3864	5b7f4e0adfd0b9e73015cd68232b213402826c38b0354d2840ec4b1c46e0681c
work/repro_liana_rank_diagnostic/decontx/GSE245386/reference_singlet__GSM7841720__full_network.tsv.gz	4742788	7c758a81ed3a2a0fd71cbfb5e4ec7c04489bdf17b2aa381190159548ed5fe9e4
work/repro_liana_rank_diagnostic/decontx/GSE245386/reference_singlet__GSM7841720__target.tsv.gz	50528	0a1704160dc81354b6a9046c04a44505a0c299731269cbf5b209308424df810c
work/repro_liana_rank_diagnostic/decontx/GSE245386/reference_singlet__GSM7841721.json	3823	27774e7d1ac3da345890ce7246b9aecea09c1e8fe70da145d4a5fa60d39e0d1e
work/repro_liana_rank_diagnostic/decontx/GSE245386/reference_singlet__GSM7841721__full_network.tsv.gz	4083370	f7de1aeff03d6c8793cf2e8b7ad98ced2af7520b5f846cd2ac57a20f8abb67bc
work/repro_liana_rank_diagnostic/decontx/GSE245386/reference_singlet__GSM7841721__target.tsv.gz	52990	9046e09a2760e576602b0314fcbc866c4fceb40a7f124637fcff0f456a53a8e7
work/repro_liana_rank_diagnostic/decontx/GSE245386/reference_singlet__GSM7841722.json	3834	a1e9a70deb0f7801902cd6d46e5ed411bc6d6e20c13056e74624cab721697467
work/repro_liana_rank_diagnostic/decontx/GSE245386/reference_singlet__GSM7841722__full_network.tsv.gz	3993495	b9bb2097620579378437f44ecfe9a8d27f99118009ee208956adc6a6ab461feb
work/repro_liana_rank_diagnostic/decontx/GSE245386/reference_singlet__GSM7841722__target.tsv.gz	54206	a52eb1aa96d838ccaca0a7e73866cd17e7ac463818cb083a6c828c7df5ef2bfc
work/repro_liana_rank_diagnostic/decontx/GSE245386/reference_singlet__GSM7841723.json	3849	ee971a0ae7fac7c94d8894e9695a0392ff6825aaccb45be37bde08d0ec3e22be
work/repro_liana_rank_diagnostic/decontx/GSE245386/reference_singlet__GSM7841723__full_network.tsv.gz	5383629	9853ee3adbfe608222f7ab4c2492ebb75cea3af58673f9e3097b8fe6fe0864df
work/repro_liana_rank_diagnostic/decontx/GSE245386/reference_singlet__GSM7841723__target.tsv.gz	64902	ddfb7f12c68a7fc9d6695be3d68bddcb4ad3e30393fbea46d4711ef1ba312440
work/repro_liana_rank_diagnostic/decontx/GSE245386/reference_singlet__GSM7841724.json	3830	0e717f7c7c10fd30b37f6d1236caf47d1a61c1221c83fd769463aff3e9c0965f
work/repro_liana_rank_diagnostic/decontx/GSE245386/reference_singlet__GSM7841724__full_network.tsv.gz	4198729	e7adffdfc29c295225c03ce2db04475bc988637f22723be5fe18778c891ab1ce
work/repro_liana_rank_diagnostic/decontx/GSE245386/reference_singlet__GSM7841724__target.tsv.gz	54409	e9ba1db2e0dbf967e68e3d40ae99ba87d240bf0c868f81e77b60a13b0d1139c0
work/repro_liana_rank_diagnostic/raw/GSE174574/primary__GSM5319987.json	3140	83c21e0f3b977b68acac369ac1ebba153cc101deb7274a27e663dbfe07e4af15
work/repro_liana_rank_diagnostic/raw/GSE174574/primary__GSM5319987__full_network.tsv.gz	1254335	723be3d64d9bcf9e4fb3b77770b08bcf8c1b61b5506175ed382e5dece820ff1e
work/repro_liana_rank_diagnostic/raw/GSE174574/primary__GSM5319987__target.tsv.gz	21109	a481b524b572f595e8c0166dcbb36228b425bd471d67e4154b6244e602d9bc63
work/repro_liana_rank_diagnostic/raw/GSE174574/primary__GSM5319988.json	3126	b6bba7dbe5a9ea37a5de580ba245955735a5ea9488323d563fe2c06bb5270377
work/repro_liana_rank_diagnostic/raw/GSE174574/primary__GSM5319988__full_network.tsv.gz	1425559	b8b71d7234791122de56e41116d59ae48921d6f1549b79c6a8864f11eecc84bf
work/repro_liana_rank_diagnostic/raw/GSE174574/primary__GSM5319988__target.tsv.gz	21848	43ff91130f5085db82c21da5cfe52eb1a69200e28ac6f961df38aa7027086f89
work/repro_liana_rank_diagnostic/raw/GSE174574/primary__GSM5319989.json	3164	eea3a86407238b200e9a49db99570643b5191897eedc774007c566adee63555e
work/repro_liana_rank_diagnostic/raw/GSE174574/primary__GSM5319989__full_network.tsv.gz	1691393	c26036fa03d08034a2e3a5ad9bc93d78b85c307867fe2203b1780400c7b9979e
work/repro_liana_rank_diagnostic/raw/GSE174574/primary__GSM5319989__target.tsv.gz	23574	33db41e3c8608830bb2497b4c9bddd65a4c218681ebd25ad8b6816f7be1bcd82
work/repro_liana_rank_diagnostic/raw/GSE174574/primary__GSM5319990.json	3189	a5178eb40fe6fc8480a9af730e24d0b42556de2d5629e4908be9e841ccd7af57
work/repro_liana_rank_diagnostic/raw/GSE174574/primary__GSM5319990__full_network.tsv.gz	2255887	0eda5d9ec80e1330629b476290790bcdc5bea8c78e89395dee57bc2cfa53543c
work/repro_liana_rank_diagnostic/raw/GSE174574/primary__GSM5319990__target.tsv.gz	26758	96c0e4e89ab8c68dce6a48e52c752e1eb08ca5dd78bea1aced94d6c24d23310b
work/repro_liana_rank_diagnostic/raw/GSE174574/primary__GSM5319991.json	3188	e9405bfada6d386e9628aa00c98da562b2f648b49cf5c52009317d8286043b3c
work/repro_liana_rank_diagnostic/raw/GSE174574/primary__GSM5319991__full_network.tsv.gz	2047866	d586e0eb1e1c6a5eb708c7ea1fc3960819345bdc0727c05a9cda545653d1a3fb
work/repro_liana_rank_diagnostic/raw/GSE174574/primary__GSM5319991__target.tsv.gz	25994	5370b675d2450ec7229dfb12406b70e2b7e6d58c64af3fd444c56d33c62a0f02
work/repro_liana_rank_diagnostic/raw/GSE174574/primary__GSM5319992.json	3183	d29254b148b2fb4a8b504f9b1a8354458965ef8841cc84cf5e8b7df65bae15e8
work/repro_liana_rank_diagnostic/raw/GSE174574/primary__GSM5319992__full_network.tsv.gz	2451141	c9d312662f7df8d3b1b056ece53c33065d9a17a68848662f2671424384a7bd81
work/repro_liana_rank_diagnostic/raw/GSE174574/primary__GSM5319992__target.tsv.gz	30593	0306d28a396a4e7a7ebfde392f45685bfc2ff1dc1bc9b8c66376af46621f8ea1
work/repro_liana_rank_diagnostic/raw/GSE174574/reference_singlet__GSM5319987.json	3211	5d76e147576e68b6278519de301bb40a1a6f97120b9e19c983a45018975199f2
work/repro_liana_rank_diagnostic/raw/GSE174574/reference_singlet__GSM5319987__full_network.tsv.gz	1201434	5f578fb9aa9a9b1ac2c9add94e1e75104bac549c914e1a2380ef3f44b2fef3b4
work/repro_liana_rank_diagnostic/raw/GSE174574/reference_singlet__GSM5319987__target.tsv.gz	20463	8f22de00309ebceb192b284d9e01c62b3dd7587ec6fd54ffb175e5e9f2459d87
work/repro_liana_rank_diagnostic/raw/GSE174574/reference_singlet__GSM5319988.json	3212	44c8a589a798a77e4daaf7a2711a11c274f8001e2a1bd81289c78de0864bd591
work/repro_liana_rank_diagnostic/raw/GSE174574/reference_singlet__GSM5319988__full_network.tsv.gz	1371566	f1d90aa6557ab92dafb2658acc952dde2d6df8c939517129cc4134c0ec78f9ef
work/repro_liana_rank_diagnostic/raw/GSE174574/reference_singlet__GSM5319988__target.tsv.gz	22339	291db45f15dfc2401be1244fb526a9b4e15d5617c06e2e29f4386057e4296ff2
work/repro_liana_rank_diagnostic/raw/GSE174574/reference_singlet__GSM5319989.json	3235	aa852162afd0efdb7acea84b544d8d185bf5e8915543c4e4067164c9aef49216
work/repro_liana_rank_diagnostic/raw/GSE174574/reference_singlet__GSM5319989__full_network.tsv.gz	1612108	d5a109a1c70e6ba18bfc1659d42fad0092dc8045ffb4dee9481e76103ae47b4a
work/repro_liana_rank_diagnostic/raw/GSE174574/reference_singlet__GSM5319989__target.tsv.gz	22570	98c786fd3a425ea812d43f2d8a8ec00a0b1495865677c476a5f0e9be9874c312
work/repro_liana_rank_diagnostic/raw/GSE174574/reference_singlet__GSM5319990.json	3260	c7a03dd1450c3498270d4334e5ce48111706854ac3bdb5841dcaec11107c5b84
work/repro_liana_rank_diagnostic/raw/GSE174574/reference_singlet__GSM5319990__full_network.tsv.gz	2148446	d05f6d9d7cafdc4799a26035f969230e48984445454a51f21db76b288f2bea38
work/repro_liana_rank_diagnostic/raw/GSE174574/reference_singlet__GSM5319990__target.tsv.gz	26516	b29dba0d982329fd391e23788af426b298e174a1732ae76f1a5bc7ba4dfab5a7
work/repro_liana_rank_diagnostic/raw/GSE174574/reference_singlet__GSM5319991.json	3259	4a87b3efce945ed678d05312868d59bab00cd8ce6dd960b5432581391048b6e8
work/repro_liana_rank_diagnostic/raw/GSE174574/reference_singlet__GSM5319991__full_network.tsv.gz	1955521	7023c3a064f7241484d575094a93e43be6a2d0092b3f97bdc5e668ef000ceeca
work/repro_liana_rank_diagnostic/raw/GSE174574/reference_singlet__GSM5319991__target.tsv.gz	22826	b1014bd9a164c19cdc0c5553729fc26707129cadd9f0374503c7372bbc9314f4
work/repro_liana_rank_diagnostic/raw/GSE174574/reference_singlet__GSM5319992.json	3256	88c30ca61cf9e65308ffbc4e34831d78a32089de87b6b8fbccccbaf193d458af
work/repro_liana_rank_diagnostic/raw/GSE174574/reference_singlet__GSM5319992__full_network.tsv.gz	2277561	f0f10fc159906a421a0ca56b40e3a44b4937f193826840a3e925802ec5767c3e
work/repro_liana_rank_diagnostic/raw/GSE174574/reference_singlet__GSM5319992__target.tsv.gz	29447	ff0e14b3e4825cf5193f2a0d718e203e39bbe226515df1521c6c23b667a2b7bc
work/repro_liana_rank_diagnostic/raw/GSE245386/primary__GSM7841720.json	3224	8f9577a316629d7dd83542485b8963e3577846591650095e3cdae9dc7b4cb532
work/repro_liana_rank_diagnostic/raw/GSE245386/primary__GSM7841720__full_network.tsv.gz	4640718	7f288becc47331011be34d216e06fe1fa31206ff5a325792b6a393081601f383
work/repro_liana_rank_diagnostic/raw/GSE245386/primary__GSM7841720__target.tsv.gz	48356	038a5fe1bd97895cfc5dad12f6a9e3b15007624f957125f2085922422d6789bc
work/repro_liana_rank_diagnostic/raw/GSE245386/primary__GSM7841721.json	3171	994c20c25a09baf9ca25b2260888d4ff2107af472703a4e79cbbda944fd0b279
work/repro_liana_rank_diagnostic/raw/GSE245386/primary__GSM7841721__full_network.tsv.gz	4288719	6e94ffa1f17d28587c9bef97ea0bac83fdf7b107a7f858a4b15b55213ed3f787
work/repro_liana_rank_diagnostic/raw/GSE245386/primary__GSM7841721__target.tsv.gz	52485	483fd2a3812ff16f309a91cffdaabf94b760bbadde36f7a199587f1ee082b8b2
work/repro_liana_rank_diagnostic/raw/GSE245386/primary__GSM7841722.json	3181	0e666dfc302586585e8fc59d10d431a3afc6ba649d0c8541aed830b37b9fce0c
work/repro_liana_rank_diagnostic/raw/GSE245386/primary__GSM7841722__full_network.tsv.gz	4173581	8c55a75c103daa22a446ff76569ea93990c29454c9dd355775a84c9e38e52605
work/repro_liana_rank_diagnostic/raw/GSE245386/primary__GSM7841722__target.tsv.gz	53120	cc12fb49a8463a4d941f9382bca6f00ccadb26b99133d3516e99f8d64b59f01d
work/repro_liana_rank_diagnostic/raw/GSE245386/primary__GSM7841723.json	3197	8e00907edd97896b23878a927039b1eb1d44cb773a8b4cb25a0584da92e19191
work/repro_liana_rank_diagnostic/raw/GSE245386/primary__GSM7841723__full_network.tsv.gz	5595270	5768f3698f8546ae630cdcfceb085d187b3a4e756cc39e27a6042f65001cc359
work/repro_liana_rank_diagnostic/raw/GSE245386/primary__GSM7841723__target.tsv.gz	59155	d5db9627deb8f762cc24a70e9266426eec45dd493e5f2959e01668913b318aad
work/repro_liana_rank_diagnostic/raw/GSE245386/primary__GSM7841724.json	3178	fc11eb405fcfb1690f4bfa1bd18084151dfd41bca718880e5073508433518eec
work/repro_liana_rank_diagnostic/raw/GSE245386/primary__GSM7841724__full_network.tsv.gz	4431508	56ff85ebda9104c7fff73101c707ae54baf78a51997000511c2485b49145c2d1
work/repro_liana_rank_diagnostic/raw/GSE245386/primary__GSM7841724__target.tsv.gz	54598	46de48feced4657be948437d0479a1d2126e47c75e307f3aa92a99e190a4eff0
work/repro_liana_rank_diagnostic/raw/GSE245386/reference_singlet__GSM7841720.json	3295	b5a1274f4cf4b1f010c4625bb1c5760fff8079499a967fbb69fb98fee36fcd87
work/repro_liana_rank_diagnostic/raw/GSE245386/reference_singlet__GSM7841720__full_network.tsv.gz	4744679	54a2be54c5c322832838197128e8fc11a26a29f88bc70765138d76725255e2b0
work/repro_liana_rank_diagnostic/raw/GSE245386/reference_singlet__GSM7841720__target.tsv.gz	49776	a7572e4f7684dbdcbc3090757f5582ebe57af54e464df6478560f61b9144382a
work/repro_liana_rank_diagnostic/raw/GSE245386/reference_singlet__GSM7841721.json	3256	098684ee58c7d7bc5d1b071b3844cd83cf99ae9f98161928bebea917144f697e
work/repro_liana_rank_diagnostic/raw/GSE245386/reference_singlet__GSM7841721__full_network.tsv.gz	4160716	17e1ed18eab2717909f37aa4f129cfccd2b9a688a9fb999def9df562828334ce
work/repro_liana_rank_diagnostic/raw/GSE245386/reference_singlet__GSM7841721__target.tsv.gz	52808	bc9406c6bd7b596f43e615a8c376195a7357c33938e3498802c8c5e06a8e8d92
work/repro_liana_rank_diagnostic/raw/GSE245386/reference_singlet__GSM7841722.json	3253	47a633b0613166ed9c962c70ac7563a4e258bde8a3fb908dda866a1a354b2707
work/repro_liana_rank_diagnostic/raw/GSE245386/reference_singlet__GSM7841722__full_network.tsv.gz	3991791	27740965f526bf34896e9d03258d15e0c134d023d117f5dcc4ca4a75a91d1935
work/repro_liana_rank_diagnostic/raw/GSE245386/reference_singlet__GSM7841722__target.tsv.gz	54045	b4608d239482997e0bd3c9e44dbe491a227c2cd28c20ca2b49db387bb21a1c53
work/repro_liana_rank_diagnostic/raw/GSE245386/reference_singlet__GSM7841723.json	3269	9137e812672e50c2a56712977b43a481e9a89ebfbf9aca6e4fd33267d6ff4ace
work/repro_liana_rank_diagnostic/raw/GSE245386/reference_singlet__GSM7841723__full_network.tsv.gz	5377397	39b7aff10d123ce6134c23d98c9519081f5b1e29c46f755174d7e05bd84fdafd
work/repro_liana_rank_diagnostic/raw/GSE245386/reference_singlet__GSM7841723__target.tsv.gz	63801	3c9115a6f23b11d546162b7d1872aaaafb60cffa75e52e27f769b20ef33dcfac
work/repro_liana_rank_diagnostic/raw/GSE245386/reference_singlet__GSM7841724.json	3250	4fb06e46f4642ffe2a20d8f6cf5b750da9dbd2bee78b82ada412dbf52bcd076f
work/repro_liana_rank_diagnostic/raw/GSE245386/reference_singlet__GSM7841724__full_network.tsv.gz	4271025	452d66ab953aa771f86d724644f0661c428d657b91bea67ef2f7aa8200699af8
work/repro_liana_rank_diagnostic/raw/GSE245386/reference_singlet__GSM7841724__target.tsv.gz	53883	70c36f1a1dee09fa4b199739d74e2eaffd98b3bee25e7dc037df6674bbf33344
work/repro_liana_rank_diagnostic.py	18118	ac86a59c9e545d5652ec829f70cba771e14e01a18d46c45aa64947b05bc2e805
work/repro_liana_rank_diagnostic_plan.md	2358	e85c0d40a00e2d6fd05a468bb81c2215cdc90035be73be27988aabafec748733
work/repro_liana_rank_diagnostic_raw_run.py	16227	1f361ef31a8cb65ada708254094face3664a2758ed7852d7b8e971e9bcbf279b
work/repro_literature/Cesaro2025_crossref.json	25521	2a31cd4625d104c70f2deb5d571f70a6c3b6e1b9c978be8d9b2c879483915503
work/repro_literature/Hou2025_crossref.json	30770	766c5e0a2ac4779cdc70fd6b31d3bcd6ce3deb042d7f54208418a5e5ce80b326
work/repro_literature/Kolde2012_crossref.json	14567	64bf98b3c40321a06c0c71a2c6d7f846215d8f584721b0307b2909acbe586ca5
work/repro_literature/Ku2026_crossref.json	32304	f274b78f70bdf8412bb8b13b254334bad4ef49832d26b298f3088912fa7bab5c
work/repro_literature/liana_1_10_0_aggregate.py	5417	7e7fa25f940e1862db2082ad79a81ccadfa64ad317fe9fb05d928b52c9c7984b
work/repro_literature/liana_1_10_0_aggregate_snapshot_provenance.json	288	f560c93eea071c2c0b217b7eb77ee3a70c44c42d6c6d10b51ee1e39de05ce22b
work/repro_literature/liana_1_10_0_common.py	1648	8a88a6a380e773760c6fe0946f4380dcdb5b56a4a8e4b7b303b639218a1b252b
work/repro_literature/liana_LICENSE.txt	1523	1cbafe60cd1e28a9f8a039a139bacc6c99dd5cd1132425e96baf41217737f666
work/repro_literature/liana_merge_d421137_aggregate.py	6392	484b2e61d7bb01d141116a6fdf8f8b7d269973396be3354d10702222770aa875
work/repro_literature/liana_merge_d421137_api.json	151687	2987e3fda368c54e02460dfcacfe81411f5ef73b464a2f9be179c4fa7068f9b2
work/repro_literature/liana_merge_d421137_extracted_aggregation.py	3541	3aa394f28c259e5c585e5198e4fef23c280ff0519ae9b7076e0e92f29d2125c0
work/repro_literature/liana_merge_d421137_LICENSE	1523	1cbafe60cd1e28a9f8a039a139bacc6c99dd5cd1132425e96baf41217737f666
work/repro_literature/liana_merge_d421137_license_provenance.json	443	e98a12e9520c5a1533ae920c82bfb88a20a65ba3e0beac963f4374ee48143527
work/repro_literature/liana_pr261_api.json	17975	6153e21dc2d310b12fe8ab856aa38a91d8cb164625d0eb59d00de071989c4868
work/repro_literature/liana_pr261_source_provenance.json	1709	58630f64b9b2b08ae807979d3754beb07ce4598ccf1a98c696363ae6c3766d75
work/repro_literature/references.json	42253	1a356d4f981a1eafdf65a8f0745025383cfd4bd88303593eb5f662e186985928
work/repro_literature/Yang2020_crossref.json	16208	32df0b07bb1b21d2c85489c1f387e8a5137db0ab1eaf5611ea4e8f7193d187e9
work/repro_literature/Zhang2026_crossref.json	19062	956942cb04130c1c99e171081d478cb9b5cdce866c9a972ccaa55f426cbc4aa2
work/repro_main_sections.json	11851	68f7efe3ca2f7eebec4d95a7f0dec1e4dcbf50c0f9e0d082915fb0b27931eaf0
work/repro_manuscript_en_core.md	10994	b5586307e22273e25cb6319ce0e861708f03481da84c982524bcb8f8bb96a5cd
work/repro_manuscript_en_sections.json	18691	882e6e78fb23825d069b5d8a3e962ab89680140542bf1383d2d69d663b8b9678
work/repro_manuscript_en_source.md	50822	61df3645481c1df18246a4c26a079aa2fe74f12f8d1f0a25e64b113b9a614427
work/repro_manuscript_frontmatter.json	4690	bb912fb22793cfa35e40ce0faaed6860d51fb02f6cb87a882dc028d71adc1e5e
work/repro_manuscript_zh_source.md	40135	6c7f47f39db4e465efef99a9a0c32520942e2b383c3e3e6166071ab8b55b13cb
work/repro_null_baseline.py	19078	11673161a7a066e3f03bc56930450de3a81c6e835e15b570bfc023ccca052000
work/repro_null_plan.md	5605	e6d46571f4a43928ab0efcdc0de4b82ecc4e53b3aba0af4d48b754b1a707fea8
work/repro_package_release.py	17585	92653dab165a723df746b34bb7e38cd693659f0b780ed7fa0a0a5577a41aa935
work/repro_package_release_notes.md	5928	e8abefb98dda324755220b4f56aeac08e6326658248292eafda3870f37c81ab4
work/repro_prepare_manuscripts.py	13226	c53240a472ca95670477305af525d42523c417d50ff918a8ba7261ae0f10885b
work/repro_rank_background.py	9594	7f408b1c783ff512dc23a6e84be8055eba83f6eb477bd9f2ef7ddf29ce6c3b0b
work/repro_rank_background_plan.md	1970	c522e296b4bd593a78a52fee4bcad04b115318cbee90e30bd97ade878bfba4e4
work/repro_rank_discussion.md	3377	c07f060c73de89b52f37c5db6ae5031f1e2b9c0670a6a25acf96b0a666314def
work/repro_rank_figure.py	7895	a7ee93c17ac7521b7c96b49ac487a194376f8638fa6cdb34bc67d2631cea01f8
work/repro_rank_mechanism.py	13899	a53c4cf6c4dee844023288b0ade2464ccc6d5b7043b7fd5549146e15c6126bdb
work/repro_rank_mechanism_plan.md	3334	2a5bfce54eabb5d865b6cad7def395b4da7eb6f9677f2cd602362a3fbb95b675
work/repro_record_zh_visual_review.py	1850	1647840d208f8a5820dbcb4b78637c90d5b3025f1129e3bb0b6467a9aef56e9d
work/repro_references.py	1825	cf67a66e7bf00ea708af3bea07989e182fb0d5b192f20e47379234b42e0c60ba
work/repro_relocation_evidence.py	6408	899f873e1d526ed00f22c96bc2e0e8c9d446e126fe097aeb7e665884bd0ee633
work/repro_results_static.md	6460	f26663beb92722cba82dc47828df6f5af97018bd880fab5212ec0b8495c2497c
work/repro_revision_response.md	4606	9542b5e96a52c41a755f9be40df801b320e16d04e2c6dff5a219d32c44149a9a
work/repro_run_cached_pipeline.py	18319	17f83de7fb5be6d24c4e84a5cd423e7a967a8934ea745131c36f5b938e81565c
work/repro_sorted_descriptive.py	4809	b5c8f718e27f1c6e6effaabcd12095dc836ddf14cab3d368659f485d978c3b87
work/repro_sparse_detection_amendment.md	1299	b760f072829767852d02f0d5893015a3766bbab60a383391e9f141260786f9b4
work/repro_stage_archive.py	8698	453087b0b7b9e04338e28d8d71503e78debc6643568d1ccf227a37230f360d12
work/repro_sync_release_documents.py	2508	c6945b7c83ebf76b3292e30d4cfbe29b7aba851cd06f8b20af6b70c43ee06697
work/repro_third_coavailability.py	13237	b27a5dafbf18d5ae292d4631af8bdef1d46cc4042a698ad57405c1f6caf6627f
work/repro_third_cohort/context_cache/GSM9755192/audit.json	2166	a2dcfb57789572fac8632e576227ec894145f1b730385a2e39deb0470f8274e4
work/repro_third_cohort/context_cache/GSM9755192/cells.tsv.gz	891662	ffac6ad733cf13a108ba4e9bf2f61da43a6d72f198c6a74a44eede608511724e
work/repro_third_cohort/context_cache/GSM9755192/genes.tsv.gz	197262	fbe68c583c87cb98d5e21d5f2e5727d88e19c7b30add42eaeac320d4884cb2aa
work/repro_third_cohort/context_cache/GSM9755194/audit.json	2210	df84ff6db47e6ee7631c5acfab63c0fed9b3540a986a211d378c56480019c77f
work/repro_third_cohort/context_cache/GSM9755194/cells.tsv.gz	767274	a8d3afadaf864ec76cddfe83315bd2e3fa4aa6d6a9d09afbfc4b31e8e09d3224
work/repro_third_cohort/context_cache/GSM9755194/genes.tsv.gz	198715	16ede491a0bb6f2621eec83e229c8bf9370bb6a15762abd0138546c630164aba
work/repro_third_cohort/context_cache/GSM9755196/audit.json	2143	1e0663e55e1693a2b26983abd129f73f59d565ea77b864cb0d75cc615034fd53
work/repro_third_cohort/context_cache/GSM9755196/cells.tsv.gz	540568	1e5dd6c3c66a9cae7ea30600547b029f51c65da5d71f6f046bc6eca790c7f482
work/repro_third_cohort/context_cache/GSM9755196/genes.tsv.gz	197851	c69615d92b3c887d6d95704c6320071ce327d30de219e9eb121455a81fcb2ee0
work/repro_third_cohort/context_cache/GSM9755210/audit.json	2143	fef324e32fac461c317f9b592891e630264b0be4b4773df01340de620ce7495e
work/repro_third_cohort/context_cache/GSM9755210/cells.tsv.gz	536840	fc35c3831202b5f6f0823028278231f7565d9b0e9605ad3dd43fcec64a1d7d66
work/repro_third_cohort/context_cache/GSM9755210/genes.tsv.gz	195904	c7295bfec5cc61967bfb17d46cd1c62e94cfdf5aec8b4be8f895bd5d7f804177
work/repro_third_cohort/context_cache/GSM9755212/audit.json	2148	b0f875acdcf6b02173f31ab4e5d9e686cbcd511f23ec36e283915af9a041fc05
work/repro_third_cohort/context_cache/GSM9755212/cells.tsv.gz	616394	2b6775ee1477907432968defe58924933dc0c0d3a9259229cac6b14666891421
work/repro_third_cohort/context_cache/GSM9755212/genes.tsv.gz	196965	091b2c55248b4aa525f1f8c7f38abba0f72601a0967edde2a4e58937b899ce13
work/repro_third_cohort/context_cache/GSM9755214/audit.json	2137	04dccde6d18d777243e33f31b468f729104759703b45a8695b566b689d6fa6fe
work/repro_third_cohort/context_cache/GSM9755214/cells.tsv.gz	426502	9f7fc194dbe02f0917be83325754c07194f3cc4c255f8691e4d6eee6215a84b0
work/repro_third_cohort/context_cache/GSM9755214/genes.tsv.gz	195339	0c3e2267006641f486c780739e963b424cf0a8f35a8cf979bd45b58ca2cc8ba3
work/repro_third_cohort/download_manifest.json	17877	fd569134d77bdd57d0c5568eabe984330bd4d4b026c4f1c191c2298b8d08c9f3
work/repro_third_cohort/GSM9755192_source_audit.json	2859	79ee1e628827e67a1970dfb226d34b0cdbe9b61b82a13f2f3912bab836b27a4a
work/repro_third_cohort/GSM9755194_source_audit.json	2859	7709fc3c5ac618cfb633c0cb9b9205144d1525f56952d9cd79256ea232991bde
work/repro_third_cohort/GSM9755196_source_audit.json	2857	8d67691236b6157b42a933038c0b1b94dab48ea10b5740a1c6a6a8e6fedf4cd1
work/repro_third_cohort/GSM9755210_source_audit.json	2809	7ba0d2369a055e7ded9be2b84c5d21506d1e010ae8122387fc2a1a70639ecd06
work/repro_third_cohort/GSM9755212_source_audit.json	2841	7ac65e9993fd1970b75253d031a25ca334d3b46a656ed8c13098aae2bab938db
work/repro_third_cohort/GSM9755214_source_audit.json	2839	b1c26c0200527ce84a3fcda6517211cc09a31a9cc3788073fb0547dc6c9616b9
work/repro_third_cohort/library_qc_summary.tsv	1260	06b55baaabe7da597949836201453f376fc9a0d7e61c38f1882944396dd4fea6
work/repro_third_cohort/processed/GSE332910/GSM9755192_cells.tsv.gz	2252775	14d50d36c807cc9bc49c36b29590be32d3c295361ea7f5c2679ff59cb32098ff
work/repro_third_cohort/processed/GSE332910/GSM9755192_features.tsv.gz	197276	06b2573953915d4f6f006e6c7f38e3e9e6ca062c69e766b28b0f612ddc6f8079
work/repro_third_cohort/processed/GSE332910/GSM9755192_fractions.tsv.gz	992068	4de71369604940b513659952bcf40706af17f8fb68205f98df431513fd1acda5
work/repro_third_cohort/processed/GSE332910/GSM9755192_mean_logcp10k.tsv.gz	2496455	99603fe5bb48fd3e2b84c5f983cc1862d3f99a3ee42efb836b91ff09d7537f08
work/repro_third_cohort/processed/GSE332910/GSM9755192_pseudobulk.tsv.gz	484164	e82f00f43488651d5d1b55349949fa8cb2b9bd4537ddef7ce5365856dfba8f7f
work/repro_third_cohort/processed/GSE332910/GSM9755192_sample_counts.tsv	909	b9121d9bf8d1d63ad1fdf5c3b91a1fed4cec9919483eb834e513486c10a17811
work/repro_third_cohort/processed/GSE332910/GSM9755192_stream_aggregation.json	247	a9279eb09ea67afd921269ec3cc4f48f2ce48edf815827ee40618f2b1142e97c
work/repro_third_cohort/processed/GSE332910/GSM9755194_cells.tsv.gz	1952664	9312226fab858566a1483b45a0257965297252ddff8e1070c834f6ab84cc0bd8
work/repro_third_cohort/processed/GSE332910/GSM9755194_features.tsv.gz	198729	b7c0cdb0079482565b41d4945cc394cb95472cf42826a6d15f7c60605208c55f
work/repro_third_cohort/processed/GSE332910/GSM9755194_fractions.tsv.gz	1024537	e7632b0e2fb1bee2edd30d768f9af1470570c3b7564bd90aa4ef6133e959299c
work/repro_third_cohort/processed/GSE332910/GSM9755194_mean_logcp10k.tsv.gz	2761911	59cd912ae462e8f41e6bc77e1ea6a698a6740df0c10b70b768a9d02833f7fea4
work/repro_third_cohort/processed/GSE332910/GSM9755194_pseudobulk.tsv.gz	495757	0cc5d0d4c561a7c4a07be9159e1948913a66653758f0c1644745471d95dcf224
work/repro_third_cohort/processed/GSE332910/GSM9755194_sample_counts.tsv	914	a77950dae6899af9333b5ab83dd6bcc12f2c1c3f93d2b7c38bcd8d91046470d4
work/repro_third_cohort/processed/GSE332910/GSM9755194_stream_aggregation.json	247	4ae9daf19ed3513974f15c468e580b5f807924913888e62ad3c6cc0c0e10aa11
work/repro_third_cohort/processed/GSE332910/GSM9755196_cells.tsv.gz	1590315	b952f3edc53fc6d5910c782dba4cbbae7218a0917dad926b63280e115c58b998
work/repro_third_cohort/processed/GSE332910/GSM9755196_features.tsv.gz	197865	5a28bbb6099c54c40f4bb9b9a71bea5a0798df28738d099a07e5068ef0c39e5a
work/repro_third_cohort/processed/GSE332910/GSM9755196_fractions.tsv.gz	829686	31221cc4e6334203b2479f4225d4f5b8e0dc7aadd05f13631c3068ed92db19a5
work/repro_third_cohort/processed/GSE332910/GSM9755196_mean_logcp10k.tsv.gz	2305749	9d0f775afdb89eb16db0d6e08528bf0a7f3460466bed719fa44b0983829f6e88
work/repro_third_cohort/processed/GSE332910/GSM9755196_pseudobulk.tsv.gz	444079	7145a56a5b15d1e4062a220b1529f8d149247363c8d66cdc5ed911f7907b210c
work/repro_third_cohort/processed/GSE332910/GSM9755196_sample_counts.tsv	897	318be555ce2b15c745332fbccab2a0e6511849eabc77b70c0e051e1e60310884
work/repro_third_cohort/processed/GSE332910/GSM9755196_stream_aggregation.json	247	32f18b5f4aa9209535fdabe793f90b956974d3394266ce2620d93350bc4b7d44
work/repro_third_cohort/processed/GSE332910/GSM9755210_cells.tsv.gz	1721336	338e72976cb50886043c0cea405305f350a99e29040e8347ddd131c6d3e6cc4f
work/repro_third_cohort/processed/GSE332910/GSM9755210_features.tsv.gz	195918	421718f5dae9a141cb7444ddb354b967d113af7f69a182c958baf31dd0708469
work/repro_third_cohort/processed/GSE332910/GSM9755210_fractions.tsv.gz	843990	1c3098ef080d8db072434ef6be493c0f8bf6473578982c155a9e7d44590bedc6
work/repro_third_cohort/processed/GSE332910/GSM9755210_mean_logcp10k.tsv.gz	2382248	6fe4939a5b7d56d0597eb767f5219752005c8de32214a29f433d9af1e8cf0f12
work/repro_third_cohort/processed/GSE332910/GSM9755210_pseudobulk.tsv.gz	445098	5fd9e513250bfa6fc4b78157cd84cd1ea6ab0b08f016f2a43daa677aee9d0d22
work/repro_third_cohort/processed/GSE332910/GSM9755210_sample_counts.tsv	905	35a5e508ce097930b662747da1864fe661489ab43128033dc062253fb8957213
work/repro_third_cohort/processed/GSE332910/GSM9755210_stream_aggregation.json	247	b1d9c34016aaca52e3f3c909bf68d7f711a47f5d0220817aaa48255d64232b8e
work/repro_third_cohort/processed/GSE332910/GSM9755212_cells.tsv.gz	1964127	1d6602d8dd58eee2ca0b3a58da64c0a39609af1f0658be41b02dae70bb093f77
work/repro_third_cohort/processed/GSE332910/GSM9755212_features.tsv.gz	196979	67c720da385551c8da20a42fca9757188b07ce414222647c09e05eb8fae12f3c
work/repro_third_cohort/processed/GSE332910/GSM9755212_fractions.tsv.gz	879054	5c7143c36ee75258655914c8b8aa7bbd9a787ddaff2756d4e671d74a61d49d49
work/repro_third_cohort/processed/GSE332910/GSM9755212_mean_logcp10k.tsv.gz	2337635	289768d4b37fd50b81445105e5db71c236dd0d22c04a3cbdd11e4c3c9bd7ab44
work/repro_third_cohort/processed/GSE332910/GSM9755212_pseudobulk.tsv.gz	445478	5ed2248e3cbd64fbdbe7b07fee6b8e09e2dd3a1c2689a176c4b0958a5ab3a7c3
work/repro_third_cohort/processed/GSE332910/GSM9755212_sample_counts.tsv	906	a4b848fe952416b5732aff786e9b0374ee5e589464a6f30a58d79ebcb6755c60
work/repro_third_cohort/processed/GSE332910/GSM9755212_stream_aggregation.json	247	f7f02295f42174d4addeee39b0e14a618fd2fa24f6d621165eeb4c552626d40d
work/repro_third_cohort/processed/GSE332910/GSM9755214_cells.tsv.gz	1079645	88a25387289e67f28cd2cbe9d5b3618506bf3768dad6c633b114d2b894425b3f
work/repro_third_cohort/processed/GSE332910/GSM9755214_features.tsv.gz	195353	e8f08e62a085d29c48d367a331f45576bd640311f576e3dd2e9fd756cb2bea04
work/repro_third_cohort/processed/GSE332910/GSM9755214_fractions.tsv.gz	692439	8f5aafc8102ed5b4541a7eaec6d249cebd9d3895910cb1a537b1aecb8afad28d
work/repro_third_cohort/processed/GSE332910/GSM9755214_mean_logcp10k.tsv.gz	2210364	9d490222e6331e86f2f73677d023895e3e1ea103e5ee13b3226a05247d1200a4
work/repro_third_cohort/processed/GSE332910/GSM9755214_pseudobulk.tsv.gz	406039	cf73ef68b124084ba5057c80de718558fe16f9bb100faa019220d7c8225628d7
work/repro_third_cohort/processed/GSE332910/GSM9755214_sample_counts.tsv	897	d3324df6b6acc4857382652ac821e3ab1db89f79c39e43c08136525ca30b5d05
work/repro_third_cohort/processed/GSE332910/GSM9755214_stream_aggregation.json	245	2dd58a7dd5a0c25286130ac5f7085e76504b807765c18a6ae9844aa1064a99b7
work/repro_third_cohort/processed/GSE332910/marker_panel.json	1506	22342372dc56e0570d7394c60fee465d69aa29af0def9b2f4984fd24e7c24ed8
work/repro_third_cohort/processed/GSE332910/qc_summary.tsv	746	13b9280a68d55c74baeb86042bcd8260fbc12f18e0d299c0711ece7615041b43
work/repro_third_cohort/processed/GSE332910/sample_cell_counts.tsv	5073	f06eb72369e1ec2737af4ee9d628263a61f8c6f7d005b47a15365bc4afb8b748
work/repro_third_cohort/qc_method.json	771	0ffde7cd11d6a63e01125f0cf3a56053f8429584d321003f5d566670a6e35c7b
work/repro_third_cohort/README.md	7802	7a70c77a59c4fe402e36ade014ee5aa26ca480428c3ef6b078a1dd4109e05091
work/repro_third_cohort.py	8923	47be87207fcc84efcde95c99dc70df39061786ba407db26af49582c7656ba972
work/repro_third_cohort_methods_results.md	3795	24235fd9ed91d58740c42144247cd8cc5580704e8677da4743cfd6e217ce9df2
work/repro_third_figure.py	7593	3020b5e63e4a1425b29fe259775b43f64ddedf6419d3b8ea676b5f9840d72153
work/repro_third_liana/primary__GSM9755192.json	3023	1498c5af24ba3aa6da85643c4d7cb3d4773e765a640bf3812da706ddac8d9e1a
work/repro_third_liana/primary__GSM9755192__full_network.tsv.gz	3201348	668841f78e8c824a22927b4c2803f86a350a2cbcf9d0386c8255c6361b06a6b8
work/repro_third_liana/primary__GSM9755192__target.tsv.gz	65733	5cb11b158f283ff1cb0adb5492750e4dfbc2e5f8763c64fb62f0818063b35d2b
work/repro_third_liana/primary__GSM9755194.json	3058	30e5c6b280c289fc169d93dcd3857e0abbb6b48a320de124ca427d29f99b805f
work/repro_third_liana/primary__GSM9755194__full_network.tsv.gz	4470904	bc0cde8be3baeaf4c0ba1f07395ccd3c0387df5e794800ee67c1528f03741ba8
work/repro_third_liana/primary__GSM9755194__target.tsv.gz	62522	b5ae7afc44e5780ed2e8e306c0aea4e3553a7cf82c90fc76f12f26d747806cf2
work/repro_third_liana/primary__GSM9755196.json	2989	6f65a8f37af3b376f841203c55f4b22a01ca6145c599088f7ecf10b4307ca307
work/repro_third_liana/primary__GSM9755196__full_network.tsv.gz	2269733	01bc697db6df7282e6b0481352f045af02f0f2f61ae66197012e425a94d61231
work/repro_third_liana/primary__GSM9755196__target.tsv.gz	58679	dd6aa9f60e7f9237ba98e544b5cb1fb661785cf43bd37702c845172fda23de81
work/repro_third_liana/primary__GSM9755210.json	3000	8589fdff519eccb731262ed6472280e4ca727503cb777f02467806a4eb3f85d0
work/repro_third_liana/primary__GSM9755210__full_network.tsv.gz	2352221	0c813b5c3bf4fff34f7e6df1b56eb820751120db969fa3496253b691d2774046
work/repro_third_liana/primary__GSM9755210__target.tsv.gz	56648	aee9e6bb9c89f41ebec4189cc29a2c5cbb70cddf480b2ca76b4d904492a028b9
work/repro_third_liana/primary__GSM9755212.json	3021	fe31526e99f7b3c0d0c89ed2463d944107c7716657251511f0060db33839a2d8
work/repro_third_liana/primary__GSM9755212__full_network.tsv.gz	2647045	70fa70e95b97c662f56ce76eec2dd4e35e28362c7d27fe8216b8da8b29c702b4
work/repro_third_liana/primary__GSM9755212__target.tsv.gz	48225	debe43bb677a261416aa5d07353886501aa87d79c1556c7c0117ff41513c0f48
work/repro_third_liana/primary__GSM9755214.json	2997	dbccd172d167c3e33eb6730fe0e4ae3d8ba0694b164ad786380e13a1f78f1595
work/repro_third_liana/primary__GSM9755214__full_network.tsv.gz	1355968	3652f689cd6bb850125f73158e4727cfc0eef3f3e49a516aa5e85d431a87e82b
work/repro_third_liana/primary__GSM9755214__target.tsv.gz	34478	d2acdefcf8b5b6d9ed69b0147b686db6b76ab290213e007dd0c703d89f6be106
work/repro_third_liana.py	21413	63440eaf8a60e271420673393e59b2550d65b867a03c0cdca09e0384a55709d6
work/repro_third_liana_narrative.json	6946	e758a94f063e625403a6616f0bfaa6704c46ebf6cba9dd5fcc596519d9a370d2
work/repro_third_liana_plan.md	3753	ef574d6613c25add2961016e48c5e0bc2af1ebfce330c24d8d04b1b69d734bb2
work/repro_third_metadata_update.py	5620	c688efaa958f36f5a6eda1f06cb06e83bd2f33b5c60e1b1ad0a3ddbc239d0924
work/repro_third_original_pair.py	3156	8f47b41d629be77b28ed9a1e451f9961e641431f3fb02af3805e569b598c0e4f
work/repro_third_write_narrative.py	10568	80b34a5f1b312d6d2c10d9d091f88b3da19459a956e2649d2947dd56ddcf63f7
work/repro_upstream_correction_audit.py	13326	36fac7c3cbacba6c28324818ce1458651421876aa94d61f9842def39fab59255
work/repro_upstream_correction_note.json	6438	8b143f7bcda8abfff19510e0ca96ed31ed47b12c8b9ced53cb4b0d060101bbe4
work/repro_upstream_correction_note.md	5352	60fb5f7b83cb2edd1a3ae558212fa31e8bed9998a00ceafa2405086d168a02d4
work/repro_upstream_correction_plan.md	3512	db5c61b457aaef980866c25a441f1214674595dd2f727ca272d8b347f04420be
work/repro_v3_author_declarations.json	1726	f25cd6f4918fa8968fd5a3b2b4de5d662677c443fd2c61133c23f686bce13220
work/repro_v3_build_docx.py	10556	bb8ecb781dc9eb1e17cb58896d15facc7d1c3352b3c0d6fc38809e2b06f4e93e
work/repro_v3_cellchat/all_controlled_runner.log	9103	d93291349424277a415f830c8049e5414ec840ba3cf6ce710097b49e87d6a50a
work/repro_v3_cellchat/analysis_sessionInfo.txt	3078	35b41f448d7e8a947bc49ac8366ecb9972f177f09cb63ab9b337e59d7acabc25
work/repro_v3_cellchat/controlled/GSE174574/GSM5319987/cells.tsv.gz	42401	6f9332d3b6062bac7c1cd4d368059c5f9683113fa9d962326cad2efdcf0032b0
work/repro_v3_cellchat/controlled/GSE174574/GSM5319987/full_network.tsv.gz	617114	8c01d5014dc97de94c78a2c0e6144182b889309cb375609f0a6558596d7bb609
work/repro_v3_cellchat/controlled/GSE174574/GSM5319987/full_network_lossless.tsv.gz	618668	77422e24ed1b5c9d6686415a0941719eac4a1454a58b06514aa65776d1df9bed
work/repro_v3_cellchat/controlled/GSE174574/GSM5319987/genes.tsv	5907	c1bd568dfd32945aa16b4614b743dcb5cd94ba10926cd43fb3437484825eea65
work/repro_v3_cellchat/controlled/GSE174574/GSM5319987/input_audit.json	1401	eb79bff63c52e6e9de4396a4bf105b4c4d845c6c4172bfa6f4f302be15b8680e
work/repro_v3_cellchat/controlled/GSE174574/GSM5319987/logcp10k_signal.mtx.gz	998809	24cf8d1cf24eba98dc05acaa87695683f97fbda1df8752b7d4686d8daa23cdc5
work/repro_v3_cellchat/controlled/GSE174574/GSM5319987/lossless_export_audit.json	803	a6468f6e0c063a0cf90cac6654a02ed2e44983feaedfab9a69e5fdfadfd30fd2
work/repro_v3_cellchat/controlled/GSE174574/GSM5319987/memory_trace.tsv	1936	0994d1ded7e283c896203bd7c6bf239602287d337e0a8cfff961c44e2d399b0e
work/repro_v3_cellchat/controlled/GSE174574/GSM5319987/model.log	28174	87bddc4d36fb423e7403c7068b288c65e4972a434e8a5ecba6e97050b5d6986c
work/repro_v3_cellchat/controlled/GSE174574/GSM5319987/model_audit.json	1398	7463378beb6d0a4ae43cddea6684e73af8244b8d6f15006a635027461f9579f6
work/repro_v3_cellchat/controlled/GSE174574/GSM5319987/native_network.rds	166155	163bc43cd8f10d85c1293ac125667f9b69b377b5fad69265f3b35611e52c77c3
work/repro_v3_cellchat/controlled/GSE174574/GSM5319987/run_telemetry.json	928	45bf46f5fea01df69512895fd9668c3d9fe00dbd0aec1f1b60a63729e7e1a6f7
work/repro_v3_cellchat/controlled/GSE174574/GSM5319988/cells.tsv.gz	41491	8bac4aa276a127c61acd9438717c8eee53208b9f7ec984e5d4af69a1ce0288f0
work/repro_v3_cellchat/controlled/GSE174574/GSM5319988/full_network.tsv.gz	615699	d0c663d541c01497262d8d6dc6fbb3fd7e50b63c477ed0722b2f8c5d805cd753
work/repro_v3_cellchat/controlled/GSE174574/GSM5319988/full_network_lossless.tsv.gz	616801	852bfe7bf51dcff834f7481f3c3e97412204e09707c33cb04e42b483531d102e
work/repro_v3_cellchat/controlled/GSE174574/GSM5319988/genes.tsv	5907	c1bd568dfd32945aa16b4614b743dcb5cd94ba10926cd43fb3437484825eea65
work/repro_v3_cellchat/controlled/GSE174574/GSM5319988/input_audit.json	1401	04d509b7bf96b2a514bcb6d5310866c19c13dcb1cde467ff7cd72b392e42fac7
work/repro_v3_cellchat/controlled/GSE174574/GSM5319988/logcp10k_signal.mtx.gz	998289	3da65620e27dc1d71ed50bf46243c55f18b6630f9e9fda017e025438771735a0
work/repro_v3_cellchat/controlled/GSE174574/GSM5319988/lossless_export_audit.json	803	8dbad2e24ff6ff3ae57f4883b10ea68996bfb9273085a812a2b70d438bd51a33
work/repro_v3_cellchat/controlled/GSE174574/GSM5319988/memory_trace.tsv	2244	b167d57fdbe3330408c55b3456a893e2c2b5bebdcb49dcb82b8b8ed6cc4489c3
work/repro_v3_cellchat/controlled/GSE174574/GSM5319988/model.log	28174	ce144f1792dc4ac10c61662e46a1547fed2f60149dfb6c1f2a0ed4407ef04b6f
work/repro_v3_cellchat/controlled/GSE174574/GSM5319988/model_audit.json	1412	56c1845695572cbac555e8322c7c98c9bb9a21fcedfb2fdf15689923eb22299b
work/repro_v3_cellchat/controlled/GSE174574/GSM5319988/native_network.rds	163790	d615bb71d7d3fa573c2b67271e32e699e1f49203711b5ae6719e80b7842567a4
work/repro_v3_cellchat/controlled/GSE174574/GSM5319988/run_telemetry.json	928	fe4cab53e28408219d1261a2bf83e792086986629713b3b280834a072cc791fe
work/repro_v3_cellchat/controlled/GSE174574/GSM5319989/cells.tsv.gz	48807	0a7ff431a9c00aaddcfa78d2b3b171d47111b2aaa0c49d0d9c89989e466e1845
work/repro_v3_cellchat/controlled/GSE174574/GSM5319989/full_network.tsv.gz	702181	192394fdd665f732769fb6019dbed3be230139d9c5998afbc8f75d0352626002
work/repro_v3_cellchat/controlled/GSE174574/GSM5319989/full_network_lossless.tsv.gz	704102	1613e4b1d70328b503e53411f120d3f291a04b0d58da4ebcd4337b46b00577d3
work/repro_v3_cellchat/controlled/GSE174574/GSM5319989/genes.tsv	5907	c1bd568dfd32945aa16b4614b743dcb5cd94ba10926cd43fb3437484825eea65
work/repro_v3_cellchat/controlled/GSE174574/GSM5319989/input_audit.json	1425	40fcf06cd47abc914064e5b6480a705769c221143658d0d4c8c53e6b8a3fc11f
work/repro_v3_cellchat/controlled/GSE174574/GSM5319989/logcp10k_signal.mtx.gz	1208549	291cd98e4d17e49f03a8b43ac985b1c940690d6a4c197c177a7f54c8160982f5
work/repro_v3_cellchat/controlled/GSE174574/GSM5319989/lossless_export_audit.json	803	eb50da2d0ffa53d8db7ccd6787ab4b506ab36b8b1b309a0f2b7d03a8fcd2f391
work/repro_v3_cellchat/controlled/GSE174574/GSM5319989/memory_trace.tsv	1751	39265ab6d53ca58a771f1108fc27341224e4cf3d9b2b6820940d1d867403e331
work/repro_v3_cellchat/controlled/GSE174574/GSM5319989/model.log	28185	493a9b5b0c85fa738bc74b65135e874a7ee20096b02503986d5b5eecdb8888d7
work/repro_v3_cellchat/controlled/GSE174574/GSM5319989/model_audit.json	1412	7aeb714a55d4e8ce2a384c5eab97deccef370ee66bfe0e9014fc955f4e4499d0
work/repro_v3_cellchat/controlled/GSE174574/GSM5319989/native_network.rds	180454	c571e1b0a43bd17889951df1058fc819510428102e3e6e022fcde36d98c998ad
work/repro_v3_cellchat/controlled/GSE174574/GSM5319989/run_telemetry.json	929	e4de154f91759c0be4df8dd255a44e95ed50516ced3fddaafbcf76f2ad6652e9
work/repro_v3_cellchat/controlled/GSE174574/GSM5319990/cells.tsv.gz	68467	881475eb387aa2250ea757190da7050cdb5a9341fcd90cf071acb6875c9dccf0
work/repro_v3_cellchat/controlled/GSE174574/GSM5319990/full_network.tsv.gz	849032	13b1c552f3d6db9364865676d99ecad32601a115a7d303816d95b99c2f994eb0
work/repro_v3_cellchat/controlled/GSE174574/GSM5319990/full_network_lossless.tsv.gz	851479	8cca751c8998cb666e00aac0f3c53465f348c2bc367279ac79e1918a1caf2a62
work/repro_v3_cellchat/controlled/GSE174574/GSM5319990/genes.tsv	5907	c1bd568dfd32945aa16b4614b743dcb5cd94ba10926cd43fb3437484825eea65
work/repro_v3_cellchat/controlled/GSE174574/GSM5319990/input_audit.json	1449	25a88f9b99f9e2efbac4eee222a4c986955a79c9187ed5f8dc64133d3dd369b5
work/repro_v3_cellchat/controlled/GSE174574/GSM5319990/logcp10k_signal.mtx.gz	1881124	d31cfbc8166803eeddc39d85c01c0f1fce3977331b7741f8be4810508cab7ff7
work/repro_v3_cellchat/controlled/GSE174574/GSM5319990/lossless_export_audit.json	804	58f359f66d309bbc8a8e3b13a5c0440e5ff1e4de422a64743b7488f8f9be8242
work/repro_v3_cellchat/controlled/GSE174574/GSM5319990/memory_trace.tsv	2050	5eb4ace3327eb178376edd2594261eac73753363b956fc4ed3e8bc99be68b92a
work/repro_v3_cellchat/controlled/GSE174574/GSM5319990/model.log	28197	8a0f9f407d6a813310b2a6022cef7ecfae74007a1caef16a3a612df90ad036bd
work/repro_v3_cellchat/controlled/GSE174574/GSM5319990/model_audit.json	1412	a960bb7945acbc9e7ffbc3e463d4e4b3b4b7837b13ddbd676072be265d516467
work/repro_v3_cellchat/controlled/GSE174574/GSM5319990/native_network.rds	209362	26014d33d36fdd38bc03d474d7186981d3de50da76a0381534f9ae3b2c4fd167
work/repro_v3_cellchat/controlled/GSE174574/GSM5319990/run_telemetry.json	929	47113731f4f897dc7c6421fa4f72cc58a69b7589868068c6d4f413841a3eafd6
work/repro_v3_cellchat/controlled/GSE174574/GSM5319991/cells.tsv.gz	65980	df4dbe5ed94e58fce567187f9bfba3f4154c7296cb37245d4037975d16208e07
work/repro_v3_cellchat/controlled/GSE174574/GSM5319991/full_network.tsv.gz	847593	f60de3b1aa299cfaa2a2804bb2dcf8198d445a8df3164f7f458295aad85fa06b
work/repro_v3_cellchat/controlled/GSE174574/GSM5319991/full_network_lossless.tsv.gz	849826	127e9f5239c193c775bcee113e758573d5d0c02fd90a6c2b185016ce22f2e180
work/repro_v3_cellchat/controlled/GSE174574/GSM5319991/genes.tsv	5907	c1bd568dfd32945aa16b4614b743dcb5cd94ba10926cd43fb3437484825eea65
work/repro_v3_cellchat/controlled/GSE174574/GSM5319991/input_audit.json	1448	a949cec63a81100a0165d2d724b3694cfc208c4464ba05eff30c0f95c9bedce4
work/repro_v3_cellchat/controlled/GSE174574/GSM5319991/logcp10k_signal.mtx.gz	1787855	26b237f92bbd19d31580eb66a87299525b17959be4cff0e8133c36293acbff9c
work/repro_v3_cellchat/controlled/GSE174574/GSM5319991/lossless_export_audit.json	802	8d36530e3bb0bfc0c5c674fdcef7d960e693088e41659ffc4857d97610f05e39
work/repro_v3_cellchat/controlled/GSE174574/GSM5319991/memory_trace.tsv	1901	77c7cdaba2660f17611ac494259ba768fe9315e37e87586bdc6fe201becf8411
work/repro_v3_cellchat/controlled/GSE174574/GSM5319991/model.log	28197	7580fdc8f10557995cbfad8cab7d572197f4bdc58e55dc41b76eb68e55a86649
work/repro_v3_cellchat/controlled/GSE174574/GSM5319991/model_audit.json	1400	1d604cc8821a6c016cef217f84965b5aa1ab28dfb33aa2f0bfc0913300eb9436
work/repro_v3_cellchat/controlled/GSE174574/GSM5319991/native_network.rds	205219	441122135d12585c63df637624e0bb1fc36ee3a1ceaf3629eeefc4572b976604
work/repro_v3_cellchat/controlled/GSE174574/GSM5319991/run_telemetry.json	929	c562fe5816404cc38076243593a90c21d83c5c3d0c5637ad690b4723f7a07b72
work/repro_v3_cellchat/controlled/GSE174574/GSM5319992/cells.tsv.gz	50885	34be822541f15bd61586374980635388409df93c5edb71be6e2da1029e77966b
work/repro_v3_cellchat/controlled/GSE174574/GSM5319992/full_network.tsv.gz	852640	4d890bcda4ab41c0d00a1e42587f19f30c7bb1503f20999059dcda3fa008b3ce
work/repro_v3_cellchat/controlled/GSE174574/GSM5319992/full_network_lossless.tsv.gz	855134	cf776f898ae7d04aae83091c642b659ea0d1cb8e0435d9636600e9624374f658
work/repro_v3_cellchat/controlled/GSE174574/GSM5319992/genes.tsv	5907	c1bd568dfd32945aa16b4614b743dcb5cd94ba10926cd43fb3437484825eea65
work/repro_v3_cellchat/controlled/GSE174574/GSM5319992/input_audit.json	1445	4232c0f9edaf4433d8bf378dde3623d2b8d45519f6162673ef74f83b5d1463eb
work/repro_v3_cellchat/controlled/GSE174574/GSM5319992/logcp10k_signal.mtx.gz	1466872	2ed1f50fc0ecbe9803e88b5bfb2007764280c7850b64b6ed17d4ab18ad1f5f69
work/repro_v3_cellchat/controlled/GSE174574/GSM5319992/lossless_export_audit.json	804	d5992c49bca93d0c4b755bbfec2fec4a6c712a93c98bc7d3871eb1eeca891452
work/repro_v3_cellchat/controlled/GSE174574/GSM5319992/memory_trace.tsv	1792	c9000d38b75fff7b9495d696df7d8be7b7d648a58eeb0fe471301ebd66369c2b
work/repro_v3_cellchat/controlled/GSE174574/GSM5319992/model.log	28195	d54f421bbfda149febae5d89e0ca6e62814ae059baf7e396322c24b6e27da358
work/repro_v3_cellchat/controlled/GSE174574/GSM5319992/model_audit.json	1412	552463b704d855165eb6ab600b32b525db06617fc9e7b7dedd1b374caa7eaa0d
work/repro_v3_cellchat/controlled/GSE174574/GSM5319992/native_network.rds	186457	2af2ac3d75fc9872021a65b80b439f1d8e69639a8536c1ea8307d22340435c65
work/repro_v3_cellchat/controlled/GSE174574/GSM5319992/run_telemetry.json	929	1a96f265cd02f8872f24dcb047d7a937bfca5ee972faf1420ffe9aa1f91deff3
work/repro_v3_cellchat/controlled/GSE245386/GSM7841720/cells.tsv.gz	91947	1b1937c92a750b929d7ca65a0cf7fdc9a4a83958d5f8f74530790b44c64fe538
work/repro_v3_cellchat/controlled/GSE245386/GSM7841720/full_network.tsv.gz	1158905	fcef4b766942fd85a5a08e4eeb342e57d34c767a8928754a0804c515c0b442ff
work/repro_v3_cellchat/controlled/GSE245386/GSM7841720/full_network_lossless.tsv.gz	1165000	349424440ffeb6a1d770ed0aff9071b32fd683be9020daae81492761060d8c20
work/repro_v3_cellchat/controlled/GSE245386/GSM7841720/genes.tsv	5907	c1bd568dfd32945aa16b4614b743dcb5cd94ba10926cd43fb3437484825eea65
work/repro_v3_cellchat/controlled/GSE245386/GSM7841720/input_audit.json	1484	150580046d60d109c9c09a876778fd0fa1bb1c60757f718adc53476cdce6a113
work/repro_v3_cellchat/controlled/GSE245386/GSM7841720/logcp10k_signal.mtx.gz	3347107	fff88b5c73524561c03f29fa7318606683b5fe8f6971ac5441b04b9e419f6e7a
work/repro_v3_cellchat/controlled/GSE245386/GSM7841720/lossless_export_audit.json	804	1805a5e50bb0047138abbd927b378432ebf2ab3f0ad92543f22794c1e86f1e29
work/repro_v3_cellchat/controlled/GSE245386/GSM7841720/memory_trace.tsv	2797	324d39684945b2ab559f8a483cd41a0806c4ff72b6f5373e3e96e4d27b914f25
work/repro_v3_cellchat/controlled/GSE245386/GSM7841720/model.log	28210	a30dde7acb836f3dd28d3c138eb197d8f68fdf053458626007d9475db9ff1771
work/repro_v3_cellchat/controlled/GSE245386/GSM7841720/model_audit.json	1413	b7acdaa13cf4ee32aa4ddf17abf32e22ae7b1e2f28d0c8ae9ba482aa5d3e6c84
work/repro_v3_cellchat/controlled/GSE245386/GSM7841720/native_network.rds	263550	0da5834c88787d31776cbda1cb4f702a43443419b7dd1b246c2cee9cc4f98f2f
work/repro_v3_cellchat/controlled/GSE245386/GSM7841720/rds_tsv_precision_audit.json	194	7e713e3c91911ba826ac4482c0642cb1c206b2d660e0c7b8255eb5b26d812671
work/repro_v3_cellchat/controlled/GSE245386/GSM7841720/run_telemetry.json	928	6bec7c0034b13357ac662d38572251f893306a2c01102882b9350ede7d62b513
work/repro_v3_cellchat/controlled/GSE245386/GSM7841721/cells.tsv.gz	68736	daac5aaba8b9ed44174dfec3fe817137fefdae1a69a7030cb53eab14cce55f4f
work/repro_v3_cellchat/controlled/GSE245386/GSM7841721/full_network.tsv.gz	907714	276545e0587e70515578911bdf17221774131b6f7e5989f99f67393864cf9daf
work/repro_v3_cellchat/controlled/GSE245386/GSM7841721/full_network_lossless.tsv.gz	916786	f2813ef2a6b83d7fa887081eacda259c8782cfe223966ecc4b7461411b2926b8
work/repro_v3_cellchat/controlled/GSE245386/GSM7841721/genes.tsv	5907	c1bd568dfd32945aa16b4614b743dcb5cd94ba10926cd43fb3437484825eea65
work/repro_v3_cellchat/controlled/GSE245386/GSM7841721/input_audit.json	1443	96db164a757b2a0e70cc87de03fb51d41e2e661f578389a004dbbac210022b3c
work/repro_v3_cellchat/controlled/GSE245386/GSM7841721/logcp10k_signal.mtx.gz	3095648	b19b921f183b72def6236d3f54c7b80e149d75deeb9dfd2ad761b77c53f46cc6
work/repro_v3_cellchat/controlled/GSE245386/GSM7841721/lossless_export_audit.json	804	5d6414bc032ab55c3e9c08950b9f970a4bf14d86d5547307bd5482f500dd59a6
work/repro_v3_cellchat/controlled/GSE245386/GSM7841721/memory_trace.tsv	2731	66ba098f479993b13668e9f575e7c5bc63c620159798720768387d41178d313c
work/repro_v3_cellchat/controlled/GSE245386/GSM7841721/model.log	28192	d4703fbdf456c3897a751d397c7e57e3df59a6f4da2380f71a8b84d4ba04d85e
work/repro_v3_cellchat/controlled/GSE245386/GSM7841721/model_audit.json	1400	40ae7c67f77734e6d4d18540a3cacdca0ef65f72ff39babcfc117022e89e3206
work/repro_v3_cellchat/controlled/GSE245386/GSM7841721/native_network.rds	251202	a6a65e2bb1cd218685ccd25296033da1868998888c71ac8fa0120b7daa5865ae
work/repro_v3_cellchat/controlled/GSE245386/GSM7841721/run_telemetry.json	929	8d5c98a1be0cba8deab683260a71985c5fae27441f8e7d7843086203b9242a65
work/repro_v3_cellchat/controlled/GSE245386/GSM7841722/cells.tsv.gz	65140	0076e42572173a416e7ab696d9a1e1b1b611583af0e727fed3fbb60856277ecc
work/repro_v3_cellchat/controlled/GSE245386/GSM7841722/full_network.tsv.gz	902340	48cbd0e8eda64b1ef5bae6ee80eb41b1f34a61540cf62a69daa0e9be9da3954d
work/repro_v3_cellchat/controlled/GSE245386/GSM7841722/full_network_lossless.tsv.gz	910670	0fd6ebc8346ab8903ade89b0f4a79f55f935bdbf58d339e7a651c2c753a4dac0
work/repro_v3_cellchat/controlled/GSE245386/GSM7841722/genes.tsv	5907	c1bd568dfd32945aa16b4614b743dcb5cd94ba10926cd43fb3437484825eea65
work/repro_v3_cellchat/controlled/GSE245386/GSM7841722/input_audit.json	1442	9969951d8c9b9b4f157c2162ffd9bec3f585777150f25ff228bcdd00860b37fd
work/repro_v3_cellchat/controlled/GSE245386/GSM7841722/logcp10k_signal.mtx.gz	2971885	888fcd5d1fd03b24906af5589be113b981a738115f1ce83ef2c77bb4ff93bf41
work/repro_v3_cellchat/controlled/GSE245386/GSM7841722/lossless_export_audit.json	804	cca3bf0e1693bcab6759ebafa46f124cb45afb7b356d3d9f654d82cdde5cb434
work/repro_v3_cellchat/controlled/GSE245386/GSM7841722/memory_trace.tsv	2516	6d12c26160f7d057d305ffd13e8c17d9045c8f419c2df89fcd11feda477bef5b
work/repro_v3_cellchat/controlled/GSE245386/GSM7841722/model.log	28193	03e036de5d42f237ca0943e8b47611af1c2dcbedb20b5a3a5dbbce46148c62aa
work/repro_v3_cellchat/controlled/GSE245386/GSM7841722/model_audit.json	1410	3f5e6d3d5aea39a627d7284b2745b6d3ff0c627a16c0da84f388a09df44ac4ae
work/repro_v3_cellchat/controlled/GSE245386/GSM7841722/native_network.rds	242466	f288690299a0b0b2d6d98601f18b737a7aaf6c362c92dd5fb803c2ae149b9aca
work/repro_v3_cellchat/controlled/GSE245386/GSM7841722/run_telemetry.json	927	61a34bca0cb2e23ae2f84a6d7173995f4812bd62c494d09f09859effa7739c69
work/repro_v3_cellchat/controlled/GSE245386/GSM7841723/cells.tsv.gz	67641	f12b739d392b1c0d7d098c48afca0ff80b4aae61f16088af948013b1e4c994eb
work/repro_v3_cellchat/controlled/GSE245386/GSM7841723/full_network.tsv.gz	1035938	3d660d3522c02d47cdcb34757b73177fbc29cd00dfabebc9dbbf460a5a6fd01e
work/repro_v3_cellchat/controlled/GSE245386/GSM7841723/full_network_lossless.tsv.gz	1047897	3c7bb1a5b55696ce6fba8ec82fc34d01f937e410935d22c439eb28669d6c03a1
work/repro_v3_cellchat/controlled/GSE245386/GSM7841723/genes.tsv	5907	c1bd568dfd32945aa16b4614b743dcb5cd94ba10926cd43fb3437484825eea65
work/repro_v3_cellchat/controlled/GSE245386/GSM7841723/input_audit.json	1458	b9ea971db5a0e741f10420232f78fba9b3824305478cff643141bc0e9f4ac1b5
work/repro_v3_cellchat/controlled/GSE245386/GSM7841723/logcp10k_signal.mtx.gz	3289791	73118a65fe98f012daeef574871c8cb126da3f47c4f2d45fb3463dc8c61d0a10
work/repro_v3_cellchat/controlled/GSE245386/GSM7841723/lossless_export_audit.json	804	f13ac361d5435b267166e405e2dfd5771d92dda3b5e6f0fa11eb21324930e114
work/repro_v3_cellchat/controlled/GSE245386/GSM7841723/memory_trace.tsv	3072	8bc74cd689abf13f00bd0769769f474e1950571d8fee0baef649986d51d3bf93
work/repro_v3_cellchat/controlled/GSE245386/GSM7841723/model.log	28198	7b16c1c6535ab93c0344a44e96376f146c1dc6bb563e12ec3c4c1c2d8ee472f5
work/repro_v3_cellchat/controlled/GSE245386/GSM7841723/model_audit.json	1400	371e1673e96543339e3c4359d9dea60d3ed020ac5c852ac1fa567c2d8ba4e701
work/repro_v3_cellchat/controlled/GSE245386/GSM7841723/native_network.rds	265672	bd6c22c70943e8015594e002d19ce1caf8d93909e114679bcf987c68cf7db196
work/repro_v3_cellchat/controlled/GSE245386/GSM7841723/run_telemetry.json	917	d34b868499b02849b51aa2e729ffd2313d81a6978bb512500ef341e2310e496a
work/repro_v3_cellchat/controlled/GSE245386/GSM7841724/cells.tsv.gz	87698	0a719f915ac2d7e9ae5233ac5c9ccf5c8bf28481e9d322ae448f821d9a365daf
work/repro_v3_cellchat/controlled/GSE245386/GSM7841724/full_network.tsv.gz	912963	10ddea896956f6e8e287c04a77e974694ad5f45891b069a6c7a15fd65275803d
work/repro_v3_cellchat/controlled/GSE245386/GSM7841724/full_network_lossless.tsv.gz	921896	04635ace703a3b19712b78da3bae5b3422f5fc68af1028ef07dd1be861a831f6
work/repro_v3_cellchat/controlled/GSE245386/GSM7841724/genes.tsv	5907	c1bd568dfd32945aa16b4614b743dcb5cd94ba10926cd43fb3437484825eea65
work/repro_v3_cellchat/controlled/GSE245386/GSM7841724/input_audit.json	1438	93eaf7a3df58085e09c8cb1387e3d6e2c95f9bacacd3ee9468e70043db1773b1
work/repro_v3_cellchat/controlled/GSE245386/GSM7841724/logcp10k_signal.mtx.gz	3877784	e49786fe5820036a90310505359b7d4ecb25e6be50b9173b2b487ba8f2bb0756
work/repro_v3_cellchat/controlled/GSE245386/GSM7841724/lossless_export_audit.json	804	553424da3aacc51a88db85b389ca08ce3eb83661f767de642161444d3d355ab1
work/repro_v3_cellchat/controlled/GSE245386/GSM7841724/memory_trace.tsv	4801	2e790c69262b263c9489f49320cb381fcebf8fc92398649231d342216593c247
work/repro_v3_cellchat/controlled/GSE245386/GSM7841724/model.log	28189	7b39a080cdee4bc2a4af48b306acb23d5621d0d95a70c622337d22040af21621
work/repro_v3_cellchat/controlled/GSE245386/GSM7841724/model_audit.json	1412	f1d751ecab7382cab22c132f1665bc9991d9f7449d63f23c2663a12de7ba1928
work/repro_v3_cellchat/controlled/GSE245386/GSM7841724/native_network.rds	276902	656bd8b4509b9aa44361c1f84fe318fda5b305131aa4e748f4e2c54bfe8bb058
work/repro_v3_cellchat/controlled/GSE245386/GSM7841724/run_telemetry.json	929	3b15d393c0ca382ca89fc80ce898b4c45e17dc5fcec499bf9505072cca9fd49e
work/repro_v3_cellchat/controlled_resource.tsv	1502744	023596afec94f1dc06529d3432360d724dc8791ff2ce38b20b05fefaeb52daed
work/repro_v3_cellchat/download_manifest.json	14727	61a74688c7c32f28ec25c8f3db832ce204dd69f5c507897bd1c120c8ef73cb4e
work/repro_v3_cellchat/environment_summary.json	681	8fb5eb56a05638b1f46bb7d0ba3d61ddffb450c611472beffe4166b52d2d954d
work/repro_v3_cellchat/install_verify.log	5897	701955410c4c86f135dceab5a5c5c7652716196913d4c658c702192527c1e275
work/repro_v3_cellchat/installation_sessionInfo.txt	3078	35b41f448d7e8a947bc49ac8366ecb9972f177f09cb63ab9b337e59d7acabc25
work/repro_v3_cellchat/installed_package_verified.json	11106	6a35ab6718ce627d004e18bbc14c68f488283a84f0c13d4973a1804e7d7c81e9
work/repro_v3_cellchat/lossless_export.log	522	5f683509652bfc1977f40f43f5007b998d3aa8532a71948456217abbc72bfe29
work/repro_v3_cellchat/native_package_toy.rds	7108	8e8df5396264bde967ff9069eb658a4d1f89cab8668fc331b8238727cf0378a0
work/repro_v3_cellchat/pilot_runner.log	909	7ffa9c829c3e69d68405bae2df0faadad03176b676ddc802b6e00ce014d210ac
work/repro_v3_cellchat/R_packages_effective.tsv	43360	4e00c628ffd9f818be4a106a45904e9f0d85795614ed973192d1bf900444d89d
work/repro_v3_cellchat/README.md	6333	9e064c08e22af81bb246adb60062484b633ae193dbcb4134b7d95d9b4bf17d7e
work/repro_v3_cellchat/tables/cross_cohort_concordance.tsv	3595	fc16aa2b1022544514b8e3d8550b74248fae5a80a30eb9b463e5ed4b62f7c55f
work/repro_v3_cellchat/tables/eligibility_attrition.tsv	367	e1fec94fe74b2df3fab0f805d41353f72f9cef8b091d00a1a6367022c92df670
work/repro_v3_cellchat/tables/fixed_complete_network_keys.tsv	43598	a397d52c35ae68e6f5561271e50527c1dbda7eeec9cc595404a142b022394e7a
work/repro_v3_cellchat/tables/fixed_complete_target_keys.tsv	1180	29a582032ca5a8bc5982d661b90242602acfdc55ee059d4ce1afef989416633c
work/repro_v3_cellchat/tables/fixed_universe_audit.json	2994	7990b4a0901027427accd7d359d8164afa73dad176da380b75e51afe4b6e98c2
work/repro_v3_cellchat/tables/GSM5319987__fixed_full_network_scores.tsv.gz	39433	e9f25572925bf586b1dd9fddcf155a73fe267698a29394ffd0154fe21d423c38
work/repro_v3_cellchat/tables/GSM5319987__fixed_LIANA_components.tsv.gz	23637	138a5e54d3928cd0c8f440d4f2cac96b8c9d6e8c34d7cec967cbab4ef390d009
work/repro_v3_cellchat/tables/GSM5319988__fixed_full_network_scores.tsv.gz	38159	0f5fe91ff2c6de20fcc905d50960ab18b460f6b02d0d642d315e24da1ce014e9
work/repro_v3_cellchat/tables/GSM5319988__fixed_LIANA_components.tsv.gz	23616	d92cf8b981cf58bdd471ad53271bde7196abacb6b071ba20e3f98a2120764a99
work/repro_v3_cellchat/tables/GSM5319989__fixed_full_network_scores.tsv.gz	40562	9e02f5259413f5e70f74b08a7bf94fc2e8222d8f2ca9046ddfe0bc11c81e3e66
work/repro_v3_cellchat/tables/GSM5319989__fixed_LIANA_components.tsv.gz	23600	f4f17729ca1c5b1eb605d57a35ed9f4ad67c4be4aa8e20dbd6b15289a04cfd11
work/repro_v3_cellchat/tables/GSM5319990__fixed_full_network_scores.tsv.gz	38529	b77610985fe3ab53ea786c2eac08100b6cd3be6fc9ba4ec2b3dad2667802e029
work/repro_v3_cellchat/tables/GSM5319990__fixed_LIANA_components.tsv.gz	23683	18dbfa348a1b26b8cb4423b0d93d3c0fdbcfa4616bbcceb5935b90b0db5cb511
work/repro_v3_cellchat/tables/GSM5319991__fixed_full_network_scores.tsv.gz	37732	4e72d05295bf72de3fd3f6c243dd3e933986996493048d2113b15bcf70cd0467
work/repro_v3_cellchat/tables/GSM5319991__fixed_LIANA_components.tsv.gz	23721	13d67950e75ffb8493dd9e3b1c8aa83d922ca2fea160e94e424dcddf75e71b03
work/repro_v3_cellchat/tables/GSM5319992__fixed_full_network_scores.tsv.gz	40426	f55c7ae024dc28b54346ad715a3801f5773bc90d62476d4891c859f2677de45b
work/repro_v3_cellchat/tables/GSM5319992__fixed_LIANA_components.tsv.gz	23697	b2245d3e23c7e0803b123b46e1bd425b7f7658795a7f4a02505ace373c4694da
work/repro_v3_cellchat/tables/GSM7841720__fixed_full_network_scores.tsv.gz	44378	15c350ede8dd2f870849c278bac0d7e0fe683de24154f3a55686b622186c3e18
work/repro_v3_cellchat/tables/GSM7841720__fixed_LIANA_components.tsv.gz	23653	135ae4b93f20c5af180ad9b6a09057ba401e7118caeb56654f9a8e68f4ed5309
work/repro_v3_cellchat/tables/GSM7841721__fixed_full_network_scores.tsv.gz	48460	85ea6e7102bd7ffe52cab8b68fef532719e4db10352005a4759ce447d34d1033
work/repro_v3_cellchat/tables/GSM7841721__fixed_LIANA_components.tsv.gz	23537	e12e8de80918989c426374877c09c69680b7c4512bcf7cf47ff894804f854cb9
work/repro_v3_cellchat/tables/GSM7841722__fixed_full_network_scores.tsv.gz	48679	5d1bf80e3c090529b16197c97088dc9f48d03874772538620f758b2cd07417dd
work/repro_v3_cellchat/tables/GSM7841722__fixed_LIANA_components.tsv.gz	23733	19901c8c90eff35a544c1eadd718dadb9e3e9b5b69c9784f1c0f2e45fc2b70c7
work/repro_v3_cellchat/tables/GSM7841723__fixed_full_network_scores.tsv.gz	47256	b47e5d00f3b5fb38c84b48fdfce6f1298a50c8001a37cb2c7c216c78fe6a4bc2
work/repro_v3_cellchat/tables/GSM7841723__fixed_LIANA_components.tsv.gz	23587	1b36a26b029dc30610547de2cb1a934f41e672771f8ca5762d07a1acadc973f2
work/repro_v3_cellchat/tables/GSM7841724__fixed_full_network_scores.tsv.gz	48100	1b8151e67e7f00a5976a0865896b62adb739933c328f9b220001aad7932f88ca
work/repro_v3_cellchat/tables/GSM7841724__fixed_LIANA_components.tsv.gz	23604	fc0669c6b9c7eb6f51669fa93c7add785860129719d0c9ecc0dcafb70effbd0b
work/repro_v3_cellchat/tables/original_187_to_controlled_32_attrition.json	1352	419d7ee7c41b47acd43610b59290977aa20c99c29361eadda5386326a548cfd7
work/repro_v3_cellchat/tables/original_187_to_controlled_32_attrition.tsv	24937	1096cc6cc5499d61aaa97434be6ceaa04448a20f1b3091a485fba1169ba5be0c
work/repro_v3_cellchat/tables/sample_manifest.tsv	323	0ba2e39cb65896f3f74f1dd8962e191713359b33917aa2ddc263140eb1e4dc64
work/repro_v3_cellchat/tables/summary_audit.json	18346	8e589aa6fdb1f0ed2f9d81460c2c9b7463ae298e37ededb11a297cefef8958c5
work/repro_v3_cellchat/tables/target_disease_effects.tsv.gz	7249	c9a2374bbd814895c0cd80f90a092df70c79b74020a9a2b43346a53cfc7e016e
work/repro_v3_cellchat/tables/target_sample_scores.tsv.gz	16514	e399967251cc5dd8393770ceb0fdbe9d23cc462c5fcd9944d8ce6af600da57e1
work/repro_v3_cellchat/tables/tie_zero_audit.tsv	1196	4ee8a1cbe8e3cfe560b34588d040802c5babe60f2c34cacf70e7abe6e626b536
work/repro_v3_cellchat/tables/zero_strength_target_audit.tsv	6918	78e1ff7de562caddc7360fc66844b8fe7d770af448fdb1937c18bd355234a690
work/repro_v3_cellchat_archive_manifest.py	6288	8f7117837a84d967a286f312b812e1d92955f3bfbb9241ad441b958147bea615
work/repro_v3_cellchat_attrition.py	6333	798d9246702161c378247edf15c4717f326fceb48444953a3329ffbcfebf3f89
work/repro_v3_cellchat_capture_environment.R	1331	29086151990fff9906664190c956414a13f1de44a1641610559551ef258583f0
work/repro_v3_cellchat_dependency_cost.R	1245	7526cc2199bdf65f0c61088ce3b3eba6bb0fecc46574778ab8033e9fed429e6e
work/repro_v3_cellchat_editorial_audit.json	5117	3f745211c0fec760a0252f209b3033c7b9139640b34cae7fb9eb4213e794fddc
work/repro_v3_cellchat_editorial_audit.py	6734	63ee240b0944af1634fd3e54671a27b350a7ccb2d88ce23b8735cde17f43c719
work/repro_v3_cellchat_environment/build_environment_manifest.py	8537	4a4cf30ba0550f75ab4fa0a6cb1255ffe5b376f59204f9bff1808ffdc8717921
work/repro_v3_cellchat_environment/capture_audit.json	1748	a106a65c67f776249ee30639f9d6dc741003929e3b4cc0fcc78f24a65def1147
work/repro_v3_cellchat_environment/capture_environment.R	5480	6b2ac1061d6a18dbd338e01aa7585e712e7048f8268cf044b00145855f00a35f
work/repro_v3_cellchat_environment/capture_python_audit.py	7751	94386e71fbaf17dc4d199a89f55ad8bdbc89deb18e7066b554093e4ac46db1cb
work/repro_v3_cellchat_environment/environment_lock_audit.json	1504	0a408207a74b5325ca0a14da2ff4d3b88211990933b3781a039bd93d8c35519b
work/repro_v3_cellchat_environment/environment_manifest.json	55335	a5e094b27e669079df7edc22e6db4e7efbc10ccff0e020f7fdae01a69969f3c2
work/repro_v3_cellchat_environment/offline_binary_manifest.tsv	9210	a84e70775f3ef5466465001e46c8d51bfd86586cd9447e70eb923ecad6e79cfb
work/repro_v3_cellchat_environment/offline_restore_execution.json	4741	3bbefe4039a49ec4496897979bbc46a3464b6ad04627ea4351acb926151e3af5
work/repro_v3_cellchat_environment/offline_restore_smoke_audit.json	702	18586df00c1972a3abb5addf0c12d9f73e38c5e3a485ca95c65281e4f2472f8c
work/repro_v3_cellchat_environment/offline_restore_smoke_sessionInfo.txt	3078	35b41f448d7e8a947bc49ac8366ecb9972f177f09cb63ab9b337e59d7acabc25
work/repro_v3_cellchat_environment/package_lock.tsv	52187	c9106830342250f76735c9540a3134aadf75a6ba75244c83be1bf8f48117bfe3
work/repro_v3_cellchat_environment/provenance/analysis_sessionInfo.txt	3078	35b41f448d7e8a947bc49ac8366ecb9972f177f09cb63ab9b337e59d7acabc25
work/repro_v3_cellchat_environment/provenance/download_manifest.json	14727	61a74688c7c32f28ec25c8f3db832ce204dd69f5c507897bd1c120c8ef73cb4e
work/repro_v3_cellchat_environment/provenance/environment_summary.json	681	8fb5eb56a05638b1f46bb7d0ba3d61ddffb450c611472beffe4166b52d2d954d
work/repro_v3_cellchat_environment/provenance/installed_package_verified.json	11106	6a35ab6718ce627d004e18bbc14c68f488283a84f0c13d4973a1804e7d7c81e9
work/repro_v3_cellchat_environment/provenance/source_binding.json	1102	3e8bc5ceb3ae3965a299f3e6b3d8a0251b7d88979279beeff380666f39bdda71
work/repro_v3_cellchat_environment/python_current_audit.json	4075	b2029402c3992a1610cf32d246c5ed25a5e7cd77d72f39a15c50169d1f4f98fe
work/repro_v3_cellchat_environment/python_dependency_closure.json	100646	215f10bc2806d0ec6ab1cd4343b5b6d7ce105f8ba733ae5ad3b470b7989eb045
work/repro_v3_cellchat_environment/R_analysis_sessionInfo.txt	3078	35b41f448d7e8a947bc49ac8366ecb9972f177f09cb63ab9b337e59d7acabc25
work/repro_v3_cellchat_environment/R_DESCRIPTION/abind.DESCRIPTION	896	23913c13b59903d1332c21a20ad5f0fdb66fb83e8af158c27b6a51b6d6a407f6
work/repro_v3_cellchat_environment/R_DESCRIPTION/askpass.DESCRIPTION	1418	75ad462800dfd68723da8dc0ff1b2db80655494dc8e7cd42dcdfa13d9068065a
work/repro_v3_cellchat_environment/R_DESCRIPTION/assorthead.DESCRIPTION	1468	9164993db8761f3ca7299421cdaa62f1c611b864f8b2419647d6afd6cb26d3a6
work/repro_v3_cellchat_environment/R_DESCRIPTION/backports.DESCRIPTION	1416	9c339cc85b32c234e42d752c3218a41960bd67837b08af26c214739144482545
work/repro_v3_cellchat_environment/R_DESCRIPTION/base.DESCRIPTION	415	fc4bcce46e7480230685ca9673463483c21cc7d81494db39165623da39c4ee4d
work/repro_v3_cellchat_environment/R_DESCRIPTION/base64enc.DESCRIPTION	878	cba356a7a36237b26c2ea988c14aaa42f3dbb870e08541ebcd8b5778a61e9ff3
work/repro_v3_cellchat_environment/R_DESCRIPTION/beachmat.DESCRIPTION	1763	0acaa3f2509a30b20f76c098aadd3a1343e89056a6ef98e96d8fc56a86b26918
work/repro_v3_cellchat_environment/R_DESCRIPTION/beeswarm.DESCRIPTION	1078	d5e89cc9d4a3dacf626ea9b4757fd66bf47a1485b100da48e96c618441025f41
work/repro_v3_cellchat_environment/R_DESCRIPTION/BH.DESCRIPTION	2196	fd40109e48cbe92df5496e41f1b86e84c7155352be766333565db691a87e627b
work/repro_v3_cellchat_environment/R_DESCRIPTION/Biobase.DESCRIPTION	2245	aa59bc27e05e1f82cca87c9dd6468fa5f82f3f3c4b7045512650c4dd490206b6
work/repro_v3_cellchat_environment/R_DESCRIPTION/BiocGenerics.DESCRIPTION	3023	b2cedaf2e9b39199b30834bcbf5d7a0d20f412c14bf338df86dd42dada6b49f5
work/repro_v3_cellchat_environment/R_DESCRIPTION/BiocManager.DESCRIPTION	1177	7e6d58f99c47f449c02ad4e9748d937c72e10f285a7c7174c4b830dcfb15ab49
work/repro_v3_cellchat_environment/R_DESCRIPTION/BiocNeighbors.DESCRIPTION	1734	ef3e62c9b20aa02e9e6a7b5421eb7b38856b7c29db6f0d01e35a7efc3c0b52cc
work/repro_v3_cellchat_environment/R_DESCRIPTION/BiocParallel.DESCRIPTION	3691	9547dedf23832355a850a5d777d4639e312bfa035bb7454cfe4b9187032c200a
work/repro_v3_cellchat_environment/R_DESCRIPTION/BiocSingular.DESCRIPTION	1609	215233c657d6891558ba3866617c13c59eaa72a3938694951d97bcccfe4eae47
work/repro_v3_cellchat_environment/R_DESCRIPTION/BiocVersion.DESCRIPTION	1151	332e50f51e7d5d317f578846407ab0947c9a4f94694c79f78011b2c1a20b080b
work/repro_v3_cellchat_environment/R_DESCRIPTION/bitops.DESCRIPTION	1128	d11782bbc7d945aab4937e6a838608e30cdb29c77231606e678c32db0fe15d3f
work/repro_v3_cellchat_environment/R_DESCRIPTION/bluster.DESCRIPTION	2446	72176e7c706c9a00b413cbbd5e08b29424ad053a17e962802f15c36d34626ba5
work/repro_v3_cellchat_environment/R_DESCRIPTION/boot.DESCRIPTION	1531	0334b07a9e7abc809e2a796c8c6c60c7310266e921e0e715ee4e1bcee9b119ec
work/repro_v3_cellchat_environment/R_DESCRIPTION/broom.DESCRIPTION	19791	7a21fff3f737ad391ecedcf9382c9ac5e2faa263ebf3f93024720fa9adfebe03
work/repro_v3_cellchat_environment/R_DESCRIPTION/bslib.DESCRIPTION	4296	1336ae39df63efba119b65b1cffc9977a307b10a648e72668349c0030447bd75
work/repro_v3_cellchat_environment/R_DESCRIPTION/cachem.DESCRIPTION	1036	f699a8b8b3add46096aae2a3eeb4bacbad07eca9484fb91ccab54fd769d7d550
work/repro_v3_cellchat_environment/R_DESCRIPTION/callr.DESCRIPTION	1700	929b2c09e5b93333108d0a8e4fa1506b7d7bf1c67b292ce54329cd4e91f53b59
work/repro_v3_cellchat_environment/R_DESCRIPTION/car.DESCRIPTION	3131	69d69d9ed65081f9e7d46b7ebbbbd6ee0bed8609c5a728eda5ca503f9f73171a
work/repro_v3_cellchat_environment/R_DESCRIPTION/carData.DESCRIPTION	1018	abecba9642086017dbdac208a14e73ea9afdbcd384e3aea95e2666bb17e71293
work/repro_v3_cellchat_environment/R_DESCRIPTION/caTools.DESCRIPTION	1231	885edd3fea148fa5f77ce12af7ef7c84faa091c64e87227a118e6b784242c610
work/repro_v3_cellchat_environment/R_DESCRIPTION/celda.DESCRIPTION	2691	4efc46ac3a260940ef4e44eac4223f26d8c3034d4d2297ed67b6dd1d95bd48d1
work/repro_v3_cellchat_environment/R_DESCRIPTION/CellChat.DESCRIPTION	1762	459c8218aaa902b3c5bc18c568c7eb9ba255f98c64b4c3543173012367e99de9
work/repro_v3_cellchat_environment/R_DESCRIPTION/checkmate.DESCRIPTION	2862	9fecfcd3f6caea5505b6ada0843eb4f082112da813de4b79d42c17d88dd1a008
work/repro_v3_cellchat_environment/R_DESCRIPTION/circlize.DESCRIPTION	1773	3947f49028e8e89e7a9def008fc3669d1b536b523b3759d6ecc59cde6eb311cc
work/repro_v3_cellchat_environment/R_DESCRIPTION/class.DESCRIPTION	908	f0b9ae62dc25b23fe92703b80133c4c3ea6aaa45a63fff6f6de6ef7cffa8abe4
work/repro_v3_cellchat_environment/R_DESCRIPTION/cli.DESCRIPTION	2111	07cbf60f3456c47c9690503e2a9506999e67bf8177d53ccb5901f7da2b58946f
work/repro_v3_cellchat_environment/R_DESCRIPTION/clue.DESCRIPTION	954	16bde8e85b4f01e4194fbd4296228e3615b763056e287b7f4825dadb349ed4cc
work/repro_v3_cellchat_environment/R_DESCRIPTION/cluster.DESCRIPTION	3072	c60c875b0983e9f33da13dc7d566a08fbb548eaeabe34584a472da601380a4df
work/repro_v3_cellchat_environment/R_DESCRIPTION/coda.DESCRIPTION	1313	17a8d67f9e2e2a93d7f4412aa0b7d434db1cc8ed0185d6186146730ca3e0d74a
work/repro_v3_cellchat_environment/R_DESCRIPTION/codetools.DESCRIPTION	492	862b0aae2c1610b3d555b07fffa00701b1fbe6e3efa86087f6f217b10ed73f65
work/repro_v3_cellchat_environment/R_DESCRIPTION/collapse.DESCRIPTION	3457	5048cde356795175a5058d1080972a1bb618f5db27f83be7947702a8a5b9b67b
work/repro_v3_cellchat_environment/R_DESCRIPTION/colorspace.DESCRIPTION	3967	4eb885b0f69d3c94500d797ce6d41dbc79cd1c0e6ab7dc2ea225774af98b0cbb
work/repro_v3_cellchat_environment/R_DESCRIPTION/combinat.DESCRIPTION	354	6299c6aac52ff0101ef4b5597598ce57aabebab003bfb1c15e50a60668cd0be9
work/repro_v3_cellchat_environment/R_DESCRIPTION/commonmark.DESCRIPTION	1462	93565370cb6aa0aa87297dee36672034bb6f685933a6ac5559b1e70b014d2c6c
work/repro_v3_cellchat_environment/R_DESCRIPTION/compiler.DESCRIPTION	364	b7ef5ec816e4ac3c2b9eabf5f4c937d93178fa5f06ff9f0f8cad6c92b4ea73aa
work/repro_v3_cellchat_environment/R_DESCRIPTION/ComplexHeatmap.DESCRIPTION	1841	23597f06cc247df364b3ae0103778caa7ddc4de555933745a3a664fd173119a0
work/repro_v3_cellchat_environment/R_DESCRIPTION/corrplot.DESCRIPTION	1692	9559868439a8ee52acd571008dc61c215968cc6f50e6f03db6a81d1e38b40ca9
work/repro_v3_cellchat_environment/R_DESCRIPTION/cowplot.DESCRIPTION	1984	3723f4f04821ca702a2c19e6ccf61d4e0d7312725b2d1d9f16b0f3a41f4c5cb4
work/repro_v3_cellchat_environment/R_DESCRIPTION/cpp11.DESCRIPTION	1934	c43305aade25833d3ce21407478c020cf2300b65e9b8bbd3676074c5d1c39b99
work/repro_v3_cellchat_environment/R_DESCRIPTION/crayon.DESCRIPTION	1785	7f078943eb9b3041f71d24e37510eb7190c3a8f3fb93e927ba3d2cd401192d8c
work/repro_v3_cellchat_environment/R_DESCRIPTION/crosstalk.DESCRIPTION	3150	f6ce7de32b49763cad939cdbbf8c97d9b74c56dcd1d8f6c00127f12ca7d0fa0c
work/repro_v3_cellchat_environment/R_DESCRIPTION/curl.DESCRIPTION	1598	d126b8ef82ea17483ad70f46ee546b4bcb6221839c11f2f2e9fdcc300a5d5911
work/repro_v3_cellchat_environment/R_DESCRIPTION/data.table.DESCRIPTION	9405	583ca283e407909b6075f30d8b9d55d48abbf7ceb99f60563784cfb941d99ede
work/repro_v3_cellchat_environment/R_DESCRIPTION/datasets.DESCRIPTION	373	a3c8cde05ca3fbf2f7778920f5a1f5b164fb14154138ef333e75867aaa47c41c
work/repro_v3_cellchat_environment/R_DESCRIPTION/dbscan.DESCRIPTION	2415	052e635d09afe924bf73f3df9b6bcdd47295191f6ed6ba09deaaa069f26e5cb5
work/repro_v3_cellchat_environment/R_DESCRIPTION/decontX.DESCRIPTION	2867	c59668e60f7184afed393751c99d987520bf1cb1799cd989209f3ff4129fa27f
work/repro_v3_cellchat_environment/R_DESCRIPTION/DelayedArray.DESCRIPTION	3001	687b5d38991751ff8ddd564e78418729fdb51323aaf681fa99a466995afd2cd8
work/repro_v3_cellchat_environment/R_DESCRIPTION/deldir.DESCRIPTION	967	01527f7e0e3520f2ba051113d42cf64b64773ab9954e0342a43dcc297a5e2793
work/repro_v3_cellchat_environment/R_DESCRIPTION/dendextend.DESCRIPTION	5955	cfb1f6dbbd9bd1945cce8d9f7ef448a1d90ac6b166b5111cc9ecf29e972b52ad
work/repro_v3_cellchat_environment/R_DESCRIPTION/Deriv.DESCRIPTION	1243	ba6b2370ddaf0257daa8509fd32ab9bbba3b98fa5b09cb90db404b03ca8937f4
work/repro_v3_cellchat_environment/R_DESCRIPTION/desc.DESCRIPTION	1762	50d4455d79a9dfdf5ede0b410fcaf6f49c7cefa6badd606df6c23eba21917ad7
work/repro_v3_cellchat_environment/R_DESCRIPTION/digest.DESCRIPTION	7395	cce613ce72fb43d2148e02b3ed3e4383ca2d1908dfab9a8687e10e9ba26169b4
work/repro_v3_cellchat_environment/R_DESCRIPTION/distributional.DESCRIPTION	3148	7251caeb4f4b796c8f14d7917f072b0e5eb189379e03ba5d9a6f646977946c11
work/repro_v3_cellchat_environment/R_DESCRIPTION/doBy.DESCRIPTION	1543	979fb839bf033b78326c3d50f80544816b1d37f8a155adfe58c37915cb0b263c
work/repro_v3_cellchat_environment/R_DESCRIPTION/doParallel.DESCRIPTION	1129	6b5cf13177db7d0073e1e8020243050c75ab72828f064530005f19d9eb876190
work/repro_v3_cellchat_environment/R_DESCRIPTION/dotCall64.DESCRIPTION	1662	30164369d547123c59443486e7a5fe3cc48bddfcf554abcc790767f2a56ca747
work/repro_v3_cellchat_environment/R_DESCRIPTION/dplyr.DESCRIPTION	2240	bb016dd8ada0dbfab2dda9118bbd33562b720cd3245b85ca0f4555135967f734
work/repro_v3_cellchat_environment/R_DESCRIPTION/dqrng.DESCRIPTION	2862	fe3f3dbe24c8ac278d74f4b11a1c0ed3c56c56b3d9f603aaa6fb699e54f56d9c
work/repro_v3_cellchat_environment/R_DESCRIPTION/edgeR.DESCRIPTION	2520	6b5bb5491acf293f4ff799f50ce35857a662ad097c7c8c3dd2db7442261ca7de
work/repro_v3_cellchat_environment/R_DESCRIPTION/enrichR.DESCRIPTION	1081	437143c0643004e4a9cf4d9d21dea3f6b428bfb92c6a1941fccd93f432ae3569
work/repro_v3_cellchat_environment/R_DESCRIPTION/evaluate.DESCRIPTION	1915	62d17d0ab4bc5651ba94ea3c5cd95360e38c5504ee19323530c32780cae5aaab
work/repro_v3_cellchat_environment/R_DESCRIPTION/farver.DESCRIPTION	1832	e2298e93bda68b6f47c674a7b1c554109eeacc0aa179cd40a17c468e1eb08ea5
work/repro_v3_cellchat_environment/R_DESCRIPTION/fastDummies.DESCRIPTION	1491	e08dcb53a63763a2cfd638a4798ec25588ab12bf5bea5ecadcda878faf600c51
work/repro_v3_cellchat_environment/R_DESCRIPTION/fastmap.DESCRIPTION	1366	430ff7b345bc8e41192b8d41601592a8d47f1aec163588b406f4bb7a90c17cac
work/repro_v3_cellchat_environment/R_DESCRIPTION/fitdistrplus.DESCRIPTION	2729	b9aae890a0dd345011e683ffc3dc4313dadde1d74a67c91432ab32e0a9ba1abc
work/repro_v3_cellchat_environment/R_DESCRIPTION/FNN.DESCRIPTION	1746	bb91bbbb74b158e8b50a08d06d16d6652d6463277aa01b4f42aae5eebb9d114c
work/repro_v3_cellchat_environment/R_DESCRIPTION/fontawesome.DESCRIPTION	1876	2c002bd7d95108b6acbf0e938d417c55cb540923ffc4adf45a17df3437ede938
work/repro_v3_cellchat_environment/R_DESCRIPTION/foreach.DESCRIPTION	1845	5f1209a9fd07f5f66d138f195c4eae21a6f77d74c91617103e5177e50bd68e8a
work/repro_v3_cellchat_environment/R_DESCRIPTION/forecast.DESCRIPTION	3791	e3f9bbe59cb82b121c9c89a1847c34cf05bb2fdb80194079cc3ee6e4920a1b85
work/repro_v3_cellchat_environment/R_DESCRIPTION/foreign.DESCRIPTION	2340	843234683d1a98d901577e5be0431f8f9169434c1d0d1baa6b93ad2b1b840e17
work/repro_v3_cellchat_environment/R_DESCRIPTION/formatR.DESCRIPTION	1391	79b1cbadcff35999d5d045c14f02191d9cade4751af4e1007031bde8af7c83fa
work/repro_v3_cellchat_environment/R_DESCRIPTION/Formula.DESCRIPTION	1214	4b4447c399df8fc3eda84883f931544c0ae4aad549bb7422024ffba4906a1aac
work/repro_v3_cellchat_environment/R_DESCRIPTION/fracdiff.DESCRIPTION	2057	52bddf4284cd16d38b79db8020d8c122f33bbf7a94945a0b01a0cf90f2fb774e
work/repro_v3_cellchat_environment/R_DESCRIPTION/fs.DESCRIPTION	1984	04db071e1de839e4dfe350b75d2237a4768ff54b1d83fdc59739fd84e6cc7f44
work/repro_v3_cellchat_environment/R_DESCRIPTION/futile.logger.DESCRIPTION	1094	29aa30c7ab6c66ed978c918449c2ea788133465249deb79281072fcf4a7dfdd7
work/repro_v3_cellchat_environment/R_DESCRIPTION/futile.options.DESCRIPTION	496	d22b149d6c9f1ea8e9a7597b132e435befce5273002993f989ba8ea2e8ffc638
work/repro_v3_cellchat_environment/R_DESCRIPTION/future.apply.DESCRIPTION	1633	fa04b26701bda0b3b9b1a865420d8730ab17bd38e6bce7ac5263f40784f03cd0
work/repro_v3_cellchat_environment/R_DESCRIPTION/future.DESCRIPTION	4495	f8fc8dbfd21a3e51fa789d640463276e3759a6f423e42031acb988f966b6d564
work/repro_v3_cellchat_environment/R_DESCRIPTION/generics.DESCRIPTION	1464	3db476828fb377a4c231d722888397cfbbac5020de5cf2f5dd2a4cd3fadba374
work/repro_v3_cellchat_environment/R_DESCRIPTION/GenomicRanges.DESCRIPTION	3946	102207bbafe1f9c7ddc8ff563cf89e5cb3ad03b1888c5167338d0d7c740f9850
work/repro_v3_cellchat_environment/R_DESCRIPTION/GetoptLong.DESCRIPTION	1011	4a37460cad3952f4885fc45acd3c37ed04fffc68b1727bb1505f26374b1ea2c5
work/repro_v3_cellchat_environment/R_DESCRIPTION/ggalluvial.DESCRIPTION	1914	4faacf7cb442fd2f6501b1006abb98dbea21d4ac997e2e70547fe112fbd109b6
work/repro_v3_cellchat_environment/R_DESCRIPTION/ggbeeswarm.DESCRIPTION	1204	5511fb641ff7975154c93d0e2aa839f436b0228996034058c75730ef07a47601
work/repro_v3_cellchat_environment/R_DESCRIPTION/ggdendro.DESCRIPTION	1549	8046d2358c0dc91e4b0f9372c1002752d5fdd1d34015b0dd6a42040b16b98ff8
work/repro_v3_cellchat_environment/R_DESCRIPTION/ggnetwork.DESCRIPTION	2009	b629141c541ac3e0729ecfc3dd9662f5362c42eb03fa74316b3bec1c411f71e8
work/repro_v3_cellchat_environment/R_DESCRIPTION/ggplot2.DESCRIPTION	7345	fbbffddf8c3dcf68456131595c987338b215afd47a491f9b0b990828c4b4f43a
work/repro_v3_cellchat_environment/R_DESCRIPTION/ggpubr.DESCRIPTION	4047	db35fb102e4d3f30bf28ebac4ce2c68348fa5e94d68079685493246bed8ec7ef
work/repro_v3_cellchat_environment/R_DESCRIPTION/ggrepel.DESCRIPTION	3954	5320b32c1251f18e34e8b886869dda2da06b83260bf2e23f157acb3900b06a98
work/repro_v3_cellchat_environment/R_DESCRIPTION/ggridges.DESCRIPTION	1448	f2f598e019a305720673542760ef3fd687e23f8e3939c159b90cc441b00bb94e
work/repro_v3_cellchat_environment/R_DESCRIPTION/ggsci.DESCRIPTION	1844	156f3508598a585d57f107b5b0c4536e4d4931665d0ba63f62e10e4359290a80
work/repro_v3_cellchat_environment/R_DESCRIPTION/ggsignif.DESCRIPTION	1925	316f6a5cceefbacba18c64c20215ed43bb587b77704b734fd960a3aa5d36aa83
work/repro_v3_cellchat_environment/R_DESCRIPTION/GlobalOptions.DESCRIPTION	1008	99b82eac59bb344888e0be9b48eb01b6aa18e0c0ceae8ee4047da49c75d16f4e
work/repro_v3_cellchat_environment/R_DESCRIPTION/globals.DESCRIPTION	1248	bbfffa8322938f9bec68689cd1f1ae115cfb75b7b41cdf24f45936f01e447ed9
work/repro_v3_cellchat_environment/R_DESCRIPTION/glue.DESCRIPTION	1889	064f7be33b92df332bbef82ed176e466571c89122b52d93c2fda7f7431074983
work/repro_v3_cellchat_environment/R_DESCRIPTION/goftest.DESCRIPTION	1113	67feaf1f90202611ca7cf376782a1587deca5f41b0669e205db234b42adf5bc1
work/repro_v3_cellchat_environment/R_DESCRIPTION/gplots.DESCRIPTION	2813	d59d8602176a694398685da430391496abe10ed878863343fd4c73df486f91d5
work/repro_v3_cellchat_environment/R_DESCRIPTION/graphics.DESCRIPTION	463	acb1d002aac1c828b22970b854f75792f268eea759b1bc869a1959715124bf73
work/repro_v3_cellchat_environment/R_DESCRIPTION/grDevices.DESCRIPTION	511	4f6592cb3827ea2ee26b1647f222b590c16226adf1689f28cc83950daef3cb41
work/repro_v3_cellchat_environment/R_DESCRIPTION/grid.DESCRIPTION	509	fbd2aaf13f459f1f6211576efa250db5b96f28bad4b82dced7b74adae9cf98a1
work/repro_v3_cellchat_environment/R_DESCRIPTION/gridBase.DESCRIPTION	467	72ab3254d432f7ab364bdb7312517204500e0ed7d194a0dc9027159a71ff6f3f
work/repro_v3_cellchat_environment/R_DESCRIPTION/gridExtra.DESCRIPTION	934	dbf37aff062527af30d227a8236b5691650a91c5862e825ee81df999aac63577
work/repro_v3_cellchat_environment/R_DESCRIPTION/gtable.DESCRIPTION	1483	87b228faf904615f6cc1991375699903d45c55ca0e62de9596d343d899567738
work/repro_v3_cellchat_environment/R_DESCRIPTION/gtools.DESCRIPTION	3269	474d61c44d8ea6a045645ebeec23f08dc9c52fbba746c42d6f2b7ebb51e0fba1
work/repro_v3_cellchat_environment/R_DESCRIPTION/here.DESCRIPTION	1602	a2e2ce924cddfa84b3b504c6e1dbf3c53173a746822ec3f56f031536d83e2ad0
work/repro_v3_cellchat_environment/R_DESCRIPTION/highr.DESCRIPTION	1225	f4be1584db0a3427c4bc83385bad8d4096351d66953160112066a84561b457ba
work/repro_v3_cellchat_environment/R_DESCRIPTION/htmltools.DESCRIPTION	2053	bf2caaf795421c1466d9c073eaf7e7310cab41c404633c4185fe4a4b396c8aeb
work/repro_v3_cellchat_environment/R_DESCRIPTION/htmlwidgets.DESCRIPTION	1620	775e57a2aa5ae1b32e0d153668c8a110c3a9b82b8a6f81e86de8517e622781e7
work/repro_v3_cellchat_environment/R_DESCRIPTION/httpuv.DESCRIPTION	5390	f951a2073becc9c87258a0cb08b0e10704a99aabd1f7da6ddd297a28f44eb4d9
work/repro_v3_cellchat_environment/R_DESCRIPTION/httr.DESCRIPTION	1206	1127bd7b60b79d8c73bc49cfa385703f47f875041cc5a8a4515c2ae05915f117
work/repro_v3_cellchat_environment/R_DESCRIPTION/ica.DESCRIPTION	580	43de3929f525658f506e8bf26aa3412c8b9cb6172140d51f5ea451c9bce76342
work/repro_v3_cellchat_environment/R_DESCRIPTION/igraph.DESCRIPTION	3939	11ac793762ef7a99e6d32e10f2c30bd08cdfcb46d3972f6291449938948b0b44
work/repro_v3_cellchat_environment/R_DESCRIPTION/inline.DESCRIPTION	1861	2018c2acdccf9b732a650c532c117dac45cbcaa2635f7a228386fda51ac0805b
work/repro_v3_cellchat_environment/R_DESCRIPTION/IRanges.DESCRIPTION	3160	b1795acee01896c852ab78794a062c5d261585e02e86d0f3363dfb3487c5c97e
work/repro_v3_cellchat_environment/R_DESCRIPTION/irlba.DESCRIPTION	1165	c0450de334f29a58e58770bf21ea3442065951152b4dee64ab906e5d72181e02
work/repro_v3_cellchat_environment/R_DESCRIPTION/isoband.DESCRIPTION	1942	3fdfc9ed2d666105d447644c292547d78b0f873f80dd8fddc294c6caca716a03
work/repro_v3_cellchat_environment/R_DESCRIPTION/iterators.DESCRIPTION	923	bbdfcf3b8d6c9bbdc203d125597e244f30d4d831275b01acf9c792ed27acc929
work/repro_v3_cellchat_environment/R_DESCRIPTION/jquerylib.DESCRIPTION	1634	1fa441bf924429db328573ccb87e1f6f85931bfe5a916c2d0fa8118223d1e8fc
work/repro_v3_cellchat_environment/R_DESCRIPTION/jsonlite.DESCRIPTION	1772	4609d11fa1de6f98371ac85a14ae516dd0414377c852b23ceb62813ad2121bbe
work/repro_v3_cellchat_environment/R_DESCRIPTION/KernSmooth.DESCRIPTION	1266	6df244f6c45378f1ccca8e86e141645799e482934dff3032eb92a0c58f1003ca
work/repro_v3_cellchat_environment/R_DESCRIPTION/knitr.DESCRIPTION	10946	5437bc8b9aec68b4b1dc235477a51057795fea9ffc29f3e8e7618be8b2673257
work/repro_v3_cellchat_environment/R_DESCRIPTION/labeling.DESCRIPTION	509	0fd581e08b3becd15153994bf0dc203432b46f4bf358fdd3e866b5c8ec5ebc0c
work/repro_v3_cellchat_environment/R_DESCRIPTION/lambda.r.DESCRIPTION	675	6dacfbd21637b0a965583ea360d4d478de101524fa0f9911c51b4bd0740b67ed
work/repro_v3_cellchat_environment/R_DESCRIPTION/later.DESCRIPTION	2207	9b0da4c3171df1efb3c55cb39dbbcebb1d8aeb4bf14a847579acdae8f5f7e961
work/repro_v3_cellchat_environment/R_DESCRIPTION/lattice.DESCRIPTION	2400	7ad3a66f4f90f36851ae2f168292333d9a1c7446fc5d6a9e0d35e124a42a3b62
work/repro_v3_cellchat_environment/R_DESCRIPTION/lazyeval.DESCRIPTION	919	c2fae9cdbb724924d183020673715e87e0abcb2b76b365f2944903bc11b2b2e7
work/repro_v3_cellchat_environment/R_DESCRIPTION/lifecycle.DESCRIPTION	1388	120b702422269e602af7ffed5be440c7afae3d5db76eaf6efb50314a9d2252f0
work/repro_v3_cellchat_environment/R_DESCRIPTION/limma.DESCRIPTION	5037	741a06b20f30db5a370187a948515fff6d8629931f81d7a5ef6f528733a4f931
work/repro_v3_cellchat_environment/R_DESCRIPTION/listenv.DESCRIPTION	1237	ccb1dd039b4b41dbb2e926dde910c321fff2f8d583e20c8abe5e7438d66fc1e3
work/repro_v3_cellchat_environment/R_DESCRIPTION/lme4.DESCRIPTION	4483	4d6836c4c938a3ce4f02fb2d495f47d26143dc347ecd0b7a21a33273c7d20bd2
work/repro_v3_cellchat_environment/R_DESCRIPTION/lmtest.DESCRIPTION	1702	180c81e16d48bc22543a024ec99ba715fbe196e61ba77464f693319c53b7d8a9
work/repro_v3_cellchat_environment/R_DESCRIPTION/locfit.DESCRIPTION	977	7d502316c87683245cd947db00f4e18cd13869a5c249ca297e56071f509a53e1
work/repro_v3_cellchat_environment/R_DESCRIPTION/loo.DESCRIPTION	2816	a1e0cefb1dc241cb016398c28978836692f694891f44888f238073ee6ceba80f
work/repro_v3_cellchat_environment/R_DESCRIPTION/magrittr.DESCRIPTION	1727	b59903ac75e191f615ea4e5f73617be264558b8c8439c1028e9209c80da34af1
work/repro_v3_cellchat_environment/R_DESCRIPTION/MASS.DESCRIPTION	1610	7242cea9aa6945fb011241b3f7a463b9b85fbcfadaa5b5621deb688ae03d3333
work/repro_v3_cellchat_environment/R_DESCRIPTION/Matrix.DESCRIPTION	3545	b360b822f0baf252c1b065c79769d0de512971b843ede1979ba5305b8fbb494c
work/repro_v3_cellchat_environment/R_DESCRIPTION/MatrixGenerics.DESCRIPTION	2852	d3a53e41e106b6937269a0cd964cdc1edefdf4386be3580c10538bf68320aa3d
work/repro_v3_cellchat_environment/R_DESCRIPTION/MatrixModels.DESCRIPTION	1353	a9e1d3aace66115cc977f23a78b9cc01e29d399e415a93b8e1ba515ef6d2db4f
work/repro_v3_cellchat_environment/R_DESCRIPTION/matrixStats.DESCRIPTION	2231	d8fbda0b38d1ea1c458a9e3ac9c9ad5407096ec3a1decd12f672a95281cafe5e
work/repro_v3_cellchat_environment/R_DESCRIPTION/MCMCprecision.DESCRIPTION	1951	672b9457baf036cdd51880a5d5035c639280d2eb49efa0294ff5c60c9a259b11
work/repro_v3_cellchat_environment/R_DESCRIPTION/memoise.DESCRIPTION	1720	f9efce1dcf357ceb62eaa03b3b69e85883699b9d1f0fa77e147f092c3fc11889
work/repro_v3_cellchat_environment/R_DESCRIPTION/metapod.DESCRIPTION	1567	d77f7930a330a981c8ae019159818556081b1fb7df056e6cc923339f58310ea8
work/repro_v3_cellchat_environment/R_DESCRIPTION/methods.DESCRIPTION	644	c23dafc2037e0aca335d15fdf2f928942e4bac82a866923d489b779c3f236f62
work/repro_v3_cellchat_environment/R_DESCRIPTION/mgcv.DESCRIPTION	1372	277213b29e846b9f62d8a3f5e35482cff2059b34aeb1fc7aa2301c720945b884
work/repro_v3_cellchat_environment/R_DESCRIPTION/mime.DESCRIPTION	1023	e2cbdbe93b2c8119a77edc2cfc7662c1611a716bb38ce35356fe9ec064c2a42f
work/repro_v3_cellchat_environment/R_DESCRIPTION/miniUI.DESCRIPTION	901	e07fbd3664ad615fc00a7a8fab2ac546caafd61bceb6179ce09f57b285de2111
work/repro_v3_cellchat_environment/R_DESCRIPTION/minqa.DESCRIPTION	1380	02924754ae1afb6b88a9a821421f852010f024d59bb120267235167f0c375919
work/repro_v3_cellchat_environment/R_DESCRIPTION/modelr.DESCRIPTION	1153	d557cd3108889dbc21298907ff3fc2e20e1ff50d34eac2f7dddfd9bda89d7d12
work/repro_v3_cellchat_environment/R_DESCRIPTION/network.DESCRIPTION	2276	08e0fa8cbf1c8e3fcdec6a1143741d661eb33185ebcc4d50a034c89b0c19901c
work/repro_v3_cellchat_environment/R_DESCRIPTION/nlme.DESCRIPTION	1964	556d63962566b0bad9863f92c557e2ded3992cf686c9d2a10219258daea9b888
work/repro_v3_cellchat_environment/R_DESCRIPTION/nloptr.DESCRIPTION	3460	ba55ab56fbb883c130a5ce2b6cfe156b0af4fc43902c99cfbfd97d3babbd73a0
work/repro_v3_cellchat_environment/R_DESCRIPTION/NMF.DESCRIPTION	2585	333797a8364a2ebddedb5587570f3106231408213e7dd69a394584c39364e70d
work/repro_v3_cellchat_environment/R_DESCRIPTION/nnet.DESCRIPTION	927	887c7a20bd2abc842de52419bd048e741c5d48b6ef526d9439922a3dd8c398fa
work/repro_v3_cellchat_environment/R_DESCRIPTION/numDeriv.DESCRIPTION	1025	ac381466d7886de076fd1a42dc5ec356e9a291792d1667ebad5613fad3658bbf
work/repro_v3_cellchat_environment/R_DESCRIPTION/openssl.DESCRIPTION	1783	ad5ba77fab46d55478826e43d4e7ef8924193891f3b4fb84a462220c8dbc8691
work/repro_v3_cellchat_environment/R_DESCRIPTION/otel.DESCRIPTION	1465	10a3fb3db1984fedfdb24155657b81e53d3fa9a8d528bff36e5048efcaaccb09
work/repro_v3_cellchat_environment/R_DESCRIPTION/parallel.DESCRIPTION	633	a4519e8b7a207f8476fa28fe4552b9135ca2a8fb054444ad6db4e8fcfacd050f
work/repro_v3_cellchat_environment/R_DESCRIPTION/parallelly.DESCRIPTION	1921	43122dbde6fecd68d629b65d98618f93729aa298cfb69498b65b0d4b9f0f0b36
work/repro_v3_cellchat_environment/R_DESCRIPTION/patchwork.DESCRIPTION	1630	dbebe76c09516660d3070a79cabfe1037a398f02513ff4e88f8693372eee9753
work/repro_v3_cellchat_environment/R_DESCRIPTION/pbapply.DESCRIPTION	1713	bb1d8eb1c4baafe8ffec3f260a70721efab684dae11d5f7bc1910caafd32fd92
work/repro_v3_cellchat_environment/R_DESCRIPTION/pbkrtest.DESCRIPTION	1572	e65faa7d6e9db41af8263cb1d82d1b0a49c8b5cef060fbe7085bbb71f4e23a7b
work/repro_v3_cellchat_environment/R_DESCRIPTION/pheatmap.DESCRIPTION	779	ee51195b1c06eb231f1fb22ac7fffbb327218f5fec7b57a80253120842212efd
work/repro_v3_cellchat_environment/R_DESCRIPTION/pillar.DESCRIPTION	1933	fc1a811304684e8ada259fbfefc780477dc72d36db84b2073db63e7fd606cd7b
work/repro_v3_cellchat_environment/R_DESCRIPTION/pkgbuild.DESCRIPTION	1453	e0dc4003955de06c43ef89f7b70952e5baa39ab992695abffe775d368793d7d5
work/repro_v3_cellchat_environment/R_DESCRIPTION/pkgconfig.DESCRIPTION	738	9cedf4a1ccc8214253612641238e828164f27abee24712fdb2cd2379dd6f6e8d
work/repro_v3_cellchat_environment/R_DESCRIPTION/plotly.DESCRIPTION	2785	92931a03997c9f7e66d5628c046f125ae4ed2c2af561d132e53a5c51b93e759b
work/repro_v3_cellchat_environment/R_DESCRIPTION/plyr.DESCRIPTION	1326	b7b7f5203c3ada4e398b0536967bca2291e682fa5d2df1ef6646964487ccdda4
work/repro_v3_cellchat_environment/R_DESCRIPTION/png.DESCRIPTION	951	2c1531b596f65c158ad6cbfd66728c0ac9c807584857a0d0166a005b1c0c7bd6
work/repro_v3_cellchat_environment/R_DESCRIPTION/polyclip.DESCRIPTION	1937	09fae0e5434581f897ea634ffd14c85a80f280ffc6db9abc0b1f15af8654e36d
work/repro_v3_cellchat_environment/R_DESCRIPTION/polynom.DESCRIPTION	1157	6a7dbd7e611003b7001158424989e4b0e3a5724d8ea3784c5bec77ab547f5760
work/repro_v3_cellchat_environment/R_DESCRIPTION/posterior.DESCRIPTION	2772	9e707704512fb087ab49758caa6302076ead44be8dc698b5996adf8b66c902cb
work/repro_v3_cellchat_environment/R_DESCRIPTION/pROC.DESCRIPTION	2321	1d79bb4711c994f3e5085ba00056db39b54b5180c8dd9f07567bb965d7748239
work/repro_v3_cellchat_environment/R_DESCRIPTION/processx.DESCRIPTION	1942	8aa446e0004a8c7b48e3f657f744f29505849535cd5cf8396e2396d7b4378ad9
work/repro_v3_cellchat_environment/R_DESCRIPTION/progressr.DESCRIPTION	2445	76e8016cdd15c2ae411b78928f092ca0935cc5084aaa5a677abf2869caea4dea
work/repro_v3_cellchat_environment/R_DESCRIPTION/promises.DESCRIPTION	2248	78094d009f5225e75dcaa401d018be755fef074708adbcca1d1a32820e7df63f
work/repro_v3_cellchat_environment/R_DESCRIPTION/ps.DESCRIPTION	1436	9a683b69d34c186f9c1770eef19aeb2844ff0c1331ab8d8c8df55d1d7aad326f
work/repro_v3_cellchat_environment/R_DESCRIPTION/purrr.DESCRIPTION	1630	3508d54a0b3765dbdf469c8f0326960eba639c0f471c474ddf2bab8ae020bea2
work/repro_v3_cellchat_environment/R_DESCRIPTION/quantreg.DESCRIPTION	3758	b0c67495a96a46dbc2b700363d1e9a5cd45728e9e895118389ccbdd7b8fb0b7c
work/repro_v3_cellchat_environment/R_DESCRIPTION/QuickJSR.DESCRIPTION	1587	6c9e849b4dfcf1d615dfe360ce6c2aecc0c7af766ca7b4e36d28cf0a13310b93
work/repro_v3_cellchat_environment/R_DESCRIPTION/R6.DESCRIPTION	1295	7ddd96cd003f2aa4ce49762555687667f920ad8462508f300ba78fb6b5474a58
work/repro_v3_cellchat_environment/R_DESCRIPTION/RANN.DESCRIPTION	2325	ac6bff18723ef6b03bc3562c70f23dd21b7216c1b559e022f88ee6c52ff19351
work/repro_v3_cellchat_environment/R_DESCRIPTION/rappdirs.DESCRIPTION	2275	fe0eb38e6f66e93d422a64e1d03e2ae6c2fb197928ed39c6ca4b1db9a2e3d589
work/repro_v3_cellchat_environment/R_DESCRIPTION/rbibutils.DESCRIPTION	2552	1c6ce2a05e0d04d47c1f2f63caa294ac23d040614efe34b73bdaf628c2d23176
work/repro_v3_cellchat_environment/R_DESCRIPTION/RColorBrewer.DESCRIPTION	687	c3fcedf3dd21e12f5bd9125e635c6419a45a16402bba5478423b3f6a88aa86bb
work/repro_v3_cellchat_environment/R_DESCRIPTION/Rcpp.DESCRIPTION	2995	bedf65604df85c18dcde74245e2e8411c8cacb6e6e30bd214d1e8b6444cdfaf0
work/repro_v3_cellchat_environment/R_DESCRIPTION/RcppAnnoy.DESCRIPTION	1707	aebd44be2cb595640a56a5ec365eec4ceb378608ecd4b39f549b6e57ac70de2f
work/repro_v3_cellchat_environment/R_DESCRIPTION/RcppArmadillo.DESCRIPTION	3377	2b025259cb9f87da0d9b80f8b97dcab087260be5a613e6fd98939d0245cb5b35
work/repro_v3_cellchat_environment/R_DESCRIPTION/RcppEigen.DESCRIPTION	2849	13989573b0fe620e5d7c07e96e35bfb28164cf3e931079ca12de7df6b292e305
work/repro_v3_cellchat_environment/R_DESCRIPTION/RcppHNSW.DESCRIPTION	1375	62d1907a1f3a93cb7f7a695555764ba60142053451ea252f378addd422195268
work/repro_v3_cellchat_environment/R_DESCRIPTION/RcppML.DESCRIPTION	1081	6b0d433049680e87f64d8108920c8421bcff1c577248d11c5f4216515c7d1f4b
work/repro_v3_cellchat_environment/R_DESCRIPTION/RcppParallel.DESCRIPTION	2537	e24f51e2c7bee512ddbcde153220ef19e04b672da084ae30750a40828293f5a3
work/repro_v3_cellchat_environment/R_DESCRIPTION/RcppProgress.DESCRIPTION	902	cd120c7c17484f8d940f423cb2c6ddf95e4858a171094a0de8815ee93f557477
work/repro_v3_cellchat_environment/R_DESCRIPTION/RcppTOML.DESCRIPTION	1439	4e700244ec3a58a0d9de838001d273e2ed6ef3484548323dbe7bd85192295894
work/repro_v3_cellchat_environment/R_DESCRIPTION/Rdpack.DESCRIPTION	1792	c96ad165d05b9b6ea75ee54f745819bc2a27ed2127dea71f6fa7dd4d214ea461
work/repro_v3_cellchat_environment/R_DESCRIPTION/reformulas.DESCRIPTION	1137	1bd9051a03801b5480054433fa1a4b6d44f076ff6d25022eff12e34e02fde3c1
work/repro_v3_cellchat_environment/R_DESCRIPTION/registry.DESCRIPTION	487	46ab7d29ce89c5be9f7c0831195ec2af31e2ddfb401a455a4f9387b4d294f878
work/repro_v3_cellchat_environment/R_DESCRIPTION/renv.DESCRIPTION	1886	b8de59fe2fd642c763fe254d860a37f3d2ba712b72cbb5bb89307faffdbfbf87
work/repro_v3_cellchat_environment/R_DESCRIPTION/reshape2.DESCRIPTION	931	df3036bea6d81c38a55b3c085790cbd38dc3a6fd366c6dc5ee99b45dc6784762
work/repro_v3_cellchat_environment/R_DESCRIPTION/reticulate.DESCRIPTION	2560	6f8d6ff577e757d898a550cb7b5242ef6e22a13a42d938259f5326aad09ed472
work/repro_v3_cellchat_environment/R_DESCRIPTION/rjson.DESCRIPTION	604	c9d6de45d0e39ae0c57394d0824eb724724af692ca20d9400b451a42820c2dcc
work/repro_v3_cellchat_environment/R_DESCRIPTION/rlang.DESCRIPTION	1822	2bb71f13294ddcb5a2222020febb4a382be9b13ab95db9dece9ad20e7b466ca6
work/repro_v3_cellchat_environment/R_DESCRIPTION/rmarkdown.DESCRIPTION	6876	0032f6c879700a88a2515ec30d551a295fbd40ec95e36004c5a698af34ba8cf2
work/repro_v3_cellchat_environment/R_DESCRIPTION/rngtools.DESCRIPTION	1159	935935bf93eb6425bab6f4537825e5049a2417f7642db6084eedeabde87d094c
work/repro_v3_cellchat_environment/R_DESCRIPTION/ROCR.DESCRIPTION	2501	7d3e1a0bbce832883613ea7a3516b2a21168ddeb7674e2af6b18822174f35078
work/repro_v3_cellchat_environment/R_DESCRIPTION/rpart.DESCRIPTION	1405	d6fc2b456a4394a94a450c96dbf4e235964334484e4e0e0c0b7b3a597177d1be
work/repro_v3_cellchat_environment/R_DESCRIPTION/rprojroot.DESCRIPTION	1303	e46392b0615f153d914769ab03d6bb4e32d6edb1d26b7b9a40f8e7f1dbd5ceb3
work/repro_v3_cellchat_environment/R_DESCRIPTION/RSpectra.DESCRIPTION	2132	ced0c678e0fc66aa75560a0813144f86b2df8f229496da6397e3e6cb8b0dfef9
work/repro_v3_cellchat_environment/R_DESCRIPTION/rstan.DESCRIPTION	3967	f2cf0111f3eafcefa3a07da51a80076a46cd1a220f496c472e8888d283afd942
work/repro_v3_cellchat_environment/R_DESCRIPTION/rstantools.DESCRIPTION	2554	d5936c34ea4e1f5604e808cbe1fc3ac3c18caad7dfab8a2649acceae8160a0c0
work/repro_v3_cellchat_environment/R_DESCRIPTION/rstatix.DESCRIPTION	3694	5fa4afded37c1d23f44b293952213748837b92d96d678647ec2d5dd4f609e610
work/repro_v3_cellchat_environment/R_DESCRIPTION/rsvd.DESCRIPTION	1682	6f7cd186d9f751803035feb6fe7a7bf2eacb08940a9a0a49fa5a032bcdece899
work/repro_v3_cellchat_environment/R_DESCRIPTION/Rtsne.DESCRIPTION	1122	8578c931e5b44ef18c87e330a3362725c58f7f84e6e27efc13c9ce7e7f865094
work/repro_v3_cellchat_environment/R_DESCRIPTION/S4Arrays.DESCRIPTION	2221	ee3a17f6074633c94d0590c9b2f0745a3e31e912402684b73d1aea4a17425622
work/repro_v3_cellchat_environment/R_DESCRIPTION/S4Vectors.DESCRIPTION	2985	23fafba5105bf1c955366b9d1ce68e0b48dba3e56e7bc270ca5e4dd8aafc06d6
work/repro_v3_cellchat_environment/R_DESCRIPTION/S7.DESCRIPTION	2446	d3a5dee080ebb5d7f818338f8ea5fdc30881942a47005ac48182a4573e6bd58e
work/repro_v3_cellchat_environment/R_DESCRIPTION/sass.DESCRIPTION	3303	06f1389e8cb210432e8527b78c2c0f3bfe3c99a9bd3239259c7f6f605a88ca2b
work/repro_v3_cellchat_environment/R_DESCRIPTION/ScaledMatrix.DESCRIPTION	1399	6f3f3b4149f62a1a7eec3aeb0e672147d8ca96fe57993e939b7449c62e7b7fcf
work/repro_v3_cellchat_environment/R_DESCRIPTION/scales.DESCRIPTION	1578	d936e8d79a92e06f0a78321d439ccfe2d39f99bfcfac3acb14533ea7e369e122
work/repro_v3_cellchat_environment/R_DESCRIPTION/scater.DESCRIPTION	2994	5d37aff09cd60defb9c94aace0d1286eb7e1b00dced5db82b1e058addae61c7c
work/repro_v3_cellchat_environment/R_DESCRIPTION/scattermore.DESCRIPTION	1187	6e257e777a6a6e7eba684e6ad17e1a5897f1da80fa374ec446461c7454e6f3a0
work/repro_v3_cellchat_environment/R_DESCRIPTION/scran.DESCRIPTION	2177	f373b582ff93b60e4a89dfee376052583deedd8ebd0554e1e141832e7a2dae1d
work/repro_v3_cellchat_environment/R_DESCRIPTION/sctransform.DESCRIPTION	2109	09bc619ca70e0bc3e93b614107504ada4d65cc0867a77ad0e1b15e11c9381363
work/repro_v3_cellchat_environment/R_DESCRIPTION/scuttle.DESCRIPTION	1801	47e548a3d6e5fdf3ef7dcdcca99bad21ed0c92c7cb942bc3c9793615ccd420c2
work/repro_v3_cellchat_environment/R_DESCRIPTION/Seqinfo.DESCRIPTION	2145	c6a5736ece714a46e44c943ddb0528181f495600752447478afde68b899ed379
work/repro_v3_cellchat_environment/R_DESCRIPTION/Seurat.DESCRIPTION	7784	75b5b58c897f26afd6d13c19efeaea9f8ca3254578c944f8066f309fa1445923
work/repro_v3_cellchat_environment/R_DESCRIPTION/SeuratObject.DESCRIPTION	5448	b97e9659d23578625143dc10768965375febb05d44530d87b33536daa61767fe
work/repro_v3_cellchat_environment/R_DESCRIPTION/shape.DESCRIPTION	567	49143d7aea2fb57acbb96e436150c73f1660726cd61341d4809abb3400928c35
work/repro_v3_cellchat_environment/R_DESCRIPTION/shiny.DESCRIPTION	8836	45d37d8bca008de0974ae31343c74b966bf42e7ffa7d95c8bdb7a929d00b7d50
work/repro_v3_cellchat_environment/R_DESCRIPTION/SingleCellExperiment.DESCRIPTION	1872	e85e668d7d17bd9886dc8be6f59965f301f85d270bc319851a88c721ca67b041
work/repro_v3_cellchat_environment/R_DESCRIPTION/sitmo.DESCRIPTION	1958	77f895716f4fc9e21ea673e0c02e2fda6673fe89619ce7776533d8397bcfcb99
work/repro_v3_cellchat_environment/R_DESCRIPTION/sna.DESCRIPTION	889	fc10b51ba2a499bdca754211bb75aa7fb453d69321cfb5fc2dc447b70268a0f5
work/repro_v3_cellchat_environment/R_DESCRIPTION/snow.DESCRIPTION	494	c32c69a3dac541c0413d48a9a341f913f593ea3e21c40b54e5435b0de895748b
work/repro_v3_cellchat_environment/R_DESCRIPTION/sourcetools.DESCRIPTION	911	3a5b249dbd8705a85657336493ab093cbb4d9f866f3fe4c81a1f0f1e3cf76a08
work/repro_v3_cellchat_environment/R_DESCRIPTION/sp.DESCRIPTION	3525	0b0270ec6afbe95ccd0b1af4cce2b7edc49623ae4c5a7cc2245d48cfee492c81
work/repro_v3_cellchat_environment/R_DESCRIPTION/spam.DESCRIPTION	3973	53eecf30aec89b639fe9d760d2c08b1bad4bbcb01565c2068aeb0b3bcdca0c0b
work/repro_v3_cellchat_environment/R_DESCRIPTION/SparseArray.DESCRIPTION	3728	195d67dac22ab605265f57e2f919310840fc05d24205c284987655ea35ad66f2
work/repro_v3_cellchat_environment/R_DESCRIPTION/SparseM.DESCRIPTION	1496	ea56745c79fd33d8c5eba68b0921b90356a32c24bab852a312e2181ec54dcd1e
work/repro_v3_cellchat_environment/R_DESCRIPTION/spatial.DESCRIPTION	950	d50b2b02b130df7483b7e891956f760b3b8853ae5d60238961573db9cfc5b43b
work/repro_v3_cellchat_environment/R_DESCRIPTION/spatstat.data.DESCRIPTION	7889	adc4197fcbaa42aac228d4a0f44ba92730052bd795f324ae7bb6d912df26ddf0
work/repro_v3_cellchat_environment/R_DESCRIPTION/spatstat.explore.DESCRIPTION	5137	eaf3cf94486c0263275d5827f7570424b75a69db6ea21992d547dbd039be37c5
work/repro_v3_cellchat_environment/R_DESCRIPTION/spatstat.geom.DESCRIPTION	3729	efcdd1460ae58041da4d22e86106fc94564b767990897bce82c945ddcc352b21
work/repro_v3_cellchat_environment/R_DESCRIPTION/spatstat.random.DESCRIPTION	3730	6664787d8254a4344418c5ae3be382c227c78674dfb191c4838588c66bf68d7a
work/repro_v3_cellchat_environment/R_DESCRIPTION/spatstat.sparse.DESCRIPTION	1669	236f89012d81cd667937a160c8a2501535f0f9b0b553237178566388a4e77e2c
work/repro_v3_cellchat_environment/R_DESCRIPTION/spatstat.univar.DESCRIPTION	2420	a757cc5b340e9a749e3fade7b473d27cfd4cdb59e80e441791cbc11a06a5f2d0
work/repro_v3_cellchat_environment/R_DESCRIPTION/spatstat.utils.DESCRIPTION	1475	868a979fa75cc63750471e268aa2df437071417d41af6faba3c78a86efd3ca8e
work/repro_v3_cellchat_environment/R_DESCRIPTION/splines.DESCRIPTION	558	8006d0b7524384378e596817cce6bc635f6f8ab93a73a4c934b79d210a0699b7
work/repro_v3_cellchat_environment/R_DESCRIPTION/StanHeaders.DESCRIPTION	4682	bf52be2d57e4f12552f7c4c0775924c6f72e65adaac79eb4ae4f7befb679100b
work/repro_v3_cellchat_environment/R_DESCRIPTION/statmod.DESCRIPTION	1835	4111c62a9e62c3b4671ab2f75db24cb3f4d1ca8006823c7712c68e6ed250b94b
work/repro_v3_cellchat_environment/R_DESCRIPTION/statnet.common.DESCRIPTION	1670	0375d794c5628a7257ef1a62dfea23c43c142fc66fba3dd712782ebe07f6bc3a
work/repro_v3_cellchat_environment/R_DESCRIPTION/stats.DESCRIPTION	570	695fc4a25755bb5ea4409e76477e67bec2cca46e9bbc393e68372ac1feaa3426
work/repro_v3_cellchat_environment/R_DESCRIPTION/stats4.DESCRIPTION	428	ec0329c568baf03a87c0bea49d891ef595bc2bc423bfd629c50c0c8f9c58e248
work/repro_v3_cellchat_environment/R_DESCRIPTION/stringi.DESCRIPTION	2232	b84f832d2c83a025e5f7d9edd82725978037d08074dca139b9a561c844235cf1
work/repro_v3_cellchat_environment/R_DESCRIPTION/stringr.DESCRIPTION	1519	6e0374299123462ab529bd36efa50f054b5de859cdc233878a0111263c85282a
work/repro_v3_cellchat_environment/R_DESCRIPTION/SummarizedExperiment.DESCRIPTION	2408	fda952b0869068dcd89a8d126f022b4b9a1de17ee40d61064c7d831f8dcc1d42
work/repro_v3_cellchat_environment/R_DESCRIPTION/survival.DESCRIPTION	1362	ab4bbdda16b61ccd647272e51b549158be052e2970bbca470fb9d6419b41789a
work/repro_v3_cellchat_environment/R_DESCRIPTION/svglite.DESCRIPTION	2688	a356b9c9c4af8351c0d616f44f2884ddb1ab303e4a1028402fcc17e61806f4c2
work/repro_v3_cellchat_environment/R_DESCRIPTION/sys.DESCRIPTION	1277	b97e49c2b78c78f467c399fe2a36bc91fb7d35d8afc9f886c94bdf353b209f2c
work/repro_v3_cellchat_environment/R_DESCRIPTION/systemfonts.DESCRIPTION	2247	ade0086f1627d68bd7fb47850eddaf70f65163721799a0b65d00e15d54022c98
work/repro_v3_cellchat_environment/R_DESCRIPTION/tcltk.DESCRIPTION	416	f1536830e532a2cedadf733c85935909151083275bba992afa244deb74c6f34f
work/repro_v3_cellchat_environment/R_DESCRIPTION/tensor.DESCRIPTION	721	2b007f8c7086092e0ffde52dbcdb0385e0b5fb762c4983939c914c3b94c7f031
work/repro_v3_cellchat_environment/R_DESCRIPTION/tensorA.DESCRIPTION	885	6d2006e0352c5fde42fa825d7edd17920458ea8fd15d4fb12f9d9eaa0bfe16b5
work/repro_v3_cellchat_environment/R_DESCRIPTION/textshaping.DESCRIPTION	1707	d3586d53f844dd6d26aec5b963e26fd166b3b92e3b362952841e19bb1ba6e406
work/repro_v3_cellchat_environment/R_DESCRIPTION/tibble.DESCRIPTION	2129	2c179dbcc50dfc3d4dea54a0f5e797c5e852199a64ec77dd64794706f1d240cf
work/repro_v3_cellchat_environment/R_DESCRIPTION/tidyr.DESCRIPTION	2035	4882c6b27ea77dc41718ad500bad047bd55d17a08b920a540dbb6d66c0cf395d
work/repro_v3_cellchat_environment/R_DESCRIPTION/tidyselect.DESCRIPTION	1423	30010c008ee606f3f4dcf18f1cbd481c4bc2489c83c2e392afc9d1e821a7370b
work/repro_v3_cellchat_environment/R_DESCRIPTION/timeDate.DESCRIPTION	2206	1f45e1d967ad394a30b961f8917caff4426d8dbcd4e676f386f10372872fb3c0
work/repro_v3_cellchat_environment/R_DESCRIPTION/tinytex.DESCRIPTION	1784	a3a47477342143f54b50aa20f867854042155fb6c12f29a22f52a902461e2cad
work/repro_v3_cellchat_environment/R_DESCRIPTION/tools.DESCRIPTION	520	c0b5eb1651309f147bde74cce708979675d505f92ac0e1a8e9554632e5c4fbce
work/repro_v3_cellchat_environment/R_DESCRIPTION/urca.DESCRIPTION	882	378187869eff684624339d08559ea522d045510d96c9ddd8f734057954225e25
work/repro_v3_cellchat_environment/R_DESCRIPTION/utf8.DESCRIPTION	1471	9db237dd724503cbf6ea629cc0c4e64fc8f54423e7f0d2acd3f19d29e6ee138a
work/repro_v3_cellchat_environment/R_DESCRIPTION/utils.DESCRIPTION	466	c2eb5f8f135bec0cba1394b1fdbbe4535a9268843ad3b3465bc090a78b6d96a0
work/repro_v3_cellchat_environment/R_DESCRIPTION/uwot.DESCRIPTION	2150	553be07fb1423c9dec7dee5310dd318e300deab34e31205c616bcb21a19d81a1
work/repro_v3_cellchat_environment/R_DESCRIPTION/vctrs.DESCRIPTION	1956	9a5e28afbf43f409be69975e58a76d74bd08efeeb61e741f0da42c8154034d97
work/repro_v3_cellchat_environment/R_DESCRIPTION/vipor.DESCRIPTION	810	a3d9d4c4d3c1dd316cfa9808171b0c079f665db291f69ee7b73e44e295aaeb77
work/repro_v3_cellchat_environment/R_DESCRIPTION/viridis.DESCRIPTION	2128	52b455b149a78f02a86d6080518bc0b4aaf456fe738131b3d74956ba45999461
work/repro_v3_cellchat_environment/R_DESCRIPTION/viridisLite.DESCRIPTION	1883	37a80ee094e8840f8fa0e23c306b151c6a806223035d57bd717c956e40404d23
work/repro_v3_cellchat_environment/R_DESCRIPTION/withr.DESCRIPTION	2214	adccda654f021ddf108aca953d98335a10c7c4d97e7b4019673cbb72602f4f49
work/repro_v3_cellchat_environment/R_DESCRIPTION/WriteXLS.DESCRIPTION	1504	249ebb35865492e4f2abd83ce39d80c1445cc4d91aac56aa52cb3d44d20feeb6
work/repro_v3_cellchat_environment/R_DESCRIPTION/xfun.DESCRIPTION	1698	bd3be09d727307cc73274d3407d6b591bb581dd9ee50c7ea8506eb7737a68f6c
work/repro_v3_cellchat_environment/R_DESCRIPTION/xtable.DESCRIPTION	2881	f5ffcabe55930135a9620d2c283408d99564aed6be75f2de22a8b3e19b1db7d2
work/repro_v3_cellchat_environment/R_DESCRIPTION/XVector.DESCRIPTION	1744	5b5ed9f87548be56b48cae78869dcb5765ed30f0ed453ae53fa61b4739459632
work/repro_v3_cellchat_environment/R_DESCRIPTION/yaml.DESCRIPTION	2319	554eac45060298ad5068669a738268d984fdbf52da900aeb067714f32f6cde7f
work/repro_v3_cellchat_environment/R_DESCRIPTION/zoo.DESCRIPTION	2386	04123dae9ee546ebbfabb81fb40d2d79b2f17f9933100e9b3b4ae02782c2257d
work/repro_v3_cellchat_environment/R_loaded_namespaces.tsv	10402	bd2553489d5c057e13d8482b9be7489af5583e4aaf671394576a3092cd8bd526
work/repro_v3_cellchat_environment/R_package_descriptions.json	652632	c144c3d1c25243ad7e359a3af7d74ac3a691e66aee723c5f3e0d77d0371f0a62
work/repro_v3_cellchat_environment/R_packages_analysis_effective.tsv	103357	efc2e334772556b40f10bb02dce8aeb170ce1a1af0e8acd3eea68699552e1753
work/repro_v3_cellchat_environment/R_packages_lock_effective.tsv	103796	55de42b60a8eefad3da1feab758fefe739f4fc0260efe8da332a90790486ff0a
work/repro_v3_cellchat_environment/rdata-1.1.0.METADATA.txt	11735	f99a1d65173d3eecfd83af8e6b555dd9361ce2ac5b5b3e7fd458e73d69525d43
work/repro_v3_cellchat_environment/README.md	7318	60a6aa199d655b32e184924dae6e07f035e74a08d81d4365b6ace498c3737ca0
work/repro_v3_cellchat_environment/renv.lock	653354	29608ca3e8d197b8fda8beaf86ec6a03f31327400863fb175d23568d6783ed41
work/repro_v3_cellchat_environment/report.md	5293	1916ff2f0de4d751f298b5b271e8c43d4f6198f91f31cb899f9b14d4fa63edcb
work/repro_v3_cellchat_environment/requirements-python-audit-delta.txt	150	76f2249bf3c959fae95aacf6e40a641f9780435bf43ecd14c5771bd30748e857
work/repro_v3_cellchat_environment/requirements-python-current.lock.txt	2052	a5e35b28d512550a5bc51b420bb73fca0529829df9126994b52be373c3a1e699
work/repro_v3_cellchat_environment/requirements-python-optional-audit.txt	175	35f721d564ca90b5fb140286aa01689d173b39265a99196e84f1a1a47168a745
work/repro_v3_cellchat_environment/restore_offline_overlay.R	2813	0ca3db63a61678c63a56e9d15d0c56d930b86059f4c193eedf16639f5730c122
work/repro_v3_cellchat_environment/test_offline_restore.py	2414	3174aedfc43a7a575e88893adcaea0853864dcab3d06c2e9b53cc821533ca7c0
work/repro_v3_cellchat_environment/verify_bundle.py	1294	2ed25f259e51e6c237c82d910a2e05397edc41f897e87d6e5e8291879ff45785
work/repro_v3_cellchat_export_lossless.R	2763	539001f644a42de96b1c65bbcdc2607df8ad0de9ab1a01586d8c04ebf0841d1e
work/repro_v3_cellchat_fetch.py	864	c8b36e111fd016c7b586e132e42a73f7134fbb61a126b25e3521997da0e9a5d6
work/repro_v3_cellchat_fetch_source.py	790	254f8a0c5cc68f3c074bb147c2aabd5274cf98ef0606fb2d638cef8f1342ae00
work/repro_v3_cellchat_figure.py	8621	14208baa6e37da216ffcb37448bf57563d989e88ea8e2cb14ca71949c728a01c
work/repro_v3_cellchat_independent_review.json	14334	0a34c6e89d017b32785bc9e064767db2e1c139e08fbec200cc751158adcdfc60
work/repro_v3_cellchat_independent_review.md	6549	2ea0ad9a974b794ecc1f2523712a2fd1e05ab3db15e523f9f22404fe00229a6f
work/repro_v3_cellchat_independent_review.py	13220	ff2a67f0108c1f3b7b0e11fe1794cd9ea1fdcf31a183b60f09a4f18198e3d691
work/repro_v3_cellchat_install_verify.R	4365	8d5c8886c9fb6790846e97a557c3a53009252bc33497e2b6c43cbf1c1aa12bb3
work/repro_v3_cellchat_narrative.json	21827	ab5329f6923b381ffcbb7fe8a0e0d4484ea7475ce71dda4acb464b89d9a22348
work/repro_v3_cellchat_precision_amendment.md	1386	842e7cc4f19c497017819e478ee76a987f3508738f10559d7a2a2a2b6ba8581d
work/repro_v3_cellchat_probe/binary_endpoint_probe.json	2412	e78118b38e779a5d7a7a97971fbc4e1536f7cfbefc8742168847a72883971f5c
work/repro_v3_cellchat_probe/binary_sizes.json	13160	19a55cee4454277a816266817cb76a178e11d7b2077354d6f774532a97af64e8
work/repro_v3_cellchat_probe/CellChatDB.mouse_cofactor.tsv	1852	b757532ea376b246a3f79d38f81dd3b40be8e791b75db4d387928d7bd581997b
work/repro_v3_cellchat_probe/CellChatDB.mouse_complex.tsv	10113	3bbe88c18a95b1aec2e1ef25de1416658686b508a264a5d420cb65a7a2d674e8
work/repro_v3_cellchat_probe/CellChatDB.mouse_geneInfo.tsv	9725844	d1a3ea8f088387ebfd16dfdbc21b2be90c314315095023ecb98ce5dbead52271
work/repro_v3_cellchat_probe/CellChatDB.mouse_interaction.tsv	3407238	9fbaf8efa07897070ddfddafcf607bfab0192b407393b9b56f17c9f8cb35259f
work/repro_v3_cellchat_probe/CellChatDB.mouse_protein_canonical_overlap.tsv	2306612	0a0df627d073eaa1a3abb0267608ecea730563fa7f60e2bad8701f82ca2975d3
work/repro_v3_cellchat_probe/commit.json	7152	44846e444295e7bd94bfbf7b4b866ff2d20b504db7062c5e955d6069d8e32041
work/repro_v3_cellchat_probe/corresponding_source_asset.json	1365	c1f68e023231af64adb802e5dfe169f252610df89058b16b2133e7415a3a74a9
work/repro_v3_cellchat_probe/data/CellChatDB.mouse.rda	1279646	dd59b19646e546b3ed41f394ad2cf64cf44f3d3fcfbb58ac176f0fe1322f9413
work/repro_v3_cellchat_probe/data_files.json	4120	5b62c3e7d1791ba4d0084a1de25db0f2806f6e0c00ca51f8fe68d370494e1050
work/repro_v3_cellchat_probe/dependency_cost.json	6802	a4ff5e8455663231fda4b40d2c0703cd4d3b581154f8b887576fdce68da945cd
work/repro_v3_cellchat_probe/DESCRIPTION	1223	f62caad458d90a7ca6d4a866d405561b3d7e62eb5e2bae71e673cd6f7c7adfe5
work/repro_v3_cellchat_probe/discovery.json	2283	be530e59a2b94c25e2c0be67841dc0043df05902f448354b74502cdf638aeb62
work/repro_v3_cellchat_probe/LICENSE.CellChat	35149	3972dc9744f6499f0f9b2dbf76696f2ae7ad8af9b23dde66d6af86c9dfb36986
work/repro_v3_cellchat_probe/license_provenance.json	278	f2c78d885e822ebe85e357ed84f66f3bbef847608e980dd29ac688eb0729271a
work/repro_v3_cellchat_probe/NAMESPACE	7142	69a44ea510e04107866f85aa4ba0f8a481963fa882ab79639a13199054a11d6d
work/repro_v3_cellchat_probe/R/CellChat_class.R	40854	d7c3cadb80cd8612e5e7ba8168cb5a72c78eb6e08327ce20555477a09c628f3e
work/repro_v3_cellchat_probe/R/modeling.R	66940	edf75f668a1527207c0d1a89316416becbbf7977a28f7226621d661366bd2cfe
work/repro_v3_cellchat_probe/R/utilities.R	57169	061f90e679279382d96d6ccae09a825c6ad53571513df4dc4fb4ac8b9ba38895
work/repro_v3_cellchat_probe/R_dependency_resource_probe.json	2680	de7f40de06a49391fb678be4f367ce1eec1e16a805e29a65d1f3fe46a1245078
work/repro_v3_cellchat_probe/resource_memory_summary.json	1427	9042686076462e72a2da9b19b478b927666be06b51e52c3959173fafc9ccc8ee
work/repro_v3_cellchat_probe/runiverse.json	48089	21d3961e63ee1e047483d042e02986a331e43cf587578569f6636306b7d64c16
work/repro_v3_cellchat_probe/runiverse_windows_PACKAGES	18331	87d90c903c5392aa9d273331fd9b74c0a9e60be1ac05118d3f041826484bc6b5
work/repro_v3_cellchat_probe/sample_memory_estimates.tsv	2525	54f592878dcc2d6861daa51cf79023b8aa8eb24b568d6d6465ddc46cd081885f
work/repro_v3_cellchat_probe/source_files.json	7586	d029aa87145ad79eb8a120fcfec47521ead21540f28dbd4c9176c91ac13a4a5c
work/repro_v3_cellchat_probe/source_manifest.json	1919	73e4d8b6ebeb49f7100ad5cb5ee81b26067bdf5d83bb69e7eecf507feb9490cf
work/repro_v3_cellchat_probe/source_toy_smoke_v2_1_2.json	1022	9c6ae728c299cd1c0650f6ee0e3ccc39fc4f0394768ee83fb66502d20438087a
work/repro_v3_cellchat_probe/source_toy_smoke_v2_1_2.rds	7111	5583ed7d662cf3079513082c263b6c2a6ddab161fce24fcadae073a684dad72f
work/repro_v3_cellchat_probe/stable_v2.1.2/data/CellChatDB.mouse.rda	1279646	dd59b19646e546b3ed41f394ad2cf64cf44f3d3fcfbb58ac176f0fe1322f9413
work/repro_v3_cellchat_probe/stable_v2.1.2/DESCRIPTION	1204	1a6f3b39d76a04060942a8ec3f527e8078ff61c21843a0f09a1ae5ff62ed9bcb
work/repro_v3_cellchat_probe/stable_v2.1.2/NAMESPACE	7112	4c8cd73c2ccc6a1c15fb1dcdd1205a40a77312f178e0cc141231c7fcd735dcfb
work/repro_v3_cellchat_probe/stable_v2.1.2/R/CellChat_class.R	40794	f8878b37abaf40f0c3a21d2339fa75f8c799b41c36bc388b2ed244f6d10ef0f1
work/repro_v3_cellchat_probe/stable_v2.1.2/R/database.R	22484	fcce8c7fa5a3ae836f6184610f4e58660dd2341b62cbf8dd49301dbd5c420ac3
work/repro_v3_cellchat_probe/stable_v2.1.2/R/modeling.R	66925	205a336b0c2381bea86e21bfe0410d0de716f0468327854a693f7639de7688c3
work/repro_v3_cellchat_probe/stable_v2.1.2/R/utilities.R	55091	bb814b4cc5fed9687fab7bf5010a0eee4ab96d89d86999b9c8fc48211ff3ee0b
work/repro_v3_cellchat_probe/stable_v2.1.2/source_manifest.json	1883	141894089af8130ad80dc03f071e7dacdb82f5e7e015a36a2bbd8fa394e83cbc
work/repro_v3_cellchat_probe/tags.json	408	071582cee2ff2ae12598d2a9f4b1645bcfceff45e2165fdb0fa3c64cb64b6940
work/repro_v3_cellchat_probe/THIRD_PARTY_NOTICE.md	1965	9c7afa7d194b677a60a96b0bedd3dbf575791c843f3666256ba103eaf42dce52
work/repro_v3_cellchat_probe/tutorial/CellChat-vignette.Rmd	43876	260ec873ef4a3226ba0a6f27d2f2b6441733d73f1625bfdff498a972f8c3fe57
work/repro_v3_cellchat_probe.R	2141	af1c925c1a2df6c8caacb2d0aa8abae33d37e97217bd653a6f48098ac752f2f7
work/repro_v3_cellchat_reference_entries.json	1792	55a464a81bbcacd5c6f3d050781ea94f031949ee692d236eef05c2724fa14e77
work/repro_v3_cellchat_references.json	1722	eb9e3738a9a016e18e0f6068ea5597e655e92737f9bb887040dbcbb40f37a025
work/repro_v3_cellchat_resource_cost.py	5018	6fdc19b569818ad176bdc924a885e3f14c3a3a0fc58fcf727c41492b236eeb1f
work/repro_v3_cellchat_run.py	6922	4c71e95276c7bdb4289869132378b7a119a356ed51edb07687ad7fd95ed2f3ea
work/repro_v3_cellchat_run.R	4010	6c30e7a9e26fbcea258b1565d02e3211271aead9a31d407615aa6e6e9a7c3496
work/repro_v3_cellchat_structural_audit_note.md	1552	b54d3b9a3abf5c4b34848a5bd68f7bb8923176f85257bd1180cab9c5277c426b
work/repro_v3_cellchat_summary.py	14675	abc29e30f03dda917fd9c2cb7d2ba852f6bbf68045706aba6b149372123f3722
work/repro_v3_cellchat_toy.R	3508	e529a8c76af5f2d736a7c09c658bb2383f9a63f2692626d61ef87f42cf7551d3
work/repro_v3_cellchat_write_narrative.py	23327	6220f6f343ef0f840cbf95fa0b5179096345cb9928cade0219dd3dd702eed25a
work/repro_v3_document_environment.json	484	0682b15ab4bfa1870a66670e79a23caf6e0dbacfb313720c5446b0559b0257e3
work/repro_v3_document_requirements.lock.txt	76	111350026717bea9e34966adcbcce373e43d1709fc69427ed1492bf60b3b00b9
work/repro_v3_editorial_diff_review.json	8497	bfd2132095f4cc568bbbec82d6162f8bfc6d2c540240993afd538bdfd74b6d9e
work/repro_v3_environment/.gitignore	110	98887af5ff2c3cb030fb67cfcb0a764f80574809e8ca3bffc1d955c42aebde28
work/repro_v3_environment/capture_python_environment.py	4950	7d635675e497039bd1abb8795e1e978944329c7655aefe2ad0b6901e7b0728d8
work/repro_v3_environment/capture_r_environment.R	2765	6237816f13c3cdf58c974c05aac426fd67743222b6defd3f376b5cc79b87230d
work/repro_v3_environment/environment.yml	3179	d80ec67a9f62f04d8aafb8edbd15041a0bcce99f8c19f2017b4d54fb8f45c123
work/repro_v3_environment/environment_manifest.json	47779	cf3ae25f205ee36160ec3e6d8360b600d94fd27b488c2280ef32ad9f63e83708
work/repro_v3_environment/environment_verification.json	19348	d7fb07259bfd194cbbe4d7cae4da3872b37be7781836b869c6b132025404f6d4
work/repro_v3_environment/matrix_split_plan.json	470	284672f079d880d7ad4021f0bc01a8721216c4d459111d8f23b083e9babd3fb3
work/repro_v3_environment/python_environment.json	2999	53c52b1f2e3b123e806fcec546f286c532b688a4eb9c43550087f289e477de61
work/repro_v3_environment/R_DESCRIPTION/abind.DESCRIPTION	896	23913c13b59903d1332c21a20ad5f0fdb66fb83e8af158c27b6a51b6d6a407f6
work/repro_v3_environment/R_DESCRIPTION/askpass.DESCRIPTION	1418	75ad462800dfd68723da8dc0ff1b2db80655494dc8e7cd42dcdfa13d9068065a
work/repro_v3_environment/R_DESCRIPTION/assorthead.DESCRIPTION	1468	9164993db8761f3ca7299421cdaa62f1c611b864f8b2419647d6afd6cb26d3a6
work/repro_v3_environment/R_DESCRIPTION/backports.DESCRIPTION	1416	9c339cc85b32c234e42d752c3218a41960bd67837b08af26c214739144482545
work/repro_v3_environment/R_DESCRIPTION/base.DESCRIPTION	415	fc4bcce46e7480230685ca9673463483c21cc7d81494db39165623da39c4ee4d
work/repro_v3_environment/R_DESCRIPTION/base64enc.DESCRIPTION	878	cba356a7a36237b26c2ea988c14aaa42f3dbb870e08541ebcd8b5778a61e9ff3
work/repro_v3_environment/R_DESCRIPTION/beachmat.DESCRIPTION	1763	0acaa3f2509a30b20f76c098aadd3a1343e89056a6ef98e96d8fc56a86b26918
work/repro_v3_environment/R_DESCRIPTION/beeswarm.DESCRIPTION	1078	d5e89cc9d4a3dacf626ea9b4757fd66bf47a1485b100da48e96c618441025f41
work/repro_v3_environment/R_DESCRIPTION/BH.DESCRIPTION	2196	fd40109e48cbe92df5496e41f1b86e84c7155352be766333565db691a87e627b
work/repro_v3_environment/R_DESCRIPTION/Biobase.DESCRIPTION	2245	aa59bc27e05e1f82cca87c9dd6468fa5f82f3f3c4b7045512650c4dd490206b6
work/repro_v3_environment/R_DESCRIPTION/BiocGenerics.DESCRIPTION	3023	b2cedaf2e9b39199b30834bcbf5d7a0d20f412c14bf338df86dd42dada6b49f5
work/repro_v3_environment/R_DESCRIPTION/BiocManager.DESCRIPTION	1177	7e6d58f99c47f449c02ad4e9748d937c72e10f285a7c7174c4b830dcfb15ab49
work/repro_v3_environment/R_DESCRIPTION/BiocNeighbors.DESCRIPTION	1734	ef3e62c9b20aa02e9e6a7b5421eb7b38856b7c29db6f0d01e35a7efc3c0b52cc
work/repro_v3_environment/R_DESCRIPTION/BiocParallel.DESCRIPTION	3691	9547dedf23832355a850a5d777d4639e312bfa035bb7454cfe4b9187032c200a
work/repro_v3_environment/R_DESCRIPTION/BiocSingular.DESCRIPTION	1609	215233c657d6891558ba3866617c13c59eaa72a3938694951d97bcccfe4eae47
work/repro_v3_environment/R_DESCRIPTION/BiocVersion.DESCRIPTION	1151	332e50f51e7d5d317f578846407ab0947c9a4f94694c79f78011b2c1a20b080b
work/repro_v3_environment/R_DESCRIPTION/bitops.DESCRIPTION	1128	d11782bbc7d945aab4937e6a838608e30cdb29c77231606e678c32db0fe15d3f
work/repro_v3_environment/R_DESCRIPTION/bluster.DESCRIPTION	2446	72176e7c706c9a00b413cbbd5e08b29424ad053a17e962802f15c36d34626ba5
work/repro_v3_environment/R_DESCRIPTION/boot.DESCRIPTION	1531	0334b07a9e7abc809e2a796c8c6c60c7310266e921e0e715ee4e1bcee9b119ec
work/repro_v3_environment/R_DESCRIPTION/bslib.DESCRIPTION	4296	1336ae39df63efba119b65b1cffc9977a307b10a648e72668349c0030447bd75
work/repro_v3_environment/R_DESCRIPTION/cachem.DESCRIPTION	1036	f699a8b8b3add46096aae2a3eeb4bacbad07eca9484fb91ccab54fd769d7d550
work/repro_v3_environment/R_DESCRIPTION/callr.DESCRIPTION	1700	929b2c09e5b93333108d0a8e4fa1506b7d7bf1c67b292ce54329cd4e91f53b59
work/repro_v3_environment/R_DESCRIPTION/caTools.DESCRIPTION	1231	885edd3fea148fa5f77ce12af7ef7c84faa091c64e87227a118e6b784242c610
work/repro_v3_environment/R_DESCRIPTION/celda.DESCRIPTION	2691	4efc46ac3a260940ef4e44eac4223f26d8c3034d4d2297ed67b6dd1d95bd48d1
work/repro_v3_environment/R_DESCRIPTION/checkmate.DESCRIPTION	2862	9fecfcd3f6caea5505b6ada0843eb4f082112da813de4b79d42c17d88dd1a008
work/repro_v3_environment/R_DESCRIPTION/circlize.DESCRIPTION	1773	3947f49028e8e89e7a9def008fc3669d1b536b523b3759d6ecc59cde6eb311cc
work/repro_v3_environment/R_DESCRIPTION/class.DESCRIPTION	908	f0b9ae62dc25b23fe92703b80133c4c3ea6aaa45a63fff6f6de6ef7cffa8abe4
work/repro_v3_environment/R_DESCRIPTION/cli.DESCRIPTION	2111	07cbf60f3456c47c9690503e2a9506999e67bf8177d53ccb5901f7da2b58946f
work/repro_v3_environment/R_DESCRIPTION/clue.DESCRIPTION	954	16bde8e85b4f01e4194fbd4296228e3615b763056e287b7f4825dadb349ed4cc
work/repro_v3_environment/R_DESCRIPTION/cluster.DESCRIPTION	3072	c60c875b0983e9f33da13dc7d566a08fbb548eaeabe34584a472da601380a4df
work/repro_v3_environment/R_DESCRIPTION/codetools.DESCRIPTION	492	862b0aae2c1610b3d555b07fffa00701b1fbe6e3efa86087f6f217b10ed73f65
work/repro_v3_environment/R_DESCRIPTION/colorspace.DESCRIPTION	3967	4eb885b0f69d3c94500d797ce6d41dbc79cd1c0e6ab7dc2ea225774af98b0cbb
work/repro_v3_environment/R_DESCRIPTION/combinat.DESCRIPTION	354	6299c6aac52ff0101ef4b5597598ce57aabebab003bfb1c15e50a60668cd0be9
work/repro_v3_environment/R_DESCRIPTION/commonmark.DESCRIPTION	1462	93565370cb6aa0aa87297dee36672034bb6f685933a6ac5559b1e70b014d2c6c
work/repro_v3_environment/R_DESCRIPTION/compiler.DESCRIPTION	364	b7ef5ec816e4ac3c2b9eabf5f4c937d93178fa5f06ff9f0f8cad6c92b4ea73aa
work/repro_v3_environment/R_DESCRIPTION/ComplexHeatmap.DESCRIPTION	1841	23597f06cc247df364b3ae0103778caa7ddc4de555933745a3a664fd173119a0
work/repro_v3_environment/R_DESCRIPTION/cowplot.DESCRIPTION	1984	3723f4f04821ca702a2c19e6ccf61d4e0d7312725b2d1d9f16b0f3a41f4c5cb4
work/repro_v3_environment/R_DESCRIPTION/cpp11.DESCRIPTION	1934	c43305aade25833d3ce21407478c020cf2300b65e9b8bbd3676074c5d1c39b99
work/repro_v3_environment/R_DESCRIPTION/crayon.DESCRIPTION	1785	7f078943eb9b3041f71d24e37510eb7190c3a8f3fb93e927ba3d2cd401192d8c
work/repro_v3_environment/R_DESCRIPTION/crosstalk.DESCRIPTION	3150	f6ce7de32b49763cad939cdbbf8c97d9b74c56dcd1d8f6c00127f12ca7d0fa0c
work/repro_v3_environment/R_DESCRIPTION/curl.DESCRIPTION	1598	d126b8ef82ea17483ad70f46ee546b4bcb6221839c11f2f2e9fdcc300a5d5911
work/repro_v3_environment/R_DESCRIPTION/data.table.DESCRIPTION	9405	583ca283e407909b6075f30d8b9d55d48abbf7ceb99f60563784cfb941d99ede
work/repro_v3_environment/R_DESCRIPTION/datasets.DESCRIPTION	373	a3c8cde05ca3fbf2f7778920f5a1f5b164fb14154138ef333e75867aaa47c41c
work/repro_v3_environment/R_DESCRIPTION/dbscan.DESCRIPTION	2415	052e635d09afe924bf73f3df9b6bcdd47295191f6ed6ba09deaaa069f26e5cb5
work/repro_v3_environment/R_DESCRIPTION/decontX.DESCRIPTION	2867	c59668e60f7184afed393751c99d987520bf1cb1799cd989209f3ff4129fa27f
work/repro_v3_environment/R_DESCRIPTION/DelayedArray.DESCRIPTION	3001	687b5d38991751ff8ddd564e78418729fdb51323aaf681fa99a466995afd2cd8
work/repro_v3_environment/R_DESCRIPTION/deldir.DESCRIPTION	967	01527f7e0e3520f2ba051113d42cf64b64773ab9954e0342a43dcc297a5e2793
work/repro_v3_environment/R_DESCRIPTION/dendextend.DESCRIPTION	5955	cfb1f6dbbd9bd1945cce8d9f7ef448a1d90ac6b166b5111cc9ecf29e972b52ad
work/repro_v3_environment/R_DESCRIPTION/desc.DESCRIPTION	1762	50d4455d79a9dfdf5ede0b410fcaf6f49c7cefa6badd606df6c23eba21917ad7
work/repro_v3_environment/R_DESCRIPTION/digest.DESCRIPTION	7395	cce613ce72fb43d2148e02b3ed3e4383ca2d1908dfab9a8687e10e9ba26169b4
work/repro_v3_environment/R_DESCRIPTION/distributional.DESCRIPTION	3148	7251caeb4f4b796c8f14d7917f072b0e5eb189379e03ba5d9a6f646977946c11
work/repro_v3_environment/R_DESCRIPTION/doParallel.DESCRIPTION	1129	6b5cf13177db7d0073e1e8020243050c75ab72828f064530005f19d9eb876190
work/repro_v3_environment/R_DESCRIPTION/dotCall64.DESCRIPTION	1662	30164369d547123c59443486e7a5fe3cc48bddfcf554abcc790767f2a56ca747
work/repro_v3_environment/R_DESCRIPTION/dplyr.DESCRIPTION	2240	bb016dd8ada0dbfab2dda9118bbd33562b720cd3245b85ca0f4555135967f734
work/repro_v3_environment/R_DESCRIPTION/dqrng.DESCRIPTION	2862	fe3f3dbe24c8ac278d74f4b11a1c0ed3c56c56b3d9f603aaa6fb699e54f56d9c
work/repro_v3_environment/R_DESCRIPTION/edgeR.DESCRIPTION	2520	6b5bb5491acf293f4ff799f50ce35857a662ad097c7c8c3dd2db7442261ca7de
work/repro_v3_environment/R_DESCRIPTION/enrichR.DESCRIPTION	1081	437143c0643004e4a9cf4d9d21dea3f6b428bfb92c6a1941fccd93f432ae3569
work/repro_v3_environment/R_DESCRIPTION/evaluate.DESCRIPTION	1915	62d17d0ab4bc5651ba94ea3c5cd95360e38c5504ee19323530c32780cae5aaab
work/repro_v3_environment/R_DESCRIPTION/farver.DESCRIPTION	1832	e2298e93bda68b6f47c674a7b1c554109eeacc0aa179cd40a17c468e1eb08ea5
work/repro_v3_environment/R_DESCRIPTION/fastDummies.DESCRIPTION	1491	e08dcb53a63763a2cfd638a4798ec25588ab12bf5bea5ecadcda878faf600c51
work/repro_v3_environment/R_DESCRIPTION/fastmap.DESCRIPTION	1366	430ff7b345bc8e41192b8d41601592a8d47f1aec163588b406f4bb7a90c17cac
work/repro_v3_environment/R_DESCRIPTION/fitdistrplus.DESCRIPTION	2729	b9aae890a0dd345011e683ffc3dc4313dadde1d74a67c91432ab32e0a9ba1abc
work/repro_v3_environment/R_DESCRIPTION/FNN.DESCRIPTION	1746	bb91bbbb74b158e8b50a08d06d16d6652d6463277aa01b4f42aae5eebb9d114c
work/repro_v3_environment/R_DESCRIPTION/fontawesome.DESCRIPTION	1876	2c002bd7d95108b6acbf0e938d417c55cb540923ffc4adf45a17df3437ede938
work/repro_v3_environment/R_DESCRIPTION/foreach.DESCRIPTION	1845	5f1209a9fd07f5f66d138f195c4eae21a6f77d74c91617103e5177e50bd68e8a
work/repro_v3_environment/R_DESCRIPTION/foreign.DESCRIPTION	2340	843234683d1a98d901577e5be0431f8f9169434c1d0d1baa6b93ad2b1b840e17
work/repro_v3_environment/R_DESCRIPTION/formatR.DESCRIPTION	1391	79b1cbadcff35999d5d045c14f02191d9cade4751af4e1007031bde8af7c83fa
work/repro_v3_environment/R_DESCRIPTION/fs.DESCRIPTION	1984	04db071e1de839e4dfe350b75d2237a4768ff54b1d83fdc59739fd84e6cc7f44
work/repro_v3_environment/R_DESCRIPTION/futile.logger.DESCRIPTION	1094	29aa30c7ab6c66ed978c918449c2ea788133465249deb79281072fcf4a7dfdd7
work/repro_v3_environment/R_DESCRIPTION/futile.options.DESCRIPTION	496	d22b149d6c9f1ea8e9a7597b132e435befce5273002993f989ba8ea2e8ffc638
work/repro_v3_environment/R_DESCRIPTION/future.apply.DESCRIPTION	1633	fa04b26701bda0b3b9b1a865420d8730ab17bd38e6bce7ac5263f40784f03cd0
work/repro_v3_environment/R_DESCRIPTION/future.DESCRIPTION	4495	f8fc8dbfd21a3e51fa789d640463276e3759a6f423e42031acb988f966b6d564
work/repro_v3_environment/R_DESCRIPTION/generics.DESCRIPTION	1464	3db476828fb377a4c231d722888397cfbbac5020de5cf2f5dd2a4cd3fadba374
work/repro_v3_environment/R_DESCRIPTION/GenomicRanges.DESCRIPTION	3946	102207bbafe1f9c7ddc8ff563cf89e5cb3ad03b1888c5167338d0d7c740f9850
work/repro_v3_environment/R_DESCRIPTION/GetoptLong.DESCRIPTION	1011	4a37460cad3952f4885fc45acd3c37ed04fffc68b1727bb1505f26374b1ea2c5
work/repro_v3_environment/R_DESCRIPTION/ggbeeswarm.DESCRIPTION	1204	5511fb641ff7975154c93d0e2aa839f436b0228996034058c75730ef07a47601
work/repro_v3_environment/R_DESCRIPTION/ggdendro.DESCRIPTION	1549	8046d2358c0dc91e4b0f9372c1002752d5fdd1d34015b0dd6a42040b16b98ff8
work/repro_v3_environment/R_DESCRIPTION/ggplot2.DESCRIPTION	7345	fbbffddf8c3dcf68456131595c987338b215afd47a491f9b0b990828c4b4f43a
work/repro_v3_environment/R_DESCRIPTION/ggrepel.DESCRIPTION	3954	5320b32c1251f18e34e8b886869dda2da06b83260bf2e23f157acb3900b06a98
work/repro_v3_environment/R_DESCRIPTION/ggridges.DESCRIPTION	1448	f2f598e019a305720673542760ef3fd687e23f8e3939c159b90cc441b00bb94e
work/repro_v3_environment/R_DESCRIPTION/GlobalOptions.DESCRIPTION	1008	99b82eac59bb344888e0be9b48eb01b6aa18e0c0ceae8ee4047da49c75d16f4e
work/repro_v3_environment/R_DESCRIPTION/globals.DESCRIPTION	1248	bbfffa8322938f9bec68689cd1f1ae115cfb75b7b41cdf24f45936f01e447ed9
work/repro_v3_environment/R_DESCRIPTION/glue.DESCRIPTION	1889	064f7be33b92df332bbef82ed176e466571c89122b52d93c2fda7f7431074983
work/repro_v3_environment/R_DESCRIPTION/goftest.DESCRIPTION	1113	67feaf1f90202611ca7cf376782a1587deca5f41b0669e205db234b42adf5bc1
work/repro_v3_environment/R_DESCRIPTION/gplots.DESCRIPTION	2813	d59d8602176a694398685da430391496abe10ed878863343fd4c73df486f91d5
work/repro_v3_environment/R_DESCRIPTION/graphics.DESCRIPTION	463	acb1d002aac1c828b22970b854f75792f268eea759b1bc869a1959715124bf73
work/repro_v3_environment/R_DESCRIPTION/grDevices.DESCRIPTION	511	4f6592cb3827ea2ee26b1647f222b590c16226adf1689f28cc83950daef3cb41
work/repro_v3_environment/R_DESCRIPTION/grid.DESCRIPTION	509	fbd2aaf13f459f1f6211576efa250db5b96f28bad4b82dced7b74adae9cf98a1
work/repro_v3_environment/R_DESCRIPTION/gridExtra.DESCRIPTION	934	dbf37aff062527af30d227a8236b5691650a91c5862e825ee81df999aac63577
work/repro_v3_environment/R_DESCRIPTION/gtable.DESCRIPTION	1483	87b228faf904615f6cc1991375699903d45c55ca0e62de9596d343d899567738
work/repro_v3_environment/R_DESCRIPTION/gtools.DESCRIPTION	3269	474d61c44d8ea6a045645ebeec23f08dc9c52fbba746c42d6f2b7ebb51e0fba1
work/repro_v3_environment/R_DESCRIPTION/here.DESCRIPTION	1602	a2e2ce924cddfa84b3b504c6e1dbf3c53173a746822ec3f56f031536d83e2ad0
work/repro_v3_environment/R_DESCRIPTION/highr.DESCRIPTION	1225	f4be1584db0a3427c4bc83385bad8d4096351d66953160112066a84561b457ba
work/repro_v3_environment/R_DESCRIPTION/htmltools.DESCRIPTION	2053	bf2caaf795421c1466d9c073eaf7e7310cab41c404633c4185fe4a4b396c8aeb
work/repro_v3_environment/R_DESCRIPTION/htmlwidgets.DESCRIPTION	1620	775e57a2aa5ae1b32e0d153668c8a110c3a9b82b8a6f81e86de8517e622781e7
work/repro_v3_environment/R_DESCRIPTION/httpuv.DESCRIPTION	5390	f951a2073becc9c87258a0cb08b0e10704a99aabd1f7da6ddd297a28f44eb4d9
work/repro_v3_environment/R_DESCRIPTION/httr.DESCRIPTION	1206	1127bd7b60b79d8c73bc49cfa385703f47f875041cc5a8a4515c2ae05915f117
work/repro_v3_environment/R_DESCRIPTION/ica.DESCRIPTION	580	43de3929f525658f506e8bf26aa3412c8b9cb6172140d51f5ea451c9bce76342
work/repro_v3_environment/R_DESCRIPTION/igraph.DESCRIPTION	3939	11ac793762ef7a99e6d32e10f2c30bd08cdfcb46d3972f6291449938948b0b44
work/repro_v3_environment/R_DESCRIPTION/inline.DESCRIPTION	1861	2018c2acdccf9b732a650c532c117dac45cbcaa2635f7a228386fda51ac0805b
work/repro_v3_environment/R_DESCRIPTION/IRanges.DESCRIPTION	3160	b1795acee01896c852ab78794a062c5d261585e02e86d0f3363dfb3487c5c97e
work/repro_v3_environment/R_DESCRIPTION/irlba.DESCRIPTION	1165	c0450de334f29a58e58770bf21ea3442065951152b4dee64ab906e5d72181e02
work/repro_v3_environment/R_DESCRIPTION/isoband.DESCRIPTION	1942	3fdfc9ed2d666105d447644c292547d78b0f873f80dd8fddc294c6caca716a03
work/repro_v3_environment/R_DESCRIPTION/iterators.DESCRIPTION	923	bbdfcf3b8d6c9bbdc203d125597e244f30d4d831275b01acf9c792ed27acc929
work/repro_v3_environment/R_DESCRIPTION/jquerylib.DESCRIPTION	1634	1fa441bf924429db328573ccb87e1f6f85931bfe5a916c2d0fa8118223d1e8fc
work/repro_v3_environment/R_DESCRIPTION/jsonlite.DESCRIPTION	1772	4609d11fa1de6f98371ac85a14ae516dd0414377c852b23ceb62813ad2121bbe
work/repro_v3_environment/R_DESCRIPTION/KernSmooth.DESCRIPTION	1266	6df244f6c45378f1ccca8e86e141645799e482934dff3032eb92a0c58f1003ca
work/repro_v3_environment/R_DESCRIPTION/knitr.DESCRIPTION	10946	5437bc8b9aec68b4b1dc235477a51057795fea9ffc29f3e8e7618be8b2673257
work/repro_v3_environment/R_DESCRIPTION/labeling.DESCRIPTION	509	0fd581e08b3becd15153994bf0dc203432b46f4bf358fdd3e866b5c8ec5ebc0c
work/repro_v3_environment/R_DESCRIPTION/lambda.r.DESCRIPTION	675	6dacfbd21637b0a965583ea360d4d478de101524fa0f9911c51b4bd0740b67ed
work/repro_v3_environment/R_DESCRIPTION/later.DESCRIPTION	2207	9b0da4c3171df1efb3c55cb39dbbcebb1d8aeb4bf14a847579acdae8f5f7e961
work/repro_v3_environment/R_DESCRIPTION/lattice.DESCRIPTION	2400	7ad3a66f4f90f36851ae2f168292333d9a1c7446fc5d6a9e0d35e124a42a3b62
work/repro_v3_environment/R_DESCRIPTION/lazyeval.DESCRIPTION	919	c2fae9cdbb724924d183020673715e87e0abcb2b76b365f2944903bc11b2b2e7
work/repro_v3_environment/R_DESCRIPTION/lifecycle.DESCRIPTION	1388	120b702422269e602af7ffed5be440c7afae3d5db76eaf6efb50314a9d2252f0
work/repro_v3_environment/R_DESCRIPTION/limma.DESCRIPTION	5037	741a06b20f30db5a370187a948515fff6d8629931f81d7a5ef6f528733a4f931
work/repro_v3_environment/R_DESCRIPTION/listenv.DESCRIPTION	1237	ccb1dd039b4b41dbb2e926dde910c321fff2f8d583e20c8abe5e7438d66fc1e3
work/repro_v3_environment/R_DESCRIPTION/lmtest.DESCRIPTION	1702	180c81e16d48bc22543a024ec99ba715fbe196e61ba77464f693319c53b7d8a9
work/repro_v3_environment/R_DESCRIPTION/locfit.DESCRIPTION	977	7d502316c87683245cd947db00f4e18cd13869a5c249ca297e56071f509a53e1
work/repro_v3_environment/R_DESCRIPTION/loo.DESCRIPTION	2816	a1e0cefb1dc241cb016398c28978836692f694891f44888f238073ee6ceba80f
work/repro_v3_environment/R_DESCRIPTION/magrittr.DESCRIPTION	1727	b59903ac75e191f615ea4e5f73617be264558b8c8439c1028e9209c80da34af1
work/repro_v3_environment/R_DESCRIPTION/MASS.DESCRIPTION	1610	7242cea9aa6945fb011241b3f7a463b9b85fbcfadaa5b5621deb688ae03d3333
work/repro_v3_environment/R_DESCRIPTION/Matrix.DESCRIPTION	3545	b360b822f0baf252c1b065c79769d0de512971b843ede1979ba5305b8fbb494c
work/repro_v3_environment/R_DESCRIPTION/MatrixGenerics.DESCRIPTION	2852	d3a53e41e106b6937269a0cd964cdc1edefdf4386be3580c10538bf68320aa3d
work/repro_v3_environment/R_DESCRIPTION/matrixStats.DESCRIPTION	2231	d8fbda0b38d1ea1c458a9e3ac9c9ad5407096ec3a1decd12f672a95281cafe5e
work/repro_v3_environment/R_DESCRIPTION/MCMCprecision.DESCRIPTION	1951	672b9457baf036cdd51880a5d5035c639280d2eb49efa0294ff5c60c9a259b11
work/repro_v3_environment/R_DESCRIPTION/memoise.DESCRIPTION	1720	f9efce1dcf357ceb62eaa03b3b69e85883699b9d1f0fa77e147f092c3fc11889
work/repro_v3_environment/R_DESCRIPTION/metapod.DESCRIPTION	1567	d77f7930a330a981c8ae019159818556081b1fb7df056e6cc923339f58310ea8
work/repro_v3_environment/R_DESCRIPTION/methods.DESCRIPTION	644	c23dafc2037e0aca335d15fdf2f928942e4bac82a866923d489b779c3f236f62
work/repro_v3_environment/R_DESCRIPTION/mgcv.DESCRIPTION	1372	277213b29e846b9f62d8a3f5e35482cff2059b34aeb1fc7aa2301c720945b884
work/repro_v3_environment/R_DESCRIPTION/mime.DESCRIPTION	1023	e2cbdbe93b2c8119a77edc2cfc7662c1611a716bb38ce35356fe9ec064c2a42f
work/repro_v3_environment/R_DESCRIPTION/miniUI.DESCRIPTION	901	e07fbd3664ad615fc00a7a8fab2ac546caafd61bceb6179ce09f57b285de2111
work/repro_v3_environment/R_DESCRIPTION/nlme.DESCRIPTION	1964	556d63962566b0bad9863f92c557e2ded3992cf686c9d2a10219258daea9b888
work/repro_v3_environment/R_DESCRIPTION/nnet.DESCRIPTION	927	887c7a20bd2abc842de52419bd048e741c5d48b6ef526d9439922a3dd8c398fa
work/repro_v3_environment/R_DESCRIPTION/numDeriv.DESCRIPTION	1025	ac381466d7886de076fd1a42dc5ec356e9a291792d1667ebad5613fad3658bbf
work/repro_v3_environment/R_DESCRIPTION/openssl.DESCRIPTION	1783	ad5ba77fab46d55478826e43d4e7ef8924193891f3b4fb84a462220c8dbc8691
work/repro_v3_environment/R_DESCRIPTION/otel.DESCRIPTION	1465	10a3fb3db1984fedfdb24155657b81e53d3fa9a8d528bff36e5048efcaaccb09
work/repro_v3_environment/R_DESCRIPTION/parallel.DESCRIPTION	633	a4519e8b7a207f8476fa28fe4552b9135ca2a8fb054444ad6db4e8fcfacd050f
work/repro_v3_environment/R_DESCRIPTION/parallelly.DESCRIPTION	1921	43122dbde6fecd68d629b65d98618f93729aa298cfb69498b65b0d4b9f0f0b36
work/repro_v3_environment/R_DESCRIPTION/patchwork.DESCRIPTION	1630	dbebe76c09516660d3070a79cabfe1037a398f02513ff4e88f8693372eee9753
work/repro_v3_environment/R_DESCRIPTION/pbapply.DESCRIPTION	1713	bb1d8eb1c4baafe8ffec3f260a70721efab684dae11d5f7bc1910caafd32fd92
work/repro_v3_environment/R_DESCRIPTION/pheatmap.DESCRIPTION	779	ee51195b1c06eb231f1fb22ac7fffbb327218f5fec7b57a80253120842212efd
work/repro_v3_environment/R_DESCRIPTION/pillar.DESCRIPTION	1933	fc1a811304684e8ada259fbfefc780477dc72d36db84b2073db63e7fd606cd7b
work/repro_v3_environment/R_DESCRIPTION/pkgbuild.DESCRIPTION	1453	e0dc4003955de06c43ef89f7b70952e5baa39ab992695abffe775d368793d7d5
work/repro_v3_environment/R_DESCRIPTION/pkgconfig.DESCRIPTION	738	9cedf4a1ccc8214253612641238e828164f27abee24712fdb2cd2379dd6f6e8d
work/repro_v3_environment/R_DESCRIPTION/plotly.DESCRIPTION	2785	92931a03997c9f7e66d5628c046f125ae4ed2c2af561d132e53a5c51b93e759b
work/repro_v3_environment/R_DESCRIPTION/plyr.DESCRIPTION	1326	b7b7f5203c3ada4e398b0536967bca2291e682fa5d2df1ef6646964487ccdda4
work/repro_v3_environment/R_DESCRIPTION/png.DESCRIPTION	951	2c1531b596f65c158ad6cbfd66728c0ac9c807584857a0d0166a005b1c0c7bd6
work/repro_v3_environment/R_DESCRIPTION/polyclip.DESCRIPTION	1937	09fae0e5434581f897ea634ffd14c85a80f280ffc6db9abc0b1f15af8654e36d
work/repro_v3_environment/R_DESCRIPTION/posterior.DESCRIPTION	2772	9e707704512fb087ab49758caa6302076ead44be8dc698b5996adf8b66c902cb
work/repro_v3_environment/R_DESCRIPTION/pROC.DESCRIPTION	2321	1d79bb4711c994f3e5085ba00056db39b54b5180c8dd9f07567bb965d7748239
work/repro_v3_environment/R_DESCRIPTION/processx.DESCRIPTION	1942	8aa446e0004a8c7b48e3f657f744f29505849535cd5cf8396e2396d7b4378ad9
work/repro_v3_environment/R_DESCRIPTION/progressr.DESCRIPTION	2445	76e8016cdd15c2ae411b78928f092ca0935cc5084aaa5a677abf2869caea4dea
work/repro_v3_environment/R_DESCRIPTION/promises.DESCRIPTION	2248	78094d009f5225e75dcaa401d018be755fef074708adbcca1d1a32820e7df63f
work/repro_v3_environment/R_DESCRIPTION/ps.DESCRIPTION	1436	9a683b69d34c186f9c1770eef19aeb2844ff0c1331ab8d8c8df55d1d7aad326f
work/repro_v3_environment/R_DESCRIPTION/purrr.DESCRIPTION	1630	3508d54a0b3765dbdf469c8f0326960eba639c0f471c474ddf2bab8ae020bea2
work/repro_v3_environment/R_DESCRIPTION/QuickJSR.DESCRIPTION	1587	6c9e849b4dfcf1d615dfe360ce6c2aecc0c7af766ca7b4e36d28cf0a13310b93
work/repro_v3_environment/R_DESCRIPTION/R6.DESCRIPTION	1295	7ddd96cd003f2aa4ce49762555687667f920ad8462508f300ba78fb6b5474a58
work/repro_v3_environment/R_DESCRIPTION/RANN.DESCRIPTION	2325	ac6bff18723ef6b03bc3562c70f23dd21b7216c1b559e022f88ee6c52ff19351
work/repro_v3_environment/R_DESCRIPTION/rappdirs.DESCRIPTION	2275	fe0eb38e6f66e93d422a64e1d03e2ae6c2fb197928ed39c6ca4b1db9a2e3d589
work/repro_v3_environment/R_DESCRIPTION/RColorBrewer.DESCRIPTION	687	c3fcedf3dd21e12f5bd9125e635c6419a45a16402bba5478423b3f6a88aa86bb
work/repro_v3_environment/R_DESCRIPTION/Rcpp.DESCRIPTION	2995	bedf65604df85c18dcde74245e2e8411c8cacb6e6e30bd214d1e8b6444cdfaf0
work/repro_v3_environment/R_DESCRIPTION/RcppAnnoy.DESCRIPTION	1707	aebd44be2cb595640a56a5ec365eec4ceb378608ecd4b39f549b6e57ac70de2f
work/repro_v3_environment/R_DESCRIPTION/RcppArmadillo.DESCRIPTION	3377	2b025259cb9f87da0d9b80f8b97dcab087260be5a613e6fd98939d0245cb5b35
work/repro_v3_environment/R_DESCRIPTION/RcppEigen.DESCRIPTION	2849	13989573b0fe620e5d7c07e96e35bfb28164cf3e931079ca12de7df6b292e305
work/repro_v3_environment/R_DESCRIPTION/RcppHNSW.DESCRIPTION	1375	62d1907a1f3a93cb7f7a695555764ba60142053451ea252f378addd422195268
work/repro_v3_environment/R_DESCRIPTION/RcppML.DESCRIPTION	1081	6b0d433049680e87f64d8108920c8421bcff1c577248d11c5f4216515c7d1f4b
work/repro_v3_environment/R_DESCRIPTION/RcppParallel.DESCRIPTION	2537	e24f51e2c7bee512ddbcde153220ef19e04b672da084ae30750a40828293f5a3
work/repro_v3_environment/R_DESCRIPTION/RcppProgress.DESCRIPTION	902	cd120c7c17484f8d940f423cb2c6ddf95e4858a171094a0de8815ee93f557477
work/repro_v3_environment/R_DESCRIPTION/RcppTOML.DESCRIPTION	1439	4e700244ec3a58a0d9de838001d273e2ed6ef3484548323dbe7bd85192295894
work/repro_v3_environment/R_DESCRIPTION/renv.DESCRIPTION	1886	b8de59fe2fd642c763fe254d860a37f3d2ba712b72cbb5bb89307faffdbfbf87
work/repro_v3_environment/R_DESCRIPTION/reshape2.DESCRIPTION	931	df3036bea6d81c38a55b3c085790cbd38dc3a6fd366c6dc5ee99b45dc6784762
work/repro_v3_environment/R_DESCRIPTION/reticulate.DESCRIPTION	2560	6f8d6ff577e757d898a550cb7b5242ef6e22a13a42d938259f5326aad09ed472
work/repro_v3_environment/R_DESCRIPTION/rjson.DESCRIPTION	604	c9d6de45d0e39ae0c57394d0824eb724724af692ca20d9400b451a42820c2dcc
work/repro_v3_environment/R_DESCRIPTION/rlang.DESCRIPTION	1822	2bb71f13294ddcb5a2222020febb4a382be9b13ab95db9dece9ad20e7b466ca6
work/repro_v3_environment/R_DESCRIPTION/rmarkdown.DESCRIPTION	6876	0032f6c879700a88a2515ec30d551a295fbd40ec95e36004c5a698af34ba8cf2
work/repro_v3_environment/R_DESCRIPTION/ROCR.DESCRIPTION	2501	7d3e1a0bbce832883613ea7a3516b2a21168ddeb7674e2af6b18822174f35078
work/repro_v3_environment/R_DESCRIPTION/rpart.DESCRIPTION	1405	d6fc2b456a4394a94a450c96dbf4e235964334484e4e0e0c0b7b3a597177d1be
work/repro_v3_environment/R_DESCRIPTION/rprojroot.DESCRIPTION	1303	e46392b0615f153d914769ab03d6bb4e32d6edb1d26b7b9a40f8e7f1dbd5ceb3
work/repro_v3_environment/R_DESCRIPTION/RSpectra.DESCRIPTION	2132	ced0c678e0fc66aa75560a0813144f86b2df8f229496da6397e3e6cb8b0dfef9
work/repro_v3_environment/R_DESCRIPTION/rstan.DESCRIPTION	3967	f2cf0111f3eafcefa3a07da51a80076a46cd1a220f496c472e8888d283afd942
work/repro_v3_environment/R_DESCRIPTION/rstantools.DESCRIPTION	2554	d5936c34ea4e1f5604e808cbe1fc3ac3c18caad7dfab8a2649acceae8160a0c0
work/repro_v3_environment/R_DESCRIPTION/rsvd.DESCRIPTION	1682	6f7cd186d9f751803035feb6fe7a7bf2eacb08940a9a0a49fa5a032bcdece899
work/repro_v3_environment/R_DESCRIPTION/Rtsne.DESCRIPTION	1122	8578c931e5b44ef18c87e330a3362725c58f7f84e6e27efc13c9ce7e7f865094
work/repro_v3_environment/R_DESCRIPTION/S4Arrays.DESCRIPTION	2221	ee3a17f6074633c94d0590c9b2f0745a3e31e912402684b73d1aea4a17425622
work/repro_v3_environment/R_DESCRIPTION/S4Vectors.DESCRIPTION	2985	23fafba5105bf1c955366b9d1ce68e0b48dba3e56e7bc270ca5e4dd8aafc06d6
work/repro_v3_environment/R_DESCRIPTION/S7.DESCRIPTION	2446	d3a5dee080ebb5d7f818338f8ea5fdc30881942a47005ac48182a4573e6bd58e
work/repro_v3_environment/R_DESCRIPTION/sass.DESCRIPTION	3303	06f1389e8cb210432e8527b78c2c0f3bfe3c99a9bd3239259c7f6f605a88ca2b
work/repro_v3_environment/R_DESCRIPTION/ScaledMatrix.DESCRIPTION	1399	6f3f3b4149f62a1a7eec3aeb0e672147d8ca96fe57993e939b7449c62e7b7fcf
work/repro_v3_environment/R_DESCRIPTION/scales.DESCRIPTION	1578	d936e8d79a92e06f0a78321d439ccfe2d39f99bfcfac3acb14533ea7e369e122
work/repro_v3_environment/R_DESCRIPTION/scater.DESCRIPTION	2994	5d37aff09cd60defb9c94aace0d1286eb7e1b00dced5db82b1e058addae61c7c
work/repro_v3_environment/R_DESCRIPTION/scattermore.DESCRIPTION	1187	6e257e777a6a6e7eba684e6ad17e1a5897f1da80fa374ec446461c7454e6f3a0
work/repro_v3_environment/R_DESCRIPTION/scran.DESCRIPTION	2177	f373b582ff93b60e4a89dfee376052583deedd8ebd0554e1e141832e7a2dae1d
work/repro_v3_environment/R_DESCRIPTION/sctransform.DESCRIPTION	2109	09bc619ca70e0bc3e93b614107504ada4d65cc0867a77ad0e1b15e11c9381363
work/repro_v3_environment/R_DESCRIPTION/scuttle.DESCRIPTION	1801	47e548a3d6e5fdf3ef7dcdcca99bad21ed0c92c7cb942bc3c9793615ccd420c2
work/repro_v3_environment/R_DESCRIPTION/Seqinfo.DESCRIPTION	2145	c6a5736ece714a46e44c943ddb0528181f495600752447478afde68b899ed379
work/repro_v3_environment/R_DESCRIPTION/Seurat.DESCRIPTION	7784	75b5b58c897f26afd6d13c19efeaea9f8ca3254578c944f8066f309fa1445923
work/repro_v3_environment/R_DESCRIPTION/SeuratObject.DESCRIPTION	5448	b97e9659d23578625143dc10768965375febb05d44530d87b33536daa61767fe
work/repro_v3_environment/R_DESCRIPTION/shape.DESCRIPTION	567	49143d7aea2fb57acbb96e436150c73f1660726cd61341d4809abb3400928c35
work/repro_v3_environment/R_DESCRIPTION/shiny.DESCRIPTION	8836	45d37d8bca008de0974ae31343c74b966bf42e7ffa7d95c8bdb7a929d00b7d50
work/repro_v3_environment/R_DESCRIPTION/SingleCellExperiment.DESCRIPTION	1872	e85e668d7d17bd9886dc8be6f59965f301f85d270bc319851a88c721ca67b041
work/repro_v3_environment/R_DESCRIPTION/sitmo.DESCRIPTION	1958	77f895716f4fc9e21ea673e0c02e2fda6673fe89619ce7776533d8397bcfcb99
work/repro_v3_environment/R_DESCRIPTION/snow.DESCRIPTION	494	c32c69a3dac541c0413d48a9a341f913f593ea3e21c40b54e5435b0de895748b
work/repro_v3_environment/R_DESCRIPTION/sourcetools.DESCRIPTION	911	3a5b249dbd8705a85657336493ab093cbb4d9f866f3fe4c81a1f0f1e3cf76a08
work/repro_v3_environment/R_DESCRIPTION/sp.DESCRIPTION	3525	0b0270ec6afbe95ccd0b1af4cce2b7edc49623ae4c5a7cc2245d48cfee492c81
work/repro_v3_environment/R_DESCRIPTION/spam.DESCRIPTION	3973	53eecf30aec89b639fe9d760d2c08b1bad4bbcb01565c2068aeb0b3bcdca0c0b
work/repro_v3_environment/R_DESCRIPTION/SparseArray.DESCRIPTION	3728	195d67dac22ab605265f57e2f919310840fc05d24205c284987655ea35ad66f2
work/repro_v3_environment/R_DESCRIPTION/spatial.DESCRIPTION	950	d50b2b02b130df7483b7e891956f760b3b8853ae5d60238961573db9cfc5b43b
work/repro_v3_environment/R_DESCRIPTION/spatstat.data.DESCRIPTION	7889	adc4197fcbaa42aac228d4a0f44ba92730052bd795f324ae7bb6d912df26ddf0
work/repro_v3_environment/R_DESCRIPTION/spatstat.explore.DESCRIPTION	5137	eaf3cf94486c0263275d5827f7570424b75a69db6ea21992d547dbd039be37c5
work/repro_v3_environment/R_DESCRIPTION/spatstat.geom.DESCRIPTION	3729	efcdd1460ae58041da4d22e86106fc94564b767990897bce82c945ddcc352b21
work/repro_v3_environment/R_DESCRIPTION/spatstat.random.DESCRIPTION	3730	6664787d8254a4344418c5ae3be382c227c78674dfb191c4838588c66bf68d7a
work/repro_v3_environment/R_DESCRIPTION/spatstat.sparse.DESCRIPTION	1669	236f89012d81cd667937a160c8a2501535f0f9b0b553237178566388a4e77e2c
work/repro_v3_environment/R_DESCRIPTION/spatstat.univar.DESCRIPTION	2420	a757cc5b340e9a749e3fade7b473d27cfd4cdb59e80e441791cbc11a06a5f2d0
work/repro_v3_environment/R_DESCRIPTION/spatstat.utils.DESCRIPTION	1475	868a979fa75cc63750471e268aa2df437071417d41af6faba3c78a86efd3ca8e
work/repro_v3_environment/R_DESCRIPTION/splines.DESCRIPTION	558	8006d0b7524384378e596817cce6bc635f6f8ab93a73a4c934b79d210a0699b7
work/repro_v3_environment/R_DESCRIPTION/StanHeaders.DESCRIPTION	4682	bf52be2d57e4f12552f7c4c0775924c6f72e65adaac79eb4ae4f7befb679100b
work/repro_v3_environment/R_DESCRIPTION/statmod.DESCRIPTION	1835	4111c62a9e62c3b4671ab2f75db24cb3f4d1ca8006823c7712c68e6ed250b94b
work/repro_v3_environment/R_DESCRIPTION/stats.DESCRIPTION	570	695fc4a25755bb5ea4409e76477e67bec2cca46e9bbc393e68372ac1feaa3426
work/repro_v3_environment/R_DESCRIPTION/stats4.DESCRIPTION	428	ec0329c568baf03a87c0bea49d891ef595bc2bc423bfd629c50c0c8f9c58e248
work/repro_v3_environment/R_DESCRIPTION/stringi.DESCRIPTION	2232	b84f832d2c83a025e5f7d9edd82725978037d08074dca139b9a561c844235cf1
work/repro_v3_environment/R_DESCRIPTION/stringr.DESCRIPTION	1519	6e0374299123462ab529bd36efa50f054b5de859cdc233878a0111263c85282a
work/repro_v3_environment/R_DESCRIPTION/SummarizedExperiment.DESCRIPTION	2408	fda952b0869068dcd89a8d126f022b4b9a1de17ee40d61064c7d831f8dcc1d42
work/repro_v3_environment/R_DESCRIPTION/survival.DESCRIPTION	1362	ab4bbdda16b61ccd647272e51b549158be052e2970bbca470fb9d6419b41789a
work/repro_v3_environment/R_DESCRIPTION/sys.DESCRIPTION	1277	b97e49c2b78c78f467c399fe2a36bc91fb7d35d8afc9f886c94bdf353b209f2c
work/repro_v3_environment/R_DESCRIPTION/tcltk.DESCRIPTION	416	f1536830e532a2cedadf733c85935909151083275bba992afa244deb74c6f34f
work/repro_v3_environment/R_DESCRIPTION/tensor.DESCRIPTION	721	2b007f8c7086092e0ffde52dbcdb0385e0b5fb762c4983939c914c3b94c7f031
work/repro_v3_environment/R_DESCRIPTION/tensorA.DESCRIPTION	885	6d2006e0352c5fde42fa825d7edd17920458ea8fd15d4fb12f9d9eaa0bfe16b5
work/repro_v3_environment/R_DESCRIPTION/tibble.DESCRIPTION	2129	2c179dbcc50dfc3d4dea54a0f5e797c5e852199a64ec77dd64794706f1d240cf
work/repro_v3_environment/R_DESCRIPTION/tidyr.DESCRIPTION	2035	4882c6b27ea77dc41718ad500bad047bd55d17a08b920a540dbb6d66c0cf395d
work/repro_v3_environment/R_DESCRIPTION/tidyselect.DESCRIPTION	1423	30010c008ee606f3f4dcf18f1cbd481c4bc2489c83c2e392afc9d1e821a7370b
work/repro_v3_environment/R_DESCRIPTION/tinytex.DESCRIPTION	1784	a3a47477342143f54b50aa20f867854042155fb6c12f29a22f52a902461e2cad
work/repro_v3_environment/R_DESCRIPTION/tools.DESCRIPTION	520	c0b5eb1651309f147bde74cce708979675d505f92ac0e1a8e9554632e5c4fbce
work/repro_v3_environment/R_DESCRIPTION/utf8.DESCRIPTION	1471	9db237dd724503cbf6ea629cc0c4e64fc8f54423e7f0d2acd3f19d29e6ee138a
work/repro_v3_environment/R_DESCRIPTION/utils.DESCRIPTION	466	c2eb5f8f135bec0cba1394b1fdbbe4535a9268843ad3b3465bc090a78b6d96a0
work/repro_v3_environment/R_DESCRIPTION/uwot.DESCRIPTION	2150	553be07fb1423c9dec7dee5310dd318e300deab34e31205c616bcb21a19d81a1
work/repro_v3_environment/R_DESCRIPTION/vctrs.DESCRIPTION	1956	9a5e28afbf43f409be69975e58a76d74bd08efeeb61e741f0da42c8154034d97
work/repro_v3_environment/R_DESCRIPTION/vipor.DESCRIPTION	810	a3d9d4c4d3c1dd316cfa9808171b0c079f665db291f69ee7b73e44e295aaeb77
work/repro_v3_environment/R_DESCRIPTION/viridis.DESCRIPTION	2128	52b455b149a78f02a86d6080518bc0b4aaf456fe738131b3d74956ba45999461
work/repro_v3_environment/R_DESCRIPTION/viridisLite.DESCRIPTION	1883	37a80ee094e8840f8fa0e23c306b151c6a806223035d57bd717c956e40404d23
work/repro_v3_environment/R_DESCRIPTION/withr.DESCRIPTION	2214	adccda654f021ddf108aca953d98335a10c7c4d97e7b4019673cbb72602f4f49
work/repro_v3_environment/R_DESCRIPTION/WriteXLS.DESCRIPTION	1504	249ebb35865492e4f2abd83ce39d80c1445cc4d91aac56aa52cb3d44d20feeb6
work/repro_v3_environment/R_DESCRIPTION/xfun.DESCRIPTION	1698	bd3be09d727307cc73274d3407d6b591bb581dd9ee50c7ea8506eb7737a68f6c
work/repro_v3_environment/R_DESCRIPTION/xtable.DESCRIPTION	2881	f5ffcabe55930135a9620d2c283408d99564aed6be75f2de22a8b3e19b1db7d2
work/repro_v3_environment/R_DESCRIPTION/XVector.DESCRIPTION	1744	5b5ed9f87548be56b48cae78869dcb5765ed30f0ed453ae53fa61b4739459632
work/repro_v3_environment/R_DESCRIPTION/yaml.DESCRIPTION	2319	554eac45060298ad5068669a738268d984fdbf52da900aeb067714f32f6cde7f
work/repro_v3_environment/R_DESCRIPTION/zoo.DESCRIPTION	2386	04123dae9ee546ebbfabb81fb40d2d79b2f17f9933100e9b3b4ae02782c2257d
work/repro_v3_environment/R_installed_packages.tsv	84039	d9bb497559150a79723f3eb9616d73c63c7f47092321d79fa1187fea592e1110
work/repro_v3_environment/R_lock_capture_audit.json	690	eae9c5196d4fc84bba00acdc77f50d0ed7aa347aa934694a477296f8fa412319
work/repro_v3_environment/R_package_descriptions.json	545208	faa92a6caa7a9d8d2a51cc4479404648c16599f328778e98cb0ea1123a49dfc9
work/repro_v3_environment/R_restore_smoke_audit.json	631	0fac02270456f42155801a686b43201ceace405a639227a1580c0a98a41a9425
work/repro_v3_environment/R_sessionInfo.txt	4558	6735bf239c439e9ce719fa56745abb361526db8fc3b8c0e1ba22b4c0b7be6981
work/repro_v3_environment/release_file_sizes.tsv	239799	91493c3f3ed8f888f42f3cc426a01413d7d46b4a9f3fbc14b927fc2f0c7fa166
work/repro_v3_environment/release_files_over_100MB.tsv	1984	345b8133c298e1690492d618cd87c68f9b4a2e15e634c82a7d1694b947602317
work/repro_v3_environment/renv.lock	543665	016258691dad6139460ad478b624dc32c7e2d88bd687720e571347d8c0680014
work/repro_v3_environment/report.md	10057	358d2b29fbec4f15d9e88ad0f07b3357073b35206663a6dd180b32318e39e494
work/repro_v3_environment/requirements-python.lock.txt	2052	3821232e7ace1a22b28e6c297e9a8642d226a969fda43894b57b71dbb55c4886
work/repro_v3_environment/restore_r_environment.R	1408	cd15f2fcedc70ce577dcaa5c46c9fc2effec23f9810d4ecfcac9967fa74cdc31
work/repro_v3_environment/restore_smoke.R	1387	98296843b5908ac04fb2c86fdae7980198f61b945fade86cb61a84a559e9bf09
work/repro_v3_environment/runtime_provenance/decontx_source_manifest.json	259	bd888e6e7942555bda8ea92cb1c995acd5a8ce2724ea5e7ea7a2922eff286010
work/repro_v3_environment/runtime_provenance/r_runtime_manifest.json	639	aeffb25e958b7ac99cd0a79586644f3768c637cb2c47c50c5812e4d10a1eee36
work/repro_v3_environment/verify_environment.py	4088	ad314442cd7eb0b3704317476831bd748addef38669f283301711b9ae0cf59c9
work/repro_v3_evidence_review.json	23715	e9856cacae11f501496c3083f7c7fe2b10313d2abf0cb7ccbbf8246afcee6408
work/repro_v3_evidence_review.md	7869	ecfe36ef933e2c6caeed1fa26f4e0515ab9b6ff1f3797b499611a6c7df08baf1
work/repro_v3_independent_framework_plan.md	10632	d3ac0bc507b7ce0a03ed971e836cc956a0758db8328b8e679d791f47283b02ed
work/repro_v3_manuscript_en_source.md	38407	8fb6c1b233f1dc2d5b998cece4bdf8646e529d92aca29e95233554fb1e02e8a0
work/repro_v3_manuscript_zh_source.md	32729	cfe1249415ab1242a43eaa94f4fe281dbb4dc631843548c47663d85fe7ce55e4
work/repro_v3_prepare.py	34296	fef5e98b9b5e40c6fef455bc1fe254d0e32ee84c02a1b768c2d6fac57f06b34f
work/repro_v3_publication_consistency_review.json	4803	141236c8a58ddcaf19b59aadd63ee2a7adea2691a34e14c2b61517dd4be4f9be
work/repro_v3_supplement_en_source.md	30729	ce1e69f333c6d4c4a1959a4379c13c9ed923eda8196995b8ee45e07e22a0b957
work/repro_v3_supplement_zh_source.md	23538	bd70c34ccc738e92cb4735546c9d66a1219438376ed91f7dbc426e6bf6a563e8
work/repro_v3_upstream_comment_check.json	12487	c4ee9827fb67cefe23866f7f21f2a578c3b56b91ea48518cebdf9fd582a5e4c1
work/repro_v3_upstream_comment_verified.md	1419	e36fa391c115954f5d283dbd6db6fd699072d6c6bf35a90817e5d96c792b0806
work/repro_validate.py	36209	5d7bc8fbeaf9b9f11e9b643a4fee39939c26638c92f153d1a6eef6ff4297f7f1
work/repro_write_release_docs.py	12756	3c0bffc6ca5ba50fb1778a8505345dcf02f56f3751401553336a3af4b2df1172
work/requirements_analysis.txt	229	c8612499c9d90f0b6082c72eadf355a7664c402e33a7fbe1d8394a3f6e1f47b4
work/requirements_reproducibility_lock.txt	2178	5241194f6ac63d80d469f4dd0c88dce66e61e6e7176bc53462baf3ab5992ce29
work/requirements_revision.txt	365	9a3a7fb6f8ab16a0a3deb0a5ae978dfd4e63b8cddd2405f299cf9f28c5d5f9c5
work/results/cross_cohort/Astrocyte__gene_replication.tsv.gz	1180572	46f8a3b7deb187e90e246c8e43851ce9658fff94d4f78716089ac73bc304bd48
work/results/cross_cohort/communication_replication.tsv.gz	187989	9ba82e06c6291bac184ecbf9a04be9a723c6acf4be92ce261327929bc64aff34
work/results/cross_cohort/Endothelial__gene_replication.tsv.gz	1275934	2e30f1f5012b932b296239ad0af063ceb32b9f65df6f58676462f0a43b4a6524
work/results/cross_cohort/summary.json	735	547940007a03735b42fac5a0200c10b147d9c884f09c0915fbf7c85b4f22db08
work/results/GSE174574/low_myeloid__Astrocyte__de.tsv.gz	655369	7c130237f247c688277a9b1bb79e3000eebcbfaa9c38b18ad32270e916a1704c
work/results/GSE174574/low_myeloid__Astrocyte__diagnostics.json	350	03ca6c9e7b8c70fa00b37411f065594b6829441b12141d462bc98d33880540d9
work/results/GSE174574/low_myeloid__Astrocyte__normalized.tsv.gz	345070	588670fef2feaed52e5267d64be612b8fee33855df44f881919a242df1f6f1cb
work/results/GSE174574/low_myeloid__communication.tsv.gz	75016	9dfb8ad7e7c14a24febdc4d9466aa34e812a30156e73ed384441719e03934604
work/results/GSE174574/low_myeloid__communication_sample_scores.tsv.gz	118877	bb339382384ceef1c42d5bcb485d0ee3f981a10039ad5849af3af39a30541a2c
work/results/GSE174574/low_myeloid__Endothelial__de.tsv.gz	704948	368813f9d1e466413f7d02040d2b82f1e3ec75af543eadb536b1e2e6be70f134
work/results/GSE174574/low_myeloid__Endothelial__diagnostics.json	353	da88adfd7500533c87bb202e10cda03170cd78ab6f77649acf7e08b2f491414b
work/results/GSE174574/low_myeloid__Endothelial__normalized.tsv.gz	465745	47672668835654ed43f3e417e1e05fdefed14caf70fc374e92bdfad0b29abc65
work/results/GSE174574/mt10__Astrocyte__de.tsv.gz	653810	d81dae77f51dc455bd4399e659068d0c07403902bda65d40a206c876334af3a2
work/results/GSE174574/mt10__Astrocyte__diagnostics.json	343	7abea185e40da5cd2a213f5d6dba6af0ece4f13cc56c12ab7862fa6abe884371
work/results/GSE174574/mt10__Astrocyte__normalized.tsv.gz	342853	37e9f9592f248077f0a9bb72b6dc32574e9f464446df4ccbe091ee36a657bed0
work/results/GSE174574/mt10__communication.tsv.gz	76366	d0c6612760bc0e403396192fd4be00233c5b2953dada156644819077c2e0c41e
work/results/GSE174574/mt10__communication_sample_scores.tsv.gz	121390	0a98861b299a5bba7f8bf33eae400d5ff2e34f34f3f4def4fe530e167d5ed3c7
work/results/GSE174574/mt10__Endothelial__de.tsv.gz	705010	e55881d26031c8faa62ddfc53ba4341070ea0d5957c98868576560d2d9d75180
work/results/GSE174574/mt10__Endothelial__diagnostics.json	346	efad6c3d8fe46ffab963cfb83bea44129f285a0b1e634cf1aed0e135c5020439
work/results/GSE174574/mt10__Endothelial__normalized.tsv.gz	464473	05b840fa48fdfc0af0daa1c1f7edd8c2bcc39ea91f521e591d2a55754d9ff519
work/results/GSE174574/primary__Astrocyte__de.tsv.gz	657410	7b6497cb4fd1c7a9f5b895ea0d221404bdff2a150c91dc81076901188a282c2c
work/results/GSE174574/primary__Astrocyte__diagnostics.json	346	7ac9624ad8cbf655e389a0037cfbd8747634bca239a6b888c4ffcd03d0392698
work/results/GSE174574/primary__Astrocyte__normalized.tsv.gz	345868	4eda4f0f2c570935a535f4eb4c5073601e3c7474d1b1551ffec1efdea1841b3f
work/results/GSE174574/primary__communication.tsv.gz	75899	28b66a059a38963198c864a78cd1b2e079c48756cfa3602f632d5cee8649066c
work/results/GSE174574/primary__communication_sample_scores.tsv.gz	120683	d9c18f4819a648e9ebb04177e31cefb47ec2ba058dbd1a17e72bcf81fd91d90f
work/results/GSE174574/primary__Endothelial__de.tsv.gz	705195	de5dd77238a35b7a26ea63d3762273791bff8bd3a9250061d955b1bdbc07de2b
work/results/GSE174574/primary__Endothelial__diagnostics.json	349	22630aed76b91fa49339c2b5e71d1f8cf82733dfe211fc2b76cb206979f0df33
work/results/GSE174574/primary__Endothelial__normalized.tsv.gz	464621	4150d1c12ef9c7a669ce55f30373dd589c296bce782c4a07e2ffc6d9b03677ee
work/results/GSE174574/strict_identity__Astrocyte__de.tsv.gz	642778	91807326ea9c6dc9e19cf19fa7b42b2d66440b3dea73bdbf73807f286cdc1258
work/results/GSE174574/strict_identity__Astrocyte__diagnostics.json	353	4c5ad9dc8381112a4dccc4b27a7063113786df481a4279867b7e4ce47829bbe0
work/results/GSE174574/strict_identity__Astrocyte__normalized.tsv.gz	333889	af9c3e6842c579f2f4affae7435bd052469426a9449119b39c235257710abd4b
work/results/GSE174574/strict_identity__communication.tsv.gz	76908	bc3e7b240ed45f2647e6ef179d9fbb220ceb2c6a4739f109418ea75b45bf9ec3
work/results/GSE174574/strict_identity__communication_sample_scores.tsv.gz	122913	61041a565475d6d4f79b3d94f8606463540b47e37794fa28674e26b0ab47d359
work/results/GSE174574/strict_identity__Endothelial__de.tsv.gz	652103	38571d16aa32e0fb524cdda83371f289bf220412c1f4abc88cf09fc5df2d19f6
work/results/GSE174574/strict_identity__Endothelial__diagnostics.json	356	ea1f8aa9aac61c9f8ba5c6812fce5d9920771b5253a40c7a6b9dabfb82135c76
work/results/GSE174574/strict_identity__Endothelial__normalized.tsv.gz	388648	a3b488faab37c46e95ce5b3a1022c46ee197d67884383ecc216c5280e5644348
work/results/GSE245386/low_myeloid__Astrocyte__de.tsv.gz	807829	8293b1e80cb0dcfa395faa0f44bc37d518dd53ee0dd1c2e80a77217f00b0d633
work/results/GSE245386/low_myeloid__Astrocyte__diagnostics.json	368	d8303f464590d8af330272728bc2147e097e129950e486cac26c9d1773c65381
work/results/GSE245386/low_myeloid__Astrocyte__normalized.tsv.gz	420979	b104ac7cb6a118377900e994e5f863fea235a34ae05847ed6a5cb33245d4bed2
work/results/GSE245386/low_myeloid__communication.tsv.gz	106366	16b7e510cdc6663af865bdc2b11d08e2265588dc3595d3629f059459f40263f5
work/results/GSE245386/low_myeloid__communication_sample_scores.tsv.gz	142022	7f63d9ab3af4dcc4a6f724820b62bc89d4ac7a3f35bce51605bd3f968f5bfaf5
work/results/GSE245386/low_myeloid__Endothelial__de.tsv.gz	926848	07790b6b8eb76e99d8e7c135f9bc9ebcd641f89be8c4593b71eec1330bdc851f
work/results/GSE245386/low_myeloid__Endothelial__diagnostics.json	373	cd98a6570a84602e2b2d36e20015a9e12a42e207e5324bf315c2ffbd7b4fbadc
work/results/GSE245386/low_myeloid__Endothelial__normalized.tsv.gz	603850	9a5fbfc26a7dac96a0e64f26dcb28da48c8488007dd08a13ecf9ef4b302a5934
work/results/GSE245386/mt10__Astrocyte__de.tsv.gz	819708	c6b372a7b37ead6368754ee185f5b43a6471d987d01eb9a579ff4dff71f2058e
work/results/GSE245386/mt10__Astrocyte__diagnostics.json	361	3263361089668f7c351dcb18e6be65892c0d69921f3ea877f4e2c5abe7e9eb85
work/results/GSE245386/mt10__Astrocyte__normalized.tsv.gz	434394	d1dd5cb01ab9cf02dbf10449ec9701296d27545db5c88e2997546c27f354b95f
work/results/GSE245386/mt10__communication.tsv.gz	114794	f506965fcef0796b2254afdb6a58135e10a6ac7b160137e9d30115cf8454d1e6
work/results/GSE245386/mt10__communication_sample_scores.tsv.gz	155944	222d53e714ed3bca016ba81de88899824c78dc4b4e75579bd97691db2a1270ab
work/results/GSE245386/mt10__Endothelial__de.tsv.gz	937311	e0499f1144b67b93eb19cd0b0fa93c3bb2d3c93b7f4ae104b7f8cf8843776c3f
work/results/GSE245386/mt10__Endothelial__diagnostics.json	366	5858d11a7f9cda12225e5d588beee062d8562ae14bc83c985f89814a7bd9884e
work/results/GSE245386/mt10__Endothelial__normalized.tsv.gz	612478	92afad8e29681799f6dcb3e627520ba06db781f4d647051ac8a3dafa61ff9c70
work/results/GSE245386/primary__Astrocyte__de.tsv.gz	821745	22b4b900da2eb6b8f0e6bb77fac40693e0551deda3022ea92b1cea015220333f
work/results/GSE245386/primary__Astrocyte__diagnostics.json	364	b64f02f54c83ec32e1c4049aa268f1a06c9940ff6365b10c64ee0a855b05f159
work/results/GSE245386/primary__Astrocyte__normalized.tsv.gz	436894	7a390485026b5e027aff8f8df94dd8cd60f435b3a0f3c1c28c749c6950af70a4
work/results/GSE245386/primary__communication.tsv.gz	114132	96a5c4b0189b16ac1bb6ec30b6f595be0c2edc6d77bcbbacfa2d87c6151cf43f
work/results/GSE245386/primary__communication_sample_scores.tsv.gz	153486	03e9028ac80986b653b5477292583b372c69e769b4f241a16c6bd5060d531117
work/results/GSE245386/primary__Endothelial__de.tsv.gz	938185	5897d976149f4946b2f958bf66633edc46d24a7d25f4e12fa4f7c9055e1edd16
work/results/GSE245386/primary__Endothelial__diagnostics.json	369	5677cd3e7d0429467477d1872b734df34c217526300c22f0fbe11f666e29b44c
work/results/GSE245386/primary__Endothelial__normalized.tsv.gz	613652	5a15fcbd4348d33eb5f14723cecded55df8cdb1af70df431d6aaa05a11351dea
work/results/GSE245386/strict_identity__Astrocyte__de.tsv.gz	813954	d1a386afcd52da098cf629177ae265dc7d04b11061482c4d1e692e39174f879d
work/results/GSE245386/strict_identity__Astrocyte__diagnostics.json	372	01746ec35954aa026834318fd1c176116168f19fdcb403bfa6c0dfe7b13c3809
work/results/GSE245386/strict_identity__Astrocyte__normalized.tsv.gz	430645	350d3741b26855ab30082744ce7f57a01c0789e6d90685b15be3f6249fdf2577
work/results/GSE245386/strict_identity__communication.tsv.gz	114432	47f35bd14551699cbd8efa08ae2b32518c3df680101c8184d3cd3268070a2c52
work/results/GSE245386/strict_identity__communication_sample_scores.tsv.gz	152392	6705a8272a7ff7d4774ba19d073dd8f349f53d789a0b14d197b4b04d11cd7bc2
work/results/GSE245386/strict_identity__Endothelial__de.tsv.gz	926506	acc3d50a0e81b6ccca6eba8ad91408f015e1ff03e0a08b80736c0580dc1b65e9
work/results/GSE245386/strict_identity__Endothelial__diagnostics.json	377	af39165ef01337c77fddcb4b15925b166801c56ed9c434e3e502a1581cbffc55
work/results/GSE245386/strict_identity__Endothelial__normalized.tsv.gz	601876	f522a12148bf8910eb96ecbeeba2dfdcb0c7b69aabbb97ad849d7258cc0af23c
work/results/identity_marker_audit.tsv	86275	056cf631474dca3782081b285fce89e6811cfec5f65f01db073d80f9a315b2d5
work/results/integrated/barrier_gene_effects.tsv	10695	88cc21289778cc62e1e72c8e2a8b136931c4e36d694c95452afb8305deffa732
work/results/integrated/communication_barrier_associations.tsv	2626	0ca8b6fe36049cd7d940656806af5f166dcd3bf8539965e285172c868c34a6fe
work/results/integrated/endothelial_program_samples.tsv	4023	a6a4978ee9db158b4890ae202e64ad50504b6173239174182eca41803617b956
work/results/integrated/illustrative_pair_components.tsv	4647	d2289e84a50c1f266c123f245617b044a05624907b8345e8fc8dcc2b094c43d3
work/results/integrated/illustrative_pair_stability.tsv	12698	13e934988badc4cd82d7505a9dc6b956ba932cb0f5fcb0ce231165f27b10c9c6
work/results/integrated/illustrative_pairs.json	307	12ceeb94dbadc0d09dec1b6dc4ac9b9467404fd156fb77569a05cbd6e9059861
work/results/integrated/sensitivity_summary.tsv	336	24c03179033191f5531abf09751d3be34d592042451129fb81c5af0193ca145b
work/results/spatial/descriptive_coexpression.tsv	2371	cfb4980dcccb219c33444d82e661112942a36bb3106b062d0cca8ad1f4709e81
work/results/spatial/GSM7437221_spots.tsv.gz	420049	6ac5f65f7b07c7a0609da86143416fe404273f50658389517c95d9ddad0f0673
work/results/spatial/GSM7437222_spots.tsv.gz	370499	3c48f36eaef49306bb1f4a37a3fe2264cb502f22b40b901af71893115c953429
work/results/spatial/GSM7437223_spots.tsv.gz	421022	440a9ae0fe7a851d430ff5b4f369b858ad47cdbf587cb42648fbfccec5cf0fe5
work/results/spatial/GSM7437224_spots.tsv.gz	426856	bb81d4a478e12ad8d3245e0c5fe3b6934588c2bcda8e8acba0d2a4f4adce4791
work/results/spatial/GSM7437225_spots.tsv.gz	280321	728bcf1844d9c99bae043e592f23834ece80b30b1bdc63ca8417eb0d46d9e932
work/results/spatial/sample_qc.tsv	739	73040e8dad274d777628a4785ec508a2d40144dd80fba644939f2c90eed0b730
work/results/validation_checks.json	24552	5780c50e8642cc7dc036eef30f5d864ed2ac78c1cdba230e6bb49bfb65a4fa90
work/revision_aggregate.py	2966	32553f3c1982c9e76827ebc38a8c98722d760bec883465299af07d51958bef0c
work/revision_analysis/literature/mouseconsensus.csv	139898	42dd1fada22cf96f1a2156e6e78011fb5d2959fd344cc73e02c8b80e44ddd2f9
work/revision_analysis/processed/GSE174574/GSM5319987_fractions.tsv.gz	489671	a60a89fa221755185dee24b90364084b7e89a86d74fe4e2e251969f2d6005807
work/revision_analysis/processed/GSE174574/GSM5319987_mean_logcp10k.tsv.gz	1185717	f362aa85a9e9593e6b3225b6c04840b7d4ff835f72c897e5f940bf4515cb993d
work/revision_analysis/processed/GSE174574/GSM5319987_pseudobulk.tsv.gz	277073	05a6b46ce644bbdfde0a4ffdcf48303db7fb7267565369b3f7c6004ec1290b0a
work/revision_analysis/processed/GSE174574/GSM5319987_sample_counts.tsv	633	2d7a2eba5bcb686ee5c532485e0d312319c841f8af62ec3b84ba67610d86f25b
work/revision_analysis/processed/GSE174574/GSM5319988_fractions.tsv.gz	518017	16d57547e3abc430213a3dc73744b8f135f9493939b69f20b18a19f07efe4737
work/revision_analysis/processed/GSE174574/GSM5319988_mean_logcp10k.tsv.gz	1202754	d68b6de00e33509e9939b1fad99238a0ea75334a374a6adacb6c1e0d72bb28af
work/revision_analysis/processed/GSE174574/GSM5319988_pseudobulk.tsv.gz	279727	64cad80e0a3cda825a4f0dfaf0eada4ae794a7ab37060300bc163898c6824780
work/revision_analysis/processed/GSE174574/GSM5319988_sample_counts.tsv	633	cc6662c4004c6dc44f264afa60eec4c2a17fe887aff18d3ff94bd6d8fdf428a5
work/revision_analysis/processed/GSE174574/GSM5319989_fractions.tsv.gz	546803	e99a6bc1046278d8996ae147cc587aa9d4deb23891d8d0d5a3186d2169c0800f
work/revision_analysis/processed/GSE174574/GSM5319989_mean_logcp10k.tsv.gz	1229395	a9e681984c7fcf6f96cbdf0b32396d9d1ae64bb6c14161dfc5829339d3b24d1f
work/revision_analysis/processed/GSE174574/GSM5319989_pseudobulk.tsv.gz	285490	174479f2eeea39f4cda72a1649e47c60c37d09a236bbc1aaff938c6188fcba3a
work/revision_analysis/processed/GSE174574/GSM5319989_sample_counts.tsv	635	b27d6fa89b1385eb396cf623007052cea2519e22422ef7a59702005af682efb3
work/revision_analysis/processed/GSE174574/GSM5319990_fractions.tsv.gz	636978	24c6e1bd8c07dbdb90f9c7abcfb05b8e8c42937ceaae1f6f9af7831b25220d25
work/revision_analysis/processed/GSE174574/GSM5319990_mean_logcp10k.tsv.gz	1391236	6052867c323c5388f41a784228a4a8e29046b68856324b7abd0905f0f2c8c377
work/revision_analysis/processed/GSE174574/GSM5319990_pseudobulk.tsv.gz	305295	538db1c2ca42f2c678cfe8cb6574f08485dd38a7a4d7448365824cb868223584
work/revision_analysis/processed/GSE174574/GSM5319990_sample_counts.tsv	639	7cba26fa4dbf556fb48c15ce8acd3456046c29e4fd630a40278abafc2d5c8f4d
work/revision_analysis/processed/GSE174574/GSM5319991_fractions.tsv.gz	607509	a545af36218f7a351657f1c241f0042e4bbc3baeff1d48b5845d9718d376cd62
work/revision_analysis/processed/GSE174574/GSM5319991_mean_logcp10k.tsv.gz	1370722	2ba7fc9d9b1a92ccb42021470d4822f3ba2e1b3a6de82fab97c36596b1f19b39
work/revision_analysis/processed/GSE174574/GSM5319991_pseudobulk.tsv.gz	301093	5ced0f4f9ef6c3edd4a7f09d178aaebb7f65d0e3715115ad749eac49ebfce456
work/revision_analysis/processed/GSE174574/GSM5319991_sample_counts.tsv	639	e8ad7c2790173b57a567a249503b2a48375f4863b589261628f66f3c527dbd66
work/revision_analysis/processed/GSE174574/GSM5319992_fractions.tsv.gz	597824	324f80f4a7c25931fcb58841239f0219ba2e3838914766c0d21a4573e52837bc
work/revision_analysis/processed/GSE174574/GSM5319992_mean_logcp10k.tsv.gz	1358868	3edf10f1dd76e752e3a1d5bd611ae8a3ebc8236cbe4655d2e8e7d76758d7e40b
work/revision_analysis/processed/GSE174574/GSM5319992_pseudobulk.tsv.gz	298224	3482bc775922dfda95ea4e2583b65018d6024646331e6f18516bb33fde1a014d
work/revision_analysis/processed/GSE174574/GSM5319992_sample_counts.tsv	636	34f7c68f151cfe8f7459ca431dad0bc00a140a7555df9ac4db17075e8c742261
work/revision_analysis/processed/GSE174574/sample_cell_counts.tsv	3460	ba6844e4dba08169ea500337022e1717b72267bfde25c6c913ea48348095850b
work/revision_analysis/processed/GSE245386/GSM7841720_fractions.tsv.gz	751630	a2efabd71f223c61d295a47a254ae2789a7ec5b2e0bae7f0b1788261343ef4ab
work/revision_analysis/processed/GSE245386/GSM7841720_mean_logcp10k.tsv.gz	1739526	ebdb01129bb9b779e9c1746f15336a26d152dd7925d0bf259a9c36ae6400eeed
work/revision_analysis/processed/GSE245386/GSM7841720_pseudobulk.tsv.gz	381508	b52e4e4fb711a0a08375e2e4734ede674eb9515253db1b193d94bea95ee8fd0b
work/revision_analysis/processed/GSE245386/GSM7841720_sample_counts.tsv	644	f2a192c67e8568e5f3352a28dbcb917453435d0c7c61d538fe4442154234c538
work/revision_analysis/processed/GSE245386/GSM7841721_fractions.tsv.gz	700605	94752489c9d3dfd18a94952b2fd1be7a97a2152d99c046b55aea985b71c3dbe0
work/revision_analysis/processed/GSE245386/GSM7841721_mean_logcp10k.tsv.gz	1708047	66f8f2d6ada40a41d4a3e151ab9bb48d70ef4f353aaae629b8f7bb4c61ebd7cd
work/revision_analysis/processed/GSE245386/GSM7841721_pseudobulk.tsv.gz	372134	f07603b35017b082554075e6d3ee85bce13e547c50cdd82b37b9911e943a1ae1
work/revision_analysis/processed/GSE245386/GSM7841721_sample_counts.tsv	644	49f476eeab83fa827ed350ee707c3dca9d11491897a5aaa10fd9933002f0064c
work/revision_analysis/processed/GSE245386/GSM7841722_fractions.tsv.gz	771579	4d6a297f1fd2714219dd832e740fbc17de1478e7dc8a78f0f34905ce3152ea37
work/revision_analysis/processed/GSE245386/GSM7841722_mean_logcp10k.tsv.gz	1717849	1195c44b30e4978dc904caf4fdcf96a61cd64964cdb402536fb98710b778a7ce
work/revision_analysis/processed/GSE245386/GSM7841722_pseudobulk.tsv.gz	374431	0789ca6c43a19a10df5060537386cd15a59258be95b4dcb718efa8862aeba7a2
work/revision_analysis/processed/GSE245386/GSM7841722_sample_counts.tsv	643	24f490da9d49bb6ad31d03d90648523582933634f1a653d55398d856b4ccc28e
work/revision_analysis/processed/GSE245386/GSM7841723_fractions.tsv.gz	757789	40c90f6334b740273321fdff66b3150cbcc4834b9bf06c5ac3f5b7237935c0aa
work/revision_analysis/processed/GSE245386/GSM7841723_mean_logcp10k.tsv.gz	1737791	c9058f83fdf708bf9fa155e5255f803a3fa7715d244b497d3c38935aab003e3f
work/revision_analysis/processed/GSE245386/GSM7841723_pseudobulk.tsv.gz	377698	b14d413621de7fad79d114f49e8d70235d1bb17c5d61575bcc662561e668959b
work/revision_analysis/processed/GSE245386/GSM7841723_sample_counts.tsv	644	da3381ae28aeeabc33145c0618dd0e259d029a536f0423a1547dc956cebc71d5
work/revision_analysis/processed/GSE245386/GSM7841724_fractions.tsv.gz	845754	70b65d4bfbfd853045a0135de40580ddde54ce66efd61b78474a307463a86ec0
work/revision_analysis/processed/GSE245386/GSM7841724_mean_logcp10k.tsv.gz	1791544	32989edfec9dcf8bdb493e022e1e59c929f81070e7706007c69d3abe5466bbe1
work/revision_analysis/processed/GSE245386/GSM7841724_pseudobulk.tsv.gz	384890	8915652414ea11465ae6e518225c9c63cc87889038d1496230c17aa11ec5767e
work/revision_analysis/processed/GSE245386/GSM7841724_sample_counts.tsv	644	e236fb8d96aa3930eb54465396a7b88c77bfa1f869dbe100ffb528b95986606a
work/revision_analysis/processed/GSE245386/sample_cell_counts.tsv	2935	adad690f8c803b1effb82cac27b0c0ccafef21d38ea553a7f6298c1b7b0ac322
work/revision_analysis/results/GSE174574/reference_only__Astrocyte__de.tsv.gz	614975	56733a7cbd3b19d0c11565ac71953486066fe47d675bec8ceab515ac3e5dfd2b
work/revision_analysis/results/GSE174574/reference_only__Astrocyte__diagnostics.json	353	51f8f2da94cb5f39e0961b2efbc483804f0e92129e11b45c2b746aea6558f36b
work/revision_analysis/results/GSE174574/reference_only__Astrocyte__normalized.tsv.gz	306642	1b02eec92f6a97a5015f23c5e70c35cdc71c0fc92a7aa6a3f35eb8808b470fb5
work/revision_analysis/results/GSE174574/reference_only__communication.tsv.gz	70448	4277c35307b220ed503611e37dad810c70ff63fd27e666321da94bde448f7fc6
work/revision_analysis/results/GSE174574/reference_only__communication_sample_scores.tsv.gz	111191	829aff9a66ca96ddd8fcb71a2c0fe59ab707fe18f66640574cf507e04118740a
work/revision_analysis/results/GSE174574/reference_only__Endothelial__de.tsv.gz	790290	7009523a01d3060b10256093c56aae51dfbddb5446e89d89c3fa658c6e05925f
work/revision_analysis/results/GSE174574/reference_only__Endothelial__diagnostics.json	356	071e0dc96a16366c33ce02f520d8658d39ec5f432b1cdb4943cbeed53b7b1346
work/revision_analysis/results/GSE174574/reference_only__Endothelial__normalized.tsv.gz	588667	765b13f55b7c60e58a586a4fefb6fa5a0e35298813246457739d498609b22fcf
work/revision_analysis/results/GSE174574/reference_singlet__Astrocyte__de.tsv.gz	592872	56b62a0a2e2515cb85bcda301c54392f3bf8c172d3c32195837d9f7234337ae5
work/revision_analysis/results/GSE174574/reference_singlet__Astrocyte__diagnostics.json	354	6feaae029cefd717325cc3d3f62ed702463b32144fce64261e12b75fa4093264
work/revision_analysis/results/GSE174574/reference_singlet__Astrocyte__normalized.tsv.gz	292931	3217b63668cde4acb21bfbd56c6cba0f7ed8a97d8b7764d9a99c0a5072bc45d8
work/revision_analysis/results/GSE174574/reference_singlet__communication.tsv.gz	71035	f3d978831ddaf3aa6d6263fdbf672c61f098061c8608461be65df06ccca3283f
work/revision_analysis/results/GSE174574/reference_singlet__communication_sample_scores.tsv.gz	112145	ba489ad6870f82a07b97e63dc12148212396b05919086f774cb55bc13d8d68a3
work/revision_analysis/results/GSE174574/reference_singlet__Endothelial__de.tsv.gz	691311	e1f8ea0da0dcdaad103c1e181d441b4284d5809dc8f75a5bdc7c6158159e01c1
work/revision_analysis/results/GSE174574/reference_singlet__Endothelial__diagnostics.json	359	ee2e71098b020cc75092d083b04525dfd422c60a5e059173d982376c2d65680f
work/revision_analysis/results/GSE174574/reference_singlet__Endothelial__normalized.tsv.gz	446882	59f1dca8403ddd3f2b2d1b5550ef14977b974922535910dd46514190641a6148
work/revision_analysis/results/GSE174574/singlet__Astrocyte__de.tsv.gz	635580	0fa9510cfefb9551ecab9d035ebf527262de437d12f5ad31ac106b772e21f92e
work/revision_analysis/results/GSE174574/singlet__Astrocyte__diagnostics.json	345	ca3a6e6bb7438ea846cbc7a096ff4b9ab10c07c776815db6200181bfddf90bff
work/revision_analysis/results/GSE174574/singlet__Astrocyte__normalized.tsv.gz	326125	c4e355a58cbf4604d23dc5001a67e9b7bef2225cc6e4236d89000aedd7479c6d
work/revision_analysis/results/GSE174574/singlet__communication.tsv.gz	71999	b3f61ee3bce6d095c9e91fba06a62600753070384010e0e0e019fc949a57fbc5
work/revision_analysis/results/GSE174574/singlet__communication_sample_scores.tsv.gz	114547	dfea6faa1a8d90bd359979def443aa82cfa4d456a0e436789414090051b15430
work/revision_analysis/results/GSE174574/singlet__Endothelial__de.tsv.gz	704045	6c8fc99ec7a77066a1437a6fd70db6c2dc68fb7e639af79916c056514b9fe344
work/revision_analysis/results/GSE174574/singlet__Endothelial__diagnostics.json	349	ca0353286761a65b1fe2c84003f963f297efedd5a0e22827a6a8f53d0fd13183
work/revision_analysis/results/GSE174574/singlet__Endothelial__normalized.tsv.gz	464363	5139abaa4cb560194f6296bdafa3bc6ef3ac1d09d1e03647a39b8f5f8551e59a
work/revision_analysis/results/GSE245386/reference_only__Astrocyte__de.tsv.gz	789275	a6161e0ecdf4ae0c90c1add1dda2d971cf0c472195f2c2b0b4c2d1535f8401f5
work/revision_analysis/results/GSE245386/reference_only__Astrocyte__diagnostics.json	371	2ce9517bb0a9eda3a8218d6494fcab1332b3e4606762393060a9e60230d2e94e
work/revision_analysis/results/GSE245386/reference_only__Astrocyte__normalized.tsv.gz	403032	60fd374e5af724598181eaf974540af8188783d5aa3378c525dc3d5a92019a08
work/revision_analysis/results/GSE245386/reference_only__communication.tsv.gz	110674	1c561a77c42b708084fa9838e42e61a34ccfb63c76d7bd4739965c6e0f241586
work/revision_analysis/results/GSE245386/reference_only__communication_sample_scores.tsv.gz	146380	1b48f6dbad1d27c7d85f37925559b35cad1d7066f3d5281ea75805aaba8da26f
work/revision_analysis/results/GSE245386/reference_only__Endothelial__de.tsv.gz	948129	95172518fd0f29329cb33f0915e00822015ce716eb43a34defcc2f5689904a8a
work/revision_analysis/results/GSE245386/reference_only__Endothelial__diagnostics.json	376	e951841ec2a8d2c404b371d854d4febfdd4990ffac6b02ece632d81387e7042e
work/revision_analysis/results/GSE245386/reference_only__Endothelial__normalized.tsv.gz	620712	32a929cd1090d5f343258519df600b5ff49e5a03bd651899ac27b37b13e7b1ec
work/revision_analysis/results/GSE245386/reference_singlet__Astrocyte__de.tsv.gz	786038	c1351da35e4a8f8a8098afb1381816a5bfae927cfbe735f763cfc21fc8a4b3a6
work/revision_analysis/results/GSE245386/reference_singlet__Astrocyte__diagnostics.json	374	e6c7059becc27542fee86a1b924f56b8c3e5ecdc64e016c2c3ee6412c909e491
work/revision_analysis/results/GSE245386/reference_singlet__Astrocyte__normalized.tsv.gz	400371	0ab46fdd096ec875f6db12905a5e283ef43ea977d780749084c275145ba5bd65
work/revision_analysis/results/GSE245386/reference_singlet__communication.tsv.gz	109472	587a21152dc6bc64c0900a37fe301f2eebea04ed94e0077dbcf0c12455d866a8
work/revision_analysis/results/GSE245386/reference_singlet__communication_sample_scores.tsv.gz	144065	d3d186c6690ed64874f1bcbbf0cdc67fcbf3d3d7e03c017c40d456db34223dbe
work/revision_analysis/results/GSE245386/reference_singlet__Endothelial__de.tsv.gz	926886	23bfe53f3f048e5b310b0ea3aa60f8c5aeb806861f8d403cb451b9436f442ab8
work/revision_analysis/results/GSE245386/reference_singlet__Endothelial__diagnostics.json	379	4e07219c0fe862bf445e35bd5d6dc94cd923e05614652a28cf3f4dcb78e7d450
work/revision_analysis/results/GSE245386/reference_singlet__Endothelial__normalized.tsv.gz	604244	4bd86e941e94ab87a9c80c1ef2fcf38f9fdc42cfaba9e6fc46b5d7555d36f4dc
work/revision_analysis/results/GSE245386/singlet__Astrocyte__de.tsv.gz	813011	af2d27a31a12f174390603b54c4c8797d3e9a3b24444a0acdfe6092335258206
work/revision_analysis/results/GSE245386/singlet__Astrocyte__diagnostics.json	364	3f10b1e18278605b4686bd833a7d228062ef6a064e8ed640266d15b85c47c48e
work/revision_analysis/results/GSE245386/singlet__Astrocyte__normalized.tsv.gz	429926	10ad5577653bb8d9d8fbeda889ed8c321d954df6788ff9ca98418a4d61e3641c
work/revision_analysis/results/GSE245386/singlet__communication.tsv.gz	108137	188dd51cd69a9edab7fc39c5a621d2d041c2821fd825a51a6a64045ff523afe9
work/revision_analysis/results/GSE245386/singlet__communication_sample_scores.tsv.gz	147133	f4b5f7c6a3e0a829acc1f73422a6f6a1d77b0881201f6141f2b2768ee81ef4b1
work/revision_analysis/results/GSE245386/singlet__Endothelial__de.tsv.gz	929924	d6f2e1ae8a0644ca1c40e454d2cb7978ee3fe3c0f51a556c3c40e9aee3bf9c85
work/revision_analysis/results/GSE245386/singlet__Endothelial__diagnostics.json	369	4fbfbe4f90a51ae27fb5d03167b49ea1714769336020e7a280dc6e35327c73f5
work/revision_analysis/results/GSE245386/singlet__Endothelial__normalized.tsv.gz	609645	13e86bd5eb9427cf1c2629882d759ac845664499e044e56d6af6b7e71e004435
work/revision_barrier_figure.py	2265	792f94163d7d9723e71bfde878b0181b0d87aadc805c665910e4cc4a51bb4d1c
work/revision_code_review.md	9797	8e88f08a34a123ba890b8ced5d6ec36f9bb4c35f19ad25ea281a857edc54aa33
work/revision_data.py	3274	86d78b88c86e73f881c5dcfa6296562149d686c94d73172a15dd1016f1a08511
work/revision_figure7_qa/data_profile.json	18791	67578c016873233bd7fcc060d6f2e68f6adc0e632d8f4a5e91b8b3fa613026fb
work/revision_figure7_qa/preview.png	176317	a0b9151ff596cf6d70e7fd3a1f5c65bd4c130e32e0613a64033ed10a77f17868
work/revision_figure7_qa/preview_grayscale.png	85198	7eac67a92a2b550d8d018df2688ad17d34926154b6ad58a895e4bf0cab47ea35
work/revision_figure7_qa/qa.json	1291	bdbe028492e3c8b3f79cfa60b87c24800aff3271e8550e7bb870fbf679d611c2
work/revision_font_check.py	1194	28956594454ea731ff80c8474cf94582229e8be37920eaa9f7b6993a5aa7b64a
work/revision_gene_audit.py	2880	da3cbad8a65a7271ba7b948fa361fa3c77295cfe8d5b4e761f87db11497f2e94
work/revision_identity.py	5963	298aa056c2b542bac446c75abee9f700d6c9605eeec54ca5b843b5b8d9839f88
work/revision_identity_figures.py	21707	113a35ad9feb8db5bf7f8a2469d489637ae5ddeb110af3994fc36fbda77fd612
work/revision_identity_review.md	10230	03d63c27622c23aff3c3ae4b4d9634553b08fde610286848bcdbf645d149d617
work/revision_liana.py	5034	a22c5cdcd7ce5d97a8c47b54a5741d6acbd04cd0ce84bb04970b0bf3961f25fc
work/revision_manuscript_review.md	2972	31768dad91a64ddfa33a520f5429484c7a1159ef90a0a1a2566b14365060ba71
work/revision_novelty_review.md	8263	2db58731a919131cdcd85b8b6ac46b80676b2f0aadaf566d548651b97c1f6c23
work/revision_plan.md	5217	84d6ac3e22a5ccffae187ea3231898293c761516acf5ba789cbc7a020649c8be
work/revision_results/identity/GSE174574/GSM5319987_audit.json	2256	5ee104e4567b9b6a622b62c10816baa8914ec7a552d8a4ee0707bdb56aa5382b
work/revision_results/identity/GSE174574/GSM5319987_identity.tsv.gz	404880	e2909946abb416f3565b0580516f8894d82d82d7b26bab6705a29e57773e45a2
work/revision_results/identity/GSE174574/GSM5319987_models_audit.json	1019	97da3ff8774935386dc3dbb33700a6d073e825cc7cf72177984f52bfac969641
work/revision_results/identity/GSE174574/GSM5319987_simulated_doublet_scores.tsv.gz	29883	d6fc0a45ff32764a8d098f7bdeeea33e6b8e25fec25e4616438affa969319ad2
work/revision_results/identity/GSE174574/GSM5319988_audit.json	2216	bd907938cbdba7b7cd235c26028462ba4dd7d92af7fe5ee07bdef328312416e0
work/revision_results/identity/GSE174574/GSM5319988_identity.tsv.gz	393880	34ed41b3601ebf79899eb7f6bd8dfcbe06c74d57b09c7f4f3284ff9aa26a8ca0
work/revision_results/identity/GSE174574/GSM5319988_models_audit.json	1019	25a3b263b8e3087fa3d2c0db1034f35e35b6cf200716b27196b0138512ffd9d5
work/revision_results/identity/GSE174574/GSM5319988_simulated_doublet_scores.tsv.gz	29006	f516df3afe3e23c6c6b138bdbc0e5fabb0a19faddf4bbd2c93379b3903433ed5
work/revision_results/identity/GSE174574/GSM5319989_audit.json	2222	f5c1503e1b223b5731d28bca3685e0628851e8cdc1eb48403df23a0fc8a74b68
work/revision_results/identity/GSE174574/GSM5319989_identity.tsv.gz	460592	f5a3d871f2fca79b1c8d51cbf3d3cf872037322121a160ea7df2535a9f31ace4
work/revision_results/identity/GSE174574/GSM5319989_models_audit.json	1019	da02513682a24a7ffc80bb711a31e7adc64af43fd0e712daa093438cf6d9afb2
work/revision_results/identity/GSE174574/GSM5319989_simulated_doublet_scores.tsv.gz	34168	9972df5373d4ebb97ee13e67a3c6dfbc6407a80e4c1922e24c99eab1c84a6e60
work/revision_results/identity/GSE174574/GSM5319990_audit.json	2252	f29748075d61e808295cea53a4f9e68d8681e2bd5e0034f4d78fa4f5f9752315
work/revision_results/identity/GSE174574/GSM5319990_identity.tsv.gz	559483	c970f00896a9a0ff4c5ab7bab38d22947abb48e00847677b1c0ea02999dedc37
work/revision_results/identity/GSE174574/GSM5319990_models_audit.json	1020	38036f3f0f2376d472d08c2c88665984d5a82a9a6f0d9a3153f9fff6ead11974
work/revision_results/identity/GSE174574/GSM5319990_simulated_doublet_scores.tsv.gz	45305	f4f2f07ae778cdfd442d853dd78c2555ea45c13c9e9a68f852bc22697ecf076c
work/revision_results/identity/GSE174574/GSM5319991_audit.json	2245	f60c2894a1fbe681183a4075cd6f8a688605c0841f75b2995dd909a22356e296
work/revision_results/identity/GSE174574/GSM5319991_identity.tsv.gz	540494	88fe36e93b53416e0e7054c9b77149a7edfbdd1eca53ec6b84d46e2d24ffb9b2
work/revision_results/identity/GSE174574/GSM5319991_models_audit.json	1020	a3afcc9b9ed9176818bc55285b4f674d9889a389aac0605269f45d3873dcd52a
work/revision_results/identity/GSE174574/GSM5319991_simulated_doublet_scores.tsv.gz	43366	4806dd9936e8d6139bd56789673dd77446d63338080bb6abf547f6ac8dbe6225
work/revision_results/identity/GSE174574/GSM5319992_audit.json	2242	ad8bf28d80aca6b75eda476554b263994c1c6e9c8fa2afd368561db894a5c3f6
work/revision_results/identity/GSE174574/GSM5319992_identity.tsv.gz	381933	d11c934cec3084202475ef9ed67cac007d7928a4a57d2ce0d38966665caba60d
work/revision_results/identity/GSE174574/GSM5319992_models_audit.json	1019	8c09c89e66fe92af7eaf60372062d7a0e92b0c51949fb61c50a142b937803b06
work/revision_results/identity/GSE174574/GSM5319992_simulated_doublet_scores.tsv.gz	30216	bbe3cf04fffa32af031ecb32fe2d5f1beabd9180854538457b3cb4f969529f15
work/revision_results/identity/GSE245386/GSM7841720_audit.json	2192	98fd6dd62ac910417e9b65e4b663d550e5d472eb3171fd3709d11eee3f9bfeb5
work/revision_results/identity/GSE245386/GSM7841720_identity.tsv.gz	694721	6584343cf817aea1e94368046ca55caa161e48531bcb929f8525df48e70d0453
work/revision_results/identity/GSE245386/GSM7841720_models_audit.json	1020	690447b85171700dc5fde63f74ccc32ebbc3044ed2403fd33325fd983716757f
work/revision_results/identity/GSE245386/GSM7841720_simulated_doublet_scores.tsv.gz	60021	f8de67b46c7e6940bfd213b933d8316c83dccb8e949ee0ff397bb6b8a08a6204
work/revision_results/identity/GSE245386/GSM7841721_audit.json	2226	38c786473fe540f02e35cdfa6a78e0dc1bc9245ba1f3bfc6538e127c7568602e
work/revision_results/identity/GSE245386/GSM7841721_identity.tsv.gz	438036	c3bdacc723697bab10f87886c8a52cdfa73921bd8b61d22bc823202e423a7e9e
work/revision_results/identity/GSE245386/GSM7841721_models_audit.json	1020	687dbb117dddc01f2af97c9ec7a17e7ca263b9cd865995281e5c19f69a0bea4a
work/revision_results/identity/GSE245386/GSM7841721_simulated_doublet_scores.tsv.gz	37195	d250c2b8a78cde5fa2c3334f45433b9ae9a02f695009b03629c98aef30f112b9
work/revision_results/identity/GSE245386/GSM7841722_audit.json	2238	c5194aaa4a70de244a7450f88197d02bb98b100143685997bd4c9810899d2ac8
work/revision_results/identity/GSE245386/GSM7841722_identity.tsv.gz	423561	da237c4c69bb1e98bdbdbbe979f509559410389b22345dd2935e978a5a8d450a
work/revision_results/identity/GSE245386/GSM7841722_models_audit.json	1019	6ecb1f5d1f5446ebe5f078c9dd2331f3bb0221c6f11e26a3d4996b14cd7ad778
work/revision_results/identity/GSE245386/GSM7841722_simulated_doublet_scores.tsv.gz	35109	1aec6edfee39e9e6576a5108acbc67386ecc32595390e3a8f5d70538101041d0
work/revision_results/identity/GSE245386/GSM7841723_audit.json	2202	a76ec5056c81980bb491813e7a1aced81398c4bc750403dbd04c3acc9a3d0ace
work/revision_results/identity/GSE245386/GSM7841723_identity.tsv.gz	448279	a278e8feb297a276a2ae926e55b9330a54d47a7be7a71f82d8e83f35bf93a93c
work/revision_results/identity/GSE245386/GSM7841723_models_audit.json	1019	2cd5508b170adec171b75def0002b2f88604a074002b539d37ef9f56f4ccff0c
work/revision_results/identity/GSE245386/GSM7841723_simulated_doublet_scores.tsv.gz	37361	8caf48dd313b0c049691c1c8f7d3077032f2131f8755882a33b76ace93f1905f
work/revision_results/identity/GSE245386/GSM7841724_audit.json	2223	91be74ad17c91c7d8bd26fdb851251a0723bbb98e30943cb6bab7fb2c2a0f98c
work/revision_results/identity/GSE245386/GSM7841724_identity.tsv.gz	552499	ec66dad28e9197cfe29da174bf3ea4996619005c7a610a37770c1b0db33cc297
work/revision_results/identity/GSE245386/GSM7841724_models_audit.json	1020	09fb13f456b9a836b850698d11275d5b892c07bb6b2f98b1d3653ed4986b501d
work/revision_results/identity/GSE245386/GSM7841724_simulated_doublet_scores.tsv.gz	45462	012a313187e2c7b487aba6aa4f8d38e52a94bd0dea3bb000bd650863564f0ab5
work/revision_results/liana/GSE174574/primary__GSM5319987.json	1791	37eca62ef0cb3e152f3c44f740fdacb9d511f083f623f7e5bfbe662b57c4b0a3
work/revision_results/liana/GSE174574/primary__GSM5319987.tsv.gz	16290	0c22ccfa69ea1186c96eb0d161b118b84a95b5035f03a999557b61c89f695929
work/revision_results/liana/GSE174574/primary__GSM5319988.json	1791	571d52e8a80a68f9602a8052d2d2a6313f711f717a54b52f81881ece8e84d071
work/revision_results/liana/GSE174574/primary__GSM5319988.tsv.gz	16734	1819054729f6d84d4c111d10763c20a09d7aa1448283891f72dd283b59c24e48
work/revision_results/liana/GSE174574/primary__GSM5319989.json	1815	a5e234df808ac7422039b3b0a0eb30839d2d718fc4df5d839e74d8205b442100
work/revision_results/liana/GSE174574/primary__GSM5319989.tsv.gz	18113	b0b641c19c59baf27b478584ee49e15979a003e8016bcf5f594b20e87ecfcad3
work/revision_results/liana/GSE174574/primary__GSM5319990.json	1840	f19a2cda217242a8b61cd4a8fdfc3e269e379303425dbeb2ca9b0e2ed5ff5965
work/revision_results/liana/GSE174574/primary__GSM5319990.tsv.gz	20610	8d43b3c6df1867d56745213c86bbc8919db6fcedb5ef1c823bc1dc347ca68981
work/revision_results/liana/GSE174574/primary__GSM5319991.json	1839	f0d4e7933a7d66f08c4b62d8628a8dce7062e96d0a557f4e5b73c31693340e14
work/revision_results/liana/GSE174574/primary__GSM5319991.tsv.gz	19989	8644e3dfd768843dd7788cecd29072861997a42d3be502104171af54f0f8cc54
work/revision_results/liana/GSE174574/primary__GSM5319992.json	1835	e681326de8d9abcec65fd098d27152062819971f3f34e127733349165a81dd0f
work/revision_results/liana/GSE174574/primary__GSM5319992.tsv.gz	23588	e249ec52f3e835c37d2b6e1361b7fb063fab24423a73880292028c61dd5617b6
work/revision_results/liana/GSE174574/reference_singlet__GSM5319987.json	1801	ab4826902b1f4064544ecac1b4ce36e80ea9056c6bf67fa980e87d450eb97de9
work/revision_results/liana/GSE174574/reference_singlet__GSM5319987.tsv.gz	15753	b6d0371271fe09ad5c8b3cd805869e8626bb6b49e5dd90ec4feb2e0612479885
work/revision_results/liana/GSE174574/reference_singlet__GSM5319988.json	1801	9c6491da3c483cf42bf8fabe1d7d2384f2949638712ca6d9af127bd1e0472c5e
work/revision_results/liana/GSE174574/reference_singlet__GSM5319988.tsv.gz	17247	f6f98f57c0702c69021cf67bd32c52404beb561c575d0f2bd27914bb5ff297e2
work/revision_results/liana/GSE174574/reference_singlet__GSM5319989.json	1824	94688953455ddab00327ebe3b958d1bc2a49c6fa5efc642ae80a2db04109a464
work/revision_results/liana/GSE174574/reference_singlet__GSM5319989.tsv.gz	17391	db183dbf2e37a290721a48274e76c21ba905210fb0362641cdf8a49d90ab1648
work/revision_results/liana/GSE174574/reference_singlet__GSM5319990.json	1850	9d9fd7512269c914aa18e75b1e495b806783f5d29018a4b08ee6f8eddc5c99be
work/revision_results/liana/GSE174574/reference_singlet__GSM5319990.tsv.gz	20475	c1948a6d627491e89ee80d722866ecc8bcc7b7179dc3cd0009f8389e76be2a41
work/revision_results/liana/GSE174574/reference_singlet__GSM5319991.json	1849	8eb5f9e2117e24dc5c026f462824b459e7b4e6a7bcf6b5dd09fa321fb3fce0be
work/revision_results/liana/GSE174574/reference_singlet__GSM5319991.tsv.gz	17532	862214934d3b1ccd9dcd16c7e10601be919948c8884d2b9cc5c1b8866283edbd
work/revision_results/liana/GSE174574/reference_singlet__GSM5319992.json	1845	945ad65f92a520f76a09ada7b8092b3a5cfb605a554b16f181a953a109dc9e91
work/revision_results/liana/GSE174574/reference_singlet__GSM5319992.tsv.gz	22796	e4d917342858188e9934b3ff5a9f001b190670ff49765996eeff42cac6c31af4
work/revision_results/liana/GSE245386/primary__GSM7841720.json	1876	57f99ed3a6987adcf85cee269441f595aae64a189e2ccb5810c8595883806b90
work/revision_results/liana/GSE245386/primary__GSM7841720.tsv.gz	36913	3097e2689dcf1ae3cdde14b51d3f1c3f227d7f408192a81078a00b983525a502
work/revision_results/liana/GSE245386/primary__GSM7841721.json	1835	27eda598d53ab1b082f526db8efe689b49d4de855266ecbe0e9b6a03ade13d83
work/revision_results/liana/GSE245386/primary__GSM7841721.tsv.gz	39599	9385969e08edb5244c8946fb6ddf93b1ada98771d1610a0852ddd19faf1119b0
work/revision_results/liana/GSE245386/primary__GSM7841722.json	1833	79b2f7d4cc299395f799aac9461a0d1508156e5b169c5910257c7c132489cccb
work/revision_results/liana/GSE245386/primary__GSM7841722.tsv.gz	40482	70c1d47ce9c8fb751a188949e3fb0949a7e173d01a8cad9688d12d9dd5e7182d
work/revision_results/liana/GSE245386/primary__GSM7841723.json	1849	798ed42f4d6c3d5d1a6f4dd04952aa49ef476d001c2770200d9701ea246e7a5a
work/revision_results/liana/GSE245386/primary__GSM7841723.tsv.gz	45195	9603adce25f0d5e4179ca6946c93fc65d493a06d6ea80bf8c0f92ff312e852e1
work/revision_results/liana/GSE245386/primary__GSM7841724.json	1830	04d6e63dc84ca7eba34e2f3e393c961c1207d0d37c474204068b2ce805d6631e
work/revision_results/liana/GSE245386/primary__GSM7841724.tsv.gz	41804	d85d42c9e2d39bb080b9c9b9e5e692608040510b6e758280c5ecbd0d024c8925
work/revision_results/liana/GSE245386/reference_singlet__GSM7841720.json	1885	9f322f659e8c05191b3119bff3814eab6c89b51da46fd0e40719ed2e98c83e63
work/revision_results/liana/GSE245386/reference_singlet__GSM7841720.tsv.gz	37995	059bf93cd7de497e1d7d587240ef730920a775696e3cd8494b53537fd0c52810
work/revision_results/liana/GSE245386/reference_singlet__GSM7841721.json	1845	8b9edb6392d8ace35859f65de8dcc2bb9f572c606407cb7d9f70815659a1683c
work/revision_results/liana/GSE245386/reference_singlet__GSM7841721.tsv.gz	39935	4d232a140c7579daad1b702115d759f91afb704a68c3740fb96a2008d3591753
work/revision_results/liana/GSE245386/reference_singlet__GSM7841722.json	1843	99e2ba62b737541c6b7ad9790f1189f1592173a6b0965c184058d066dbeca586
work/revision_results/liana/GSE245386/reference_singlet__GSM7841722.tsv.gz	41074	4d56257aff0456b631741fb5c5d8f83dd3504e79b058056b1599191a823515de
work/revision_results/liana/GSE245386/reference_singlet__GSM7841723.json	1859	96a4285b2c0498e720a76f5ecc3f2b15cb4e3395a89f97b30106955c26a68611
work/revision_results/liana/GSE245386/reference_singlet__GSM7841723.tsv.gz	48833	09a0e7d607531ed0131fb776d881fa43bfbf5f0680b80c4effe4ea1b4d4f23ba
work/revision_results/liana/GSE245386/reference_singlet__GSM7841724.json	1840	5ec73293bc3488203aefb7e78296410bfc1607627b542395298a13fa869bd1d6
work/revision_results/liana/GSE245386/reference_singlet__GSM7841724.tsv.gz	41303	05e361c3db23f1f4477bd4df7725053e8bec460d940feb5f47edee212be8d861
work/revision_robustness_figures.py	19588	e770fd116d533a928033c6f2e52fe34d7e08468a072ad3842f8f5fc5907bcfec
work/revision_sample_manifest.tsv	454	5305925feb508f3c62ceeda8169b03ccef870be2402f590542d3b2728d0cea08
work/revision_statistics.py	1015	d9d125c532c2e8cb6de2cd03e0fd1a38fb4e03cd6cb262d5b5f9f8b3a6d7e556
work/revision_summary.py	23896	5528beaaa6496a603af937ec5d8bed4a2a7477c8d2b4fff01370e9f7d4aea4c1
work/revision_text_insertions.md	12444	7c6e8190777ea89136121b7c028436220466a36e13638701f2066f1645b1fb79
work/revision_visual_review_body.md	2716	3f09ae9669dad0e83d7100d0bb4851667fcafaf7cdb4aa6abe7ef26443d75d46
work/run_all_communication.py	354	3ae2608f960ae5a08a2f29aa37f2404dfcd910cd179531bb40bad2f83c775c50
work/run_pipeline.py	2428	b03a9982dcbeb06a74db40eb9169a1ff5f08a6f928173c551fc4eb7417e099a9
work/run_pseudobulk_de.py	2921	3bd5414b6b03822a8f4b3f7e855690d138fc4a7385722ee54523622c1f6abeb4
work/run_revised_pipeline.py	2612	10fb4396e3b5486d25bd9979dd737ce2c4f6b8317969a4e5efc1bc90d83d01f6
work/software_versions.json	405	659b6db8d431a0136185a7532480e20e5b2c0624636038b8ca8b2493b9d7aa0a
work/software_versions_revision.json	597	bc268488b85d3e41e653d993130ff07883898f4dfb2dc7cb68185258492ffc2e
work/sorted_rna/analyze_sorted.py	2920	7e58cc7b2f7bc0e2dd4af7cb935bf040ce9a4c8edd29edcba534f5f010a362d5
work/sorted_rna/astro_endothelial_normalized.tsv.gz	756558	ea46749bb6cffa12c33369791e455059c2f38dc3748e7965b24e224020a6a270
work/sorted_rna/audit.json	679	3c59b080b1c431f0ef0ea274981891aac4ffe0bb5781c3616a16723811cb85ae
work/sorted_rna/diff_expression.tsv.gz	2335998	5895669960c5fb8711f56794c38379af6da88a32b5739161ffd3696725de74cb
work/sorted_rna/download_manifest.json	295	fea618b99f0db06f57ef15858563d8fd5bb958fd9fd1e5470fdefb85ee305bb4
work/sorted_rna/GSE163752_counts.matrix.norm_anno.txt.gz	14232391	f97b2cc1c1044101b0c268180049e45c38e94ab375f77dcd8c59be102cbcf1ee
work/sorted_rna/GSE163752_family.soft	134575	8cd42931401eb595a80d74285abb4247c32d0a5931741f24499c4cab929c88be
work/sorted_rna/GSE163752_family.soft.gz	4799	f7aaa630432c9c5c9a6fd8aa1a57851c2caf749731a9559ce5eb654e82c16e01
work/sorted_rna/gsm_metadata_raw.tsv	12500	a02bffa87d99eda8bff0e2a4641afda7d3af573c6df190bdeb84fabb72a91662
work/sorted_rna/identity_markers_expression.tsv	4712	c0ef782cce6deeb036ab5248cf452afc57387a392b7b0a967d3d739905ce3f45
work/sorted_rna/sample_manifest.tsv	3177	9dcb1dbf262676af2b988f16c68767c0b5676a0a925a09d46939dcfdeb0bf117
work/spatial_analysis.py	4136	7d0d67c245fefc2401c2d777e2c24ebc40da8ab53f19ec9ae6bc8704488b880d
work/spatial_geometry/manifest.json	289	1c1221bd828679cc1cb2c302e6a8902b01ee711565e9dad7ade9206dffb786ba
work/spatial_geometry/repository_tree.json	66132	c67dd2b1b37f686ed232732bb5e670b2aa89942d97c3555055cc0025fe87e354
work/spatial_geometry/visium_row_col.rda	29116	ea45bd24b75b2ee0303e2a16f544383e5e2a6c9b72b6f98bc730d14377291cca
work/spatial_geometry/visium_row_col.tsv	120029	3ef5c46aa580d1e38f423bdebdffc5be5042adc8b5591d0277d5c8f52bfc449a
work/stream_annotate.py	5366	6f65024540b687bb6ea19b656384367aca2800e4e1a139b34525997826a02640
work/validate_results.py	4066	170807d3d33a9015fed051c3fafb82edee43403eea41e55b05b34d26e425e602
work/validate_revision.py	4177	e9181efd9ddaa6d59d8d92efb389977bd58c7d871915a0ec3af52fb2d370f9db
