dataset	sample	cell_type	selection	n_cells	gene	fraction_detected	mean_logcp10k
GSE174574	GSM5319987	Astrocyte	original_reference_supported	261	Aldh1l1	0.3716475095785441	0.6024162870320321
GSE174574	GSM5319987	Astrocyte	original_reference_supported	261	Slc1a3	0.9961685823754789	3.3526831423577015
GSE174574	GSM5319987	Astrocyte	original_reference_supported	261	Slc1a2	0.9808429118773946	3.100307331248389
GSE174574	GSM5319987	Astrocyte	original_reference_supported	261	Gja1	0.9655172413793104	2.7050433192544294
GSE174574	GSM5319987	Astrocyte	original_reference_supported	261	Glul	1.0	3.8801507469388654
GSE174574	GSM5319987	Astrocyte	original_reference_supported	261	Sox9	0.7547892720306514	1.415135722348113
GSE174574	GSM5319987	Astrocyte	original_reference_supported	261	Aldoc	0.9961685823754789	4.163131679771411
GSE174574	GSM5319987	Astrocyte	original_reference_supported	261	Pecam1	0.06513409961685823	0.09073024290826295
GSE174574	GSM5319987	Astrocyte	original_reference_supported	261	Cdh5	0.05363984674329502	0.06840243468448738
GSE174574	GSM5319987	Astrocyte	original_reference_supported	261	Esam	0.15708812260536398	0.2206449314343283
GSE174574	GSM5319987	Astrocyte	original_reference_supported	261	Tek	0.04597701149425287	0.07233550425746668
GSE174574	GSM5319987	Astrocyte	original_reference_supported	261	Erg	0.01532567049808429	0.022372200316493368
GSE174574	GSM5319987	Astrocyte	original_reference_supported	261	Vwf	0.034482758620689655	0.04668818922979759
GSE174574	GSM5319987	Astrocyte	original_reference_supported	261	Kdr	0.05747126436781609	0.08122614684471423
GSE174574	GSM5319987	Astrocyte	original_reference_supported	261	Ptprc	0.0038314176245210726	0.0048053386178815456
GSE174574	GSM5319987	Astrocyte	original_reference_supported	261	Tyrobp	0.2260536398467433	0.33127582797198873
GSE174574	GSM5319987	Astrocyte	original_reference_supported	261	Lyz2	0.25287356321839083	0.37315977878448203
GSE174574	GSM5319987	Astrocyte	original_reference_supported	261	C1qa	0.49808429118773945	0.8014517084493674
GSE174574	GSM5319987	Astrocyte	original_reference_supported	261	Rgs5	0.05747126436781609	0.0919963520076612
GSE174574	GSM5319987	Astrocyte	original_reference_supported	261	Pdgfrb	0.25287356321839083	0.39847858746059184
GSE174574	GSM5319987	Astrocyte	original_reference_supported	261	Acta2	0.20306513409961685	0.2995719250626312
GSE174574	GSM5319987	Astrocyte	original_reference_supported	261	Plp1	0.42911877394636017	0.6806952185662694
GSE174574	GSM5319987	Astrocyte	original_reference_supported	261	Mbp	0.1111111111111111	0.17120290048099576
GSE174574	GSM5319987	Astrocyte	original_reference_supported	261	Snap25	0.0	0.0
GSE174574	GSM5319987	Astrocyte	reference_added	4	Aldh1l1	0.0	0.0
GSE174574	GSM5319987	Astrocyte	reference_added	4	Slc1a3	0.25	0.902853343468918
GSE174574	GSM5319987	Astrocyte	reference_added	4	Slc1a2	0.25	0.7936866717292249
GSE174574	GSM5319987	Astrocyte	reference_added	4	Gja1	0.25	0.6615007337439536
GSE174574	GSM5319987	Astrocyte	reference_added	4	Glul	1.0	2.3907703359675616
GSE174574	GSM5319987	Astrocyte	reference_added	4	Sox9	0.25	0.34117842601265636
GSE174574	GSM5319987	Astrocyte	reference_added	4	Aldoc	0.5	1.458306506868329
GSE174574	GSM5319987	Astrocyte	reference_added	4	Pecam1	0.0	0.0
GSE174574	GSM5319987	Astrocyte	reference_added	4	Cdh5	0.0	0.0
GSE174574	GSM5319987	Astrocyte	reference_added	4	Esam	1.0	1.9124757523491223
GSE174574	GSM5319987	Astrocyte	reference_added	4	Tek	0.0	0.0
GSE174574	GSM5319987	Astrocyte	reference_added	4	Erg	0.0	0.0
GSE174574	GSM5319987	Astrocyte	reference_added	4	Vwf	0.25	0.409051570187525
GSE174574	GSM5319987	Astrocyte	reference_added	4	Kdr	0.0	0.0
GSE174574	GSM5319987	Astrocyte	reference_added	4	Ptprc	0.25	0.34117842601265636
GSE174574	GSM5319987	Astrocyte	reference_added	4	Tyrobp	0.5	1.4524384967527724
GSE174574	GSM5319987	Astrocyte	reference_added	4	Lyz2	0.75	2.240308873504543
GSE174574	GSM5319987	Astrocyte	reference_added	4	C1qa	0.75	2.6432108461175865
GSE174574	GSM5319987	Astrocyte	reference_added	4	Rgs5	0.25	0.3513937052997557
GSE174574	GSM5319987	Astrocyte	reference_added	4	Pdgfrb	0.25	0.5814193586936657
GSE174574	GSM5319987	Astrocyte	reference_added	4	Acta2	0.5	1.8349178931141683
GSE174574	GSM5319987	Astrocyte	reference_added	4	Plp1	0.5	0.7502299962001814
GSE174574	GSM5319987	Astrocyte	reference_added	4	Mbp	0.5	0.9010302861047063
GSE174574	GSM5319987	Astrocyte	reference_added	4	Snap25	0.0	0.0
GSE174574	GSM5319987	Astrocyte	original_not_retained	104	Aldh1l1	0.34615384615384615	0.5388079652479928
GSE174574	GSM5319987	Astrocyte	original_not_retained	104	Slc1a3	0.7115384615384616	1.9049018281867438
GSE174574	GSM5319987	Astrocyte	original_not_retained	104	Slc1a2	0.6923076923076923	1.6842453026512745
GSE174574	GSM5319987	Astrocyte	original_not_retained	104	Gja1	0.75	1.6493634162021285
GSE174574	GSM5319987	Astrocyte	original_not_retained	104	Glul	0.9711538461538461	3.04608669838029
GSE174574	GSM5319987	Astrocyte	original_not_retained	104	Sox9	0.4807692307692308	0.7768897145741173
GSE174574	GSM5319987	Astrocyte	original_not_retained	104	Aldoc	0.7019230769230769	2.3203131391814003
GSE174574	GSM5319987	Astrocyte	original_not_retained	104	Pecam1	0.3942307692307692	0.7267241213669074
GSE174574	GSM5319987	Astrocyte	original_not_retained	104	Cdh5	0.20192307692307693	0.3233314292113189
GSE174574	GSM5319987	Astrocyte	original_not_retained	104	Esam	0.6923076923076923	1.4724424510095973
GSE174574	GSM5319987	Astrocyte	original_not_retained	104	Tek	0.22115384615384615	0.3536250551303547
GSE174574	GSM5319987	Astrocyte	original_not_retained	104	Erg	0.08653846153846154	0.13287754593879755
GSE174574	GSM5319987	Astrocyte	original_not_retained	104	Vwf	0.14423076923076922	0.2353958833382754
GSE174574	GSM5319987	Astrocyte	original_not_retained	104	Kdr	0.2692307692307692	0.4428315124256829
GSE174574	GSM5319987	Astrocyte	original_not_retained	104	Ptprc	0.038461538461538464	0.05270152341566093
GSE174574	GSM5319987	Astrocyte	original_not_retained	104	Tyrobp	0.22115384615384615	0.45760237491697897
GSE174574	GSM5319987	Astrocyte	original_not_retained	104	Lyz2	0.25961538461538464	0.44937050994874517
GSE174574	GSM5319987	Astrocyte	original_not_retained	104	C1qa	0.5673076923076923	1.1207434993572014
GSE174574	GSM5319987	Astrocyte	original_not_retained	104	Rgs5	0.009615384615384616	0.017883502741393678
GSE174574	GSM5319987	Astrocyte	original_not_retained	104	Pdgfrb	0.14423076923076922	0.20575605233165833
GSE174574	GSM5319987	Astrocyte	original_not_retained	104	Acta2	0.19230769230769232	0.3141654652040554
GSE174574	GSM5319987	Astrocyte	original_not_retained	104	Plp1	0.40384615384615385	0.6459619034708375
GSE174574	GSM5319987	Astrocyte	original_not_retained	104	Mbp	0.14423076923076922	0.2303544088287954
GSE174574	GSM5319987	Astrocyte	original_not_retained	104	Snap25	0.0	0.0
GSE174574	GSM5319987	Endothelial	original_reference_supported	1375	Aldh1l1	0.0014545454545454545	0.0022557184005491063
GSE174574	GSM5319987	Endothelial	original_reference_supported	1375	Slc1a3	0.05309090909090909	0.08025731172009351
GSE174574	GSM5319987	Endothelial	original_reference_supported	1375	Slc1a2	0.04581818181818182	0.0728668985597888
GSE174574	GSM5319987	Endothelial	original_reference_supported	1375	Gja1	0.15854545454545454	0.2703338468316828
GSE174574	GSM5319987	Endothelial	original_reference_supported	1375	Glul	0.8421818181818181	2.2079589937954442
GSE174574	GSM5319987	Endothelial	original_reference_supported	1375	Sox9	0.04218181818181818	0.06298424069886063
GSE174574	GSM5319987	Endothelial	original_reference_supported	1375	Aldoc	0.072	0.11471849255679101
GSE174574	GSM5319987	Endothelial	original_reference_supported	1375	Pecam1	0.7941818181818182	1.6132142828306175
GSE174574	GSM5319987	Endothelial	original_reference_supported	1375	Cdh5	0.7083636363636364	1.3194533541902573
GSE174574	GSM5319987	Endothelial	original_reference_supported	1375	Esam	0.9498181818181818	2.4009568995661783
GSE174574	GSM5319987	Endothelial	original_reference_supported	1375	Tek	0.584	1.0560041036235632
GSE174574	GSM5319987	Endothelial	original_reference_supported	1375	Erg	0.4167272727272727	0.7218530623096813
GSE174574	GSM5319987	Endothelial	original_reference_supported	1375	Vwf	0.49963636363636366	0.9833491349800254
GSE174574	GSM5319987	Endothelial	original_reference_supported	1375	Kdr	0.6661818181818182	1.2907094637835448
GSE174574	GSM5319987	Endothelial	original_reference_supported	1375	Ptprc	0.009454545454545455	0.014851382432003698
GSE174574	GSM5319987	Endothelial	original_reference_supported	1375	Tyrobp	0.18836363636363637	0.3091202252522408
GSE174574	GSM5319987	Endothelial	original_reference_supported	1375	Lyz2	0.17236363636363636	0.28029185647826066
GSE174574	GSM5319987	Endothelial	original_reference_supported	1375	C1qa	0.3970909090909091	0.7046370898402504
GSE174574	GSM5319987	Endothelial	original_reference_supported	1375	Rgs5	0.07054545454545455	0.116433393546554
GSE174574	GSM5319987	Endothelial	original_reference_supported	1375	Pdgfrb	0.0036363636363636364	0.005730943616070009
GSE174574	GSM5319987	Endothelial	original_reference_supported	1375	Acta2	0.15418181818181817	0.2528606153816254
GSE174574	GSM5319987	Endothelial	original_reference_supported	1375	Plp1	0.25672727272727275	0.4284168354168905
GSE174574	GSM5319987	Endothelial	original_reference_supported	1375	Mbp	0.10763636363636364	0.1739145386844172
GSE174574	GSM5319987	Endothelial	original_reference_supported	1375	Snap25	0.0	0.0
GSE174574	GSM5319987	Endothelial	reference_added	2823	Aldh1l1	0.015232022670917464	0.02532090788125298
GSE174574	GSM5319987	Endothelial	reference_added	2823	Slc1a3	0.05667729365922777	0.09669512832918443
GSE174574	GSM5319987	Endothelial	reference_added	2823	Slc1a2	0.06482465462274177	0.11056717723836569
GSE174574	GSM5319987	Endothelial	reference_added	2823	Gja1	0.13744243712362736	0.24437491167607478
GSE174574	GSM5319987	Endothelial	reference_added	2823	Glul	0.8413035777541622	2.2794744201290205
GSE174574	GSM5319987	Endothelial	reference_added	2823	Sox9	0.03896563939071909	0.0658769227357247
GSE174574	GSM5319987	Endothelial	reference_added	2823	Aldoc	0.0832447750619908	0.14495581524426757
GSE174574	GSM5319987	Endothelial	reference_added	2823	Pecam1	0.5260361317747078	1.0428575184405804
GSE174574	GSM5319987	Endothelial	reference_added	2823	Cdh5	0.36911087495572087	0.680132230286394
GSE174574	GSM5319987	Endothelial	reference_added	2823	Esam	0.8827488487424725	2.1737237582666897
GSE174574	GSM5319987	Endothelial	reference_added	2823	Tek	0.2692171448813319	0.48672387329226174
GSE174574	GSM5319987	Endothelial	reference_added	2823	Erg	0.13212894084307475	0.22360457437670586
GSE174574	GSM5319987	Endothelial	reference_added	2823	Vwf	0.19057739992915337	0.35307233225989965
GSE174574	GSM5319987	Endothelial	reference_added	2823	Kdr	0.3145589798087141	0.5914819986876346
GSE174574	GSM5319987	Endothelial	reference_added	2823	Ptprc	0.01381509032943677	0.021901907386403307
GSE174574	GSM5319987	Endothelial	reference_added	2823	Tyrobp	0.18703506907545164	0.344341518495869
GSE174574	GSM5319987	Endothelial	reference_added	2823	Lyz2	0.17534537725823593	0.32558086812731135
GSE174574	GSM5319987	Endothelial	reference_added	2823	C1qa	0.3981579879560751	0.772917756167597
GSE174574	GSM5319987	Endothelial	reference_added	2823	Rgs5	0.09705986539142757	0.18564151389817615
GSE174574	GSM5319987	Endothelial	reference_added	2823	Pdgfrb	0.01664895501239816	0.030028848059067102
GSE174574	GSM5319987	Endothelial	reference_added	2823	Acta2	0.15621679064824653	0.27412376227019347
GSE174574	GSM5319987	Endothelial	reference_added	2823	Plp1	0.2695713779667021	0.4890055930665945
GSE174574	GSM5319987	Endothelial	reference_added	2823	Mbp	0.11052072263549416	0.19606885172141914
GSE174574	GSM5319987	Endothelial	reference_added	2823	Snap25	0.0021253985122210413	0.003830367496643347
GSE174574	GSM5319987	Endothelial	original_not_retained	111	Aldh1l1	0.0	0.0
GSE174574	GSM5319987	Endothelial	original_not_retained	111	Slc1a3	0.04504504504504504	0.07593151981170829
GSE174574	GSM5319987	Endothelial	original_not_retained	111	Slc1a2	0.09009009009009009	0.16301185616515707
GSE174574	GSM5319987	Endothelial	original_not_retained	111	Gja1	0.0990990990990991	0.18939558919028515
GSE174574	GSM5319987	Endothelial	original_not_retained	111	Glul	0.7927927927927928	1.8951813209274335
GSE174574	GSM5319987	Endothelial	original_not_retained	111	Sox9	0.02702702702702703	0.0482321058027695
GSE174574	GSM5319987	Endothelial	original_not_retained	111	Aldoc	0.07207207207207207	0.12564757607074523
GSE174574	GSM5319987	Endothelial	original_not_retained	111	Pecam1	0.7567567567567568	1.6417975928049215
GSE174574	GSM5319987	Endothelial	original_not_retained	111	Cdh5	0.4864864864864865	0.9323773334030059
GSE174574	GSM5319987	Endothelial	original_not_retained	111	Esam	0.9459459459459459	2.3740866117419412
GSE174574	GSM5319987	Endothelial	original_not_retained	111	Tek	0.6036036036036037	1.1524983223993883
GSE174574	GSM5319987	Endothelial	original_not_retained	111	Erg	0.2972972972972973	0.5432008902263555
GSE174574	GSM5319987	Endothelial	original_not_retained	111	Vwf	0.5855855855855856	1.3253367358842567
GSE174574	GSM5319987	Endothelial	original_not_retained	111	Kdr	0.6846846846846847	1.3556208699726466
GSE174574	GSM5319987	Endothelial	original_not_retained	111	Ptprc	0.018018018018018018	0.029965724678294788
GSE174574	GSM5319987	Endothelial	original_not_retained	111	Tyrobp	0.14414414414414414	0.2516028414251229
GSE174574	GSM5319987	Endothelial	original_not_retained	111	Lyz2	0.10810810810810811	0.17522267140268366
GSE174574	GSM5319987	Endothelial	original_not_retained	111	C1qa	0.3063063063063063	0.5891492397741938
GSE174574	GSM5319987	Endothelial	original_not_retained	111	Rgs5	0.06306306306306306	0.11157657736230625
GSE174574	GSM5319987	Endothelial	original_not_retained	111	Pdgfrb	0.009009009009009009	0.013684587804336854
GSE174574	GSM5319987	Endothelial	original_not_retained	111	Acta2	0.06306306306306306	0.10441321566183144
GSE174574	GSM5319987	Endothelial	original_not_retained	111	Plp1	0.18018018018018017	0.31129745356133204
GSE174574	GSM5319987	Endothelial	original_not_retained	111	Mbp	0.06306306306306306	0.1096744732106537
GSE174574	GSM5319987	Endothelial	original_not_retained	111	Snap25	0.0	0.0
GSE174574	GSM5319988	Astrocyte	original_reference_supported	268	Aldh1l1	0.3880597014925373	0.604498972462862
GSE174574	GSM5319988	Astrocyte	original_reference_supported	268	Slc1a3	0.996268656716418	3.3468278096257054
GSE174574	GSM5319988	Astrocyte	original_reference_supported	268	Slc1a2	0.9813432835820896	3.0404552480699545
GSE174574	GSM5319988	Astrocyte	original_reference_supported	268	Gja1	0.9738805970149254	2.61983494395812
GSE174574	GSM5319988	Astrocyte	original_reference_supported	268	Glul	0.996268656716418	3.8581099640737984
GSE174574	GSM5319988	Astrocyte	original_reference_supported	268	Sox9	0.7052238805970149	1.3544632122951035
GSE174574	GSM5319988	Astrocyte	original_reference_supported	268	Aldoc	1.0	4.1422917558713745
GSE174574	GSM5319988	Astrocyte	original_reference_supported	268	Pecam1	0.08955223880597014	0.1307298139263624
GSE174574	GSM5319988	Astrocyte	original_reference_supported	268	Cdh5	0.05970149253731343	0.08006508501875997
GSE174574	GSM5319988	Astrocyte	original_reference_supported	268	Esam	0.19402985074626866	0.2930418501785511
GSE174574	GSM5319988	Astrocyte	original_reference_supported	268	Tek	0.06716417910447761	0.09308589140516338
GSE174574	GSM5319988	Astrocyte	original_reference_supported	268	Erg	0.0037313432835820895	0.005628683111854799
GSE174574	GSM5319988	Astrocyte	original_reference_supported	268	Vwf	0.055970149253731345	0.07839987654695625
GSE174574	GSM5319988	Astrocyte	original_reference_supported	268	Kdr	0.03731343283582089	0.04934540275776814
GSE174574	GSM5319988	Astrocyte	original_reference_supported	268	Ptprc	0.011194029850746268	0.01357405456726486
GSE174574	GSM5319988	Astrocyte	original_reference_supported	268	Tyrobp	0.29850746268656714	0.4503297872115381
GSE174574	GSM5319988	Astrocyte	original_reference_supported	268	Lyz2	0.2835820895522388	0.43130623114915706
GSE174574	GSM5319988	Astrocyte	original_reference_supported	268	C1qa	0.6007462686567164	1.025756523552217
GSE174574	GSM5319988	Astrocyte	original_reference_supported	268	Rgs5	0.041044776119402986	0.05772279367572835
GSE174574	GSM5319988	Astrocyte	original_reference_supported	268	Pdgfrb	0.21641791044776118	0.3330241310837799
GSE174574	GSM5319988	Astrocyte	original_reference_supported	268	Acta2	0.27238805970149255	0.39670318195759513
GSE174574	GSM5319988	Astrocyte	original_reference_supported	268	Plp1	0.40298507462686567	0.637550136765624
GSE174574	GSM5319988	Astrocyte	original_reference_supported	268	Mbp	0.1417910447761194	0.21113412036073487
GSE174574	GSM5319988	Astrocyte	original_reference_supported	268	Snap25	0.0037313432835820895	0.0032177512455651355
GSE174574	GSM5319988	Astrocyte	reference_added	10	Aldh1l1	0.0	0.0
GSE174574	GSM5319988	Astrocyte	reference_added	10	Slc1a3	0.6	1.3818372702125883
GSE174574	GSM5319988	Astrocyte	reference_added	10	Slc1a2	0.4	0.7665610733303678
GSE174574	GSM5319988	Astrocyte	reference_added	10	Gja1	0.4	0.7198173937231501
GSE174574	GSM5319988	Astrocyte	reference_added	10	Glul	1.0	2.3003734181397917
GSE174574	GSM5319988	Astrocyte	reference_added	10	Sox9	0.2	0.303953753669076
GSE174574	GSM5319988	Astrocyte	reference_added	10	Aldoc	0.8	1.8426543130218473
GSE174574	GSM5319988	Astrocyte	reference_added	10	Pecam1	0.1	0.16014065391244123
GSE174574	GSM5319988	Astrocyte	reference_added	10	Cdh5	0.0	0.0
GSE174574	GSM5319988	Astrocyte	reference_added	10	Esam	0.2	0.22105287595716033
GSE174574	GSM5319988	Astrocyte	reference_added	10	Tek	0.1	0.06881351362242119
GSE174574	GSM5319988	Astrocyte	reference_added	10	Erg	0.1	0.1091923964947287
GSE174574	GSM5319988	Astrocyte	reference_added	10	Vwf	0.2	0.247160955391816
GSE174574	GSM5319988	Astrocyte	reference_added	10	Kdr	0.1	0.1064730392561343
GSE174574	GSM5319988	Astrocyte	reference_added	10	Ptprc	0.0	0.0
GSE174574	GSM5319988	Astrocyte	reference_added	10	Tyrobp	0.4	1.234205596984984
GSE174574	GSM5319988	Astrocyte	reference_added	10	Lyz2	0.5	0.9662485891386886
GSE174574	GSM5319988	Astrocyte	reference_added	10	C1qa	0.7	1.5842795416248914
GSE174574	GSM5319988	Astrocyte	reference_added	10	Rgs5	0.1	0.10470075163151067
GSE174574	GSM5319988	Astrocyte	reference_added	10	Pdgfrb	0.0	0.0
GSE174574	GSM5319988	Astrocyte	reference_added	10	Acta2	0.3	0.5256796322126343
GSE174574	GSM5319988	Astrocyte	reference_added	10	Plp1	0.4	0.5102150388951194
GSE174574	GSM5319988	Astrocyte	reference_added	10	Mbp	0.1	0.10470075163151067
GSE174574	GSM5319988	Astrocyte	reference_added	10	Snap25	0.0	0.0
GSE174574	GSM5319988	Astrocyte	original_not_retained	102	Aldh1l1	0.2647058823529412	0.4100061948366585
GSE174574	GSM5319988	Astrocyte	original_not_retained	102	Slc1a3	0.6372549019607843	1.7671801584786924
GSE174574	GSM5319988	Astrocyte	original_not_retained	102	Slc1a2	0.6176470588235294	1.48980361776594
GSE174574	GSM5319988	Astrocyte	original_not_retained	102	Gja1	0.7843137254901961	1.683051676126293
GSE174574	GSM5319988	Astrocyte	original_not_retained	102	Glul	0.9509803921568627	2.9250455468034446
GSE174574	GSM5319988	Astrocyte	original_not_retained	102	Sox9	0.5490196078431373	0.9929314502666846
GSE174574	GSM5319988	Astrocyte	original_not_retained	102	Aldoc	0.6470588235294118	2.031348406890681
GSE174574	GSM5319988	Astrocyte	original_not_retained	102	Pecam1	0.3235294117647059	0.650798169847555
GSE174574	GSM5319988	Astrocyte	original_not_retained	102	Cdh5	0.16666666666666666	0.29173109930262187
GSE174574	GSM5319988	Astrocyte	original_not_retained	102	Esam	0.6372549019607843	1.373575547754142
GSE174574	GSM5319988	Astrocyte	original_not_retained	102	Tek	0.17647058823529413	0.3001719798599069
GSE174574	GSM5319988	Astrocyte	original_not_retained	102	Erg	0.11764705882352941	0.18570388853427278
GSE174574	GSM5319988	Astrocyte	original_not_retained	102	Vwf	0.12745098039215685	0.20007876691766185
GSE174574	GSM5319988	Astrocyte	original_not_retained	102	Kdr	0.21568627450980393	0.3283911375945581
GSE174574	GSM5319988	Astrocyte	original_not_retained	102	Ptprc	0.0392156862745098	0.04773778408007152
GSE174574	GSM5319988	Astrocyte	original_not_retained	102	Tyrobp	0.3627450980392157	0.6931951359871519
GSE174574	GSM5319988	Astrocyte	original_not_retained	102	Lyz2	0.28431372549019607	0.48534739074856476
GSE174574	GSM5319988	Astrocyte	original_not_retained	102	C1qa	0.5784313725490197	1.2650368429624714
GSE174574	GSM5319988	Astrocyte	original_not_retained	102	Rgs5	0.029411764705882353	0.051179760037936284
GSE174574	GSM5319988	Astrocyte	original_not_retained	102	Pdgfrb	0.10784313725490197	0.16556272302888653
GSE174574	GSM5319988	Astrocyte	original_not_retained	102	Acta2	0.16666666666666666	0.2778005428069689
GSE174574	GSM5319988	Astrocyte	original_not_retained	102	Plp1	0.3627450980392157	0.6408173433895958
GSE174574	GSM5319988	Astrocyte	original_not_retained	102	Mbp	0.09803921568627451	0.15914668039012903
GSE174574	GSM5319988	Astrocyte	original_not_retained	102	Snap25	0.0	0.0
GSE174574	GSM5319988	Endothelial	original_reference_supported	1264	Aldh1l1	0.006329113924050633	0.007854375701076305
GSE174574	GSM5319988	Endothelial	original_reference_supported	1264	Slc1a3	0.0625	0.09644084922363379
GSE174574	GSM5319988	Endothelial	original_reference_supported	1264	Slc1a2	0.06091772151898734	0.09126770259445213
GSE174574	GSM5319988	Endothelial	original_reference_supported	1264	Gja1	0.13528481012658228	0.2236854115656268
GSE174574	GSM5319988	Endothelial	original_reference_supported	1264	Glul	0.8536392405063291	2.2062429464315554
GSE174574	GSM5319988	Endothelial	original_reference_supported	1264	Sox9	0.03639240506329114	0.05513064130839411
GSE174574	GSM5319988	Endothelial	original_reference_supported	1264	Aldoc	0.10917721518987342	0.17140917925484325
GSE174574	GSM5319988	Endothelial	original_reference_supported	1264	Pecam1	0.8037974683544303	1.6023662445205005
GSE174574	GSM5319988	Endothelial	original_reference_supported	1264	Cdh5	0.682753164556962	1.2511761035755813
GSE174574	GSM5319988	Endothelial	original_reference_supported	1264	Esam	0.9683544303797469	2.4551598913700423
GSE174574	GSM5319988	Endothelial	original_reference_supported	1264	Tek	0.6131329113924051	1.0727397198448787
GSE174574	GSM5319988	Endothelial	original_reference_supported	1264	Erg	0.4430379746835443	0.7443426649488516
GSE174574	GSM5319988	Endothelial	original_reference_supported	1264	Vwf	0.4912974683544304	0.9648985849200222
GSE174574	GSM5319988	Endothelial	original_reference_supported	1264	Kdr	0.6511075949367089	1.2037352766533866
GSE174574	GSM5319988	Endothelial	original_reference_supported	1264	Ptprc	0.014240506329113924	0.020205684864946064
GSE174574	GSM5319988	Endothelial	original_reference_supported	1264	Tyrobp	0.22231012658227847	0.3598616147707397
GSE174574	GSM5319988	Endothelial	original_reference_supported	1264	Lyz2	0.25316455696202533	0.41611833719101204
GSE174574	GSM5319988	Endothelial	original_reference_supported	1264	C1qa	0.5174050632911392	0.925415806903246
GSE174574	GSM5319988	Endothelial	original_reference_supported	1264	Rgs5	0.0981012658227848	0.1618299072564335
GSE174574	GSM5319988	Endothelial	original_reference_supported	1264	Pdgfrb	0.0015822784810126582	0.0028526577824973696
GSE174574	GSM5319988	Endothelial	original_reference_supported	1264	Acta2	0.19936708860759494	0.3244348177522377
GSE174574	GSM5319988	Endothelial	original_reference_supported	1264	Plp1	0.33306962025316456	0.5523556174675642
GSE174574	GSM5319988	Endothelial	original_reference_supported	1264	Mbp	0.10443037974683544	0.16152972694471998
GSE174574	GSM5319988	Endothelial	original_reference_supported	1264	Snap25	0.0	0.0
GSE174574	GSM5319988	Endothelial	reference_added	2847	Aldh1l1	0.012996136283807516	0.020594420462627702
GSE174574	GSM5319988	Endothelial	reference_added	2847	Slc1a3	0.06287319985950122	0.1087602405911351
GSE174574	GSM5319988	Endothelial	reference_added	2847	Slc1a2	0.07411310151036178	0.1251377789507552
GSE174574	GSM5319988	Endothelial	reference_added	2847	Gja1	0.1239901650860555	0.21693521486281778
GSE174574	GSM5319988	Endothelial	reference_added	2847	Glul	0.8507200561995083	2.329514044005138
GSE174574	GSM5319988	Endothelial	reference_added	2847	Sox9	0.047067088162978575	0.07906438220684185
GSE174574	GSM5319988	Endothelial	reference_added	2847	Aldoc	0.10291534949069196	0.1740416500070855
GSE174574	GSM5319988	Endothelial	reference_added	2847	Pecam1	0.54337899543379	1.0614352717671514
GSE174574	GSM5319988	Endothelial	reference_added	2847	Cdh5	0.36951176677204073	0.672730012390689
GSE174574	GSM5319988	Endothelial	reference_added	2847	Esam	0.8893572181243414	2.165821465586783
GSE174574	GSM5319988	Endothelial	reference_added	2847	Tek	0.256059009483667	0.45255374548520105
GSE174574	GSM5319988	Endothelial	reference_added	2847	Erg	0.13487881981032665	0.22703708193720595
GSE174574	GSM5319988	Endothelial	reference_added	2847	Vwf	0.1970495258166491	0.36226383242571775
GSE174574	GSM5319988	Endothelial	reference_added	2847	Kdr	0.3217421847558834	0.5978909194361255
GSE174574	GSM5319988	Endothelial	reference_added	2847	Ptprc	0.01685985247629083	0.028703271450299956
GSE174574	GSM5319988	Endothelial	reference_added	2847	Tyrobp	0.22233930453108536	0.40034299388434463
GSE174574	GSM5319988	Endothelial	reference_added	2847	Lyz2	0.23182297154899895	0.4252744347078962
GSE174574	GSM5319988	Endothelial	reference_added	2847	C1qa	0.4885844748858447	0.9385527994641389
GSE174574	GSM5319988	Endothelial	reference_added	2847	Rgs5	0.10291534949069196	0.19384663235634153
GSE174574	GSM5319988	Endothelial	reference_added	2847	Pdgfrb	0.016157358623112048	0.026347501246018607
GSE174574	GSM5319988	Endothelial	reference_added	2847	Acta2	0.2054794520547945	0.36233632755524847
GSE174574	GSM5319988	Endothelial	reference_added	2847	Plp1	0.2880224798033017	0.5147391904470223
GSE174574	GSM5319988	Endothelial	reference_added	2847	Mbp	0.10818405338953284	0.18717774016883365
GSE174574	GSM5319988	Endothelial	reference_added	2847	Snap25	0.0017562346329469617	0.002882631422271016
GSE174574	GSM5319988	Endothelial	original_not_retained	96	Aldh1l1	0.0	0.0
GSE174574	GSM5319988	Endothelial	original_not_retained	96	Slc1a3	0.09375	0.165830903369618
GSE174574	GSM5319988	Endothelial	original_not_retained	96	Slc1a2	0.052083333333333336	0.08319537686700997
GSE174574	GSM5319988	Endothelial	original_not_retained	96	Gja1	0.07291666666666667	0.13404072135598835
GSE174574	GSM5319988	Endothelial	original_not_retained	96	Glul	0.7291666666666666	1.7910029544090644
GSE174574	GSM5319988	Endothelial	original_not_retained	96	Sox9	0.0625	0.10039768045127079
GSE174574	GSM5319988	Endothelial	original_not_retained	96	Aldoc	0.0625	0.09910535609523945
GSE174574	GSM5319988	Endothelial	original_not_retained	96	Pecam1	0.7916666666666666	1.7023789439648678
GSE174574	GSM5319988	Endothelial	original_not_retained	96	Cdh5	0.59375	1.161401462410737
GSE174574	GSM5319988	Endothelial	original_not_retained	96	Esam	0.9166666666666666	2.34597416694934
GSE174574	GSM5319988	Endothelial	original_not_retained	96	Tek	0.5625	1.0438091479495968
GSE174574	GSM5319988	Endothelial	original_not_retained	96	Erg	0.3020833333333333	0.5086177678456363
GSE174574	GSM5319988	Endothelial	original_not_retained	96	Vwf	0.53125	1.2613998730090412
GSE174574	GSM5319988	Endothelial	original_not_retained	96	Kdr	0.625	1.2781148836081562
GSE174574	GSM5319988	Endothelial	original_not_retained	96	Ptprc	0.010416666666666666	0.018786690977187593
GSE174574	GSM5319988	Endothelial	original_not_retained	96	Tyrobp	0.21875	0.37753203356952403
GSE174574	GSM5319988	Endothelial	original_not_retained	96	Lyz2	0.20833333333333334	0.3381210418884825
GSE174574	GSM5319988	Endothelial	original_not_retained	96	C1qa	0.4166666666666667	0.822989156135208
GSE174574	GSM5319988	Endothelial	original_not_retained	96	Rgs5	0.07291666666666667	0.13359946618893928
GSE174574	GSM5319988	Endothelial	original_not_retained	96	Pdgfrb	0.010416666666666666	0.013775360114217997
GSE174574	GSM5319988	Endothelial	original_not_retained	96	Acta2	0.125	0.21224453969862825
GSE174574	GSM5319988	Endothelial	original_not_retained	96	Plp1	0.23958333333333334	0.4157306533483076
GSE174574	GSM5319988	Endothelial	original_not_retained	96	Mbp	0.10416666666666667	0.17943852418012973
GSE174574	GSM5319988	Endothelial	original_not_retained	96	Snap25	0.0	0.0
GSE174574	GSM5319989	Astrocyte	original_reference_supported	322	Aldh1l1	0.32298136645962733	0.4735665887861136
GSE174574	GSM5319989	Astrocyte	original_reference_supported	322	Slc1a3	0.9937888198757764	3.3067267026024467
GSE174574	GSM5319989	Astrocyte	original_reference_supported	322	Slc1a2	0.9875776397515528	3.0912719619616755
GSE174574	GSM5319989	Astrocyte	original_reference_supported	322	Gja1	0.9875776397515528	2.74084971408829
GSE174574	GSM5319989	Astrocyte	original_reference_supported	322	Glul	0.9937888198757764	3.827183770153168
GSE174574	GSM5319989	Astrocyte	original_reference_supported	322	Sox9	0.6739130434782609	1.1989322812830396
GSE174574	GSM5319989	Astrocyte	original_reference_supported	322	Aldoc	1.0	4.101478360226458
GSE174574	GSM5319989	Astrocyte	original_reference_supported	322	Pecam1	0.10248447204968944	0.14402386174856266
GSE174574	GSM5319989	Astrocyte	original_reference_supported	322	Cdh5	0.08695652173913043	0.11706036004669643
GSE174574	GSM5319989	Astrocyte	original_reference_supported	322	Esam	0.2329192546583851	0.33827803301535797
GSE174574	GSM5319989	Astrocyte	original_reference_supported	322	Tek	0.052795031055900624	0.07518414390501507
GSE174574	GSM5319989	Astrocyte	original_reference_supported	322	Erg	0.015527950310559006	0.01718202323253861
GSE174574	GSM5319989	Astrocyte	original_reference_supported	322	Vwf	0.049689440993788817	0.06743741570942006
GSE174574	GSM5319989	Astrocyte	original_reference_supported	322	Kdr	0.06832298136645963	0.09072112014326716
GSE174574	GSM5319989	Astrocyte	original_reference_supported	322	Ptprc	0.034161490683229816	0.050475039476838436
GSE174574	GSM5319989	Astrocyte	original_reference_supported	322	Tyrobp	0.2701863354037267	0.40365219395928364
GSE174574	GSM5319989	Astrocyte	original_reference_supported	322	Lyz2	0.2701863354037267	0.41430299854678554
GSE174574	GSM5319989	Astrocyte	original_reference_supported	322	C1qa	0.6521739130434783	1.0693868987902808
GSE174574	GSM5319989	Astrocyte	original_reference_supported	322	Rgs5	0.059006211180124224	0.08119415525591388
GSE174574	GSM5319989	Astrocyte	original_reference_supported	322	Pdgfrb	0.2732919254658385	0.3886857660825658
GSE174574	GSM5319989	Astrocyte	original_reference_supported	322	Acta2	0.30124223602484473	0.43792279959544955
GSE174574	GSM5319989	Astrocyte	original_reference_supported	322	Plp1	0.38819875776397517	0.6025797172648548
GSE174574	GSM5319989	Astrocyte	original_reference_supported	322	Mbp	0.18322981366459629	0.2695501088088354
GSE174574	GSM5319989	Astrocyte	original_reference_supported	322	Snap25	0.006211180124223602	0.006139867180516779
GSE174574	GSM5319989	Astrocyte	reference_added	1	Aldh1l1	0.0	0.0
GSE174574	GSM5319989	Astrocyte	reference_added	1	Slc1a3	0.0	0.0
GSE174574	GSM5319989	Astrocyte	reference_added	1	Slc1a2	0.0	0.0
GSE174574	GSM5319989	Astrocyte	reference_added	1	Gja1	1.0	2.0822465926074445
GSE174574	GSM5319989	Astrocyte	reference_added	1	Glul	0.0	0.0
GSE174574	GSM5319989	Astrocyte	reference_added	1	Sox9	0.0	0.0
GSE174574	GSM5319989	Astrocyte	reference_added	1	Aldoc	0.0	0.0
GSE174574	GSM5319989	Astrocyte	reference_added	1	Pecam1	0.0	0.0
GSE174574	GSM5319989	Astrocyte	reference_added	1	Cdh5	0.0	0.0
GSE174574	GSM5319989	Astrocyte	reference_added	1	Esam	0.0	0.0
GSE174574	GSM5319989	Astrocyte	reference_added	1	Tek	0.0	0.0
GSE174574	GSM5319989	Astrocyte	reference_added	1	Erg	0.0	0.0
GSE174574	GSM5319989	Astrocyte	reference_added	1	Vwf	0.0	0.0
GSE174574	GSM5319989	Astrocyte	reference_added	1	Kdr	0.0	0.0
GSE174574	GSM5319989	Astrocyte	reference_added	1	Ptprc	0.0	0.0
GSE174574	GSM5319989	Astrocyte	reference_added	1	Tyrobp	0.0	0.0
GSE174574	GSM5319989	Astrocyte	reference_added	1	Lyz2	0.0	0.0
GSE174574	GSM5319989	Astrocyte	reference_added	1	C1qa	0.0	0.0
GSE174574	GSM5319989	Astrocyte	reference_added	1	Rgs5	0.0	0.0
GSE174574	GSM5319989	Astrocyte	reference_added	1	Pdgfrb	0.0	0.0
GSE174574	GSM5319989	Astrocyte	reference_added	1	Acta2	0.0	0.0
GSE174574	GSM5319989	Astrocyte	reference_added	1	Plp1	0.0	0.0
GSE174574	GSM5319989	Astrocyte	reference_added	1	Mbp	0.0	0.0
GSE174574	GSM5319989	Astrocyte	reference_added	1	Snap25	0.0	0.0
GSE174574	GSM5319989	Astrocyte	original_not_retained	141	Aldh1l1	0.3191489361702128	0.48428525303284525
GSE174574	GSM5319989	Astrocyte	original_not_retained	141	Slc1a3	0.6808510638297872	1.8221011136453749
GSE174574	GSM5319989	Astrocyte	original_not_retained	141	Slc1a2	0.6737588652482269	1.724384221767721
GSE174574	GSM5319989	Astrocyte	original_not_retained	141	Gja1	0.723404255319149	1.6159870833539927
GSE174574	GSM5319989	Astrocyte	original_not_retained	141	Glul	0.9858156028368794	3.1089274004653165
GSE174574	GSM5319989	Astrocyte	original_not_retained	141	Sox9	0.6099290780141844	1.0369072359804399
GSE174574	GSM5319989	Astrocyte	original_not_retained	141	Aldoc	0.7446808510638298	2.336687536915767
GSE174574	GSM5319989	Astrocyte	original_not_retained	141	Pecam1	0.3971631205673759	0.7437591036592269
GSE174574	GSM5319989	Astrocyte	original_not_retained	141	Cdh5	0.3120567375886525	0.4821621081476154
GSE174574	GSM5319989	Astrocyte	original_not_retained	141	Esam	0.6312056737588653	1.3784646884097065
GSE174574	GSM5319989	Astrocyte	original_not_retained	141	Tek	0.2198581560283688	0.33877936276510195
GSE174574	GSM5319989	Astrocyte	original_not_retained	141	Erg	0.09929078014184398	0.13449373682354682
GSE174574	GSM5319989	Astrocyte	original_not_retained	141	Vwf	0.18439716312056736	0.29678466458227604
GSE174574	GSM5319989	Astrocyte	original_not_retained	141	Kdr	0.24822695035460993	0.4168756032851395
GSE174574	GSM5319989	Astrocyte	original_not_retained	141	Ptprc	0.02127659574468085	0.0333857502535573
GSE174574	GSM5319989	Astrocyte	original_not_retained	141	Tyrobp	0.3546099290780142	0.6682175503404835
GSE174574	GSM5319989	Astrocyte	original_not_retained	141	Lyz2	0.3971631205673759	0.6491368439184743
GSE174574	GSM5319989	Astrocyte	original_not_retained	141	C1qa	0.6028368794326241	1.2238921615189824
GSE174574	GSM5319989	Astrocyte	original_not_retained	141	Rgs5	0.0851063829787234	0.1375674319286615
GSE174574	GSM5319989	Astrocyte	original_not_retained	141	Pdgfrb	0.09219858156028368	0.1110290721473639
GSE174574	GSM5319989	Astrocyte	original_not_retained	141	Acta2	0.22695035460992907	0.36953343621087
GSE174574	GSM5319989	Astrocyte	original_not_retained	141	Plp1	0.3333333333333333	0.5347481385082526
GSE174574	GSM5319989	Astrocyte	original_not_retained	141	Mbp	0.14184397163120568	0.22372503557892465
GSE174574	GSM5319989	Astrocyte	original_not_retained	141	Snap25	0.0	0.0
GSE174574	GSM5319989	Endothelial	original_reference_supported	1547	Aldh1l1	0.003878474466709761	0.005280135104120824
GSE174574	GSM5319989	Endothelial	original_reference_supported	1547	Slc1a3	0.06722689075630252	0.10401345626755681
GSE174574	GSM5319989	Endothelial	original_reference_supported	1547	Slc1a2	0.07110536522301228	0.11122643653505933
GSE174574	GSM5319989	Endothelial	original_reference_supported	1547	Gja1	0.1383322559793148	0.22353584702936716
GSE174574	GSM5319989	Endothelial	original_reference_supported	1547	Glul	0.8390433096315449	2.155827824085302
GSE174574	GSM5319989	Endothelial	original_reference_supported	1547	Sox9	0.04201680672268908	0.06440221504058126
GSE174574	GSM5319989	Endothelial	original_reference_supported	1547	Aldoc	0.11893988364576599	0.18939754064503972
GSE174574	GSM5319989	Endothelial	original_reference_supported	1547	Pecam1	0.806076276664512	1.6045046354890415
GSE174574	GSM5319989	Endothelial	original_reference_supported	1547	Cdh5	0.6923076923076923	1.277520815031485
GSE174574	GSM5319989	Endothelial	original_reference_supported	1547	Esam	0.9644473173884939	2.435349981698945
GSE174574	GSM5319989	Endothelial	original_reference_supported	1547	Tek	0.5850032320620556	1.0345639103548754
GSE174574	GSM5319989	Endothelial	original_reference_supported	1547	Erg	0.41952165481577247	0.7089792074351389
GSE174574	GSM5319989	Endothelial	original_reference_supported	1547	Vwf	0.5184227537168714	1.0144733646927462
GSE174574	GSM5319989	Endothelial	original_reference_supported	1547	Kdr	0.6599870717517776	1.2220292388147038
GSE174574	GSM5319989	Endothelial	original_reference_supported	1547	Ptprc	0.01616031027795734	0.02435957711671697
GSE174574	GSM5319989	Endothelial	original_reference_supported	1547	Tyrobp	0.22882999353587588	0.3770232523470368
GSE174574	GSM5319989	Endothelial	original_reference_supported	1547	Lyz2	0.2669683257918552	0.4342403164685961
GSE174574	GSM5319989	Endothelial	original_reference_supported	1547	C1qa	0.5145442792501616	0.9090780064153938
GSE174574	GSM5319989	Endothelial	original_reference_supported	1547	Rgs5	0.08726567550096961	0.14313889328558208
GSE174574	GSM5319989	Endothelial	original_reference_supported	1547	Pdgfrb	0.008403361344537815	0.011079696036580346
GSE174574	GSM5319989	Endothelial	original_reference_supported	1547	Acta2	0.21202327084680025	0.3458251217776573
GSE174574	GSM5319989	Endothelial	original_reference_supported	1547	Plp1	0.29928894634776987	0.4961046126629339
GSE174574	GSM5319989	Endothelial	original_reference_supported	1547	Mbp	0.09566903684550743	0.1556535554441493
GSE174574	GSM5319989	Endothelial	original_reference_supported	1547	Snap25	0.0	0.0
GSE174574	GSM5319989	Endothelial	reference_added	3280	Aldh1l1	0.016463414634146342	0.026736753238774075
GSE174574	GSM5319989	Endothelial	reference_added	3280	Slc1a3	0.075	0.12785984218791702
GSE174574	GSM5319989	Endothelial	reference_added	3280	Slc1a2	0.07804878048780488	0.1342750722513933
GSE174574	GSM5319989	Endothelial	reference_added	3280	Gja1	0.15701219512195122	0.277458221268289
GSE174574	GSM5319989	Endothelial	reference_added	3280	Glul	0.8753048780487804	2.364673161241668
GSE174574	GSM5319989	Endothelial	reference_added	3280	Sox9	0.04908536585365854	0.08223056999710268
GSE174574	GSM5319989	Endothelial	reference_added	3280	Aldoc	0.1329268292682927	0.22767890704116314
GSE174574	GSM5319989	Endothelial	reference_added	3280	Pecam1	0.5332317073170731	1.0417919654545678
GSE174574	GSM5319989	Endothelial	reference_added	3280	Cdh5	0.3753048780487805	0.6823944045130231
GSE174574	GSM5319989	Endothelial	reference_added	3280	Esam	0.8810975609756098	2.142883174936679
GSE174574	GSM5319989	Endothelial	reference_added	3280	Tek	0.3146341463414634	0.5649635844551533
GSE174574	GSM5319989	Endothelial	reference_added	3280	Erg	0.12896341463414634	0.2198613695082922
GSE174574	GSM5319989	Endothelial	reference_added	3280	Vwf	0.19847560975609757	0.36128160291271183
GSE174574	GSM5319989	Endothelial	reference_added	3280	Kdr	0.31067073170731707	0.5797647670258806
GSE174574	GSM5319989	Endothelial	reference_added	3280	Ptprc	0.020121951219512196	0.032066195699807815
GSE174574	GSM5319989	Endothelial	reference_added	3280	Tyrobp	0.23323170731707318	0.41959557450817264
GSE174574	GSM5319989	Endothelial	reference_added	3280	Lyz2	0.2503048780487805	0.46330086655475483
GSE174574	GSM5319989	Endothelial	reference_added	3280	C1qa	0.4954268292682927	0.9633971664300162
GSE174574	GSM5319989	Endothelial	reference_added	3280	Rgs5	0.09359756097560976	0.1762976559211246
GSE174574	GSM5319989	Endothelial	reference_added	3280	Pdgfrb	0.02225609756097561	0.03853265725057568
GSE174574	GSM5319989	Endothelial	reference_added	3280	Acta2	0.22408536585365854	0.40051659804584544
GSE174574	GSM5319989	Endothelial	reference_added	3280	Plp1	0.2942073170731707	0.5261245725093802
GSE174574	GSM5319989	Endothelial	reference_added	3280	Mbp	0.11707317073170732	0.20761184811076433
GSE174574	GSM5319989	Endothelial	reference_added	3280	Snap25	0.0012195121951219512	0.002097198929097494
GSE174574	GSM5319989	Endothelial	original_not_retained	120	Aldh1l1	0.0	0.0
GSE174574	GSM5319989	Endothelial	original_not_retained	120	Slc1a3	0.06666666666666667	0.10728053824981225
GSE174574	GSM5319989	Endothelial	original_not_retained	120	Slc1a2	0.041666666666666664	0.0730425240910857
GSE174574	GSM5319989	Endothelial	original_not_retained	120	Gja1	0.16666666666666666	0.2878566195961732
GSE174574	GSM5319989	Endothelial	original_not_retained	120	Glul	0.85	2.1106598926456694
GSE174574	GSM5319989	Endothelial	original_not_retained	120	Sox9	0.016666666666666666	0.03301606440681104
GSE174574	GSM5319989	Endothelial	original_not_retained	120	Aldoc	0.125	0.21014587150138778
GSE174574	GSM5319989	Endothelial	original_not_retained	120	Pecam1	0.825	1.7554386117974743
GSE174574	GSM5319989	Endothelial	original_not_retained	120	Cdh5	0.48333333333333334	0.9306488921078703
GSE174574	GSM5319989	Endothelial	original_not_retained	120	Esam	0.9166666666666666	2.2851683427552683
GSE174574	GSM5319989	Endothelial	original_not_retained	120	Tek	0.6666666666666666	1.256491499586776
GSE174574	GSM5319989	Endothelial	original_not_retained	120	Erg	0.2916666666666667	0.5352312662816817
GSE174574	GSM5319989	Endothelial	original_not_retained	120	Vwf	0.6	1.2943911514421287
GSE174574	GSM5319989	Endothelial	original_not_retained	120	Kdr	0.7	1.3758326540211747
GSE174574	GSM5319989	Endothelial	original_not_retained	120	Ptprc	0.025	0.045373376873409206
GSE174574	GSM5319989	Endothelial	original_not_retained	120	Tyrobp	0.2	0.34038684476054093
GSE174574	GSM5319989	Endothelial	original_not_retained	120	Lyz2	0.24166666666666667	0.4262000935089659
GSE174574	GSM5319989	Endothelial	original_not_retained	120	C1qa	0.35833333333333334	0.6342326952224089
GSE174574	GSM5319989	Endothelial	original_not_retained	120	Rgs5	0.06666666666666667	0.11061301449514321
GSE174574	GSM5319989	Endothelial	original_not_retained	120	Pdgfrb	0.008333333333333333	0.013651728897676624
GSE174574	GSM5319989	Endothelial	original_not_retained	120	Acta2	0.11666666666666667	0.20164615539183053
GSE174574	GSM5319989	Endothelial	original_not_retained	120	Plp1	0.23333333333333334	0.3732667920693952
GSE174574	GSM5319989	Endothelial	original_not_retained	120	Mbp	0.05	0.08874393617706927
GSE174574	GSM5319989	Endothelial	original_not_retained	120	Snap25	0.0	0.0
GSE174574	GSM5319990	Astrocyte	original_reference_supported	579	Aldh1l1	0.39723661485319517	0.5943132994966391
GSE174574	GSM5319990	Astrocyte	original_reference_supported	579	Slc1a3	0.9948186528497409	3.077645487917577
GSE174574	GSM5319990	Astrocyte	original_reference_supported	579	Slc1a2	0.9913644214162349	3.154111677433002
GSE174574	GSM5319990	Astrocyte	original_reference_supported	579	Gja1	0.9395509499136442	2.3652951904505004
GSE174574	GSM5319990	Astrocyte	original_reference_supported	579	Glul	0.9948186528497409	3.6128030772367272
GSE174574	GSM5319990	Astrocyte	original_reference_supported	579	Sox9	0.6493955094991365	1.1659051440677828
GSE174574	GSM5319990	Astrocyte	original_reference_supported	579	Aldoc	0.9948186528497409	4.096564933740629
GSE174574	GSM5319990	Astrocyte	original_reference_supported	579	Pecam1	0.10189982728842832	0.13533055885956846
GSE174574	GSM5319990	Astrocyte	original_reference_supported	579	Cdh5	0.06390328151986183	0.08113942137278139
GSE174574	GSM5319990	Astrocyte	original_reference_supported	579	Esam	0.23488773747841105	0.3348527766358888
GSE174574	GSM5319990	Astrocyte	original_reference_supported	579	Tek	0.025906735751295335	0.03322183640121258
GSE174574	GSM5319990	Astrocyte	original_reference_supported	579	Erg	0.02072538860103627	0.027774982395625723
GSE174574	GSM5319990	Astrocyte	original_reference_supported	579	Vwf	0.07599309153713299	0.09224841562071721
GSE174574	GSM5319990	Astrocyte	original_reference_supported	579	Kdr	0.046632124352331605	0.06002187174829213
GSE174574	GSM5319990	Astrocyte	original_reference_supported	579	Ptprc	0.04145077720207254	0.052760226276648683
GSE174574	GSM5319990	Astrocyte	original_reference_supported	579	Tyrobp	0.4162348877374784	0.6297515861453374
GSE174574	GSM5319990	Astrocyte	original_reference_supported	579	Lyz2	0.5699481865284974	0.9167468740775573
GSE174574	GSM5319990	Astrocyte	original_reference_supported	579	C1qa	0.6994818652849741	1.2431302675769447
GSE174574	GSM5319990	Astrocyte	original_reference_supported	579	Rgs5	0.09671848013816926	0.13282506483310957
GSE174574	GSM5319990	Astrocyte	original_reference_supported	579	Pdgfrb	0.19170984455958548	0.2736753930974277
GSE174574	GSM5319990	Astrocyte	original_reference_supported	579	Acta2	0.26252158894645944	0.3766113571212494
GSE174574	GSM5319990	Astrocyte	original_reference_supported	579	Plp1	0.48013816925734026	0.7143426561788279
GSE174574	GSM5319990	Astrocyte	original_reference_supported	579	Mbp	0.2538860103626943	0.37657855562180526
GSE174574	GSM5319990	Astrocyte	original_reference_supported	579	Snap25	0.0034542314335060447	0.004355634680261772
GSE174574	GSM5319990	Astrocyte	reference_added	73	Aldh1l1	0.0821917808219178	0.10527669959533739
GSE174574	GSM5319990	Astrocyte	reference_added	73	Slc1a3	0.5753424657534246	1.37207190755954
GSE174574	GSM5319990	Astrocyte	reference_added	73	Slc1a2	0.5753424657534246	1.502867611146009
GSE174574	GSM5319990	Astrocyte	reference_added	73	Gja1	0.3150684931506849	0.6404805537872582
GSE174574	GSM5319990	Astrocyte	reference_added	73	Glul	0.7945205479452054	1.7787396356524379
GSE174574	GSM5319990	Astrocyte	reference_added	73	Sox9	0.2054794520547945	0.2892212746092534
GSE174574	GSM5319990	Astrocyte	reference_added	73	Aldoc	0.6301369863013698	1.5747216417696748
GSE174574	GSM5319990	Astrocyte	reference_added	73	Pecam1	0.0684931506849315	0.08167107559201615
GSE174574	GSM5319990	Astrocyte	reference_added	73	Cdh5	0.0547945205479452	0.0754220478205251
GSE174574	GSM5319990	Astrocyte	reference_added	73	Esam	0.3424657534246575	0.4808742386250835
GSE174574	GSM5319990	Astrocyte	reference_added	73	Tek	0.0273972602739726	0.03153345659152431
GSE174574	GSM5319990	Astrocyte	reference_added	73	Erg	0.0	0.0
GSE174574	GSM5319990	Astrocyte	reference_added	73	Vwf	0.0410958904109589	0.04592384826525052
GSE174574	GSM5319990	Astrocyte	reference_added	73	Kdr	0.0136986301369863	0.015458638717542153
GSE174574	GSM5319990	Astrocyte	reference_added	73	Ptprc	0.136986301369863	0.22675172740009708
GSE174574	GSM5319990	Astrocyte	reference_added	73	Tyrobp	0.684931506849315	1.8848674561257688
GSE174574	GSM5319990	Astrocyte	reference_added	73	Lyz2	0.6712328767123288	1.3836451805588197
GSE174574	GSM5319990	Astrocyte	reference_added	73	C1qa	0.821917808219178	2.2498077811503916
GSE174574	GSM5319990	Astrocyte	reference_added	73	Rgs5	0.1643835616438356	0.2543023693507926
GSE174574	GSM5319990	Astrocyte	reference_added	73	Pdgfrb	0.1917808219178082	0.2873157089170599
GSE174574	GSM5319990	Astrocyte	reference_added	73	Acta2	0.5068493150684932	1.0716818456873634
GSE174574	GSM5319990	Astrocyte	reference_added	73	Plp1	0.547945205479452	1.0897804780860125
GSE174574	GSM5319990	Astrocyte	reference_added	73	Mbp	0.273972602739726	0.5324272472456084
GSE174574	GSM5319990	Astrocyte	reference_added	73	Snap25	0.0136986301369863	0.02186911743156008
GSE174574	GSM5319990	Astrocyte	original_not_retained	205	Aldh1l1	0.36097560975609755	0.5561731929610836
GSE174574	GSM5319990	Astrocyte	original_not_retained	205	Slc1a3	0.8097560975609757	2.1720870592069064
GSE174574	GSM5319990	Astrocyte	original_not_retained	205	Slc1a2	0.8682926829268293	2.3645327186063088
GSE174574	GSM5319990	Astrocyte	original_not_retained	205	Gja1	0.7951219512195122	1.655351824140207
GSE174574	GSM5319990	Astrocyte	original_not_retained	205	Glul	0.9804878048780488	3.056068658425441
GSE174574	GSM5319990	Astrocyte	original_not_retained	205	Sox9	0.5463414634146342	0.9251901671213041
GSE174574	GSM5319990	Astrocyte	original_not_retained	205	Aldoc	0.8292682926829268	2.741996204794626
GSE174574	GSM5319990	Astrocyte	original_not_retained	205	Pecam1	0.3024390243902439	0.5023997020380675
GSE174574	GSM5319990	Astrocyte	original_not_retained	205	Cdh5	0.2048780487804878	0.30292758619974164
GSE174574	GSM5319990	Astrocyte	original_not_retained	205	Esam	0.6146341463414634	1.3359606459453854
GSE174574	GSM5319990	Astrocyte	original_not_retained	205	Tek	0.15121951219512195	0.18914012341096884
GSE174574	GSM5319990	Astrocyte	original_not_retained	205	Erg	0.06341463414634146	0.08185455555725829
GSE174574	GSM5319990	Astrocyte	original_not_retained	205	Vwf	0.14634146341463414	0.22080458246607604
GSE174574	GSM5319990	Astrocyte	original_not_retained	205	Kdr	0.17560975609756097	0.22939624326551591
GSE174574	GSM5319990	Astrocyte	original_not_retained	205	Ptprc	0.07804878048780488	0.0969212837812067
GSE174574	GSM5319990	Astrocyte	original_not_retained	205	Tyrobp	0.5170731707317073	0.9799016601396751
GSE174574	GSM5319990	Astrocyte	original_not_retained	205	Lyz2	0.5658536585365853	1.0202700688274848
GSE174574	GSM5319990	Astrocyte	original_not_retained	205	C1qa	0.7121951219512195	1.545682751102029
GSE174574	GSM5319990	Astrocyte	original_not_retained	205	Rgs5	0.13170731707317074	0.1876212764535041
GSE174574	GSM5319990	Astrocyte	original_not_retained	205	Pdgfrb	0.12195121951219512	0.16683948896901338
GSE174574	GSM5319990	Astrocyte	original_not_retained	205	Acta2	0.3121951219512195	0.4925973928850684
GSE174574	GSM5319990	Astrocyte	original_not_retained	205	Plp1	0.47317073170731705	0.7977344108305382
GSE174574	GSM5319990	Astrocyte	original_not_retained	205	Mbp	0.28292682926829266	0.4282609198914778
GSE174574	GSM5319990	Astrocyte	original_not_retained	205	Snap25	0.0	0.0
GSE174574	GSM5319990	Endothelial	original_reference_supported	1619	Aldh1l1	0.011117974058060531	0.015440869902848743
GSE174574	GSM5319990	Endothelial	original_reference_supported	1619	Slc1a3	0.11117974058060531	0.16205038252171775
GSE174574	GSM5319990	Endothelial	original_reference_supported	1619	Slc1a2	0.15873996294008647	0.24971080357000208
GSE174574	GSM5319990	Endothelial	original_reference_supported	1619	Gja1	0.2711550339715874	0.43814346247919705
GSE174574	GSM5319990	Endothelial	original_reference_supported	1619	Glul	0.8777022853613342	2.1719262559588346
GSE174574	GSM5319990	Endothelial	original_reference_supported	1619	Sox9	0.03705991352686844	0.05324040947884793
GSE174574	GSM5319990	Endothelial	original_reference_supported	1619	Aldoc	0.24397776405188387	0.3729156109812399
GSE174574	GSM5319990	Endothelial	original_reference_supported	1619	Pecam1	0.8282890673255096	1.6904534076192712
GSE174574	GSM5319990	Endothelial	original_reference_supported	1619	Cdh5	0.692402717726992	1.2207227045289106
GSE174574	GSM5319990	Endothelial	original_reference_supported	1619	Esam	0.9734403953057443	2.575886147439576
GSE174574	GSM5319990	Endothelial	original_reference_supported	1619	Tek	0.46510191476219886	0.7673137543240336
GSE174574	GSM5319990	Endothelial	original_reference_supported	1619	Erg	0.3638048177887585	0.589803347559179
GSE174574	GSM5319990	Endothelial	original_reference_supported	1619	Vwf	0.5596046942557134	1.051449924228484
GSE174574	GSM5319990	Endothelial	original_reference_supported	1619	Kdr	0.525633106856084	0.8895058855166547
GSE174574	GSM5319990	Endothelial	original_reference_supported	1619	Ptprc	0.04076590487955528	0.05822752660788601
GSE174574	GSM5319990	Endothelial	original_reference_supported	1619	Tyrobp	0.35453983940704137	0.5686143978453979
GSE174574	GSM5319990	Endothelial	original_reference_supported	1619	Lyz2	0.4811612106238419	0.8007167763575755
GSE174574	GSM5319990	Endothelial	original_reference_supported	1619	C1qa	0.6707844348363187	1.2164485722130338
GSE174574	GSM5319990	Endothelial	original_reference_supported	1619	Rgs5	0.12106238418777023	0.19663642276640103
GSE174574	GSM5319990	Endothelial	original_reference_supported	1619	Pdgfrb	0.017294626312538603	0.02339922740786001
GSE174574	GSM5319990	Endothelial	original_reference_supported	1619	Acta2	0.28536133415688697	0.44214612476167425
GSE174574	GSM5319990	Endothelial	original_reference_supported	1619	Plp1	0.4051883878937616	0.6703108582953872
GSE174574	GSM5319990	Endothelial	original_reference_supported	1619	Mbp	0.19950586781964175	0.31018130059715276
GSE174574	GSM5319990	Endothelial	original_reference_supported	1619	Snap25	0.0	0.0
GSE174574	GSM5319990	Endothelial	reference_added	2257	Aldh1l1	0.02259636685866194	0.03545902547399758
GSE174574	GSM5319990	Endothelial	reference_added	2257	Slc1a3	0.12937527691626052	0.2163048524505257
GSE174574	GSM5319990	Endothelial	reference_added	2257	Slc1a2	0.17368187859991138	0.3029226338062097
GSE174574	GSM5319990	Endothelial	reference_added	2257	Gja1	0.2521045635799734	0.4350275961155218
GSE174574	GSM5319990	Endothelial	reference_added	2257	Glul	0.8781568453699601	2.254532735630562
GSE174574	GSM5319990	Endothelial	reference_added	2257	Sox9	0.057598582188746125	0.09003890635907492
GSE174574	GSM5319990	Endothelial	reference_added	2257	Aldoc	0.2534337616304829	0.433975710952648
GSE174574	GSM5319990	Endothelial	reference_added	2257	Pecam1	0.6056712450155073	1.1925101152688895
GSE174574	GSM5319990	Endothelial	reference_added	2257	Cdh5	0.3637571998227736	0.641627192579451
GSE174574	GSM5319990	Endothelial	reference_added	2257	Esam	0.9158174568010634	2.297316502396167
GSE174574	GSM5319990	Endothelial	reference_added	2257	Tek	0.1586176340274701	0.25813965980607256
GSE174574	GSM5319990	Endothelial	reference_added	2257	Erg	0.09038546743464776	0.14407199209903512
GSE174574	GSM5319990	Endothelial	reference_added	2257	Vwf	0.2255206025697829	0.39408266636788136
GSE174574	GSM5319990	Endothelial	reference_added	2257	Kdr	0.18874612317235268	0.315204737711325
GSE174574	GSM5319990	Endothelial	reference_added	2257	Ptprc	0.04164820558263181	0.06640145058674121
GSE174574	GSM5319990	Endothelial	reference_added	2257	Tyrobp	0.38591050066459903	0.7214350585086409
GSE174574	GSM5319990	Endothelial	reference_added	2257	Lyz2	0.48427115640230395	0.8784317086060203
GSE174574	GSM5319990	Endothelial	reference_added	2257	C1qa	0.6521931767833408	1.3347359979767612
GSE174574	GSM5319990	Endothelial	reference_added	2257	Rgs5	0.12715994683207799	0.25151397611267085
GSE174574	GSM5319990	Endothelial	reference_added	2257	Pdgfrb	0.033673017279574655	0.05752066441928129
GSE174574	GSM5319990	Endothelial	reference_added	2257	Acta2	0.2680549401860877	0.4559203094919135
GSE174574	GSM5319990	Endothelial	reference_added	2257	Plp1	0.41736818785999114	0.7406944910640855
GSE174574	GSM5319990	Endothelial	reference_added	2257	Mbp	0.21355782011519717	0.3635246120269619
GSE174574	GSM5319990	Endothelial	reference_added	2257	Snap25	0.001329198050509526	0.002566512520558995
GSE174574	GSM5319990	Endothelial	original_not_retained	342	Aldh1l1	0.0029239766081871343	0.004818609257650166
GSE174574	GSM5319990	Endothelial	original_not_retained	342	Slc1a3	0.11695906432748537	0.18108595191939497
GSE174574	GSM5319990	Endothelial	original_not_retained	342	Slc1a2	0.2222222222222222	0.3694146217979461
GSE174574	GSM5319990	Endothelial	original_not_retained	342	Gja1	0.30701754385964913	0.5300190875936637
GSE174574	GSM5319990	Endothelial	original_not_retained	342	Glul	0.7923976608187134	1.8019041051311273
GSE174574	GSM5319990	Endothelial	original_not_retained	342	Sox9	0.038011695906432746	0.06288994042152574
GSE174574	GSM5319990	Endothelial	original_not_retained	342	Aldoc	0.21637426900584794	0.3653943166836427
GSE174574	GSM5319990	Endothelial	original_not_retained	342	Pecam1	0.8070175438596491	1.7807388047214083
GSE174574	GSM5319990	Endothelial	original_not_retained	342	Cdh5	0.5497076023391813	1.0468553893088877
GSE174574	GSM5319990	Endothelial	original_not_retained	342	Esam	0.9678362573099415	2.5819527603407453
GSE174574	GSM5319990	Endothelial	original_not_retained	342	Tek	0.4239766081871345	0.7144498688831503
GSE174574	GSM5319990	Endothelial	original_not_retained	342	Erg	0.28362573099415206	0.4657822509777545
GSE174574	GSM5319990	Endothelial	original_not_retained	342	Vwf	0.5964912280701754	1.1994819880621546
GSE174574	GSM5319990	Endothelial	original_not_retained	342	Kdr	0.5701754385964912	1.0176601244276775
GSE174574	GSM5319990	Endothelial	original_not_retained	342	Ptprc	0.017543859649122806	0.023344039795036145
GSE174574	GSM5319990	Endothelial	original_not_retained	342	Tyrobp	0.3128654970760234	0.5664465444765998
GSE174574	GSM5319990	Endothelial	original_not_retained	342	Lyz2	0.40058479532163743	0.7170185115852783
GSE174574	GSM5319990	Endothelial	original_not_retained	342	C1qa	0.6052631578947368	1.1617064338369265
GSE174574	GSM5319990	Endothelial	original_not_retained	342	Rgs5	0.1111111111111111	0.18988940992954362
GSE174574	GSM5319990	Endothelial	original_not_retained	342	Pdgfrb	0.023391812865497075	0.03470726672754309
GSE174574	GSM5319990	Endothelial	original_not_retained	342	Acta2	0.17543859649122806	0.28953666173330983
GSE174574	GSM5319990	Endothelial	original_not_retained	342	Plp1	0.40058479532163743	0.6824089108760867
GSE174574	GSM5319990	Endothelial	original_not_retained	342	Mbp	0.21637426900584794	0.37131864815986165
GSE174574	GSM5319990	Endothelial	original_not_retained	342	Snap25	0.0	0.0
GSE174574	GSM5319991	Astrocyte	original_reference_supported	537	Aldh1l1	0.37243947858473	0.5499703987576969
GSE174574	GSM5319991	Astrocyte	original_reference_supported	537	Slc1a3	0.9757914338919925	2.9574382057501762
GSE174574	GSM5319991	Astrocyte	original_reference_supported	537	Slc1a2	0.9832402234636871	3.1080152480749197
GSE174574	GSM5319991	Astrocyte	original_reference_supported	537	Gja1	0.9217877094972067	2.3033723738179637
GSE174574	GSM5319991	Astrocyte	original_reference_supported	537	Glul	0.9906890130353817	3.5626172183757387
GSE174574	GSM5319991	Astrocyte	original_reference_supported	537	Sox9	0.6256983240223464	1.0932584348430041
GSE174574	GSM5319991	Astrocyte	original_reference_supported	537	Aldoc	0.994413407821229	4.078686380793964
GSE174574	GSM5319991	Astrocyte	original_reference_supported	537	Pecam1	0.10986964618249534	0.1559967169112401
GSE174574	GSM5319991	Astrocyte	original_reference_supported	537	Cdh5	0.05027932960893855	0.07131141135835194
GSE174574	GSM5319991	Astrocyte	original_reference_supported	537	Esam	0.27001862197392923	0.39021948254191274
GSE174574	GSM5319991	Astrocyte	original_reference_supported	537	Tek	0.040968342644320296	0.05088172724381901
GSE174574	GSM5319991	Astrocyte	original_reference_supported	537	Erg	0.0148975791433892	0.019990656070035584
GSE174574	GSM5319991	Astrocyte	original_reference_supported	537	Vwf	0.07262569832402235	0.10071515959780454
GSE174574	GSM5319991	Astrocyte	original_reference_supported	537	Kdr	0.0186219739292365	0.02375931926247948
GSE174574	GSM5319991	Astrocyte	original_reference_supported	537	Ptprc	0.0521415270018622	0.07526190676170372
GSE174574	GSM5319991	Astrocyte	original_reference_supported	537	Tyrobp	0.43575418994413406	0.6651356405451377
GSE174574	GSM5319991	Astrocyte	original_reference_supported	537	Lyz2	0.5195530726256983	0.8295774107801778
GSE174574	GSM5319991	Astrocyte	original_reference_supported	537	C1qa	0.6890130353817505	1.2280582028021048
GSE174574	GSM5319991	Astrocyte	original_reference_supported	537	Rgs5	0.08752327746741155	0.12038703552152416
GSE174574	GSM5319991	Astrocyte	original_reference_supported	537	Pdgfrb	0.1601489757914339	0.22798933779518454
GSE174574	GSM5319991	Astrocyte	original_reference_supported	537	Acta2	0.25884543761638734	0.3625205501155659
GSE174574	GSM5319991	Astrocyte	original_reference_supported	537	Plp1	0.47113594040968343	0.7264125282056305
GSE174574	GSM5319991	Astrocyte	original_reference_supported	537	Mbp	0.26256983240223464	0.38143460891157405
GSE174574	GSM5319991	Astrocyte	original_reference_supported	537	Snap25	0.00186219739292365	0.0031422298458650072
GSE174574	GSM5319991	Astrocyte	reference_added	62	Aldh1l1	0.04838709677419355	0.07226052204493272
GSE174574	GSM5319991	Astrocyte	reference_added	62	Slc1a3	0.6774193548387096	1.6664121780693466
GSE174574	GSM5319991	Astrocyte	reference_added	62	Slc1a2	0.7580645161290323	1.964821841147551
GSE174574	GSM5319991	Astrocyte	reference_added	62	Gja1	0.41935483870967744	0.8021691208108759
GSE174574	GSM5319991	Astrocyte	reference_added	62	Glul	0.7741935483870968	1.9448819139790698
GSE174574	GSM5319991	Astrocyte	reference_added	62	Sox9	0.11290322580645161	0.1467693456071158
GSE174574	GSM5319991	Astrocyte	reference_added	62	Aldoc	0.6935483870967742	2.07264406602474
GSE174574	GSM5319991	Astrocyte	reference_added	62	Pecam1	0.16129032258064516	0.23092404078210393
GSE174574	GSM5319991	Astrocyte	reference_added	62	Cdh5	0.04838709677419355	0.06135582334062469
GSE174574	GSM5319991	Astrocyte	reference_added	62	Esam	0.22580645161290322	0.38718027867149724
GSE174574	GSM5319991	Astrocyte	reference_added	62	Tek	0.04838709677419355	0.06477843945595047
GSE174574	GSM5319991	Astrocyte	reference_added	62	Erg	0.0	0.0
GSE174574	GSM5319991	Astrocyte	reference_added	62	Vwf	0.08064516129032258	0.13185777551008065
GSE174574	GSM5319991	Astrocyte	reference_added	62	Kdr	0.016129032258064516	0.022571769387295743
GSE174574	GSM5319991	Astrocyte	reference_added	62	Ptprc	0.14516129032258066	0.23858346893226462
GSE174574	GSM5319991	Astrocyte	reference_added	62	Tyrobp	0.6290322580645161	1.667561609692799
GSE174574	GSM5319991	Astrocyte	reference_added	62	Lyz2	0.7258064516129032	1.6320596657191808
GSE174574	GSM5319991	Astrocyte	reference_added	62	C1qa	0.6935483870967742	1.9705966072269512
GSE174574	GSM5319991	Astrocyte	reference_added	62	Rgs5	0.14516129032258066	0.1962224837787233
GSE174574	GSM5319991	Astrocyte	reference_added	62	Pdgfrb	0.14516129032258066	0.23822469777665836
GSE174574	GSM5319991	Astrocyte	reference_added	62	Acta2	0.3548387096774194	0.7041865493306368
GSE174574	GSM5319991	Astrocyte	reference_added	62	Plp1	0.5645161290322581	0.9687311179444057
GSE174574	GSM5319991	Astrocyte	reference_added	62	Mbp	0.3225806451612903	0.5476819285786997
GSE174574	GSM5319991	Astrocyte	reference_added	62	Snap25	0.016129032258064516	0.02101895138909928
GSE174574	GSM5319991	Astrocyte	original_not_retained	209	Aldh1l1	0.3157894736842105	0.43209656334855073
GSE174574	GSM5319991	Astrocyte	original_not_retained	209	Slc1a3	0.8373205741626795	2.177310392194915
GSE174574	GSM5319991	Astrocyte	original_not_retained	209	Slc1a2	0.8995215311004785	2.431452749540034
GSE174574	GSM5319991	Astrocyte	original_not_retained	209	Gja1	0.8133971291866029	1.6758164177238788
GSE174574	GSM5319991	Astrocyte	original_not_retained	209	Glul	1.0	3.036422991061391
GSE174574	GSM5319991	Astrocyte	original_not_retained	209	Sox9	0.5263157894736842	0.8176201707815307
GSE174574	GSM5319991	Astrocyte	original_not_retained	209	Aldoc	0.9090909090909091	2.918403347772207
GSE174574	GSM5319991	Astrocyte	original_not_retained	209	Pecam1	0.37799043062200954	0.6323455848619801
GSE174574	GSM5319991	Astrocyte	original_not_retained	209	Cdh5	0.215311004784689	0.2849089190744237
GSE174574	GSM5319991	Astrocyte	original_not_retained	209	Esam	0.6267942583732058	1.2556717220901785
GSE174574	GSM5319991	Astrocyte	original_not_retained	209	Tek	0.10047846889952153	0.13588203063902216
GSE174574	GSM5319991	Astrocyte	original_not_retained	209	Erg	0.10047846889952153	0.1236262722109004
GSE174574	GSM5319991	Astrocyte	original_not_retained	209	Vwf	0.19138755980861244	0.2795079794377177
GSE174574	GSM5319991	Astrocyte	original_not_retained	209	Kdr	0.15311004784688995	0.19555860795196273
GSE174574	GSM5319991	Astrocyte	original_not_retained	209	Ptprc	0.12440191387559808	0.15470764029740078
GSE174574	GSM5319991	Astrocyte	original_not_retained	209	Tyrobp	0.5980861244019139	1.1683357825980432
GSE174574	GSM5319991	Astrocyte	original_not_retained	209	Lyz2	0.5741626794258373	1.0549355951084487
GSE174574	GSM5319991	Astrocyte	original_not_retained	209	C1qa	0.7129186602870813	1.5836652206311812
GSE174574	GSM5319991	Astrocyte	original_not_retained	209	Rgs5	0.1339712918660287	0.15960552375819487
GSE174574	GSM5319991	Astrocyte	original_not_retained	209	Pdgfrb	0.10526315789473684	0.1365445080121829
GSE174574	GSM5319991	Astrocyte	original_not_retained	209	Acta2	0.2679425837320574	0.3718027451265845
GSE174574	GSM5319991	Astrocyte	original_not_retained	209	Plp1	0.47368421052631576	0.7349084799183345
GSE174574	GSM5319991	Astrocyte	original_not_retained	209	Mbp	0.2679425837320574	0.37005546723782695
GSE174574	GSM5319991	Astrocyte	original_not_retained	209	Snap25	0.004784688995215311	0.00725193348432718
GSE174574	GSM5319991	Endothelial	original_reference_supported	1474	Aldh1l1	0.0047489823609226595	0.006284749316827512
GSE174574	GSM5319991	Endothelial	original_reference_supported	1474	Slc1a3	0.11533242876526459	0.1781477115924454
GSE174574	GSM5319991	Endothelial	original_reference_supported	1474	Slc1a2	0.1757123473541384	0.27279103937614996
GSE174574	GSM5319991	Endothelial	original_reference_supported	1474	Gja1	0.23473541383989144	0.38778960575414906
GSE174574	GSM5319991	Endothelial	original_reference_supported	1474	Glul	0.8758480325644504	2.1341338080486714
GSE174574	GSM5319991	Endothelial	original_reference_supported	1474	Sox9	0.03459972862957938	0.04871452282001459
GSE174574	GSM5319991	Endothelial	original_reference_supported	1474	Aldoc	0.24151967435549526	0.3738295931952661
GSE174574	GSM5319991	Endothelial	original_reference_supported	1474	Pecam1	0.8134328358208955	1.670741569787307
GSE174574	GSM5319991	Endothelial	original_reference_supported	1474	Cdh5	0.649932157394844	1.1693995404260522
GSE174574	GSM5319991	Endothelial	original_reference_supported	1474	Esam	0.9810040705563093	2.5998581829644256
GSE174574	GSM5319991	Endothelial	original_reference_supported	1474	Tek	0.4497964721845319	0.7477072209566378
GSE174574	GSM5319991	Endothelial	original_reference_supported	1474	Erg	0.39348710990502034	0.6333915372046699
GSE174574	GSM5319991	Endothelial	original_reference_supported	1474	Vwf	0.5345997286295794	1.005767043818814
GSE174574	GSM5319991	Endothelial	original_reference_supported	1474	Kdr	0.5128900949796472	0.8893976755866174
GSE174574	GSM5319991	Endothelial	original_reference_supported	1474	Ptprc	0.02103120759837178	0.030364093464137005
GSE174574	GSM5319991	Endothelial	original_reference_supported	1474	Tyrobp	0.40705563093622793	0.6721959202847037
GSE174574	GSM5319991	Endothelial	original_reference_supported	1474	Lyz2	0.5	0.8504058614718498
GSE174574	GSM5319991	Endothelial	original_reference_supported	1474	C1qa	0.669606512890095	1.244196416348995
GSE174574	GSM5319991	Endothelial	original_reference_supported	1474	Rgs5	0.12279511533242876	0.1963588450875977
GSE174574	GSM5319991	Endothelial	original_reference_supported	1474	Pdgfrb	0.016282225237449117	0.025267815397533557
GSE174574	GSM5319991	Endothelial	original_reference_supported	1474	Acta2	0.24559023066485752	0.3828716686209934
GSE174574	GSM5319991	Endothelial	original_reference_supported	1474	Plp1	0.42672998643147897	0.7055637781395425
GSE174574	GSM5319991	Endothelial	original_reference_supported	1474	Mbp	0.19402985074626866	0.3021039330760479
GSE174574	GSM5319991	Endothelial	original_reference_supported	1474	Snap25	0.0006784260515603799	0.0010570189561069324
GSE174574	GSM5319991	Endothelial	reference_added	2234	Aldh1l1	0.01611459265890779	0.025766194071653346
GSE174574	GSM5319991	Endothelial	reference_added	2234	Slc1a3	0.12667860340196957	0.21958570065664362
GSE174574	GSM5319991	Endothelial	reference_added	2234	Slc1a2	0.16069829901521934	0.29197047771891593
GSE174574	GSM5319991	Endothelial	reference_added	2234	Gja1	0.2376902417188899	0.4229147825584881
GSE174574	GSM5319991	Endothelial	reference_added	2234	Glul	0.8612354521038496	2.193193982574258
GSE174574	GSM5319991	Endothelial	reference_added	2234	Sox9	0.04028648164726947	0.06369375382738568
GSE174574	GSM5319991	Endothelial	reference_added	2234	Aldoc	0.2323187108325873	0.4131864602753893
GSE174574	GSM5319991	Endothelial	reference_added	2234	Pecam1	0.572515666965085	1.133619166626522
GSE174574	GSM5319991	Endothelial	reference_added	2234	Cdh5	0.35452103849597133	0.6238851955294377
GSE174574	GSM5319991	Endothelial	reference_added	2234	Esam	0.9077887197851388	2.3027288699922694
GSE174574	GSM5319991	Endothelial	reference_added	2234	Tek	0.14726947179946284	0.2446011450736012
GSE174574	GSM5319991	Endothelial	reference_added	2234	Erg	0.10026857654431513	0.16620517965856757
GSE174574	GSM5319991	Endothelial	reference_added	2234	Vwf	0.22918531781557744	0.4068693451585607
GSE174574	GSM5319991	Endothelial	reference_added	2234	Kdr	0.18128916741271262	0.3098241306641012
GSE174574	GSM5319991	Endothelial	reference_added	2234	Ptprc	0.03939122649955237	0.06025389612146828
GSE174574	GSM5319991	Endothelial	reference_added	2234	Tyrobp	0.40420769919427035	0.7694159495255912
GSE174574	GSM5319991	Endothelial	reference_added	2234	Lyz2	0.4726947179946285	0.8784658404695971
GSE174574	GSM5319991	Endothelial	reference_added	2234	C1qa	0.6418979409131602	1.3242627693054507
GSE174574	GSM5319991	Endothelial	reference_added	2234	Rgs5	0.13473589973142344	0.25528641156781806
GSE174574	GSM5319991	Endothelial	reference_added	2234	Pdgfrb	0.03267681289167413	0.054864772912652876
GSE174574	GSM5319991	Endothelial	reference_added	2234	Acta2	0.2448522829006267	0.4195592666027062
GSE174574	GSM5319991	Endothelial	reference_added	2234	Plp1	0.39077887197851385	0.6982536027531921
GSE174574	GSM5319991	Endothelial	reference_added	2234	Mbp	0.2126230975828111	0.37188852712770326
GSE174574	GSM5319991	Endothelial	reference_added	2234	Snap25	0.0022381378692927483	0.003943738609777452
GSE174574	GSM5319991	Endothelial	original_not_retained	369	Aldh1l1	0.008130081300813009	0.015046289874249707
GSE174574	GSM5319991	Endothelial	original_not_retained	369	Slc1a3	0.1111111111111111	0.17524615527676804
GSE174574	GSM5319991	Endothelial	original_not_retained	369	Slc1a2	0.10840108401084012	0.1729825231362126
GSE174574	GSM5319991	Endothelial	original_not_retained	369	Gja1	0.3224932249322493	0.5691633205367687
GSE174574	GSM5319991	Endothelial	original_not_retained	369	Glul	0.7940379403794038	1.8770311438221519
GSE174574	GSM5319991	Endothelial	original_not_retained	369	Sox9	0.01084010840108401	0.01764599667822116
GSE174574	GSM5319991	Endothelial	original_not_retained	369	Aldoc	0.2140921409214092	0.3622359585032428
GSE174574	GSM5319991	Endothelial	original_not_retained	369	Pecam1	0.8428184281842819	1.8316388518059055
GSE174574	GSM5319991	Endothelial	original_not_retained	369	Cdh5	0.5609756097560976	1.0529319358369242
GSE174574	GSM5319991	Endothelial	original_not_retained	369	Esam	0.9539295392953929	2.562258359048639
GSE174574	GSM5319991	Endothelial	original_not_retained	369	Tek	0.4065040650406504	0.7061931881198354
GSE174574	GSM5319991	Endothelial	original_not_retained	369	Erg	0.25203252032520324	0.42353342017977047
GSE174574	GSM5319991	Endothelial	original_not_retained	369	Vwf	0.5718157181571816	1.2038904167189481
GSE174574	GSM5319991	Endothelial	original_not_retained	369	Kdr	0.5040650406504065	0.9024125466406834
GSE174574	GSM5319991	Endothelial	original_not_retained	369	Ptprc	0.037940379403794036	0.06147819321131855
GSE174574	GSM5319991	Endothelial	original_not_retained	369	Tyrobp	0.36585365853658536	0.6271056397940495
GSE174574	GSM5319991	Endothelial	original_not_retained	369	Lyz2	0.4092140921409214	0.7219069506041194
GSE174574	GSM5319991	Endothelial	original_not_retained	369	C1qa	0.6124661246612466	1.205633116721253
GSE174574	GSM5319991	Endothelial	original_not_retained	369	Rgs5	0.10569105691056911	0.18656043903871425
GSE174574	GSM5319991	Endothelial	original_not_retained	369	Pdgfrb	0.013550135501355014	0.02223425830815291
GSE174574	GSM5319991	Endothelial	original_not_retained	369	Acta2	0.13550135501355012	0.21915328565147613
GSE174574	GSM5319991	Endothelial	original_not_retained	369	Plp1	0.3794037940379404	0.6551484935941271
GSE174574	GSM5319991	Endothelial	original_not_retained	369	Mbp	0.18699186991869918	0.3091399792315601
GSE174574	GSM5319991	Endothelial	original_not_retained	369	Snap25	0.0	0.0
GSE174574	GSM5319992	Astrocyte	original_reference_supported	397	Aldh1l1	0.4836272040302267	0.6669180376283369
GSE174574	GSM5319992	Astrocyte	original_reference_supported	397	Slc1a3	0.9773299748110831	3.030840687673817
GSE174574	GSM5319992	Astrocyte	original_reference_supported	397	Slc1a2	0.9949622166246851	3.163395754427679
GSE174574	GSM5319992	Astrocyte	original_reference_supported	397	Gja1	0.9319899244332494	2.250890051572154
GSE174574	GSM5319992	Astrocyte	original_reference_supported	397	Glul	0.9874055415617129	3.533045171872031
GSE174574	GSM5319992	Astrocyte	original_reference_supported	397	Sox9	0.707808564231738	1.2317228592657268
GSE174574	GSM5319992	Astrocyte	original_reference_supported	397	Aldoc	0.9974811083123426	4.048997737374656
GSE174574	GSM5319992	Astrocyte	original_reference_supported	397	Pecam1	0.09571788413098237	0.11526122670690121
GSE174574	GSM5319992	Astrocyte	original_reference_supported	397	Cdh5	0.05289672544080604	0.062467442601444455
GSE174574	GSM5319992	Astrocyte	original_reference_supported	397	Esam	0.23929471032745592	0.30961317249876075
GSE174574	GSM5319992	Astrocyte	original_reference_supported	397	Tek	0.03526448362720403	0.034439570003458306
GSE174574	GSM5319992	Astrocyte	original_reference_supported	397	Erg	0.017632241813602016	0.0176487856109232
GSE174574	GSM5319992	Astrocyte	original_reference_supported	397	Vwf	0.0982367758186398	0.11246869833459495
GSE174574	GSM5319992	Astrocyte	original_reference_supported	397	Kdr	0.04030226700251889	0.04886275302823919
GSE174574	GSM5319992	Astrocyte	original_reference_supported	397	Ptprc	0.05793450881612091	0.06568204968150261
GSE174574	GSM5319992	Astrocyte	original_reference_supported	397	Tyrobp	0.41309823677581864	0.5910472668980689
GSE174574	GSM5319992	Astrocyte	original_reference_supported	397	Lyz2	0.44836272040302266	0.6118497901596182
GSE174574	GSM5319992	Astrocyte	original_reference_supported	397	C1qa	0.6977329974811083	1.1123241494648946
GSE174574	GSM5319992	Astrocyte	original_reference_supported	397	Rgs5	0.10579345088161209	0.1366504367722395
GSE174574	GSM5319992	Astrocyte	original_reference_supported	397	Pdgfrb	0.1964735516372796	0.24833279846771544
GSE174574	GSM5319992	Astrocyte	original_reference_supported	397	Acta2	0.24181360201511334	0.3080395614920764
GSE174574	GSM5319992	Astrocyte	original_reference_supported	397	Plp1	0.43828715365239296	0.6158343273893186
GSE174574	GSM5319992	Astrocyte	original_reference_supported	397	Mbp	0.23173803526448364	0.3180415880288492
GSE174574	GSM5319992	Astrocyte	original_reference_supported	397	Snap25	0.007556675062972292	0.009790354163030852
GSE174574	GSM5319992	Astrocyte	reference_added	51	Aldh1l1	0.1568627450980392	0.23708305340520833
GSE174574	GSM5319992	Astrocyte	reference_added	51	Slc1a3	0.6470588235294118	1.544241077796264
GSE174574	GSM5319992	Astrocyte	reference_added	51	Slc1a2	0.803921568627451	2.127975206389101
GSE174574	GSM5319992	Astrocyte	reference_added	51	Gja1	0.45098039215686275	0.9789080721715956
GSE174574	GSM5319992	Astrocyte	reference_added	51	Glul	0.8235294117647058	2.1924638472474034
GSE174574	GSM5319992	Astrocyte	reference_added	51	Sox9	0.21568627450980393	0.30419452498054617
GSE174574	GSM5319992	Astrocyte	reference_added	51	Aldoc	0.7058823529411765	2.000834070146641
GSE174574	GSM5319992	Astrocyte	reference_added	51	Pecam1	0.17647058823529413	0.24084888251245556
GSE174574	GSM5319992	Astrocyte	reference_added	51	Cdh5	0.0784313725490196	0.12187647538883774
GSE174574	GSM5319992	Astrocyte	reference_added	51	Esam	0.2549019607843137	0.4151866720218341
GSE174574	GSM5319992	Astrocyte	reference_added	51	Tek	0.058823529411764705	0.0786181391192745
GSE174574	GSM5319992	Astrocyte	reference_added	51	Erg	0.0196078431372549	0.021982512251716223
GSE174574	GSM5319992	Astrocyte	reference_added	51	Vwf	0.1568627450980392	0.22952961303818345
GSE174574	GSM5319992	Astrocyte	reference_added	51	Kdr	0.058823529411764705	0.11931283992462528
GSE174574	GSM5319992	Astrocyte	reference_added	51	Ptprc	0.1568627450980392	0.21879819992893632
GSE174574	GSM5319992	Astrocyte	reference_added	51	Tyrobp	0.5294117647058824	1.4437450303083321
GSE174574	GSM5319992	Astrocyte	reference_added	51	Lyz2	0.49019607843137253	1.0849541388387827
GSE174574	GSM5319992	Astrocyte	reference_added	51	C1qa	0.803921568627451	2.3862089411082423
GSE174574	GSM5319992	Astrocyte	reference_added	51	Rgs5	0.1568627450980392	0.24900676094456783
GSE174574	GSM5319992	Astrocyte	reference_added	51	Pdgfrb	0.11764705882352941	0.17752033212466242
GSE174574	GSM5319992	Astrocyte	reference_added	51	Acta2	0.3137254901960784	0.5797301353172287
GSE174574	GSM5319992	Astrocyte	reference_added	51	Plp1	0.47058823529411764	0.9964142331116347
GSE174574	GSM5319992	Astrocyte	reference_added	51	Mbp	0.3333333333333333	0.5665093391149538
GSE174574	GSM5319992	Astrocyte	reference_added	51	Snap25	0.0392156862745098	0.05537532635808442
GSE174574	GSM5319992	Astrocyte	original_not_retained	117	Aldh1l1	0.37606837606837606	0.5128789594441167
GSE174574	GSM5319992	Astrocyte	original_not_retained	117	Slc1a3	0.8461538461538461	2.1689778999283
GSE174574	GSM5319992	Astrocyte	original_not_retained	117	Slc1a2	0.8974358974358975	2.3923247976029995
GSE174574	GSM5319992	Astrocyte	original_not_retained	117	Gja1	0.7692307692307693	1.491397824330441
GSE174574	GSM5319992	Astrocyte	original_not_retained	117	Glul	0.9914529914529915	2.907797642161309
GSE174574	GSM5319992	Astrocyte	original_not_retained	117	Sox9	0.5811965811965812	0.8670714821577514
GSE174574	GSM5319992	Astrocyte	original_not_retained	117	Aldoc	0.9401709401709402	2.727107957206206
GSE174574	GSM5319992	Astrocyte	original_not_retained	117	Pecam1	0.37606837606837606	0.6332333742755576
GSE174574	GSM5319992	Astrocyte	original_not_retained	117	Cdh5	0.26495726495726496	0.3658650061892713
GSE174574	GSM5319992	Astrocyte	original_not_retained	117	Esam	0.5299145299145299	1.0786946526520005
GSE174574	GSM5319992	Astrocyte	original_not_retained	117	Tek	0.1452991452991453	0.1828548965014407
GSE174574	GSM5319992	Astrocyte	original_not_retained	117	Erg	0.1111111111111111	0.12152463154473706
GSE174574	GSM5319992	Astrocyte	original_not_retained	117	Vwf	0.2222222222222222	0.30916279136183966
GSE174574	GSM5319992	Astrocyte	original_not_retained	117	Kdr	0.19658119658119658	0.28724311306088934
GSE174574	GSM5319992	Astrocyte	original_not_retained	117	Ptprc	0.10256410256410256	0.13349149511377706
GSE174574	GSM5319992	Astrocyte	original_not_retained	117	Tyrobp	0.5213675213675214	1.039387946107365
GSE174574	GSM5319992	Astrocyte	original_not_retained	117	Lyz2	0.4700854700854701	0.7759272818936888
GSE174574	GSM5319992	Astrocyte	original_not_retained	117	C1qa	0.7948717948717948	1.69927761912869
GSE174574	GSM5319992	Astrocyte	original_not_retained	117	Rgs5	0.1282051282051282	0.21507571136660067
GSE174574	GSM5319992	Astrocyte	original_not_retained	117	Pdgfrb	0.1452991452991453	0.16909194783653636
GSE174574	GSM5319992	Astrocyte	original_not_retained	117	Acta2	0.27350427350427353	0.3504610702327695
GSE174574	GSM5319992	Astrocyte	original_not_retained	117	Plp1	0.4700854700854701	0.829480859927264
GSE174574	GSM5319992	Astrocyte	original_not_retained	117	Mbp	0.24786324786324787	0.37034418900436455
GSE174574	GSM5319992	Astrocyte	original_not_retained	117	Snap25	0.017094017094017096	0.018634265498368878
GSE174574	GSM5319992	Endothelial	original_reference_supported	1317	Aldh1l1	0.010630220197418374	0.012677571742239886
GSE174574	GSM5319992	Endothelial	original_reference_supported	1317	Slc1a3	0.09946848899012908	0.13267036170812313
GSE174574	GSM5319992	Endothelial	original_reference_supported	1317	Slc1a2	0.19134396355353075	0.2778467168551615
GSE174574	GSM5319992	Endothelial	original_reference_supported	1317	Gja1	0.28170083523158695	0.4354254665600543
GSE174574	GSM5319992	Endothelial	original_reference_supported	1317	Glul	0.8883826879271071	2.109690860958859
GSE174574	GSM5319992	Endothelial	original_reference_supported	1317	Sox9	0.037965072133637055	0.0496968133652398
GSE174574	GSM5319992	Endothelial	original_reference_supported	1317	Aldoc	0.21032649962034927	0.29917034266762
GSE174574	GSM5319992	Endothelial	original_reference_supported	1317	Pecam1	0.8709187547456341	1.7833145430879902
GSE174574	GSM5319992	Endothelial	original_reference_supported	1317	Cdh5	0.7084282460136674	1.1828903342988772
GSE174574	GSM5319992	Endothelial	original_reference_supported	1317	Esam	0.982536066818527	2.591196420293737
GSE174574	GSM5319992	Endothelial	original_reference_supported	1317	Tek	0.4745634016704632	0.7423789700695466
GSE174574	GSM5319992	Endothelial	original_reference_supported	1317	Erg	0.4145785876993166	0.6224348929387299
GSE174574	GSM5319992	Endothelial	original_reference_supported	1317	Vwf	0.5618830675778284	1.0261454656935167
GSE174574	GSM5319992	Endothelial	original_reference_supported	1317	Kdr	0.5353075170842825	0.8720295896469463
GSE174574	GSM5319992	Endothelial	original_reference_supported	1317	Ptprc	0.03568716780561883	0.04770907930654532
GSE174574	GSM5319992	Endothelial	original_reference_supported	1317	Tyrobp	0.3925588458618071	0.5889621593634542
GSE174574	GSM5319992	Endothelial	original_reference_supported	1317	Lyz2	0.4168564920273349	0.6351395983902605
GSE174574	GSM5319992	Endothelial	original_reference_supported	1317	C1qa	0.6537585421412301	1.1264198309700373
GSE174574	GSM5319992	Endothelial	original_reference_supported	1317	Rgs5	0.12452543659832954	0.19892587668194078
GSE174574	GSM5319992	Endothelial	original_reference_supported	1317	Pdgfrb	0.025056947608200455	0.02971274352086396
GSE174574	GSM5319992	Endothelial	original_reference_supported	1317	Acta2	0.24677296886864086	0.3503547557184737
GSE174574	GSM5319992	Endothelial	original_reference_supported	1317	Plp1	0.3690205011389522	0.5591128480249836
GSE174574	GSM5319992	Endothelial	original_reference_supported	1317	Mbp	0.1738800303720577	0.25278088535184
GSE174574	GSM5319992	Endothelial	original_reference_supported	1317	Snap25	0.0007593014426727411	0.0007840439040443071
GSE174574	GSM5319992	Endothelial	reference_added	1376	Aldh1l1	0.014534883720930232	0.020757248140806903
GSE174574	GSM5319992	Endothelial	reference_added	1376	Slc1a3	0.11773255813953488	0.18982546162916847
GSE174574	GSM5319992	Endothelial	reference_added	1376	Slc1a2	0.1933139534883721	0.3184716926298901
GSE174574	GSM5319992	Endothelial	reference_added	1376	Gja1	0.23546511627906977	0.39037397840465293
GSE174574	GSM5319992	Endothelial	reference_added	1376	Glul	0.8895348837209303	2.2277271635091975
GSE174574	GSM5319992	Endothelial	reference_added	1376	Sox9	0.03997093023255814	0.05806220107392459
GSE174574	GSM5319992	Endothelial	reference_added	1376	Aldoc	0.2129360465116279	0.3476844126661324
GSE174574	GSM5319992	Endothelial	reference_added	1376	Pecam1	0.65625	1.2585545578222561
GSE174574	GSM5319992	Endothelial	reference_added	1376	Cdh5	0.38226744186046513	0.6320805701496668
GSE174574	GSM5319992	Endothelial	reference_added	1376	Esam	0.936046511627907	2.340312396554178
GSE174574	GSM5319992	Endothelial	reference_added	1376	Tek	0.19040697674418605	0.302675229819072
GSE174574	GSM5319992	Endothelial	reference_added	1376	Erg	0.12209302325581395	0.18682341026770036
GSE174574	GSM5319992	Endothelial	reference_added	1376	Vwf	0.23255813953488372	0.376375520810953
GSE174574	GSM5319992	Endothelial	reference_added	1376	Kdr	0.2136627906976744	0.3410127764100269
GSE174574	GSM5319992	Endothelial	reference_added	1376	Ptprc	0.04215116279069767	0.057109466757507873
GSE174574	GSM5319992	Endothelial	reference_added	1376	Tyrobp	0.4178779069767442	0.7454186202052234
GSE174574	GSM5319992	Endothelial	reference_added	1376	Lyz2	0.39171511627906974	0.671539117737135
GSE174574	GSM5319992	Endothelial	reference_added	1376	C1qa	0.6344476744186046	1.2356211120818401
GSE174574	GSM5319992	Endothelial	reference_added	1376	Rgs5	0.15334302325581395	0.3051002168226683
GSE174574	GSM5319992	Endothelial	reference_added	1376	Pdgfrb	0.046511627906976744	0.0769794857716204
GSE174574	GSM5319992	Endothelial	reference_added	1376	Acta2	0.24854651162790697	0.3973435849655005
GSE174574	GSM5319992	Endothelial	reference_added	1376	Plp1	0.3960755813953488	0.666241785814605
GSE174574	GSM5319992	Endothelial	reference_added	1376	Mbp	0.19113372093023256	0.32243369944357564
GSE174574	GSM5319992	Endothelial	reference_added	1376	Snap25	0.0029069767441860465	0.004447108862113711
GSE174574	GSM5319992	Endothelial	original_not_retained	235	Aldh1l1	0.00425531914893617	0.007719959465723507
GSE174574	GSM5319992	Endothelial	original_not_retained	235	Slc1a3	0.09361702127659574	0.1264451326975854
GSE174574	GSM5319992	Endothelial	original_not_retained	235	Slc1a2	0.20425531914893616	0.3159929356645035
GSE174574	GSM5319992	Endothelial	original_not_retained	235	Gja1	0.2978723404255319	0.4869571016543784
GSE174574	GSM5319992	Endothelial	original_not_retained	235	Glul	0.8170212765957446	1.8542613841143902
GSE174574	GSM5319992	Endothelial	original_not_retained	235	Sox9	0.03829787234042553	0.04796640634573953
GSE174574	GSM5319992	Endothelial	original_not_retained	235	Aldoc	0.20851063829787234	0.3285638615816225
GSE174574	GSM5319992	Endothelial	original_not_retained	235	Pecam1	0.8468085106382979	1.7538308292536466
GSE174574	GSM5319992	Endothelial	original_not_retained	235	Cdh5	0.6170212765957447	1.0385672326771953
GSE174574	GSM5319992	Endothelial	original_not_retained	235	Esam	0.9744680851063829	2.5952910669095415
GSE174574	GSM5319992	Endothelial	original_not_retained	235	Tek	0.4723404255319149	0.7694374484299153
GSE174574	GSM5319992	Endothelial	original_not_retained	235	Erg	0.3404255319148936	0.5381761416886051
GSE174574	GSM5319992	Endothelial	original_not_retained	235	Vwf	0.6382978723404256	1.2159068004569853
GSE174574	GSM5319992	Endothelial	original_not_retained	235	Kdr	0.5702127659574469	0.9217736143383831
GSE174574	GSM5319992	Endothelial	original_not_retained	235	Ptprc	0.059574468085106386	0.07557974518195935
GSE174574	GSM5319992	Endothelial	original_not_retained	235	Tyrobp	0.37446808510638296	0.6468202933497544
GSE174574	GSM5319992	Endothelial	original_not_retained	235	Lyz2	0.3446808510638298	0.5599462202746541
GSE174574	GSM5319992	Endothelial	original_not_retained	235	C1qa	0.5914893617021276	1.043534595004033
GSE174574	GSM5319992	Endothelial	original_not_retained	235	Rgs5	0.1276595744680851	0.1981932799625413
GSE174574	GSM5319992	Endothelial	original_not_retained	235	Pdgfrb	0.02127659574468085	0.03209671276981424
GSE174574	GSM5319992	Endothelial	original_not_retained	235	Acta2	0.1702127659574468	0.2691638746952295
GSE174574	GSM5319992	Endothelial	original_not_retained	235	Plp1	0.34893617021276596	0.5438294533452471
GSE174574	GSM5319992	Endothelial	original_not_retained	235	Mbp	0.16170212765957448	0.2523087093908971
GSE174574	GSM5319992	Endothelial	original_not_retained	235	Snap25	0.0	0.0
GSE245386	GSM7841720	Astrocyte	original_reference_supported	404	Aldh1l1	0.49504950495049505	0.6502207754760012
GSE245386	GSM7841720	Astrocyte	original_reference_supported	404	Slc1a3	0.9777227722772277	3.321626621006032
GSE245386	GSM7841720	Astrocyte	original_reference_supported	404	Slc1a2	1.0	4.403708602215576
GSE245386	GSM7841720	Astrocyte	original_reference_supported	404	Gja1	0.8366336633663366	1.9446793041525772
GSE245386	GSM7841720	Astrocyte	original_reference_supported	404	Glul	0.9331683168316832	2.64148216165249
GSE245386	GSM7841720	Astrocyte	original_reference_supported	404	Sox9	0.6831683168316832	1.2247906912037159
GSE245386	GSM7841720	Astrocyte	original_reference_supported	404	Aldoc	0.8663366336633663	2.408652502094026
GSE245386	GSM7841720	Astrocyte	original_reference_supported	404	Pecam1	0.10396039603960396	0.1374116929586381
GSE245386	GSM7841720	Astrocyte	original_reference_supported	404	Cdh5	0.06435643564356436	0.07085325594370061
GSE245386	GSM7841720	Astrocyte	original_reference_supported	404	Esam	0.12623762376237624	0.14228168627123813
GSE245386	GSM7841720	Astrocyte	original_reference_supported	404	Tek	0.04702970297029703	0.06268043319445789
GSE245386	GSM7841720	Astrocyte	original_reference_supported	404	Erg	0.04950495049504951	0.04965687231820338
GSE245386	GSM7841720	Astrocyte	original_reference_supported	404	Vwf	0.017326732673267328	0.01929915622415288
GSE245386	GSM7841720	Astrocyte	original_reference_supported	404	Kdr	0.039603960396039604	0.04738418002173183
GSE245386	GSM7841720	Astrocyte	original_reference_supported	404	Ptprc	0.22524752475247525	0.34991674435825487
GSE245386	GSM7841720	Astrocyte	original_reference_supported	404	Tyrobp	0.37376237623762376	0.5266378880872151
GSE245386	GSM7841720	Astrocyte	original_reference_supported	404	Lyz2	0.13861386138613863	0.2226639202600292
GSE245386	GSM7841720	Astrocyte	original_reference_supported	404	C1qa	0.6881188118811881	1.2046892096711028
GSE245386	GSM7841720	Astrocyte	original_reference_supported	404	Rgs5	0.08663366336633663	0.11121861842404007
GSE245386	GSM7841720	Astrocyte	original_reference_supported	404	Pdgfrb	0.35396039603960394	0.3539358480270886
GSE245386	GSM7841720	Astrocyte	original_reference_supported	404	Acta2	0.25742574257425743	0.30210445744090303
GSE245386	GSM7841720	Astrocyte	original_reference_supported	404	Plp1	0.7821782178217822	1.3433145874135692
GSE245386	GSM7841720	Astrocyte	original_reference_supported	404	Mbp	0.24257425742574257	0.3016826835583427
GSE245386	GSM7841720	Astrocyte	original_reference_supported	404	Snap25	0.022277227722772276	0.019369661441988872
GSE245386	GSM7841720	Astrocyte	reference_added	29	Aldh1l1	0.0	0.0
GSE245386	GSM7841720	Astrocyte	reference_added	29	Slc1a3	0.6206896551724138	1.5811556673335307
GSE245386	GSM7841720	Astrocyte	reference_added	29	Slc1a2	0.8275862068965517	2.962208844393194
GSE245386	GSM7841720	Astrocyte	reference_added	29	Gja1	0.2413793103448276	0.43989736922502154
GSE245386	GSM7841720	Astrocyte	reference_added	29	Glul	0.6896551724137931	1.8475515235217452
GSE245386	GSM7841720	Astrocyte	reference_added	29	Sox9	0.3103448275862069	0.7619071107753265
GSE245386	GSM7841720	Astrocyte	reference_added	29	Aldoc	0.3448275862068966	1.0033867433000787
GSE245386	GSM7841720	Astrocyte	reference_added	29	Pecam1	0.10344827586206896	0.1851830607999052
GSE245386	GSM7841720	Astrocyte	reference_added	29	Cdh5	0.034482758620689655	0.07144365785177316
GSE245386	GSM7841720	Astrocyte	reference_added	29	Esam	0.27586206896551724	0.5712443947168154
GSE245386	GSM7841720	Astrocyte	reference_added	29	Tek	0.06896551724137931	0.09392953972694615
GSE245386	GSM7841720	Astrocyte	reference_added	29	Erg	0.034482758620689655	0.03741155390898814
GSE245386	GSM7841720	Astrocyte	reference_added	29	Vwf	0.0	0.0
GSE245386	GSM7841720	Astrocyte	reference_added	29	Kdr	0.034482758620689655	0.08019577361291941
GSE245386	GSM7841720	Astrocyte	reference_added	29	Ptprc	0.5172413793103449	1.2525228346497455
GSE245386	GSM7841720	Astrocyte	reference_added	29	Tyrobp	0.2413793103448276	0.4955104269624868
GSE245386	GSM7841720	Astrocyte	reference_added	29	Lyz2	0.2413793103448276	0.6240685659410372
GSE245386	GSM7841720	Astrocyte	reference_added	29	C1qa	0.8275862068965517	2.1636486159475683
GSE245386	GSM7841720	Astrocyte	reference_added	29	Rgs5	0.06896551724137931	0.18942992402054248
GSE245386	GSM7841720	Astrocyte	reference_added	29	Pdgfrb	0.10344827586206896	0.18073959125059014
GSE245386	GSM7841720	Astrocyte	reference_added	29	Acta2	0.20689655172413793	0.46696762630074107
GSE245386	GSM7841720	Astrocyte	reference_added	29	Plp1	0.8275862068965517	2.2033088304939934
GSE245386	GSM7841720	Astrocyte	reference_added	29	Mbp	0.3448275862068966	0.8309348113326448
GSE245386	GSM7841720	Astrocyte	reference_added	29	Snap25	0.0	0.0
GSE245386	GSM7841720	Astrocyte	original_not_retained	344	Aldh1l1	0.18604651162790697	0.31096405856081766
GSE245386	GSM7841720	Astrocyte	original_not_retained	344	Slc1a3	0.7936046511627907	2.210452816839224
GSE245386	GSM7841720	Astrocyte	original_not_retained	344	Slc1a2	0.9098837209302325	3.1251768859798945
GSE245386	GSM7841720	Astrocyte	original_not_retained	344	Gja1	0.5319767441860465	1.1671055779468174
GSE245386	GSM7841720	Astrocyte	original_not_retained	344	Glul	0.875	2.372191791546593
GSE245386	GSM7841720	Astrocyte	original_not_retained	344	Sox9	0.39244186046511625	0.784364140950564
GSE245386	GSM7841720	Astrocyte	original_not_retained	344	Aldoc	0.6947674418604651	1.8288840623778526
GSE245386	GSM7841720	Astrocyte	original_not_retained	344	Pecam1	0.2180232558139535	0.40544602978509
GSE245386	GSM7841720	Astrocyte	original_not_retained	344	Cdh5	0.08430232558139535	0.16064752831612583
GSE245386	GSM7841720	Astrocyte	original_not_retained	344	Esam	0.14825581395348839	0.29791202533478395
GSE245386	GSM7841720	Astrocyte	original_not_retained	344	Tek	0.09011627906976744	0.15725894658942777
GSE245386	GSM7841720	Astrocyte	original_not_retained	344	Erg	0.05232558139534884	0.07491417465035974
GSE245386	GSM7841720	Astrocyte	original_not_retained	344	Vwf	0.01744186046511628	0.030449109657247612
GSE245386	GSM7841720	Astrocyte	original_not_retained	344	Kdr	0.11627906976744186	0.21581564049358268
GSE245386	GSM7841720	Astrocyte	original_not_retained	344	Ptprc	0.5465116279069767	1.3367875443790274
GSE245386	GSM7841720	Astrocyte	original_not_retained	344	Tyrobp	0.5494186046511628	1.2250051742812453
GSE245386	GSM7841720	Astrocyte	original_not_retained	344	Lyz2	0.18895348837209303	0.3868201563319238
GSE245386	GSM7841720	Astrocyte	original_not_retained	344	C1qa	0.7965116279069767	2.2622303460045616
GSE245386	GSM7841720	Astrocyte	original_not_retained	344	Rgs5	0.08139534883720931	0.15264886933464394
GSE245386	GSM7841720	Astrocyte	original_not_retained	344	Pdgfrb	0.05813953488372093	0.09704171017861549
GSE245386	GSM7841720	Astrocyte	original_not_retained	344	Acta2	0.21220930232558138	0.36663396017142835
GSE245386	GSM7841720	Astrocyte	original_not_retained	344	Plp1	0.7209302325581395	2.0297270269794523
GSE245386	GSM7841720	Astrocyte	original_not_retained	344	Mbp	0.2877906976744186	0.6277078377473081
GSE245386	GSM7841720	Astrocyte	original_not_retained	344	Snap25	0.011627906976744186	0.00870938496798581
GSE245386	GSM7841720	Endothelial	original_reference_supported	1712	Aldh1l1	0.006425233644859813	0.004882132908734055
GSE245386	GSM7841720	Endothelial	original_reference_supported	1712	Slc1a3	0.10514018691588785	0.10230539657568988
GSE245386	GSM7841720	Endothelial	original_reference_supported	1712	Slc1a2	0.16647196261682243	0.1872032368834482
GSE245386	GSM7841720	Endothelial	original_reference_supported	1712	Gja1	0.1886682242990654	0.18419151985607607
GSE245386	GSM7841720	Endothelial	original_reference_supported	1712	Glul	0.8942757009345794	1.9891340347324604
GSE245386	GSM7841720	Endothelial	original_reference_supported	1712	Sox9	0.12266355140186916	0.10810101394634727
GSE245386	GSM7841720	Endothelial	original_reference_supported	1712	Aldoc	0.07535046728971963	0.07018963165200408
GSE245386	GSM7841720	Endothelial	original_reference_supported	1712	Pecam1	0.9433411214953271	2.1804499549091174
GSE245386	GSM7841720	Endothelial	original_reference_supported	1712	Cdh5	0.865070093457944	1.4655435030064181
GSE245386	GSM7841720	Endothelial	original_reference_supported	1712	Esam	0.9544392523364486	2.088095816155679
GSE245386	GSM7841720	Endothelial	original_reference_supported	1712	Tek	0.8779205607476636	1.5534989156581895
GSE245386	GSM7841720	Endothelial	original_reference_supported	1712	Erg	0.7313084112149533	1.0191824694980063
GSE245386	GSM7841720	Endothelial	original_reference_supported	1712	Vwf	0.3411214953271028	0.4252777524056841
GSE245386	GSM7841720	Endothelial	original_reference_supported	1712	Kdr	0.8014018691588785	1.323348796540837
GSE245386	GSM7841720	Endothelial	original_reference_supported	1712	Ptprc	0.24123831775700935	0.2886982149000184
GSE245386	GSM7841720	Endothelial	original_reference_supported	1712	Tyrobp	0.352803738317757	0.4005618789121537
GSE245386	GSM7841720	Endothelial	original_reference_supported	1712	Lyz2	0.11799065420560748	0.1186662680529311
GSE245386	GSM7841720	Endothelial	original_reference_supported	1712	C1qa	0.6740654205607477	0.9222824488050355
GSE245386	GSM7841720	Endothelial	original_reference_supported	1712	Rgs5	0.10514018691588785	0.10723058702886418
GSE245386	GSM7841720	Endothelial	original_reference_supported	1712	Pdgfrb	0.018107476635514017	0.011408187607758804
GSE245386	GSM7841720	Endothelial	original_reference_supported	1712	Acta2	0.30899532710280375	0.30818520393630144
GSE245386	GSM7841720	Endothelial	original_reference_supported	1712	Plp1	0.8335280373831776	1.3069111066814927
GSE245386	GSM7841720	Endothelial	original_reference_supported	1712	Mbp	0.24766355140186916	0.26634044286563263
GSE245386	GSM7841720	Endothelial	original_reference_supported	1712	Snap25	0.015771028037383176	0.013987437722037274
GSE245386	GSM7841720	Endothelial	reference_added	560	Aldh1l1	0.008928571428571428	0.011682603434948305
GSE245386	GSM7841720	Endothelial	reference_added	560	Slc1a3	0.14821428571428572	0.25220176343471623
GSE245386	GSM7841720	Endothelial	reference_added	560	Slc1a2	0.19285714285714287	0.3649510339416559
GSE245386	GSM7841720	Endothelial	reference_added	560	Gja1	0.13035714285714287	0.1736775260773687
GSE245386	GSM7841720	Endothelial	reference_added	560	Glul	0.7607142857142857	1.7745336340442932
GSE245386	GSM7841720	Endothelial	reference_added	560	Sox9	0.09821428571428571	0.13630597887889012
GSE245386	GSM7841720	Endothelial	reference_added	560	Aldoc	0.08571428571428572	0.1393611840786672
GSE245386	GSM7841720	Endothelial	reference_added	560	Pecam1	0.6142857142857143	1.3216600107585577
GSE245386	GSM7841720	Endothelial	reference_added	560	Cdh5	0.40535714285714286	0.697286082324339
GSE245386	GSM7841720	Endothelial	reference_added	560	Esam	0.5857142857142857	1.213722164824348
GSE245386	GSM7841720	Endothelial	reference_added	560	Tek	0.40535714285714286	0.6815567920142549
GSE245386	GSM7841720	Endothelial	reference_added	560	Erg	0.26071428571428573	0.391388120342267
GSE245386	GSM7841720	Endothelial	reference_added	560	Vwf	0.09821428571428571	0.13780259760770072
GSE245386	GSM7841720	Endothelial	reference_added	560	Kdr	0.28035714285714286	0.4356774007357762
GSE245386	GSM7841720	Endothelial	reference_added	560	Ptprc	0.45357142857142857	0.9356443712410965
GSE245386	GSM7841720	Endothelial	reference_added	560	Tyrobp	0.45535714285714285	0.8990673053646645
GSE245386	GSM7841720	Endothelial	reference_added	560	Lyz2	0.1732142857142857	0.3302284308858733
GSE245386	GSM7841720	Endothelial	reference_added	560	C1qa	0.8053571428571429	1.929513100320689
GSE245386	GSM7841720	Endothelial	reference_added	560	Rgs5	0.21428571428571427	0.4304139620077109
GSE245386	GSM7841720	Endothelial	reference_added	560	Pdgfrb	0.06785714285714285	0.10525583163697853
GSE245386	GSM7841720	Endothelial	reference_added	560	Acta2	0.38035714285714284	0.8925541151558176
GSE245386	GSM7841720	Endothelial	reference_added	560	Plp1	0.7821428571428571	2.0049192969480734
GSE245386	GSM7841720	Endothelial	reference_added	560	Mbp	0.3392857142857143	0.6442547596143025
GSE245386	GSM7841720	Endothelial	reference_added	560	Snap25	0.01607142857142857	0.020137629434842264
GSE245386	GSM7841720	Endothelial	original_not_retained	246	Aldh1l1	0.0	0.0
GSE245386	GSM7841720	Endothelial	original_not_retained	246	Slc1a3	0.15040650406504066	0.24150399204053283
GSE245386	GSM7841720	Endothelial	original_not_retained	246	Slc1a2	0.15853658536585366	0.3205603352765368
GSE245386	GSM7841720	Endothelial	original_not_retained	246	Gja1	0.056910569105691054	0.08780892815226299
GSE245386	GSM7841720	Endothelial	original_not_retained	246	Glul	0.6626016260162602	1.5856422206496854
GSE245386	GSM7841720	Endothelial	original_not_retained	246	Sox9	0.06097560975609756	0.09544809816088168
GSE245386	GSM7841720	Endothelial	original_not_retained	246	Aldoc	0.04878048780487805	0.06877929238735742
GSE245386	GSM7841720	Endothelial	original_not_retained	246	Pecam1	0.7398373983739838	1.7330250999510979
GSE245386	GSM7841720	Endothelial	original_not_retained	246	Cdh5	0.5365853658536586	1.0909559546446912
GSE245386	GSM7841720	Endothelial	original_not_retained	246	Esam	0.6869918699186992	1.5505691205028493
GSE245386	GSM7841720	Endothelial	original_not_retained	246	Tek	0.5284552845528455	1.0597856801292571
GSE245386	GSM7841720	Endothelial	original_not_retained	246	Erg	0.3861788617886179	0.7255696119953955
GSE245386	GSM7841720	Endothelial	original_not_retained	246	Vwf	0.2845528455284553	0.5262815934879849
GSE245386	GSM7841720	Endothelial	original_not_retained	246	Kdr	0.5487804878048781	1.1530932026468892
GSE245386	GSM7841720	Endothelial	original_not_retained	246	Ptprc	0.4634146341463415	1.1256168395008184
GSE245386	GSM7841720	Endothelial	original_not_retained	246	Tyrobp	0.44715447154471544	0.9411798291622104
GSE245386	GSM7841720	Endothelial	original_not_retained	246	Lyz2	0.14634146341463414	0.25214925239584246
GSE245386	GSM7841720	Endothelial	original_not_retained	246	C1qa	0.7276422764227642	2.047905577194748
GSE245386	GSM7841720	Endothelial	original_not_retained	246	Rgs5	0.06910569105691057	0.11889693798573676
GSE245386	GSM7841720	Endothelial	original_not_retained	246	Pdgfrb	0.032520325203252036	0.045000028257064464
GSE245386	GSM7841720	Endothelial	original_not_retained	246	Acta2	0.15040650406504066	0.24727020714927067
GSE245386	GSM7841720	Endothelial	original_not_retained	246	Plp1	0.7764227642276422	1.9297676162722361
GSE245386	GSM7841720	Endothelial	original_not_retained	246	Mbp	0.24390243902439024	0.4424565291134767
GSE245386	GSM7841720	Endothelial	original_not_retained	246	Snap25	0.0040650406504065045	0.0082216430033469
GSE245386	GSM7841721	Astrocyte	original_reference_supported	443	Aldh1l1	0.5733634311512416	0.6897296948125952
GSE245386	GSM7841721	Astrocyte	original_reference_supported	443	Slc1a3	0.9548532731376975	3.2099180885795024
GSE245386	GSM7841721	Astrocyte	original_reference_supported	443	Slc1a2	0.9977426636568849	4.373992145381642
GSE245386	GSM7841721	Astrocyte	original_reference_supported	443	Gja1	0.8871331828442438	2.057056896437499
GSE245386	GSM7841721	Astrocyte	original_reference_supported	443	Glul	0.9367945823927766	2.5642795707771735
GSE245386	GSM7841721	Astrocyte	original_reference_supported	443	Sox9	0.7358916478555305	1.2450944013271046
GSE245386	GSM7841721	Astrocyte	original_reference_supported	443	Aldoc	0.9142212189616253	2.654415700486392
GSE245386	GSM7841721	Astrocyte	original_reference_supported	443	Pecam1	0.09706546275395034	0.07952892630042556
GSE245386	GSM7841721	Astrocyte	original_reference_supported	443	Cdh5	0.04288939051918736	0.026991475586618005
GSE245386	GSM7841721	Astrocyte	original_reference_supported	443	Esam	0.11286681715575621	0.094527054542584
GSE245386	GSM7841721	Astrocyte	original_reference_supported	443	Tek	0.06320541760722348	0.056708327417906254
GSE245386	GSM7841721	Astrocyte	original_reference_supported	443	Erg	0.03160270880361174	0.02329728847651903
GSE245386	GSM7841721	Astrocyte	original_reference_supported	443	Vwf	0.033860045146726865	0.02561568722863055
GSE245386	GSM7841721	Astrocyte	original_reference_supported	443	Kdr	0.029345372460496615	0.02033177659002395
GSE245386	GSM7841721	Astrocyte	original_reference_supported	443	Ptprc	0.2144469525959368	0.18973102426872818
GSE245386	GSM7841721	Astrocyte	original_reference_supported	443	Tyrobp	0.3340857787810384	0.3875634371354517
GSE245386	GSM7841721	Astrocyte	original_reference_supported	443	Lyz2	0.10158013544018059	0.10113725931857286
GSE245386	GSM7841721	Astrocyte	original_reference_supported	443	C1qa	0.6568848758465011	0.8288194656375799
GSE245386	GSM7841721	Astrocyte	original_reference_supported	443	Rgs5	0.06772009029345373	0.0663066457068467
GSE245386	GSM7841721	Astrocyte	original_reference_supported	443	Pdgfrb	0.37020316027088035	0.33597848139393816
GSE245386	GSM7841721	Astrocyte	original_reference_supported	443	Acta2	0.3656884875846501	0.358839932220357
GSE245386	GSM7841721	Astrocyte	original_reference_supported	443	Plp1	0.8148984198645598	1.263807575584038
GSE245386	GSM7841721	Astrocyte	original_reference_supported	443	Mbp	0.3227990970654628	0.34679386920322536
GSE245386	GSM7841721	Astrocyte	original_reference_supported	443	Snap25	0.020316027088036117	0.01815821581210917
GSE245386	GSM7841721	Astrocyte	reference_added	17	Aldh1l1	0.11764705882352941	0.12472310946627366
GSE245386	GSM7841721	Astrocyte	reference_added	17	Slc1a3	0.8235294117647058	2.7181107720236497
GSE245386	GSM7841721	Astrocyte	reference_added	17	Slc1a2	0.7647058823529411	2.9332924223297723
GSE245386	GSM7841721	Astrocyte	reference_added	17	Gja1	0.29411764705882354	0.5697494547894427
GSE245386	GSM7841721	Astrocyte	reference_added	17	Glul	0.7058823529411765	1.6654973716569705
GSE245386	GSM7841721	Astrocyte	reference_added	17	Sox9	0.4117647058823529	0.7498745739640157
GSE245386	GSM7841721	Astrocyte	reference_added	17	Aldoc	0.6470588235294118	1.6491814464809238
GSE245386	GSM7841721	Astrocyte	reference_added	17	Pecam1	0.058823529411764705	0.1465335709581998
GSE245386	GSM7841721	Astrocyte	reference_added	17	Cdh5	0.058823529411764705	0.1465335709581998
GSE245386	GSM7841721	Astrocyte	reference_added	17	Esam	0.058823529411764705	0.1465335709581998
GSE245386	GSM7841721	Astrocyte	reference_added	17	Tek	0.0	0.0
GSE245386	GSM7841721	Astrocyte	reference_added	17	Erg	0.0	0.0
GSE245386	GSM7841721	Astrocyte	reference_added	17	Vwf	0.0	0.0
GSE245386	GSM7841721	Astrocyte	reference_added	17	Kdr	0.058823529411764705	0.17831093982927013
GSE245386	GSM7841721	Astrocyte	reference_added	17	Ptprc	0.11764705882352941	0.2537978821548921
GSE245386	GSM7841721	Astrocyte	reference_added	17	Tyrobp	0.11764705882352941	0.22208660778028913
GSE245386	GSM7841721	Astrocyte	reference_added	17	Lyz2	0.17647058823529413	0.33502430015781304
GSE245386	GSM7841721	Astrocyte	reference_added	17	C1qa	0.4117647058823529	0.9781140202784954
GSE245386	GSM7841721	Astrocyte	reference_added	17	Rgs5	0.0	0.0
GSE245386	GSM7841721	Astrocyte	reference_added	17	Pdgfrb	0.11764705882352941	0.19125819872319003
GSE245386	GSM7841721	Astrocyte	reference_added	17	Acta2	0.47058823529411764	1.0166941375959861
GSE245386	GSM7841721	Astrocyte	reference_added	17	Plp1	0.5882352941176471	1.820733756116745
GSE245386	GSM7841721	Astrocyte	reference_added	17	Mbp	0.29411764705882354	0.7350301757622302
GSE245386	GSM7841721	Astrocyte	reference_added	17	Snap25	0.11764705882352941	0.22807892729123125
GSE245386	GSM7841721	Astrocyte	original_not_retained	94	Aldh1l1	0.3829787234042553	0.5868274786536766
GSE245386	GSM7841721	Astrocyte	original_not_retained	94	Slc1a3	0.7978723404255319	2.401762048161986
GSE245386	GSM7841721	Astrocyte	original_not_retained	94	Slc1a2	0.9574468085106383	3.7143887339249133
GSE245386	GSM7841721	Astrocyte	original_not_retained	94	Gja1	0.6702127659574468	1.5473315788778068
GSE245386	GSM7841721	Astrocyte	original_not_retained	94	Glul	0.8617021276595744	2.6218578985647305
GSE245386	GSM7841721	Astrocyte	original_not_retained	94	Sox9	0.425531914893617	0.7342498953814005
GSE245386	GSM7841721	Astrocyte	original_not_retained	94	Aldoc	0.851063829787234	2.738237566568948
GSE245386	GSM7841721	Astrocyte	original_not_retained	94	Pecam1	0.14893617021276595	0.16234476916611792
GSE245386	GSM7841721	Astrocyte	original_not_retained	94	Cdh5	0.0851063829787234	0.09054631165508831
GSE245386	GSM7841721	Astrocyte	original_not_retained	94	Esam	0.13829787234042554	0.14066319371762448
GSE245386	GSM7841721	Astrocyte	original_not_retained	94	Tek	0.11702127659574468	0.15715105001089552
GSE245386	GSM7841721	Astrocyte	original_not_retained	94	Erg	0.031914893617021274	0.014925085029708934
GSE245386	GSM7841721	Astrocyte	original_not_retained	94	Vwf	0.05319148936170213	0.028140065594439708
GSE245386	GSM7841721	Astrocyte	original_not_retained	94	Kdr	0.11702127659574468	0.14948115603659604
GSE245386	GSM7841721	Astrocyte	original_not_retained	94	Ptprc	0.26595744680851063	0.604131406119908
GSE245386	GSM7841721	Astrocyte	original_not_retained	94	Tyrobp	0.30851063829787234	0.6413769433803995
GSE245386	GSM7841721	Astrocyte	original_not_retained	94	Lyz2	0.11702127659574468	0.10498202490503847
GSE245386	GSM7841721	Astrocyte	original_not_retained	94	C1qa	0.5638297872340425	1.431813329593992
GSE245386	GSM7841721	Astrocyte	original_not_retained	94	Rgs5	0.09574468085106383	0.14001117393974546
GSE245386	GSM7841721	Astrocyte	original_not_retained	94	Pdgfrb	0.1276595744680851	0.1268093332948811
GSE245386	GSM7841721	Astrocyte	original_not_retained	94	Acta2	0.24468085106382978	0.3233610797922463
GSE245386	GSM7841721	Astrocyte	original_not_retained	94	Plp1	0.7978723404255319	1.821868512652539
GSE245386	GSM7841721	Astrocyte	original_not_retained	94	Mbp	0.2765957446808511	0.4625668438305625
GSE245386	GSM7841721	Astrocyte	original_not_retained	94	Snap25	0.0425531914893617	0.024569737386124994
GSE245386	GSM7841721	Endothelial	original_reference_supported	1765	Aldh1l1	0.0050991501416430595	0.0033798618975243995
GSE245386	GSM7841721	Endothelial	original_reference_supported	1765	Slc1a3	0.12521246458923513	0.1095510243815661
GSE245386	GSM7841721	Endothelial	original_reference_supported	1765	Slc1a2	0.20056657223796034	0.19035457146899287
GSE245386	GSM7841721	Endothelial	original_reference_supported	1765	Gja1	0.18413597733711048	0.17784600276890922
GSE245386	GSM7841721	Endothelial	original_reference_supported	1765	Glul	0.8929178470254957	1.9851886521172355
GSE245386	GSM7841721	Endothelial	original_reference_supported	1765	Sox9	0.115014164305949	0.10024127419399899
GSE245386	GSM7841721	Endothelial	original_reference_supported	1765	Aldoc	0.11558073654390935	0.10022764824151577
GSE245386	GSM7841721	Endothelial	original_reference_supported	1765	Pecam1	0.9580736543909348	2.114299048197437
GSE245386	GSM7841721	Endothelial	original_reference_supported	1765	Cdh5	0.88328611898017	1.4744564136328553
GSE245386	GSM7841721	Endothelial	original_reference_supported	1765	Esam	0.9580736543909348	2.127711426318329
GSE245386	GSM7841721	Endothelial	original_reference_supported	1765	Tek	0.9172804532577904	1.7165565423139681
GSE245386	GSM7841721	Endothelial	original_reference_supported	1765	Erg	0.7257790368271955	0.9721722302369877
GSE245386	GSM7841721	Endothelial	original_reference_supported	1765	Vwf	0.40509915014164305	0.5096934888399249
GSE245386	GSM7841721	Endothelial	original_reference_supported	1765	Kdr	0.8725212464589235	1.5364919909027155
GSE245386	GSM7841721	Endothelial	original_reference_supported	1765	Ptprc	0.24872521246458923	0.22596021234785993
GSE245386	GSM7841721	Endothelial	original_reference_supported	1765	Tyrobp	0.33314447592067986	0.33241254091480504
GSE245386	GSM7841721	Endothelial	original_reference_supported	1765	Lyz2	0.11728045325779037	0.10657002444928493
GSE245386	GSM7841721	Endothelial	original_reference_supported	1765	C1qa	0.6634560906515581	0.8266252976523185
GSE245386	GSM7841721	Endothelial	original_reference_supported	1765	Rgs5	0.1263456090651558	0.13311405956702244
GSE245386	GSM7841721	Endothelial	original_reference_supported	1765	Pdgfrb	0.019263456090651557	0.014612678820019048
GSE245386	GSM7841721	Endothelial	original_reference_supported	1765	Acta2	0.371671388101983	0.3490986079664954
GSE245386	GSM7841721	Endothelial	original_reference_supported	1765	Plp1	0.8628895184135977	1.3059200141815972
GSE245386	GSM7841721	Endothelial	original_reference_supported	1765	Mbp	0.30198300283286117	0.29651002746798394
GSE245386	GSM7841721	Endothelial	original_reference_supported	1765	Snap25	0.014730878186968839	0.013238496327030499
GSE245386	GSM7841721	Endothelial	reference_added	245	Aldh1l1	0.0	0.0
GSE245386	GSM7841721	Endothelial	reference_added	245	Slc1a3	0.061224489795918366	0.09743767948883493
GSE245386	GSM7841721	Endothelial	reference_added	245	Slc1a2	0.1469387755102041	0.29217362353373394
GSE245386	GSM7841721	Endothelial	reference_added	245	Gja1	0.06938775510204082	0.07345654741005825
GSE245386	GSM7841721	Endothelial	reference_added	245	Glul	0.673469387755102	1.7044742690111834
GSE245386	GSM7841721	Endothelial	reference_added	245	Sox9	0.04081632653061224	0.06516862158028426
GSE245386	GSM7841721	Endothelial	reference_added	245	Aldoc	0.09387755102040816	0.1713478285301445
GSE245386	GSM7841721	Endothelial	reference_added	245	Pecam1	0.6285714285714286	1.4126911665637232
GSE245386	GSM7841721	Endothelial	reference_added	245	Cdh5	0.39591836734693875	0.7274674524963022
GSE245386	GSM7841721	Endothelial	reference_added	245	Esam	0.6693877551020408	1.5138124085014986
GSE245386	GSM7841721	Endothelial	reference_added	245	Tek	0.4204081632653061	0.7636135071732276
GSE245386	GSM7841721	Endothelial	reference_added	245	Erg	0.22448979591836735	0.3387635988882692
GSE245386	GSM7841721	Endothelial	reference_added	245	Vwf	0.11836734693877551	0.15085231559354492
GSE245386	GSM7841721	Endothelial	reference_added	245	Kdr	0.3306122448979592	0.5663221735821733
GSE245386	GSM7841721	Endothelial	reference_added	245	Ptprc	0.15510204081632653	0.24577376304572945
GSE245386	GSM7841721	Endothelial	reference_added	245	Tyrobp	0.3346938775510204	0.6085743240551086
GSE245386	GSM7841721	Endothelial	reference_added	245	Lyz2	0.10204081632653061	0.14878286608308613
GSE245386	GSM7841721	Endothelial	reference_added	245	C1qa	0.5428571428571428	1.1247084857432228
GSE245386	GSM7841721	Endothelial	reference_added	245	Rgs5	0.08979591836734693	0.19247751624392964
GSE245386	GSM7841721	Endothelial	reference_added	245	Pdgfrb	0.0326530612244898	0.04486398910908
GSE245386	GSM7841721	Endothelial	reference_added	245	Acta2	0.2857142857142857	0.5646132997688964
GSE245386	GSM7841721	Endothelial	reference_added	245	Plp1	0.7020408163265306	1.5335514254232168
GSE245386	GSM7841721	Endothelial	reference_added	245	Mbp	0.24897959183673468	0.41249328170715466
GSE245386	GSM7841721	Endothelial	reference_added	245	Snap25	0.024489795918367346	0.034300675129038144
GSE245386	GSM7841721	Endothelial	original_not_retained	95	Aldh1l1	0.0	0.0
GSE245386	GSM7841721	Endothelial	original_not_retained	95	Slc1a3	0.3263157894736842	0.2938368945838126
GSE245386	GSM7841721	Endothelial	original_not_retained	95	Slc1a2	0.22105263157894736	0.20774864476486363
GSE245386	GSM7841721	Endothelial	original_not_retained	95	Gja1	0.14736842105263157	0.14924269744161844
GSE245386	GSM7841721	Endothelial	original_not_retained	95	Glul	0.6631578947368421	1.3728359263780048
GSE245386	GSM7841721	Endothelial	original_not_retained	95	Sox9	0.08421052631578947	0.06922560157368206
GSE245386	GSM7841721	Endothelial	original_not_retained	95	Aldoc	0.12631578947368421	0.10385251363798999
GSE245386	GSM7841721	Endothelial	original_not_retained	95	Pecam1	0.7578947368421053	1.6038046803949115
GSE245386	GSM7841721	Endothelial	original_not_retained	95	Cdh5	0.6736842105263158	1.102438281041301
GSE245386	GSM7841721	Endothelial	original_not_retained	95	Esam	0.7789473684210526	1.507171611569865
GSE245386	GSM7841721	Endothelial	original_not_retained	95	Tek	0.6631578947368421	1.1622317113670582
GSE245386	GSM7841721	Endothelial	original_not_retained	95	Erg	0.6	0.8250746188558038
GSE245386	GSM7841721	Endothelial	original_not_retained	95	Vwf	0.4	0.7193836561354655
GSE245386	GSM7841721	Endothelial	original_not_retained	95	Kdr	0.7684210526315789	1.4248247243939147
GSE245386	GSM7841721	Endothelial	original_not_retained	95	Ptprc	0.5263157894736842	1.2699853039504088
GSE245386	GSM7841721	Endothelial	original_not_retained	95	Tyrobp	0.49473684210526314	0.9246275954084919
GSE245386	GSM7841721	Endothelial	original_not_retained	95	Lyz2	0.22105263157894736	0.2239978624240523
GSE245386	GSM7841721	Endothelial	original_not_retained	95	C1qa	0.5789473684210527	1.5996516356695225
GSE245386	GSM7841721	Endothelial	original_not_retained	95	Rgs5	0.10526315789473684	0.12176843530862311
GSE245386	GSM7841721	Endothelial	original_not_retained	95	Pdgfrb	0.010526315789473684	0.00391211024783847
GSE245386	GSM7841721	Endothelial	original_not_retained	95	Acta2	0.4105263157894737	0.4734254238302856
GSE245386	GSM7841721	Endothelial	original_not_retained	95	Plp1	0.8421052631578947	1.5729161743194242
GSE245386	GSM7841721	Endothelial	original_not_retained	95	Mbp	0.3473684210526316	0.33511490318487064
GSE245386	GSM7841721	Endothelial	original_not_retained	95	Snap25	0.010526315789473684	0.0040419297504351165
GSE245386	GSM7841722	Astrocyte	original_reference_supported	287	Aldh1l1	0.5853658536585366	0.7118851144885369
GSE245386	GSM7841722	Astrocyte	original_reference_supported	287	Slc1a3	0.9442508710801394	3.1795276686946603
GSE245386	GSM7841722	Astrocyte	original_reference_supported	287	Slc1a2	0.9930313588850174	4.061910257497518
GSE245386	GSM7841722	Astrocyte	original_reference_supported	287	Gja1	0.8710801393728222	2.011636097589058
GSE245386	GSM7841722	Astrocyte	original_reference_supported	287	Glul	0.9442508710801394	2.3780212180616873
GSE245386	GSM7841722	Astrocyte	original_reference_supported	287	Sox9	0.8083623693379791	1.372115635439567
GSE245386	GSM7841722	Astrocyte	original_reference_supported	287	Aldoc	0.9094076655052264	2.569851713146042
GSE245386	GSM7841722	Astrocyte	original_reference_supported	287	Pecam1	0.10801393728222997	0.11211469919363026
GSE245386	GSM7841722	Astrocyte	original_reference_supported	287	Cdh5	0.024390243902439025	0.02226855405378021
GSE245386	GSM7841722	Astrocyte	original_reference_supported	287	Esam	0.1289198606271777	0.11935260566079459
GSE245386	GSM7841722	Astrocyte	original_reference_supported	287	Tek	0.0975609756097561	0.08029402506628733
GSE245386	GSM7841722	Astrocyte	original_reference_supported	287	Erg	0.03832752613240418	0.029904927312907115
GSE245386	GSM7841722	Astrocyte	original_reference_supported	287	Vwf	0.03832752613240418	0.02413820183861556
GSE245386	GSM7841722	Astrocyte	original_reference_supported	287	Kdr	0.04878048780487805	0.028526868783939535
GSE245386	GSM7841722	Astrocyte	original_reference_supported	287	Ptprc	0.156794425087108	0.1318566600230053
GSE245386	GSM7841722	Astrocyte	original_reference_supported	287	Tyrobp	0.28222996515679444	0.307680145252695
GSE245386	GSM7841722	Astrocyte	original_reference_supported	287	Lyz2	0.10104529616724739	0.0743937162840635
GSE245386	GSM7841722	Astrocyte	original_reference_supported	287	C1qa	0.6480836236933798	0.8260705887569082
GSE245386	GSM7841722	Astrocyte	original_reference_supported	287	Rgs5	0.08710801393728224	0.0707337270561661
GSE245386	GSM7841722	Astrocyte	original_reference_supported	287	Pdgfrb	0.4355400696864111	0.42545920459119557
GSE245386	GSM7841722	Astrocyte	original_reference_supported	287	Acta2	0.37630662020905925	0.3613961836548774
GSE245386	GSM7841722	Astrocyte	original_reference_supported	287	Plp1	0.7212543554006968	0.9151142488526662
GSE245386	GSM7841722	Astrocyte	original_reference_supported	287	Mbp	0.21951219512195122	0.2052084156237128
GSE245386	GSM7841722	Astrocyte	original_reference_supported	287	Snap25	0.03832752613240418	0.02661023270627322
GSE245386	GSM7841722	Astrocyte	reference_added	9	Aldh1l1	0.0	0.0
GSE245386	GSM7841722	Astrocyte	reference_added	9	Slc1a3	0.5555555555555556	1.5080496989790868
GSE245386	GSM7841722	Astrocyte	reference_added	9	Slc1a2	0.8888888888888888	2.335579720874714
GSE245386	GSM7841722	Astrocyte	reference_added	9	Gja1	0.1111111111111111	0.277238142935299
GSE245386	GSM7841722	Astrocyte	reference_added	9	Glul	0.4444444444444444	1.0609411412866327
GSE245386	GSM7841722	Astrocyte	reference_added	9	Sox9	0.0	0.0
GSE245386	GSM7841722	Astrocyte	reference_added	9	Aldoc	0.3333333333333333	0.9395600039913317
GSE245386	GSM7841722	Astrocyte	reference_added	9	Pecam1	0.0	0.0
GSE245386	GSM7841722	Astrocyte	reference_added	9	Cdh5	0.2222222222222222	0.3276804366266586
GSE245386	GSM7841722	Astrocyte	reference_added	9	Esam	0.0	0.0
GSE245386	GSM7841722	Astrocyte	reference_added	9	Tek	0.1111111111111111	0.056267955273667486
GSE245386	GSM7841722	Astrocyte	reference_added	9	Erg	0.0	0.0
GSE245386	GSM7841722	Astrocyte	reference_added	9	Vwf	0.0	0.0
GSE245386	GSM7841722	Astrocyte	reference_added	9	Kdr	0.0	0.0
GSE245386	GSM7841722	Astrocyte	reference_added	9	Ptprc	0.3333333333333333	0.3468218215071752
GSE245386	GSM7841722	Astrocyte	reference_added	9	Tyrobp	0.6666666666666666	1.309874232039882
GSE245386	GSM7841722	Astrocyte	reference_added	9	Lyz2	0.1111111111111111	0.056267955273667486
GSE245386	GSM7841722	Astrocyte	reference_added	9	C1qa	0.6666666666666666	1.723351694226871
GSE245386	GSM7841722	Astrocyte	reference_added	9	Rgs5	0.2222222222222222	0.5043585706304037
GSE245386	GSM7841722	Astrocyte	reference_added	9	Pdgfrb	0.0	0.0
GSE245386	GSM7841722	Astrocyte	reference_added	9	Acta2	0.4444444444444444	0.7627987607562152
GSE245386	GSM7841722	Astrocyte	reference_added	9	Plp1	0.7777777777777778	1.466770110810726
GSE245386	GSM7841722	Astrocyte	reference_added	9	Mbp	0.1111111111111111	0.14649005887660768
GSE245386	GSM7841722	Astrocyte	reference_added	9	Snap25	0.1111111111111111	0.16198124341827588
GSE245386	GSM7841722	Astrocyte	original_not_retained	91	Aldh1l1	0.26373626373626374	0.440412633668397
GSE245386	GSM7841722	Astrocyte	original_not_retained	91	Slc1a3	0.7252747252747253	2.106160383999606
GSE245386	GSM7841722	Astrocyte	original_not_retained	91	Slc1a2	0.9010989010989011	3.2710385721647364
GSE245386	GSM7841722	Astrocyte	original_not_retained	91	Gja1	0.5714285714285714	1.2439143315630854
GSE245386	GSM7841722	Astrocyte	original_not_retained	91	Glul	0.8571428571428571	2.423161795685781
GSE245386	GSM7841722	Astrocyte	original_not_retained	91	Sox9	0.3516483516483517	0.5979768720352763
GSE245386	GSM7841722	Astrocyte	original_not_retained	91	Aldoc	0.8351648351648352	2.549914814816866
GSE245386	GSM7841722	Astrocyte	original_not_retained	91	Pecam1	0.16483516483516483	0.3547937837097772
GSE245386	GSM7841722	Astrocyte	original_not_retained	91	Cdh5	0.0989010989010989	0.16127690441248319
GSE245386	GSM7841722	Astrocyte	original_not_retained	91	Esam	0.18681318681318682	0.35270656889749463
GSE245386	GSM7841722	Astrocyte	original_not_retained	91	Tek	0.1978021978021978	0.3485073863842669
GSE245386	GSM7841722	Astrocyte	original_not_retained	91	Erg	0.04395604395604396	0.10329603640972246
GSE245386	GSM7841722	Astrocyte	original_not_retained	91	Vwf	0.01098901098901099	0.004606647548295859
GSE245386	GSM7841722	Astrocyte	original_not_retained	91	Kdr	0.10989010989010989	0.1593387508228982
GSE245386	GSM7841722	Astrocyte	original_not_retained	91	Ptprc	0.26373626373626374	0.5476082344682633
GSE245386	GSM7841722	Astrocyte	original_not_retained	91	Tyrobp	0.38461538461538464	0.8360118827588369
GSE245386	GSM7841722	Astrocyte	original_not_retained	91	Lyz2	0.13186813186813187	0.17968670290079472
GSE245386	GSM7841722	Astrocyte	original_not_retained	91	C1qa	0.5494505494505495	1.5413345694697758
GSE245386	GSM7841722	Astrocyte	original_not_retained	91	Rgs5	0.054945054945054944	0.0832517091308235
GSE245386	GSM7841722	Astrocyte	original_not_retained	91	Pdgfrb	0.13186813186813187	0.15189784187975622
GSE245386	GSM7841722	Astrocyte	original_not_retained	91	Acta2	0.21978021978021978	0.319658605240332
GSE245386	GSM7841722	Astrocyte	original_not_retained	91	Plp1	0.6483516483516484	1.3843610580952663
GSE245386	GSM7841722	Astrocyte	original_not_retained	91	Mbp	0.3076923076923077	0.43635183336777916
GSE245386	GSM7841722	Astrocyte	original_not_retained	91	Snap25	0.01098901098901099	0.009409601093722273
GSE245386	GSM7841722	Endothelial	original_reference_supported	2141	Aldh1l1	0.007473143390938813	0.0060036748158054515
GSE245386	GSM7841722	Endothelial	original_reference_supported	2141	Slc1a3	0.10322279308734236	0.09230857027034337
GSE245386	GSM7841722	Endothelial	original_reference_supported	2141	Slc1a2	0.12237272302662307	0.11198806809528834
GSE245386	GSM7841722	Endothelial	original_reference_supported	2141	Gja1	0.20597851471275105	0.1944723441199466
GSE245386	GSM7841722	Endothelial	original_reference_supported	2141	Glul	0.9047174217655302	1.990413375723613
GSE245386	GSM7841722	Endothelial	original_reference_supported	2141	Sox9	0.14339093881363849	0.12423622106601434
GSE245386	GSM7841722	Endothelial	original_reference_supported	2141	Aldoc	0.067725361980383	0.05744624335230816
GSE245386	GSM7841722	Endothelial	original_reference_supported	2141	Pecam1	0.9738439981317142	2.239614491176965
GSE245386	GSM7841722	Endothelial	original_reference_supported	2141	Cdh5	0.9154600653900047	1.5262400468455821
GSE245386	GSM7841722	Endothelial	original_reference_supported	2141	Esam	0.9654367118169079	2.088302905224173
GSE245386	GSM7841722	Endothelial	original_reference_supported	2141	Tek	0.9332087809434844	1.7832991716326732
GSE245386	GSM7841722	Endothelial	original_reference_supported	2141	Erg	0.8066324147594582	1.1184589055151941
GSE245386	GSM7841722	Endothelial	original_reference_supported	2141	Vwf	0.4058851004203643	0.5044446333195981
GSE245386	GSM7841722	Endothelial	original_reference_supported	2141	Kdr	0.8668846333489024	1.4612486205660118
GSE245386	GSM7841722	Endothelial	original_reference_supported	2141	Ptprc	0.2185894441849603	0.17958571566288772
GSE245386	GSM7841722	Endothelial	original_reference_supported	2141	Tyrobp	0.3320878094348435	0.31697704791218323
GSE245386	GSM7841722	Endothelial	original_reference_supported	2141	Lyz2	0.11349836524988323	0.09607675505641369
GSE245386	GSM7841722	Endothelial	original_reference_supported	2141	C1qa	0.6515646893974778	0.7464176563725855
GSE245386	GSM7841722	Endothelial	original_reference_supported	2141	Rgs5	0.14572629612330687	0.13460825029792095
GSE245386	GSM7841722	Endothelial	original_reference_supported	2141	Pdgfrb	0.02148528724894909	0.018003309226277246
GSE245386	GSM7841722	Endothelial	original_reference_supported	2141	Acta2	0.3792620270901448	0.33835116422800987
GSE245386	GSM7841722	Endothelial	original_reference_supported	2141	Plp1	0.7673984119570294	0.9517539054910821
GSE245386	GSM7841722	Endothelial	original_reference_supported	2141	Mbp	0.21952358710882766	0.20107446679613428
GSE245386	GSM7841722	Endothelial	original_reference_supported	2141	Snap25	0.016347501167678656	0.011616826233371754
GSE245386	GSM7841722	Endothelial	reference_added	425	Aldh1l1	0.009411764705882352	0.009914562000625031
GSE245386	GSM7841722	Endothelial	reference_added	425	Slc1a3	0.07058823529411765	0.11044079110371824
GSE245386	GSM7841722	Endothelial	reference_added	425	Slc1a2	0.11294117647058824	0.1806508375219597
GSE245386	GSM7841722	Endothelial	reference_added	425	Gja1	0.12470588235294118	0.16581168813259442
GSE245386	GSM7841722	Endothelial	reference_added	425	Glul	0.7741176470588236	1.8302452455739646
GSE245386	GSM7841722	Endothelial	reference_added	425	Sox9	0.07764705882352942	0.10255484825376401
GSE245386	GSM7841722	Endothelial	reference_added	425	Aldoc	0.08470588235294117	0.13917183448487683
GSE245386	GSM7841722	Endothelial	reference_added	425	Pecam1	0.6964705882352941	1.5570116933506646
GSE245386	GSM7841722	Endothelial	reference_added	425	Cdh5	0.5741176470588235	0.9644582232092364
GSE245386	GSM7841722	Endothelial	reference_added	425	Esam	0.7341176470588235	1.643846499181668
GSE245386	GSM7841722	Endothelial	reference_added	425	Tek	0.548235294117647	1.0388281310123326
GSE245386	GSM7841722	Endothelial	reference_added	425	Erg	0.3388235294117647	0.4998480161871785
GSE245386	GSM7841722	Endothelial	reference_added	425	Vwf	0.13176470588235295	0.19853833806775142
GSE245386	GSM7841722	Endothelial	reference_added	425	Kdr	0.42823529411764705	0.7484505719749777
GSE245386	GSM7841722	Endothelial	reference_added	425	Ptprc	0.15294117647058825	0.2412480205294157
GSE245386	GSM7841722	Endothelial	reference_added	425	Tyrobp	0.33176470588235296	0.5504000574274621
GSE245386	GSM7841722	Endothelial	reference_added	425	Lyz2	0.11058823529411765	0.19033093786756525
GSE245386	GSM7841722	Endothelial	reference_added	425	C1qa	0.6164705882352941	1.179969834192789
GSE245386	GSM7841722	Endothelial	reference_added	425	Rgs5	0.11529411764705882	0.22480615328616452
GSE245386	GSM7841722	Endothelial	reference_added	425	Pdgfrb	0.05176470588235294	0.06159197599637599
GSE245386	GSM7841722	Endothelial	reference_added	425	Acta2	0.34823529411764703	0.6330279045292004
GSE245386	GSM7841722	Endothelial	reference_added	425	Plp1	0.611764705882353	1.1301827966494578
GSE245386	GSM7841722	Endothelial	reference_added	425	Mbp	0.20470588235294118	0.3634442846788597
GSE245386	GSM7841722	Endothelial	reference_added	425	Snap25	0.018823529411764704	0.023550410890946363
GSE245386	GSM7841722	Endothelial	original_not_retained	97	Aldh1l1	0.0	0.0
GSE245386	GSM7841722	Endothelial	original_not_retained	97	Slc1a3	0.09278350515463918	0.11097773093003706
GSE245386	GSM7841722	Endothelial	original_not_retained	97	Slc1a2	0.10309278350515463	0.19784327026287699
GSE245386	GSM7841722	Endothelial	original_not_retained	97	Gja1	0.20618556701030927	0.32416147173409404
GSE245386	GSM7841722	Endothelial	original_not_retained	97	Glul	0.5670103092783505	1.2217074069433598
GSE245386	GSM7841722	Endothelial	original_not_retained	97	Sox9	0.07216494845360824	0.06461995490470308
GSE245386	GSM7841722	Endothelial	original_not_retained	97	Aldoc	0.08247422680412371	0.1373841984885374
GSE245386	GSM7841722	Endothelial	original_not_retained	97	Pecam1	0.7216494845360825	1.860056259643578
GSE245386	GSM7841722	Endothelial	original_not_retained	97	Cdh5	0.5360824742268041	1.0801790843910366
GSE245386	GSM7841722	Endothelial	original_not_retained	97	Esam	0.6804123711340206	1.5127188016522304
GSE245386	GSM7841722	Endothelial	original_not_retained	97	Tek	0.7216494845360825	1.5274239606599147
GSE245386	GSM7841722	Endothelial	original_not_retained	97	Erg	0.5257731958762887	0.9110658065401813
GSE245386	GSM7841722	Endothelial	original_not_retained	97	Vwf	0.4948453608247423	1.0165884647125343
GSE245386	GSM7841722	Endothelial	original_not_retained	97	Kdr	0.6494845360824743	1.4587166583598257
GSE245386	GSM7841722	Endothelial	original_not_retained	97	Ptprc	0.23711340206185566	0.5323046459227889
GSE245386	GSM7841722	Endothelial	original_not_retained	97	Tyrobp	0.28865979381443296	0.5447648380555353
GSE245386	GSM7841722	Endothelial	original_not_retained	97	Lyz2	0.09278350515463918	0.14045029587273622
GSE245386	GSM7841722	Endothelial	original_not_retained	97	C1qa	0.4536082474226804	1.0905714336155197
GSE245386	GSM7841722	Endothelial	original_not_retained	97	Rgs5	0.07216494845360824	0.10657975636488767
GSE245386	GSM7841722	Endothelial	original_not_retained	97	Pdgfrb	0.010309278350515464	0.005432837115493777
GSE245386	GSM7841722	Endothelial	original_not_retained	97	Acta2	0.21649484536082475	0.2979493263509927
GSE245386	GSM7841722	Endothelial	original_not_retained	97	Plp1	0.6907216494845361	1.5249919176097986
GSE245386	GSM7841722	Endothelial	original_not_retained	97	Mbp	0.1958762886597938	0.2852492949418325
GSE245386	GSM7841722	Endothelial	original_not_retained	97	Snap25	0.020618556701030927	0.014834973601411183
GSE245386	GSM7841723	Astrocyte	original_reference_supported	179	Aldh1l1	0.7150837988826816	1.0242495731878674
GSE245386	GSM7841723	Astrocyte	original_reference_supported	179	Slc1a3	0.9441340782122905	3.1111341593325097
GSE245386	GSM7841723	Astrocyte	original_reference_supported	179	Slc1a2	1.0	4.388392747999608
GSE245386	GSM7841723	Astrocyte	original_reference_supported	179	Gja1	0.8156424581005587	1.5480158900637306
GSE245386	GSM7841723	Astrocyte	original_reference_supported	179	Glul	0.9217877094972067	2.2789429399531427
GSE245386	GSM7841723	Astrocyte	original_reference_supported	179	Sox9	0.7541899441340782	1.2120739168514654
GSE245386	GSM7841723	Astrocyte	original_reference_supported	179	Aldoc	0.9162011173184358	2.3755193799854784
GSE245386	GSM7841723	Astrocyte	original_reference_supported	179	Pecam1	0.20670391061452514	0.15532144091499236
GSE245386	GSM7841723	Astrocyte	original_reference_supported	179	Cdh5	0.11173184357541899	0.0830591864693839
GSE245386	GSM7841723	Astrocyte	original_reference_supported	179	Esam	0.19553072625698323	0.12380328852068159
GSE245386	GSM7841723	Astrocyte	original_reference_supported	179	Tek	0.0335195530726257	0.01727280272242498
GSE245386	GSM7841723	Astrocyte	original_reference_supported	179	Erg	0.01675977653631285	0.010541559325426336
GSE245386	GSM7841723	Astrocyte	original_reference_supported	179	Vwf	0.1005586592178771	0.06823277338786198
GSE245386	GSM7841723	Astrocyte	original_reference_supported	179	Kdr	0.055865921787709494	0.02611787029139184
GSE245386	GSM7841723	Astrocyte	original_reference_supported	179	Ptprc	0.2011173184357542	0.15392722068891615
GSE245386	GSM7841723	Astrocyte	original_reference_supported	179	Tyrobp	0.441340782122905	0.4553545827861074
GSE245386	GSM7841723	Astrocyte	original_reference_supported	179	Lyz2	0.11731843575418995	0.09314881880554972
GSE245386	GSM7841723	Astrocyte	original_reference_supported	179	C1qa	0.776536312849162	1.1640826464531049
GSE245386	GSM7841723	Astrocyte	original_reference_supported	179	Rgs5	0.09497206703910614	0.07772044096815744
GSE245386	GSM7841723	Astrocyte	original_reference_supported	179	Pdgfrb	0.2905027932960894	0.27804420010963987
GSE245386	GSM7841723	Astrocyte	original_reference_supported	179	Acta2	0.3407821229050279	0.294832534403743
GSE245386	GSM7841723	Astrocyte	original_reference_supported	179	Plp1	0.7094972067039106	0.8286800531258405
GSE245386	GSM7841723	Astrocyte	original_reference_supported	179	Mbp	0.21787709497206703	0.19601863916242085
GSE245386	GSM7841723	Astrocyte	original_reference_supported	179	Snap25	0.0335195530726257	0.02588092030175226
GSE245386	GSM7841723	Astrocyte	reference_added	11	Aldh1l1	0.0	0.0
GSE245386	GSM7841723	Astrocyte	reference_added	11	Slc1a3	0.2727272727272727	0.8390874981639311
GSE245386	GSM7841723	Astrocyte	reference_added	11	Slc1a2	0.45454545454545453	1.3846759171641025
GSE245386	GSM7841723	Astrocyte	reference_added	11	Gja1	0.09090909090909091	0.052683358386610694
GSE245386	GSM7841723	Astrocyte	reference_added	11	Glul	0.5454545454545454	0.8989266708478504
GSE245386	GSM7841723	Astrocyte	reference_added	11	Sox9	0.09090909090909091	0.23092752957936027
GSE245386	GSM7841723	Astrocyte	reference_added	11	Aldoc	0.0	0.0
GSE245386	GSM7841723	Astrocyte	reference_added	11	Pecam1	0.2727272727272727	0.40665662706241007
GSE245386	GSM7841723	Astrocyte	reference_added	11	Cdh5	0.09090909090909091	0.10802850292591636
GSE245386	GSM7841723	Astrocyte	reference_added	11	Esam	0.2727272727272727	0.5216848947933573
GSE245386	GSM7841723	Astrocyte	reference_added	11	Tek	0.0	0.0
GSE245386	GSM7841723	Astrocyte	reference_added	11	Erg	0.09090909090909091	0.0824307558333309
GSE245386	GSM7841723	Astrocyte	reference_added	11	Vwf	0.09090909090909091	0.15601388606617478
GSE245386	GSM7841723	Astrocyte	reference_added	11	Kdr	0.09090909090909091	0.08582206915156262
GSE245386	GSM7841723	Astrocyte	reference_added	11	Ptprc	0.36363636363636365	0.38565497904628904
GSE245386	GSM7841723	Astrocyte	reference_added	11	Tyrobp	0.8181818181818182	2.389809483598013
GSE245386	GSM7841723	Astrocyte	reference_added	11	Lyz2	0.45454545454545453	0.6304317057574875
GSE245386	GSM7841723	Astrocyte	reference_added	11	C1qa	0.9090909090909091	3.013180786511405
GSE245386	GSM7841723	Astrocyte	reference_added	11	Rgs5	0.09090909090909091	0.15601388606617478
GSE245386	GSM7841723	Astrocyte	reference_added	11	Pdgfrb	0.09090909090909091	0.18725716679509088
GSE245386	GSM7841723	Astrocyte	reference_added	11	Acta2	0.18181818181818182	0.30464025979938525
GSE245386	GSM7841723	Astrocyte	reference_added	11	Plp1	0.36363636363636365	0.6970394803580722
GSE245386	GSM7841723	Astrocyte	reference_added	11	Mbp	0.09090909090909091	0.26250390015415337
GSE245386	GSM7841723	Astrocyte	reference_added	11	Snap25	0.0	0.0
GSE245386	GSM7841723	Astrocyte	original_not_retained	109	Aldh1l1	0.3394495412844037	0.564837632977572
GSE245386	GSM7841723	Astrocyte	original_not_retained	109	Slc1a3	0.7155963302752294	2.0738210841822364
GSE245386	GSM7841723	Astrocyte	original_not_retained	109	Slc1a2	0.8348623853211009	3.2782211236178798
GSE245386	GSM7841723	Astrocyte	original_not_retained	109	Gja1	0.5045871559633027	0.9479199171371098
GSE245386	GSM7841723	Astrocyte	original_not_retained	109	Glul	0.8165137614678899	2.098664880063052
GSE245386	GSM7841723	Astrocyte	original_not_retained	109	Sox9	0.42201834862385323	0.8121428566911696
GSE245386	GSM7841723	Astrocyte	original_not_retained	109	Aldoc	0.7339449541284404	2.1407232887346397
GSE245386	GSM7841723	Astrocyte	original_not_retained	109	Pecam1	0.22018348623853212	0.3772855148368085
GSE245386	GSM7841723	Astrocyte	original_not_retained	109	Cdh5	0.11926605504587157	0.1614049202639099
GSE245386	GSM7841723	Astrocyte	original_not_retained	109	Esam	0.26605504587155965	0.509328864647146
GSE245386	GSM7841723	Astrocyte	original_not_retained	109	Tek	0.07339449541284404	0.09078372870095623
GSE245386	GSM7841723	Astrocyte	original_not_retained	109	Erg	0.05504587155963303	0.06573435333988206
GSE245386	GSM7841723	Astrocyte	original_not_retained	109	Vwf	0.09174311926605505	0.15499851515447252
GSE245386	GSM7841723	Astrocyte	original_not_retained	109	Kdr	0.05504587155963303	0.04522981609744326
GSE245386	GSM7841723	Astrocyte	original_not_retained	109	Ptprc	0.21100917431192662	0.397870819572025
GSE245386	GSM7841723	Astrocyte	original_not_retained	109	Tyrobp	0.3669724770642202	0.7227217936502399
GSE245386	GSM7841723	Astrocyte	original_not_retained	109	Lyz2	0.11009174311926606	0.13465830349838684
GSE245386	GSM7841723	Astrocyte	original_not_retained	109	C1qa	0.6513761467889908	1.7161755857969212
GSE245386	GSM7841723	Astrocyte	original_not_retained	109	Rgs5	0.08256880733944955	0.09990483096269626
GSE245386	GSM7841723	Astrocyte	original_not_retained	109	Pdgfrb	0.08256880733944955	0.08051806653724919
GSE245386	GSM7841723	Astrocyte	original_not_retained	109	Acta2	0.25688073394495414	0.30618545925056334
GSE245386	GSM7841723	Astrocyte	original_not_retained	109	Plp1	0.5321100917431193	0.9919250083460535
GSE245386	GSM7841723	Astrocyte	original_not_retained	109	Mbp	0.21100917431192662	0.33598242663178846
GSE245386	GSM7841723	Astrocyte	original_not_retained	109	Snap25	0.027522935779816515	0.04108698509062593
GSE245386	GSM7841723	Endothelial	original_reference_supported	1837	Aldh1l1	0.0065323897659227	0.0032143003192679543
GSE245386	GSM7841723	Endothelial	original_reference_supported	1837	Slc1a3	0.09635274904735983	0.06412475114128453
GSE245386	GSM7841723	Endothelial	original_reference_supported	1837	Slc1a2	0.17147523135547088	0.13408572972869454
GSE245386	GSM7841723	Endothelial	original_reference_supported	1837	Gja1	0.3685356559608057	0.3649519605497077
GSE245386	GSM7841723	Endothelial	original_reference_supported	1837	Glul	0.9265106151333696	1.891438226392499
GSE245386	GSM7841723	Endothelial	original_reference_supported	1837	Sox9	0.06205770277626565	0.043059517896024295
GSE245386	GSM7841723	Endothelial	original_reference_supported	1837	Aldoc	0.06314643440391943	0.04175483444478282
GSE245386	GSM7841723	Endothelial	original_reference_supported	1837	Pecam1	0.9825802939575394	2.28283197387775
GSE245386	GSM7841723	Endothelial	original_reference_supported	1837	Cdh5	0.904735982580294	1.5435205459596617
GSE245386	GSM7841723	Endothelial	original_reference_supported	1837	Esam	0.9858464888405009	2.366222086088812
GSE245386	GSM7841723	Endothelial	original_reference_supported	1837	Tek	0.8034839412084921	1.0965783473274626
GSE245386	GSM7841723	Endothelial	original_reference_supported	1837	Erg	0.8007621121393577	1.0376161504093826
GSE245386	GSM7841723	Endothelial	original_reference_supported	1837	Vwf	0.7397931409907458	1.184010456594629
GSE245386	GSM7841723	Endothelial	original_reference_supported	1837	Kdr	0.738704409363092	0.9162769004891167
GSE245386	GSM7841723	Endothelial	original_reference_supported	1837	Ptprc	0.19270549809471965	0.13772757029388547
GSE245386	GSM7841723	Endothelial	original_reference_supported	1837	Tyrobp	0.4757757212847033	0.4466165395517444
GSE245386	GSM7841723	Endothelial	original_reference_supported	1837	Lyz2	0.15242242787152968	0.10462981136525075
GSE245386	GSM7841723	Endothelial	original_reference_supported	1837	C1qa	0.8546543277082199	1.1717456916675897
GSE245386	GSM7841723	Endothelial	original_reference_supported	1837	Rgs5	0.15568862275449102	0.1487739431263772
GSE245386	GSM7841723	Endothelial	original_reference_supported	1837	Pdgfrb	0.02939575394665215	0.019027542645829506
GSE245386	GSM7841723	Endothelial	original_reference_supported	1837	Acta2	0.31682090364725096	0.24437644512205495
GSE245386	GSM7841723	Endothelial	original_reference_supported	1837	Plp1	0.7071311921611323	0.7462031027666054
GSE245386	GSM7841723	Endothelial	original_reference_supported	1837	Mbp	0.21883505715841045	0.16874012215978346
GSE245386	GSM7841723	Endothelial	original_reference_supported	1837	Snap25	0.011431682090364725	0.008551967445049213
GSE245386	GSM7841723	Endothelial	reference_added	354	Aldh1l1	0.005649717514124294	0.004425769364367232
GSE245386	GSM7841723	Endothelial	reference_added	354	Slc1a3	0.09322033898305085	0.11513043188047208
GSE245386	GSM7841723	Endothelial	reference_added	354	Slc1a2	0.1327683615819209	0.23780037830405742
GSE245386	GSM7841723	Endothelial	reference_added	354	Gja1	0.2570621468926554	0.3384723467123525
GSE245386	GSM7841723	Endothelial	reference_added	354	Glul	0.7655367231638418	1.7348461006682718
GSE245386	GSM7841723	Endothelial	reference_added	354	Sox9	0.0423728813559322	0.05168535485915881
GSE245386	GSM7841723	Endothelial	reference_added	354	Aldoc	0.03672316384180791	0.045621819715112276
GSE245386	GSM7841723	Endothelial	reference_added	354	Pecam1	0.7146892655367232	1.5671697562405071
GSE245386	GSM7841723	Endothelial	reference_added	354	Cdh5	0.5141242937853108	0.9010822529470657
GSE245386	GSM7841723	Endothelial	reference_added	354	Esam	0.8248587570621468	2.003947469726981
GSE245386	GSM7841723	Endothelial	reference_added	354	Tek	0.3502824858757062	0.48651359430749064
GSE245386	GSM7841723	Endothelial	reference_added	354	Erg	0.3248587570621469	0.4497902217499519
GSE245386	GSM7841723	Endothelial	reference_added	354	Vwf	0.3728813559322034	0.6785806167448556
GSE245386	GSM7841723	Endothelial	reference_added	354	Kdr	0.24293785310734464	0.31671572179314694
GSE245386	GSM7841723	Endothelial	reference_added	354	Ptprc	0.15254237288135594	0.22158641658425451
GSE245386	GSM7841723	Endothelial	reference_added	354	Tyrobp	0.3248587570621469	0.548729461492565
GSE245386	GSM7841723	Endothelial	reference_added	354	Lyz2	0.14689265536723164	0.2075523117997027
GSE245386	GSM7841723	Endothelial	reference_added	354	C1qa	0.7005649717514124	1.4384059749926654
GSE245386	GSM7841723	Endothelial	reference_added	354	Rgs5	0.12994350282485875	0.2448867370974406
GSE245386	GSM7841723	Endothelial	reference_added	354	Pdgfrb	0.08757062146892655	0.12853938614009353
GSE245386	GSM7841723	Endothelial	reference_added	354	Acta2	0.24858757062146894	0.3327175349594868
GSE245386	GSM7841723	Endothelial	reference_added	354	Plp1	0.5423728813559322	0.9227709540086902
GSE245386	GSM7841723	Endothelial	reference_added	354	Mbp	0.1553672316384181	0.21709167994221673
GSE245386	GSM7841723	Endothelial	reference_added	354	Snap25	0.00847457627118644	0.01040257394464545
GSE245386	GSM7841723	Endothelial	original_not_retained	159	Aldh1l1	0.0	0.0
GSE245386	GSM7841723	Endothelial	original_not_retained	159	Slc1a3	0.09433962264150944	0.11637567695205116
GSE245386	GSM7841723	Endothelial	original_not_retained	159	Slc1a2	0.1320754716981132	0.1632601220280181
GSE245386	GSM7841723	Endothelial	original_not_retained	159	Gja1	0.18867924528301888	0.24383785849641826
GSE245386	GSM7841723	Endothelial	original_not_retained	159	Glul	0.5723270440251572	1.2534596066222694
GSE245386	GSM7841723	Endothelial	original_not_retained	159	Sox9	0.006289308176100629	0.010496587417086032
GSE245386	GSM7841723	Endothelial	original_not_retained	159	Aldoc	0.05660377358490566	0.0667354779106383
GSE245386	GSM7841723	Endothelial	original_not_retained	159	Pecam1	0.8930817610062893	2.140738127618606
GSE245386	GSM7841723	Endothelial	original_not_retained	159	Cdh5	0.6289308176100629	1.2650064673179595
GSE245386	GSM7841723	Endothelial	original_not_retained	159	Esam	0.8176100628930818	2.0753579674891998
GSE245386	GSM7841723	Endothelial	original_not_retained	159	Tek	0.48427672955974843	0.8483762817097525
GSE245386	GSM7841723	Endothelial	original_not_retained	159	Erg	0.4339622641509434	0.7337723734088127
GSE245386	GSM7841723	Endothelial	original_not_retained	159	Vwf	0.6792452830188679	1.4706408455655606
GSE245386	GSM7841723	Endothelial	original_not_retained	159	Kdr	0.42138364779874216	0.712484537750355
GSE245386	GSM7841723	Endothelial	original_not_retained	159	Ptprc	0.2138364779874214	0.3667020020997228
GSE245386	GSM7841723	Endothelial	original_not_retained	159	Tyrobp	0.36477987421383645	0.668684618907481
GSE245386	GSM7841723	Endothelial	original_not_retained	159	Lyz2	0.14465408805031446	0.1956257015366918
GSE245386	GSM7841723	Endothelial	original_not_retained	159	C1qa	0.5974842767295597	1.4282178585947618
GSE245386	GSM7841723	Endothelial	original_not_retained	159	Rgs5	0.10062893081761007	0.16809250814185514
GSE245386	GSM7841723	Endothelial	original_not_retained	159	Pdgfrb	0.012578616352201259	0.005214006381683352
GSE245386	GSM7841723	Endothelial	original_not_retained	159	Acta2	0.13836477987421383	0.15008542276808662
GSE245386	GSM7841723	Endothelial	original_not_retained	159	Plp1	0.44654088050314467	0.7576238349232963
GSE245386	GSM7841723	Endothelial	original_not_retained	159	Mbp	0.20754716981132076	0.261855896710584
GSE245386	GSM7841723	Endothelial	original_not_retained	159	Snap25	0.006289308176100629	0.002359693564722939
GSE245386	GSM7841724	Astrocyte	original_reference_supported	583	Aldh1l1	0.7221269296740995	0.9362867542567382
GSE245386	GSM7841724	Astrocyte	original_reference_supported	583	Slc1a3	0.9931389365351629	3.424626892387897
GSE245386	GSM7841724	Astrocyte	original_reference_supported	583	Slc1a2	1.0	4.577367671976637
GSE245386	GSM7841724	Astrocyte	original_reference_supported	583	Gja1	0.8782161234991424	1.8135021682729748
GSE245386	GSM7841724	Astrocyte	original_reference_supported	583	Glul	0.9639794168096055	2.8752042657731725
GSE245386	GSM7841724	Astrocyte	original_reference_supported	583	Sox9	0.7547169811320755	1.2835684499725077
GSE245386	GSM7841724	Astrocyte	original_reference_supported	583	Aldoc	0.9331046312178388	2.6610803158117418
GSE245386	GSM7841724	Astrocyte	original_reference_supported	583	Pecam1	0.11492281303602059	0.09856869753125592
GSE245386	GSM7841724	Astrocyte	original_reference_supported	583	Cdh5	0.030874785591766724	0.0274333523594741
GSE245386	GSM7841724	Astrocyte	original_reference_supported	583	Esam	0.20240137221269297	0.17249008291356013
GSE245386	GSM7841724	Astrocyte	original_reference_supported	583	Tek	0.048027444253859346	0.03868210559347761
GSE245386	GSM7841724	Astrocyte	original_reference_supported	583	Erg	0.030874785591766724	0.02259152702815135
GSE245386	GSM7841724	Astrocyte	original_reference_supported	583	Vwf	0.07375643224699828	0.054757545043475894
GSE245386	GSM7841724	Astrocyte	original_reference_supported	583	Kdr	0.0274442538593482	0.021128268555182746
GSE245386	GSM7841724	Astrocyte	original_reference_supported	583	Ptprc	0.19210977701543738	0.15132665611377075
GSE245386	GSM7841724	Astrocyte	original_reference_supported	583	Tyrobp	0.27958833619210977	0.25727915443975236
GSE245386	GSM7841724	Astrocyte	original_reference_supported	583	Lyz2	0.07547169811320754	0.07310940235936801
GSE245386	GSM7841724	Astrocyte	original_reference_supported	583	C1qa	0.6912521440823327	0.854125469238577
GSE245386	GSM7841724	Astrocyte	original_reference_supported	583	Rgs5	0.10806174957118353	0.09218627673111263
GSE245386	GSM7841724	Astrocyte	original_reference_supported	583	Pdgfrb	0.4648370497427101	0.4389962391013201
GSE245386	GSM7841724	Astrocyte	original_reference_supported	583	Acta2	0.307032590051458	0.26404165686327463
GSE245386	GSM7841724	Astrocyte	original_reference_supported	583	Plp1	0.888507718696398	1.4259220338922614
GSE245386	GSM7841724	Astrocyte	original_reference_supported	583	Mbp	0.4648370497427101	0.45102285280115434
GSE245386	GSM7841724	Astrocyte	original_reference_supported	583	Snap25	0.017152658662092625	0.013445583407228956
GSE245386	GSM7841724	Astrocyte	reference_added	12	Aldh1l1	0.08333333333333333	0.11524406862572899
GSE245386	GSM7841724	Astrocyte	reference_added	12	Slc1a3	0.5833333333333334	1.904521298001213
GSE245386	GSM7841724	Astrocyte	reference_added	12	Slc1a2	0.9166666666666666	3.886051059884617
GSE245386	GSM7841724	Astrocyte	reference_added	12	Gja1	0.16666666666666666	0.37187273569560575
GSE245386	GSM7841724	Astrocyte	reference_added	12	Glul	0.6666666666666666	1.7278253900880822
GSE245386	GSM7841724	Astrocyte	reference_added	12	Sox9	0.08333333333333333	0.2213673577044005
GSE245386	GSM7841724	Astrocyte	reference_added	12	Aldoc	0.3333333333333333	0.729588322808497
GSE245386	GSM7841724	Astrocyte	reference_added	12	Pecam1	0.0	0.0
GSE245386	GSM7841724	Astrocyte	reference_added	12	Cdh5	0.08333333333333333	0.22646852885514143
GSE245386	GSM7841724	Astrocyte	reference_added	12	Esam	0.08333333333333333	0.05757539565229771
GSE245386	GSM7841724	Astrocyte	reference_added	12	Tek	0.0	0.0
GSE245386	GSM7841724	Astrocyte	reference_added	12	Erg	0.0	0.0
GSE245386	GSM7841724	Astrocyte	reference_added	12	Vwf	0.0	0.0
GSE245386	GSM7841724	Astrocyte	reference_added	12	Kdr	0.0	0.0
GSE245386	GSM7841724	Astrocyte	reference_added	12	Ptprc	0.08333333333333333	0.22646852885514143
GSE245386	GSM7841724	Astrocyte	reference_added	12	Tyrobp	0.16666666666666666	0.21537664383465915
GSE245386	GSM7841724	Astrocyte	reference_added	12	Lyz2	0.0	0.0
GSE245386	GSM7841724	Astrocyte	reference_added	12	C1qa	0.5833333333333334	1.4117774846158035
GSE245386	GSM7841724	Astrocyte	reference_added	12	Rgs5	0.08333333333333333	0.2213673577044005
GSE245386	GSM7841724	Astrocyte	reference_added	12	Pdgfrb	0.16666666666666666	0.2837144877900852
GSE245386	GSM7841724	Astrocyte	reference_added	12	Acta2	0.16666666666666666	0.4319828790282245
GSE245386	GSM7841724	Astrocyte	reference_added	12	Plp1	0.5833333333333334	1.9638949933203567
GSE245386	GSM7841724	Astrocyte	reference_added	12	Mbp	0.4166666666666667	1.1761239165302217
GSE245386	GSM7841724	Astrocyte	reference_added	12	Snap25	0.0	0.0
GSE245386	GSM7841724	Astrocyte	original_not_retained	133	Aldh1l1	0.3458646616541353	0.45468456028518905
GSE245386	GSM7841724	Astrocyte	original_not_retained	133	Slc1a3	0.8721804511278195	2.682892432897123
GSE245386	GSM7841724	Astrocyte	original_not_retained	133	Slc1a2	0.9624060150375939	3.814112839357426
GSE245386	GSM7841724	Astrocyte	original_not_retained	133	Gja1	0.6541353383458647	1.3641884561842261
GSE245386	GSM7841724	Astrocyte	original_not_retained	133	Glul	0.924812030075188	2.7141457440552337
GSE245386	GSM7841724	Astrocyte	original_not_retained	133	Sox9	0.556390977443609	0.9268368399662932
GSE245386	GSM7841724	Astrocyte	original_not_retained	133	Aldoc	0.8872180451127819	2.5023048982234575
GSE245386	GSM7841724	Astrocyte	original_not_retained	133	Pecam1	0.19548872180451127	0.19592415092975554
GSE245386	GSM7841724	Astrocyte	original_not_retained	133	Cdh5	0.09022556390977443	0.124879554865442
GSE245386	GSM7841724	Astrocyte	original_not_retained	133	Esam	0.24812030075187969	0.3493413807735217
GSE245386	GSM7841724	Astrocyte	original_not_retained	133	Tek	0.08270676691729323	0.08389011760016299
GSE245386	GSM7841724	Astrocyte	original_not_retained	133	Erg	0.045112781954887216	0.03855604356073042
GSE245386	GSM7841724	Astrocyte	original_not_retained	133	Vwf	0.09774436090225563	0.11917327295490152
GSE245386	GSM7841724	Astrocyte	original_not_retained	133	Kdr	0.06015037593984962	0.07860016142923909
GSE245386	GSM7841724	Astrocyte	original_not_retained	133	Ptprc	0.3007518796992481	0.4401657632672979
GSE245386	GSM7841724	Astrocyte	original_not_retained	133	Tyrobp	0.37593984962406013	0.6157400361630433
GSE245386	GSM7841724	Astrocyte	original_not_retained	133	Lyz2	0.06766917293233082	0.05557990693574309
GSE245386	GSM7841724	Astrocyte	original_not_retained	133	C1qa	0.6015037593984962	1.3306372347278814
GSE245386	GSM7841724	Astrocyte	original_not_retained	133	Rgs5	0.09022556390977443	0.08380195430450117
GSE245386	GSM7841724	Astrocyte	original_not_retained	133	Pdgfrb	0.22556390977443608	0.21008131311932748
GSE245386	GSM7841724	Astrocyte	original_not_retained	133	Acta2	0.21804511278195488	0.18171451032292094
GSE245386	GSM7841724	Astrocyte	original_not_retained	133	Plp1	0.8571428571428571	1.9668860684740817
GSE245386	GSM7841724	Astrocyte	original_not_retained	133	Mbp	0.3609022556390977	0.5162975308258894
GSE245386	GSM7841724	Astrocyte	original_not_retained	133	Snap25	0.07518796992481203	0.06622777723710183
GSE245386	GSM7841724	Endothelial	original_reference_supported	1983	Aldh1l1	0.008572869389813415	0.007182000059557111
GSE245386	GSM7841724	Endothelial	original_reference_supported	1983	Slc1a3	0.14775592536560767	0.1287996099093907
GSE245386	GSM7841724	Endothelial	original_reference_supported	1983	Slc1a2	0.31164901664145234	0.32462539812632746
GSE245386	GSM7841724	Endothelial	original_reference_supported	1983	Gja1	0.232476046394352	0.23532662305730073
GSE245386	GSM7841724	Endothelial	original_reference_supported	1983	Glul	0.897125567322239	1.9470402592244025
GSE245386	GSM7841724	Endothelial	original_reference_supported	1983	Sox9	0.052445789208270296	0.04423171744479099
GSE245386	GSM7841724	Endothelial	original_reference_supported	1983	Aldoc	0.12203731719616742	0.11581174702633382
GSE245386	GSM7841724	Endothelial	original_reference_supported	1983	Pecam1	0.946041351487645	2.121345424315271
GSE245386	GSM7841724	Endothelial	original_reference_supported	1983	Cdh5	0.8124054462934948	1.2470387171042763
GSE245386	GSM7841724	Endothelial	original_reference_supported	1983	Esam	0.9828542612203732	2.439443446782875
GSE245386	GSM7841724	Endothelial	original_reference_supported	1983	Tek	0.7392839132627332	1.1282055924500154
GSE245386	GSM7841724	Endothelial	original_reference_supported	1983	Erg	0.6923852748361069	0.9499592491553317
GSE245386	GSM7841724	Endothelial	original_reference_supported	1983	Vwf	0.6984367120524458	1.248099706375878
GSE245386	GSM7841724	Endothelial	original_reference_supported	1983	Kdr	0.6545637922339889	0.897840456912916
GSE245386	GSM7841724	Endothelial	original_reference_supported	1983	Ptprc	0.1810388300554715	0.15538933136627708
GSE245386	GSM7841724	Endothelial	original_reference_supported	1983	Tyrobp	0.2753403933434191	0.27492030283154
GSE245386	GSM7841724	Endothelial	original_reference_supported	1983	Lyz2	0.07362581946545638	0.0632605491978315
GSE245386	GSM7841724	Endothelial	original_reference_supported	1983	C1qa	0.6883509833585476	0.8870614243698668
GSE245386	GSM7841724	Endothelial	original_reference_supported	1983	Rgs5	0.16288451840645488	0.1860699448297351
GSE245386	GSM7841724	Endothelial	original_reference_supported	1983	Pdgfrb	0.0448814926878467	0.03665899154505196
GSE245386	GSM7841724	Endothelial	original_reference_supported	1983	Acta2	0.25416036308623297	0.23326891209164416
GSE245386	GSM7841724	Endothelial	original_reference_supported	1983	Plp1	0.8804841149773072	1.4769300863160357
GSE245386	GSM7841724	Endothelial	original_reference_supported	1983	Mbp	0.37418053454362077	0.3794907180639046
GSE245386	GSM7841724	Endothelial	original_reference_supported	1983	Snap25	0.01664145234493192	0.016154953885606477
GSE245386	GSM7841724	Endothelial	reference_added	289	Aldh1l1	0.006920415224913495	0.007165955536969896
GSE245386	GSM7841724	Endothelial	reference_added	289	Slc1a3	0.12110726643598616	0.21855591716670086
GSE245386	GSM7841724	Endothelial	reference_added	289	Slc1a2	0.20761245674740483	0.38737131508130296
GSE245386	GSM7841724	Endothelial	reference_added	289	Gja1	0.11418685121107267	0.17317866712615443
GSE245386	GSM7841724	Endothelial	reference_added	289	Glul	0.7301038062283737	1.7619815237898357
GSE245386	GSM7841724	Endothelial	reference_added	289	Sox9	0.01384083044982699	0.01961747791926243
GSE245386	GSM7841724	Endothelial	reference_added	289	Aldoc	0.1314878892733564	0.2309814352309064
GSE245386	GSM7841724	Endothelial	reference_added	289	Pecam1	0.6124567474048442	1.3454983135676453
GSE245386	GSM7841724	Endothelial	reference_added	289	Cdh5	0.30103806228373703	0.5105372495488922
GSE245386	GSM7841724	Endothelial	reference_added	289	Esam	0.7889273356401384	2.059912798914785
GSE245386	GSM7841724	Endothelial	reference_added	289	Tek	0.30103806228373703	0.519550995698385
GSE245386	GSM7841724	Endothelial	reference_added	289	Erg	0.1972318339100346	0.2907325165114837
GSE245386	GSM7841724	Endothelial	reference_added	289	Vwf	0.25259515570934254	0.4792342645302599
GSE245386	GSM7841724	Endothelial	reference_added	289	Kdr	0.17301038062283736	0.2817104704647115
GSE245386	GSM7841724	Endothelial	reference_added	289	Ptprc	0.07958477508650519	0.11629342420406974
GSE245386	GSM7841724	Endothelial	reference_added	289	Tyrobp	0.15916955017301038	0.2931823989509811
GSE245386	GSM7841724	Endothelial	reference_added	289	Lyz2	0.05190311418685121	0.08872922491228383
GSE245386	GSM7841724	Endothelial	reference_added	289	C1qa	0.5536332179930796	1.090573677370282
GSE245386	GSM7841724	Endothelial	reference_added	289	Rgs5	0.11418685121107267	0.2046425461028614
GSE245386	GSM7841724	Endothelial	reference_added	289	Pdgfrb	0.02768166089965398	0.03355915064073476
GSE245386	GSM7841724	Endothelial	reference_added	289	Acta2	0.17993079584775087	0.28518095329971593
GSE245386	GSM7841724	Endothelial	reference_added	289	Plp1	0.7820069204152249	1.8105157566134895
GSE245386	GSM7841724	Endothelial	reference_added	289	Mbp	0.2491349480968858	0.4299411035603741
GSE245386	GSM7841724	Endothelial	reference_added	289	Snap25	0.01384083044982699	0.018347588438868176
GSE245386	GSM7841724	Endothelial	original_not_retained	164	Aldh1l1	0.006097560975609756	0.01632683113647587
GSE245386	GSM7841724	Endothelial	original_not_retained	164	Slc1a3	0.1951219512195122	0.20464135864140487
GSE245386	GSM7841724	Endothelial	original_not_retained	164	Slc1a2	0.23780487804878048	0.3636458492783294
GSE245386	GSM7841724	Endothelial	original_not_retained	164	Gja1	0.15853658536585366	0.170544531924476
GSE245386	GSM7841724	Endothelial	original_not_retained	164	Glul	0.7073170731707317	1.5688521373275028
GSE245386	GSM7841724	Endothelial	original_not_retained	164	Sox9	0.08536585365853659	0.08339679355402435
GSE245386	GSM7841724	Endothelial	original_not_retained	164	Aldoc	0.10975609756097561	0.15021013801536656
GSE245386	GSM7841724	Endothelial	original_not_retained	164	Pecam1	0.7987804878048781	1.7815548855762589
GSE245386	GSM7841724	Endothelial	original_not_retained	164	Cdh5	0.5060975609756098	0.8148678916838217
GSE245386	GSM7841724	Endothelial	original_not_retained	164	Esam	0.8780487804878049	2.1886006876426145
GSE245386	GSM7841724	Endothelial	original_not_retained	164	Tek	0.5426829268292683	0.8985309673609893
GSE245386	GSM7841724	Endothelial	original_not_retained	164	Erg	0.4573170731707317	0.6770920555627585
GSE245386	GSM7841724	Endothelial	original_not_retained	164	Vwf	0.6524390243902439	1.474880548881598
GSE245386	GSM7841724	Endothelial	original_not_retained	164	Kdr	0.4573170731707317	0.710750705873602
GSE245386	GSM7841724	Endothelial	original_not_retained	164	Ptprc	0.24390243902439024	0.4358476528083818
GSE245386	GSM7841724	Endothelial	original_not_retained	164	Tyrobp	0.3353658536585366	0.6000563262373865
GSE245386	GSM7841724	Endothelial	original_not_retained	164	Lyz2	0.11585365853658537	0.09777026884126935
GSE245386	GSM7841724	Endothelial	original_not_retained	164	C1qa	0.5182926829268293	1.2373418226636461
GSE245386	GSM7841724	Endothelial	original_not_retained	164	Rgs5	0.07317073170731707	0.09911356959104688
GSE245386	GSM7841724	Endothelial	original_not_retained	164	Pdgfrb	0.036585365853658534	0.04256984073178202
GSE245386	GSM7841724	Endothelial	original_not_retained	164	Acta2	0.15853658536585366	0.1265478656226638
GSE245386	GSM7841724	Endothelial	original_not_retained	164	Plp1	0.7378048780487805	1.5496562115397434
GSE245386	GSM7841724	Endothelial	original_not_retained	164	Mbp	0.36585365853658536	0.5082795036408922
GSE245386	GSM7841724	Endothelial	original_not_retained	164	Snap25	0.006097560975609756	0.0023434569749674022
