path	bytes	sha256	role	license_note
outputs/reproducibility_v3_cellchat/figure_source_data/figureS6_candidate_effects.tsv	13418	3efe0d538586a3d4c4490a427e007e0b3150a53330ef5b26fd2567bd1411ff3a	supplementary_figure_or_source_data_and_QA	Original analysis artifact
outputs/reproducibility_v3_cellchat/figure_source_data/figureS6_concordance.tsv	615	bbdb4881163c89759e9a61689752da5d36bafa400f9bb49dab8a0214b2dd6aab	supplementary_figure_or_source_data_and_QA	Original analysis artifact
outputs/reproducibility_v3_cellchat/figure_source_data/figureS6_data_profile.json	11602	807d44546c2ea7a4c3be20deb91643e04b7ce06dfa458accb0524547c4c9e711	supplementary_figure_or_source_data_and_QA	Original analysis artifact
outputs/reproducibility_v3_cellchat/figure_source_data/figureS6_export_compliance.txt	726	6ddb4424d52decfb8b5939f84c081b81c8f4c64d6d95b7f02f62647babbb2063	supplementary_figure_or_source_data_and_QA	Original analysis artifact
outputs/reproducibility_v3_cellchat/figure_source_data/figureS6_grayscale_preview.png	214625	edbd71ceb7f38d4e3a5b071c8ff19fc37e49b438cb498ce92cdee07bb32288e8	supplementary_figure_or_source_data_and_QA	Original analysis artifact
outputs/reproducibility_v3_cellchat/figure_source_data/figureS6_independent_editorial_review.json	1912	b66a3086b1599330936396a55d2c15a9f4c0fdebf89ce8c6ad5981bac87e1691	supplementary_figure_or_source_data_and_QA	Original analysis artifact
outputs/reproducibility_v3_cellchat/figure_source_data/figureS6_layout_audit.json	2	4f53cda18c2baa0c0354bb5f9a3ecbe5ed12ab4d8e11ba873c2f11161202b945	supplementary_figure_or_source_data_and_QA	Original analysis artifact
outputs/reproducibility_v3_cellchat/figure_source_data/figureS6_pdf_font_audit.json	351	1526da4fc74bcdc54638c1d93991cdc20a45e5fe6ce3eae0da0447acab35b474	supplementary_figure_or_source_data_and_QA	Original analysis artifact
outputs/reproducibility_v3_cellchat/figure_source_data/figureS6_public_helper_fallback_audit.json	227	194a13fc0c2daea90661532c80113a1901f6b40c81c63eee60b7f1aa9a5e21fa	supplementary_figure_or_source_data_and_QA	Original analysis artifact
outputs/reproducibility_v3_cellchat/figure_source_data/figureS6_visual_review.json	828	46f3b8866a214b04a423d3a79543abbf252b1a0ead253afd8ad1eeb3843038db	supplementary_figure_or_source_data_and_QA	Original analysis artifact
outputs/reproducibility_v3_cellchat/figure_source_data/figureS6_zero_tie_floors.tsv	1196	4ee8a1cbe8e3cfe560b34588d040802c5babe60f2c34cacf70e7abe6e626b536	supplementary_figure_or_source_data_and_QA	Original analysis artifact
outputs/reproducibility_v3_cellchat/figures/FigureS6_cellchat_controlled_extension.pdf	53873	22bad96471af8b21ec601eb57e4346b7327e2fe9b710f2b7ff44d827ae0308c4	supplementary_figure_or_source_data_and_QA	Original analysis artifact
outputs/reproducibility_v3_cellchat/figures/FigureS6_cellchat_controlled_extension.png	444336	2b79a397209af7432f6f5fa01f99dd956f49faed31790463f81ed06bafbdd109	supplementary_figure_or_source_data_and_QA	Original analysis artifact
outputs/reproducibility_v3_cellchat/figures/FigureS6_cellchat_controlled_extension.svg	52939	8a4b01f2e14c20fd139a77fb639118bcad73ef40f74e2a5db291657930d49e7b	supplementary_figure_or_source_data_and_QA	Original analysis artifact
work/processed/GSE174574/GSM5319987_mean_logcp10k.tsv.gz	1523460	9539547c53138fa7af0b9326b924f155180ded08ea87be95d61193e33870deff	baseline_expression_summary_input	Original analysis artifact from cited GEO data
work/processed/GSE174574/GSM5319988_mean_logcp10k.tsv.gz	1544722	6015302cac15a1dcbf1db8ed393275d128bd455ba433727cf5b8f89980466c12	baseline_expression_summary_input	Original analysis artifact from cited GEO data
work/processed/GSE174574/GSM5319989_mean_logcp10k.tsv.gz	1548730	a48119a2581fbe196fbf42b11810f8e8eccb00221a8b95e5e20bf058ead6da5c	baseline_expression_summary_input	Original analysis artifact from cited GEO data
work/processed/GSE174574/GSM5319990_mean_logcp10k.tsv.gz	1730604	0786bded1f01a709c83ca4da8328fb1fccdaccc19f1688bc5e7b475ac8f5bbc2	baseline_expression_summary_input	Original analysis artifact from cited GEO data
work/processed/GSE174574/GSM5319991_mean_logcp10k.tsv.gz	1740092	c8e34c95fb96ed1b0c94786aec7afdc788728594b79cea3d8c40c5aa61d9e414	baseline_expression_summary_input	Original analysis artifact from cited GEO data
work/processed/GSE174574/GSM5319992_mean_logcp10k.tsv.gz	1667824	9281f6bebdcc28b36d30617edeefde6af97dab8ba6c7a9ba5a3f877c382779ba	baseline_expression_summary_input	Original analysis artifact from cited GEO data
work/processed/GSE245386/GSM7841720_mean_logcp10k.tsv.gz	2188915	1f357897a08ed6a42eb54faf5e1d03663c5823073415db902f47ad0445c86b44	baseline_expression_summary_input	Original analysis artifact from cited GEO data
work/processed/GSE245386/GSM7841721_mean_logcp10k.tsv.gz	2146252	aea93bea65677d17720a2ed82dbf9cd592998d3956122617a7b8a52c4d92eacc	baseline_expression_summary_input	Original analysis artifact from cited GEO data
work/processed/GSE245386/GSM7841722_mean_logcp10k.tsv.gz	2155114	97876ffff82da4ff3fdee2979105f2b87bc5c2bee87cd01623623dceb22a158a	baseline_expression_summary_input	Original analysis artifact from cited GEO data
work/processed/GSE245386/GSM7841723_mean_logcp10k.tsv.gz	2182887	72a2e82472072cb073cf2fb789d6f4b54516338bc4f535fcca26c4ec4fa77a46	baseline_expression_summary_input	Original analysis artifact from cited GEO data
work/processed/GSE245386/GSM7841724_mean_logcp10k.tsv.gz	2239024	94fcec91e3a81ca4252761bca86dbf55b77e03dfbf6c931fbb3c4d6b2ca3b33b	baseline_expression_summary_input	Original analysis artifact from cited GEO data
work/repro_v3_cellchat/all_controlled_runner.log	9103	d93291349424277a415f830c8049e5414ec840ba3cf6ce710097b49e87d6a50a	analysis_table_narrative_or_provenance	Original analysis artifact with cited external source attribution where applicable
work/repro_v3_cellchat/analysis_sessionInfo.txt	3078	35b41f448d7e8a947bc49ac8366ecb9972f177f09cb63ab9b337e59d7acabc25	analysis_table_narrative_or_provenance	Original analysis artifact with cited external source attribution where applicable
work/repro_v3_cellchat/controlled/GSE174574/GSM5319987/cells.tsv.gz	42401	6f9332d3b6062bac7c1cd4d368059c5f9683113fa9d962326cad2efdcf0032b0	controlled_model_input_output_or_execution_audit	Analysis artifact; native CellChat source and database licensing is preserved separately
work/repro_v3_cellchat/controlled/GSE174574/GSM5319987/full_network.tsv.gz	617114	8c01d5014dc97de94c78a2c0e6144182b889309cb375609f0a6558596d7bb609	controlled_model_input_output_or_execution_audit	Analysis artifact; native CellChat source and database licensing is preserved separately
work/repro_v3_cellchat/controlled/GSE174574/GSM5319987/full_network_lossless.tsv.gz	618668	77422e24ed1b5c9d6686415a0941719eac4a1454a58b06514aa65776d1df9bed	controlled_model_input_output_or_execution_audit	Analysis artifact; native CellChat source and database licensing is preserved separately
work/repro_v3_cellchat/controlled/GSE174574/GSM5319987/genes.tsv	5907	c1bd568dfd32945aa16b4614b743dcb5cd94ba10926cd43fb3437484825eea65	controlled_model_input_output_or_execution_audit	Analysis artifact; native CellChat source and database licensing is preserved separately
work/repro_v3_cellchat/controlled/GSE174574/GSM5319987/input_audit.json	1401	eb79bff63c52e6e9de4396a4bf105b4c4d845c6c4172bfa6f4f302be15b8680e	controlled_model_input_output_or_execution_audit	Analysis artifact; native CellChat source and database licensing is preserved separately
work/repro_v3_cellchat/controlled/GSE174574/GSM5319987/logcp10k_signal.mtx.gz	998809	24cf8d1cf24eba98dc05acaa87695683f97fbda1df8752b7d4686d8daa23cdc5	controlled_model_input_output_or_execution_audit	Analysis artifact; native CellChat source and database licensing is preserved separately
work/repro_v3_cellchat/controlled/GSE174574/GSM5319987/lossless_export_audit.json	803	a6468f6e0c063a0cf90cac6654a02ed2e44983feaedfab9a69e5fdfadfd30fd2	controlled_model_input_output_or_execution_audit	Analysis artifact; native CellChat source and database licensing is preserved separately
work/repro_v3_cellchat/controlled/GSE174574/GSM5319987/memory_trace.tsv	1936	0994d1ded7e283c896203bd7c6bf239602287d337e0a8cfff961c44e2d399b0e	controlled_model_input_output_or_execution_audit	Analysis artifact; native CellChat source and database licensing is preserved separately
work/repro_v3_cellchat/controlled/GSE174574/GSM5319987/model.log	28174	87bddc4d36fb423e7403c7068b288c65e4972a434e8a5ecba6e97050b5d6986c	controlled_model_input_output_or_execution_audit	Analysis artifact; native CellChat source and database licensing is preserved separately
work/repro_v3_cellchat/controlled/GSE174574/GSM5319987/model_audit.json	1398	7463378beb6d0a4ae43cddea6684e73af8244b8d6f15006a635027461f9579f6	controlled_model_input_output_or_execution_audit	Analysis artifact; native CellChat source and database licensing is preserved separately
work/repro_v3_cellchat/controlled/GSE174574/GSM5319987/native_network.rds	166155	163bc43cd8f10d85c1293ac125667f9b69b377b5fad69265f3b35611e52c77c3	controlled_model_input_output_or_execution_audit	Analysis artifact; native CellChat source and database licensing is preserved separately
work/repro_v3_cellchat/controlled/GSE174574/GSM5319987/run_telemetry.json	928	45bf46f5fea01df69512895fd9668c3d9fe00dbd0aec1f1b60a63729e7e1a6f7	controlled_model_input_output_or_execution_audit	Analysis artifact; native CellChat source and database licensing is preserved separately
work/repro_v3_cellchat/controlled/GSE174574/GSM5319988/cells.tsv.gz	41491	8bac4aa276a127c61acd9438717c8eee53208b9f7ec984e5d4af69a1ce0288f0	controlled_model_input_output_or_execution_audit	Analysis artifact; native CellChat source and database licensing is preserved separately
work/repro_v3_cellchat/controlled/GSE174574/GSM5319988/full_network.tsv.gz	615699	d0c663d541c01497262d8d6dc6fbb3fd7e50b63c477ed0722b2f8c5d805cd753	controlled_model_input_output_or_execution_audit	Analysis artifact; native CellChat source and database licensing is preserved separately
work/repro_v3_cellchat/controlled/GSE174574/GSM5319988/full_network_lossless.tsv.gz	616801	852bfe7bf51dcff834f7481f3c3e97412204e09707c33cb04e42b483531d102e	controlled_model_input_output_or_execution_audit	Analysis artifact; native CellChat source and database licensing is preserved separately
work/repro_v3_cellchat/controlled/GSE174574/GSM5319988/genes.tsv	5907	c1bd568dfd32945aa16b4614b743dcb5cd94ba10926cd43fb3437484825eea65	controlled_model_input_output_or_execution_audit	Analysis artifact; native CellChat source and database licensing is preserved separately
work/repro_v3_cellchat/controlled/GSE174574/GSM5319988/input_audit.json	1401	04d509b7bf96b2a514bcb6d5310866c19c13dcb1cde467ff7cd72b392e42fac7	controlled_model_input_output_or_execution_audit	Analysis artifact; native CellChat source and database licensing is preserved separately
work/repro_v3_cellchat/controlled/GSE174574/GSM5319988/logcp10k_signal.mtx.gz	998289	3da65620e27dc1d71ed50bf46243c55f18b6630f9e9fda017e025438771735a0	controlled_model_input_output_or_execution_audit	Analysis artifact; native CellChat source and database licensing is preserved separately
work/repro_v3_cellchat/controlled/GSE174574/GSM5319988/lossless_export_audit.json	803	8dbad2e24ff6ff3ae57f4883b10ea68996bfb9273085a812a2b70d438bd51a33	controlled_model_input_output_or_execution_audit	Analysis artifact; native CellChat source and database licensing is preserved separately
work/repro_v3_cellchat/controlled/GSE174574/GSM5319988/memory_trace.tsv	2244	b167d57fdbe3330408c55b3456a893e2c2b5bebdcb49dcb82b8b8ed6cc4489c3	controlled_model_input_output_or_execution_audit	Analysis artifact; native CellChat source and database licensing is preserved separately
work/repro_v3_cellchat/controlled/GSE174574/GSM5319988/model.log	28174	ce144f1792dc4ac10c61662e46a1547fed2f60149dfb6c1f2a0ed4407ef04b6f	controlled_model_input_output_or_execution_audit	Analysis artifact; native CellChat source and database licensing is preserved separately
work/repro_v3_cellchat/controlled/GSE174574/GSM5319988/model_audit.json	1412	56c1845695572cbac555e8322c7c98c9bb9a21fcedfb2fdf15689923eb22299b	controlled_model_input_output_or_execution_audit	Analysis artifact; native CellChat source and database licensing is preserved separately
work/repro_v3_cellchat/controlled/GSE174574/GSM5319988/native_network.rds	163790	d615bb71d7d3fa573c2b67271e32e699e1f49203711b5ae6719e80b7842567a4	controlled_model_input_output_or_execution_audit	Analysis artifact; native CellChat source and database licensing is preserved separately
work/repro_v3_cellchat/controlled/GSE174574/GSM5319988/run_telemetry.json	928	fe4cab53e28408219d1261a2bf83e792086986629713b3b280834a072cc791fe	controlled_model_input_output_or_execution_audit	Analysis artifact; native CellChat source and database licensing is preserved separately
work/repro_v3_cellchat/controlled/GSE174574/GSM5319989/cells.tsv.gz	48807	0a7ff431a9c00aaddcfa78d2b3b171d47111b2aaa0c49d0d9c89989e466e1845	controlled_model_input_output_or_execution_audit	Analysis artifact; native CellChat source and database licensing is preserved separately
work/repro_v3_cellchat/controlled/GSE174574/GSM5319989/full_network.tsv.gz	702181	192394fdd665f732769fb6019dbed3be230139d9c5998afbc8f75d0352626002	controlled_model_input_output_or_execution_audit	Analysis artifact; native CellChat source and database licensing is preserved separately
work/repro_v3_cellchat/controlled/GSE174574/GSM5319989/full_network_lossless.tsv.gz	704102	1613e4b1d70328b503e53411f120d3f291a04b0d58da4ebcd4337b46b00577d3	controlled_model_input_output_or_execution_audit	Analysis artifact; native CellChat source and database licensing is preserved separately
work/repro_v3_cellchat/controlled/GSE174574/GSM5319989/genes.tsv	5907	c1bd568dfd32945aa16b4614b743dcb5cd94ba10926cd43fb3437484825eea65	controlled_model_input_output_or_execution_audit	Analysis artifact; native CellChat source and database licensing is preserved separately
work/repro_v3_cellchat/controlled/GSE174574/GSM5319989/input_audit.json	1425	40fcf06cd47abc914064e5b6480a705769c221143658d0d4c8c53e6b8a3fc11f	controlled_model_input_output_or_execution_audit	Analysis artifact; native CellChat source and database licensing is preserved separately
work/repro_v3_cellchat/controlled/GSE174574/GSM5319989/logcp10k_signal.mtx.gz	1208549	291cd98e4d17e49f03a8b43ac985b1c940690d6a4c197c177a7f54c8160982f5	controlled_model_input_output_or_execution_audit	Analysis artifact; native CellChat source and database licensing is preserved separately
work/repro_v3_cellchat/controlled/GSE174574/GSM5319989/lossless_export_audit.json	803	eb50da2d0ffa53d8db7ccd6787ab4b506ab36b8b1b309a0f2b7d03a8fcd2f391	controlled_model_input_output_or_execution_audit	Analysis artifact; native CellChat source and database licensing is preserved separately
work/repro_v3_cellchat/controlled/GSE174574/GSM5319989/memory_trace.tsv	1751	39265ab6d53ca58a771f1108fc27341224e4cf3d9b2b6820940d1d867403e331	controlled_model_input_output_or_execution_audit	Analysis artifact; native CellChat source and database licensing is preserved separately
work/repro_v3_cellchat/controlled/GSE174574/GSM5319989/model.log	28185	493a9b5b0c85fa738bc74b65135e874a7ee20096b02503986d5b5eecdb8888d7	controlled_model_input_output_or_execution_audit	Analysis artifact; native CellChat source and database licensing is preserved separately
work/repro_v3_cellchat/controlled/GSE174574/GSM5319989/model_audit.json	1412	7aeb714a55d4e8ce2a384c5eab97deccef370ee66bfe0e9014fc955f4e4499d0	controlled_model_input_output_or_execution_audit	Analysis artifact; native CellChat source and database licensing is preserved separately
work/repro_v3_cellchat/controlled/GSE174574/GSM5319989/native_network.rds	180454	c571e1b0a43bd17889951df1058fc819510428102e3e6e022fcde36d98c998ad	controlled_model_input_output_or_execution_audit	Analysis artifact; native CellChat source and database licensing is preserved separately
work/repro_v3_cellchat/controlled/GSE174574/GSM5319989/run_telemetry.json	929	e4de154f91759c0be4df8dd255a44e95ed50516ced3fddaafbcf76f2ad6652e9	controlled_model_input_output_or_execution_audit	Analysis artifact; native CellChat source and database licensing is preserved separately
work/repro_v3_cellchat/controlled/GSE174574/GSM5319990/cells.tsv.gz	68467	881475eb387aa2250ea757190da7050cdb5a9341fcd90cf071acb6875c9dccf0	controlled_model_input_output_or_execution_audit	Analysis artifact; native CellChat source and database licensing is preserved separately
work/repro_v3_cellchat/controlled/GSE174574/GSM5319990/full_network.tsv.gz	849032	13b1c552f3d6db9364865676d99ecad32601a115a7d303816d95b99c2f994eb0	controlled_model_input_output_or_execution_audit	Analysis artifact; native CellChat source and database licensing is preserved separately
work/repro_v3_cellchat/controlled/GSE174574/GSM5319990/full_network_lossless.tsv.gz	851479	8cca751c8998cb666e00aac0f3c53465f348c2bc367279ac79e1918a1caf2a62	controlled_model_input_output_or_execution_audit	Analysis artifact; native CellChat source and database licensing is preserved separately
work/repro_v3_cellchat/controlled/GSE174574/GSM5319990/genes.tsv	5907	c1bd568dfd32945aa16b4614b743dcb5cd94ba10926cd43fb3437484825eea65	controlled_model_input_output_or_execution_audit	Analysis artifact; native CellChat source and database licensing is preserved separately
work/repro_v3_cellchat/controlled/GSE174574/GSM5319990/input_audit.json	1449	25a88f9b99f9e2efbac4eee222a4c986955a79c9187ed5f8dc64133d3dd369b5	controlled_model_input_output_or_execution_audit	Analysis artifact; native CellChat source and database licensing is preserved separately
work/repro_v3_cellchat/controlled/GSE174574/GSM5319990/logcp10k_signal.mtx.gz	1881124	d31cfbc8166803eeddc39d85c01c0f1fce3977331b7741f8be4810508cab7ff7	controlled_model_input_output_or_execution_audit	Analysis artifact; native CellChat source and database licensing is preserved separately
work/repro_v3_cellchat/controlled/GSE174574/GSM5319990/lossless_export_audit.json	804	58f359f66d309bbc8a8e3b13a5c0440e5ff1e4de422a64743b7488f8f9be8242	controlled_model_input_output_or_execution_audit	Analysis artifact; native CellChat source and database licensing is preserved separately
work/repro_v3_cellchat/controlled/GSE174574/GSM5319990/memory_trace.tsv	2050	5eb4ace3327eb178376edd2594261eac73753363b956fc4ed3e8bc99be68b92a	controlled_model_input_output_or_execution_audit	Analysis artifact; native CellChat source and database licensing is preserved separately
work/repro_v3_cellchat/controlled/GSE174574/GSM5319990/model.log	28197	8a0f9f407d6a813310b2a6022cef7ecfae74007a1caef16a3a612df90ad036bd	controlled_model_input_output_or_execution_audit	Analysis artifact; native CellChat source and database licensing is preserved separately
work/repro_v3_cellchat/controlled/GSE174574/GSM5319990/model_audit.json	1412	a960bb7945acbc9e7ffbc3e463d4e4b3b4b7837b13ddbd676072be265d516467	controlled_model_input_output_or_execution_audit	Analysis artifact; native CellChat source and database licensing is preserved separately
work/repro_v3_cellchat/controlled/GSE174574/GSM5319990/native_network.rds	209362	26014d33d36fdd38bc03d474d7186981d3de50da76a0381534f9ae3b2c4fd167	controlled_model_input_output_or_execution_audit	Analysis artifact; native CellChat source and database licensing is preserved separately
work/repro_v3_cellchat/controlled/GSE174574/GSM5319990/run_telemetry.json	929	47113731f4f897dc7c6421fa4f72cc58a69b7589868068c6d4f413841a3eafd6	controlled_model_input_output_or_execution_audit	Analysis artifact; native CellChat source and database licensing is preserved separately
work/repro_v3_cellchat/controlled/GSE174574/GSM5319991/cells.tsv.gz	65980	df4dbe5ed94e58fce567187f9bfba3f4154c7296cb37245d4037975d16208e07	controlled_model_input_output_or_execution_audit	Analysis artifact; native CellChat source and database licensing is preserved separately
work/repro_v3_cellchat/controlled/GSE174574/GSM5319991/full_network.tsv.gz	847593	f60de3b1aa299cfaa2a2804bb2dcf8198d445a8df3164f7f458295aad85fa06b	controlled_model_input_output_or_execution_audit	Analysis artifact; native CellChat source and database licensing is preserved separately
work/repro_v3_cellchat/controlled/GSE174574/GSM5319991/full_network_lossless.tsv.gz	849826	127e9f5239c193c775bcee113e758573d5d0c02fd90a6c2b185016ce22f2e180	controlled_model_input_output_or_execution_audit	Analysis artifact; native CellChat source and database licensing is preserved separately
work/repro_v3_cellchat/controlled/GSE174574/GSM5319991/genes.tsv	5907	c1bd568dfd32945aa16b4614b743dcb5cd94ba10926cd43fb3437484825eea65	controlled_model_input_output_or_execution_audit	Analysis artifact; native CellChat source and database licensing is preserved separately
work/repro_v3_cellchat/controlled/GSE174574/GSM5319991/input_audit.json	1448	a949cec63a81100a0165d2d724b3694cfc208c4464ba05eff30c0f95c9bedce4	controlled_model_input_output_or_execution_audit	Analysis artifact; native CellChat source and database licensing is preserved separately
work/repro_v3_cellchat/controlled/GSE174574/GSM5319991/logcp10k_signal.mtx.gz	1787855	26b237f92bbd19d31580eb66a87299525b17959be4cff0e8133c36293acbff9c	controlled_model_input_output_or_execution_audit	Analysis artifact; native CellChat source and database licensing is preserved separately
work/repro_v3_cellchat/controlled/GSE174574/GSM5319991/lossless_export_audit.json	802	8d36530e3bb0bfc0c5c674fdcef7d960e693088e41659ffc4857d97610f05e39	controlled_model_input_output_or_execution_audit	Analysis artifact; native CellChat source and database licensing is preserved separately
work/repro_v3_cellchat/controlled/GSE174574/GSM5319991/memory_trace.tsv	1901	77c7cdaba2660f17611ac494259ba768fe9315e37e87586bdc6fe201becf8411	controlled_model_input_output_or_execution_audit	Analysis artifact; native CellChat source and database licensing is preserved separately
work/repro_v3_cellchat/controlled/GSE174574/GSM5319991/model.log	28197	7580fdc8f10557995cbfad8cab7d572197f4bdc58e55dc41b76eb68e55a86649	controlled_model_input_output_or_execution_audit	Analysis artifact; native CellChat source and database licensing is preserved separately
work/repro_v3_cellchat/controlled/GSE174574/GSM5319991/model_audit.json	1400	1d604cc8821a6c016cef217f84965b5aa1ab28dfb33aa2f0bfc0913300eb9436	controlled_model_input_output_or_execution_audit	Analysis artifact; native CellChat source and database licensing is preserved separately
work/repro_v3_cellchat/controlled/GSE174574/GSM5319991/native_network.rds	205219	441122135d12585c63df637624e0bb1fc36ee3a1ceaf3629eeefc4572b976604	controlled_model_input_output_or_execution_audit	Analysis artifact; native CellChat source and database licensing is preserved separately
work/repro_v3_cellchat/controlled/GSE174574/GSM5319991/run_telemetry.json	929	c562fe5816404cc38076243593a90c21d83c5c3d0c5637ad690b4723f7a07b72	controlled_model_input_output_or_execution_audit	Analysis artifact; native CellChat source and database licensing is preserved separately
work/repro_v3_cellchat/controlled/GSE174574/GSM5319992/cells.tsv.gz	50885	34be822541f15bd61586374980635388409df93c5edb71be6e2da1029e77966b	controlled_model_input_output_or_execution_audit	Analysis artifact; native CellChat source and database licensing is preserved separately
work/repro_v3_cellchat/controlled/GSE174574/GSM5319992/full_network.tsv.gz	852640	4d890bcda4ab41c0d00a1e42587f19f30c7bb1503f20999059dcda3fa008b3ce	controlled_model_input_output_or_execution_audit	Analysis artifact; native CellChat source and database licensing is preserved separately
work/repro_v3_cellchat/controlled/GSE174574/GSM5319992/full_network_lossless.tsv.gz	855134	cf776f898ae7d04aae83091c642b659ea0d1cb8e0435d9636600e9624374f658	controlled_model_input_output_or_execution_audit	Analysis artifact; native CellChat source and database licensing is preserved separately
work/repro_v3_cellchat/controlled/GSE174574/GSM5319992/genes.tsv	5907	c1bd568dfd32945aa16b4614b743dcb5cd94ba10926cd43fb3437484825eea65	controlled_model_input_output_or_execution_audit	Analysis artifact; native CellChat source and database licensing is preserved separately
work/repro_v3_cellchat/controlled/GSE174574/GSM5319992/input_audit.json	1445	4232c0f9edaf4433d8bf378dde3623d2b8d45519f6162673ef74f83b5d1463eb	controlled_model_input_output_or_execution_audit	Analysis artifact; native CellChat source and database licensing is preserved separately
work/repro_v3_cellchat/controlled/GSE174574/GSM5319992/logcp10k_signal.mtx.gz	1466872	2ed1f50fc0ecbe9803e88b5bfb2007764280c7850b64b6ed17d4ab18ad1f5f69	controlled_model_input_output_or_execution_audit	Analysis artifact; native CellChat source and database licensing is preserved separately
work/repro_v3_cellchat/controlled/GSE174574/GSM5319992/lossless_export_audit.json	804	d5992c49bca93d0c4b755bbfec2fec4a6c712a93c98bc7d3871eb1eeca891452	controlled_model_input_output_or_execution_audit	Analysis artifact; native CellChat source and database licensing is preserved separately
work/repro_v3_cellchat/controlled/GSE174574/GSM5319992/memory_trace.tsv	1792	c9000d38b75fff7b9495d696df7d8be7b7d648a58eeb0fe471301ebd66369c2b	controlled_model_input_output_or_execution_audit	Analysis artifact; native CellChat source and database licensing is preserved separately
work/repro_v3_cellchat/controlled/GSE174574/GSM5319992/model.log	28195	d54f421bbfda149febae5d89e0ca6e62814ae059baf7e396322c24b6e27da358	controlled_model_input_output_or_execution_audit	Analysis artifact; native CellChat source and database licensing is preserved separately
work/repro_v3_cellchat/controlled/GSE174574/GSM5319992/model_audit.json	1412	552463b704d855165eb6ab600b32b525db06617fc9e7b7dedd1b374caa7eaa0d	controlled_model_input_output_or_execution_audit	Analysis artifact; native CellChat source and database licensing is preserved separately
work/repro_v3_cellchat/controlled/GSE174574/GSM5319992/native_network.rds	186457	2af2ac3d75fc9872021a65b80b439f1d8e69639a8536c1ea8307d22340435c65	controlled_model_input_output_or_execution_audit	Analysis artifact; native CellChat source and database licensing is preserved separately
work/repro_v3_cellchat/controlled/GSE174574/GSM5319992/run_telemetry.json	929	1a96f265cd02f8872f24dcb047d7a937bfca5ee972faf1420ffe9aa1f91deff3	controlled_model_input_output_or_execution_audit	Analysis artifact; native CellChat source and database licensing is preserved separately
work/repro_v3_cellchat/controlled/GSE245386/GSM7841720/cells.tsv.gz	91947	1b1937c92a750b929d7ca65a0cf7fdc9a4a83958d5f8f74530790b44c64fe538	controlled_model_input_output_or_execution_audit	Analysis artifact; native CellChat source and database licensing is preserved separately
work/repro_v3_cellchat/controlled/GSE245386/GSM7841720/full_network.tsv.gz	1158905	fcef4b766942fd85a5a08e4eeb342e57d34c767a8928754a0804c515c0b442ff	controlled_model_input_output_or_execution_audit	Analysis artifact; native CellChat source and database licensing is preserved separately
work/repro_v3_cellchat/controlled/GSE245386/GSM7841720/full_network_lossless.tsv.gz	1165000	349424440ffeb6a1d770ed0aff9071b32fd683be9020daae81492761060d8c20	controlled_model_input_output_or_execution_audit	Analysis artifact; native CellChat source and database licensing is preserved separately
work/repro_v3_cellchat/controlled/GSE245386/GSM7841720/genes.tsv	5907	c1bd568dfd32945aa16b4614b743dcb5cd94ba10926cd43fb3437484825eea65	controlled_model_input_output_or_execution_audit	Analysis artifact; native CellChat source and database licensing is preserved separately
work/repro_v3_cellchat/controlled/GSE245386/GSM7841720/input_audit.json	1484	150580046d60d109c9c09a876778fd0fa1bb1c60757f718adc53476cdce6a113	controlled_model_input_output_or_execution_audit	Analysis artifact; native CellChat source and database licensing is preserved separately
work/repro_v3_cellchat/controlled/GSE245386/GSM7841720/logcp10k_signal.mtx.gz	3347107	fff88b5c73524561c03f29fa7318606683b5fe8f6971ac5441b04b9e419f6e7a	controlled_model_input_output_or_execution_audit	Analysis artifact; native CellChat source and database licensing is preserved separately
work/repro_v3_cellchat/controlled/GSE245386/GSM7841720/lossless_export_audit.json	804	1805a5e50bb0047138abbd927b378432ebf2ab3f0ad92543f22794c1e86f1e29	controlled_model_input_output_or_execution_audit	Analysis artifact; native CellChat source and database licensing is preserved separately
work/repro_v3_cellchat/controlled/GSE245386/GSM7841720/memory_trace.tsv	2797	324d39684945b2ab559f8a483cd41a0806c4ff72b6f5373e3e96e4d27b914f25	controlled_model_input_output_or_execution_audit	Analysis artifact; native CellChat source and database licensing is preserved separately
work/repro_v3_cellchat/controlled/GSE245386/GSM7841720/model.log	28210	a30dde7acb836f3dd28d3c138eb197d8f68fdf053458626007d9475db9ff1771	controlled_model_input_output_or_execution_audit	Analysis artifact; native CellChat source and database licensing is preserved separately
work/repro_v3_cellchat/controlled/GSE245386/GSM7841720/model_audit.json	1413	b7acdaa13cf4ee32aa4ddf17abf32e22ae7b1e2f28d0c8ae9ba482aa5d3e6c84	controlled_model_input_output_or_execution_audit	Analysis artifact; native CellChat source and database licensing is preserved separately
work/repro_v3_cellchat/controlled/GSE245386/GSM7841720/native_network.rds	263550	0da5834c88787d31776cbda1cb4f702a43443419b7dd1b246c2cee9cc4f98f2f	controlled_model_input_output_or_execution_audit	Analysis artifact; native CellChat source and database licensing is preserved separately
work/repro_v3_cellchat/controlled/GSE245386/GSM7841720/rds_tsv_precision_audit.json	194	7e713e3c91911ba826ac4482c0642cb1c206b2d660e0c7b8255eb5b26d812671	controlled_model_input_output_or_execution_audit	Analysis artifact; native CellChat source and database licensing is preserved separately
work/repro_v3_cellchat/controlled/GSE245386/GSM7841720/run_telemetry.json	928	6bec7c0034b13357ac662d38572251f893306a2c01102882b9350ede7d62b513	controlled_model_input_output_or_execution_audit	Analysis artifact; native CellChat source and database licensing is preserved separately
work/repro_v3_cellchat/controlled/GSE245386/GSM7841721/cells.tsv.gz	68736	daac5aaba8b9ed44174dfec3fe817137fefdae1a69a7030cb53eab14cce55f4f	controlled_model_input_output_or_execution_audit	Analysis artifact; native CellChat source and database licensing is preserved separately
work/repro_v3_cellchat/controlled/GSE245386/GSM7841721/full_network.tsv.gz	907714	276545e0587e70515578911bdf17221774131b6f7e5989f99f67393864cf9daf	controlled_model_input_output_or_execution_audit	Analysis artifact; native CellChat source and database licensing is preserved separately
work/repro_v3_cellchat/controlled/GSE245386/GSM7841721/full_network_lossless.tsv.gz	916786	f2813ef2a6b83d7fa887081eacda259c8782cfe223966ecc4b7461411b2926b8	controlled_model_input_output_or_execution_audit	Analysis artifact; native CellChat source and database licensing is preserved separately
work/repro_v3_cellchat/controlled/GSE245386/GSM7841721/genes.tsv	5907	c1bd568dfd32945aa16b4614b743dcb5cd94ba10926cd43fb3437484825eea65	controlled_model_input_output_or_execution_audit	Analysis artifact; native CellChat source and database licensing is preserved separately
work/repro_v3_cellchat/controlled/GSE245386/GSM7841721/input_audit.json	1443	96db164a757b2a0e70cc87de03fb51d41e2e661f578389a004dbbac210022b3c	controlled_model_input_output_or_execution_audit	Analysis artifact; native CellChat source and database licensing is preserved separately
work/repro_v3_cellchat/controlled/GSE245386/GSM7841721/logcp10k_signal.mtx.gz	3095648	b19b921f183b72def6236d3f54c7b80e149d75deeb9dfd2ad761b77c53f46cc6	controlled_model_input_output_or_execution_audit	Analysis artifact; native CellChat source and database licensing is preserved separately
work/repro_v3_cellchat/controlled/GSE245386/GSM7841721/lossless_export_audit.json	804	5d6414bc032ab55c3e9c08950b9f970a4bf14d86d5547307bd5482f500dd59a6	controlled_model_input_output_or_execution_audit	Analysis artifact; native CellChat source and database licensing is preserved separately
work/repro_v3_cellchat/controlled/GSE245386/GSM7841721/memory_trace.tsv	2731	66ba098f479993b13668e9f575e7c5bc63c620159798720768387d41178d313c	controlled_model_input_output_or_execution_audit	Analysis artifact; native CellChat source and database licensing is preserved separately
work/repro_v3_cellchat/controlled/GSE245386/GSM7841721/model.log	28192	d4703fbdf456c3897a751d397c7e57e3df59a6f4da2380f71a8b84d4ba04d85e	controlled_model_input_output_or_execution_audit	Analysis artifact; native CellChat source and database licensing is preserved separately
work/repro_v3_cellchat/controlled/GSE245386/GSM7841721/model_audit.json	1400	40ae7c67f77734e6d4d18540a3cacdca0ef65f72ff39babcfc117022e89e3206	controlled_model_input_output_or_execution_audit	Analysis artifact; native CellChat source and database licensing is preserved separately
work/repro_v3_cellchat/controlled/GSE245386/GSM7841721/native_network.rds	251202	a6a65e2bb1cd218685ccd25296033da1868998888c71ac8fa0120b7daa5865ae	controlled_model_input_output_or_execution_audit	Analysis artifact; native CellChat source and database licensing is preserved separately
work/repro_v3_cellchat/controlled/GSE245386/GSM7841721/run_telemetry.json	929	8d5c98a1be0cba8deab683260a71985c5fae27441f8e7d7843086203b9242a65	controlled_model_input_output_or_execution_audit	Analysis artifact; native CellChat source and database licensing is preserved separately
work/repro_v3_cellchat/controlled/GSE245386/GSM7841722/cells.tsv.gz	65140	0076e42572173a416e7ab696d9a1e1b1b611583af0e727fed3fbb60856277ecc	controlled_model_input_output_or_execution_audit	Analysis artifact; native CellChat source and database licensing is preserved separately
work/repro_v3_cellchat/controlled/GSE245386/GSM7841722/full_network.tsv.gz	902340	48cbd0e8eda64b1ef5bae6ee80eb41b1f34a61540cf62a69daa0e9be9da3954d	controlled_model_input_output_or_execution_audit	Analysis artifact; native CellChat source and database licensing is preserved separately
work/repro_v3_cellchat/controlled/GSE245386/GSM7841722/full_network_lossless.tsv.gz	910670	0fd6ebc8346ab8903ade89b0f4a79f55f935bdbf58d339e7a651c2c753a4dac0	controlled_model_input_output_or_execution_audit	Analysis artifact; native CellChat source and database licensing is preserved separately
work/repro_v3_cellchat/controlled/GSE245386/GSM7841722/genes.tsv	5907	c1bd568dfd32945aa16b4614b743dcb5cd94ba10926cd43fb3437484825eea65	controlled_model_input_output_or_execution_audit	Analysis artifact; native CellChat source and database licensing is preserved separately
work/repro_v3_cellchat/controlled/GSE245386/GSM7841722/input_audit.json	1442	9969951d8c9b9b4f157c2162ffd9bec3f585777150f25ff228bcdd00860b37fd	controlled_model_input_output_or_execution_audit	Analysis artifact; native CellChat source and database licensing is preserved separately
work/repro_v3_cellchat/controlled/GSE245386/GSM7841722/logcp10k_signal.mtx.gz	2971885	888fcd5d1fd03b24906af5589be113b981a738115f1ce83ef2c77bb4ff93bf41	controlled_model_input_output_or_execution_audit	Analysis artifact; native CellChat source and database licensing is preserved separately
work/repro_v3_cellchat/controlled/GSE245386/GSM7841722/lossless_export_audit.json	804	cca3bf0e1693bcab6759ebafa46f124cb45afb7b356d3d9f654d82cdde5cb434	controlled_model_input_output_or_execution_audit	Analysis artifact; native CellChat source and database licensing is preserved separately
work/repro_v3_cellchat/controlled/GSE245386/GSM7841722/memory_trace.tsv	2516	6d12c26160f7d057d305ffd13e8c17d9045c8f419c2df89fcd11feda477bef5b	controlled_model_input_output_or_execution_audit	Analysis artifact; native CellChat source and database licensing is preserved separately
work/repro_v3_cellchat/controlled/GSE245386/GSM7841722/model.log	28193	03e036de5d42f237ca0943e8b47611af1c2dcbedb20b5a3a5dbbce46148c62aa	controlled_model_input_output_or_execution_audit	Analysis artifact; native CellChat source and database licensing is preserved separately
work/repro_v3_cellchat/controlled/GSE245386/GSM7841722/model_audit.json	1410	3f5e6d3d5aea39a627d7284b2745b6d3ff0c627a16c0da84f388a09df44ac4ae	controlled_model_input_output_or_execution_audit	Analysis artifact; native CellChat source and database licensing is preserved separately
work/repro_v3_cellchat/controlled/GSE245386/GSM7841722/native_network.rds	242466	f288690299a0b0b2d6d98601f18b737a7aaf6c362c92dd5fb803c2ae149b9aca	controlled_model_input_output_or_execution_audit	Analysis artifact; native CellChat source and database licensing is preserved separately
work/repro_v3_cellchat/controlled/GSE245386/GSM7841722/run_telemetry.json	927	61a34bca0cb2e23ae2f84a6d7173995f4812bd62c494d09f09859effa7739c69	controlled_model_input_output_or_execution_audit	Analysis artifact; native CellChat source and database licensing is preserved separately
work/repro_v3_cellchat/controlled/GSE245386/GSM7841723/cells.tsv.gz	67641	f12b739d392b1c0d7d098c48afca0ff80b4aae61f16088af948013b1e4c994eb	controlled_model_input_output_or_execution_audit	Analysis artifact; native CellChat source and database licensing is preserved separately
work/repro_v3_cellchat/controlled/GSE245386/GSM7841723/full_network.tsv.gz	1035938	3d660d3522c02d47cdcb34757b73177fbc29cd00dfabebc9dbbf460a5a6fd01e	controlled_model_input_output_or_execution_audit	Analysis artifact; native CellChat source and database licensing is preserved separately
work/repro_v3_cellchat/controlled/GSE245386/GSM7841723/full_network_lossless.tsv.gz	1047897	3c7bb1a5b55696ce6fba8ec82fc34d01f937e410935d22c439eb28669d6c03a1	controlled_model_input_output_or_execution_audit	Analysis artifact; native CellChat source and database licensing is preserved separately
work/repro_v3_cellchat/controlled/GSE245386/GSM7841723/genes.tsv	5907	c1bd568dfd32945aa16b4614b743dcb5cd94ba10926cd43fb3437484825eea65	controlled_model_input_output_or_execution_audit	Analysis artifact; native CellChat source and database licensing is preserved separately
work/repro_v3_cellchat/controlled/GSE245386/GSM7841723/input_audit.json	1458	b9ea971db5a0e741f10420232f78fba9b3824305478cff643141bc0e9f4ac1b5	controlled_model_input_output_or_execution_audit	Analysis artifact; native CellChat source and database licensing is preserved separately
work/repro_v3_cellchat/controlled/GSE245386/GSM7841723/logcp10k_signal.mtx.gz	3289791	73118a65fe98f012daeef574871c8cb126da3f47c4f2d45fb3463dc8c61d0a10	controlled_model_input_output_or_execution_audit	Analysis artifact; native CellChat source and database licensing is preserved separately
work/repro_v3_cellchat/controlled/GSE245386/GSM7841723/lossless_export_audit.json	804	f13ac361d5435b267166e405e2dfd5771d92dda3b5e6f0fa11eb21324930e114	controlled_model_input_output_or_execution_audit	Analysis artifact; native CellChat source and database licensing is preserved separately
work/repro_v3_cellchat/controlled/GSE245386/GSM7841723/memory_trace.tsv	3072	8bc74cd689abf13f00bd0769769f474e1950571d8fee0baef649986d51d3bf93	controlled_model_input_output_or_execution_audit	Analysis artifact; native CellChat source and database licensing is preserved separately
work/repro_v3_cellchat/controlled/GSE245386/GSM7841723/model.log	28198	7b16c1c6535ab93c0344a44e96376f146c1dc6bb563e12ec3c4c1c2d8ee472f5	controlled_model_input_output_or_execution_audit	Analysis artifact; native CellChat source and database licensing is preserved separately
work/repro_v3_cellchat/controlled/GSE245386/GSM7841723/model_audit.json	1400	371e1673e96543339e3c4359d9dea60d3ed020ac5c852ac1fa567c2d8ba4e701	controlled_model_input_output_or_execution_audit	Analysis artifact; native CellChat source and database licensing is preserved separately
work/repro_v3_cellchat/controlled/GSE245386/GSM7841723/native_network.rds	265672	bd6c22c70943e8015594e002d19ce1caf8d93909e114679bcf987c68cf7db196	controlled_model_input_output_or_execution_audit	Analysis artifact; native CellChat source and database licensing is preserved separately
work/repro_v3_cellchat/controlled/GSE245386/GSM7841723/run_telemetry.json	917	d34b868499b02849b51aa2e729ffd2313d81a6978bb512500ef341e2310e496a	controlled_model_input_output_or_execution_audit	Analysis artifact; native CellChat source and database licensing is preserved separately
work/repro_v3_cellchat/controlled/GSE245386/GSM7841724/cells.tsv.gz	87698	0a719f915ac2d7e9ae5233ac5c9ccf5c8bf28481e9d322ae448f821d9a365daf	controlled_model_input_output_or_execution_audit	Analysis artifact; native CellChat source and database licensing is preserved separately
work/repro_v3_cellchat/controlled/GSE245386/GSM7841724/full_network.tsv.gz	912963	10ddea896956f6e8e287c04a77e974694ad5f45891b069a6c7a15fd65275803d	controlled_model_input_output_or_execution_audit	Analysis artifact; native CellChat source and database licensing is preserved separately
work/repro_v3_cellchat/controlled/GSE245386/GSM7841724/full_network_lossless.tsv.gz	921896	04635ace703a3b19712b78da3bae5b3422f5fc68af1028ef07dd1be861a831f6	controlled_model_input_output_or_execution_audit	Analysis artifact; native CellChat source and database licensing is preserved separately
work/repro_v3_cellchat/controlled/GSE245386/GSM7841724/genes.tsv	5907	c1bd568dfd32945aa16b4614b743dcb5cd94ba10926cd43fb3437484825eea65	controlled_model_input_output_or_execution_audit	Analysis artifact; native CellChat source and database licensing is preserved separately
work/repro_v3_cellchat/controlled/GSE245386/GSM7841724/input_audit.json	1438	93eaf7a3df58085e09c8cb1387e3d6e2c95f9bacacd3ee9468e70043db1773b1	controlled_model_input_output_or_execution_audit	Analysis artifact; native CellChat source and database licensing is preserved separately
work/repro_v3_cellchat/controlled/GSE245386/GSM7841724/logcp10k_signal.mtx.gz	3877784	e49786fe5820036a90310505359b7d4ecb25e6be50b9173b2b487ba8f2bb0756	controlled_model_input_output_or_execution_audit	Analysis artifact; native CellChat source and database licensing is preserved separately
work/repro_v3_cellchat/controlled/GSE245386/GSM7841724/lossless_export_audit.json	804	553424da3aacc51a88db85b389ca08ce3eb83661f767de642161444d3d355ab1	controlled_model_input_output_or_execution_audit	Analysis artifact; native CellChat source and database licensing is preserved separately
work/repro_v3_cellchat/controlled/GSE245386/GSM7841724/memory_trace.tsv	4801	2e790c69262b263c9489f49320cb381fcebf8fc92398649231d342216593c247	controlled_model_input_output_or_execution_audit	Analysis artifact; native CellChat source and database licensing is preserved separately
work/repro_v3_cellchat/controlled/GSE245386/GSM7841724/model.log	28189	7b39a080cdee4bc2a4af48b306acb23d5621d0d95a70c622337d22040af21621	controlled_model_input_output_or_execution_audit	Analysis artifact; native CellChat source and database licensing is preserved separately
work/repro_v3_cellchat/controlled/GSE245386/GSM7841724/model_audit.json	1412	f1d751ecab7382cab22c132f1665bc9991d9f7449d63f23c2663a12de7ba1928	controlled_model_input_output_or_execution_audit	Analysis artifact; native CellChat source and database licensing is preserved separately
work/repro_v3_cellchat/controlled/GSE245386/GSM7841724/native_network.rds	276902	656bd8b4509b9aa44361c1f84fe318fda5b305131aa4e748f4e2c54bfe8bb058	controlled_model_input_output_or_execution_audit	Analysis artifact; native CellChat source and database licensing is preserved separately
work/repro_v3_cellchat/controlled/GSE245386/GSM7841724/run_telemetry.json	929	3b15d393c0ca382ca89fc80ce898b4c45e17dc5fcec499bf9505072cca9fd49e	controlled_model_input_output_or_execution_audit	Analysis artifact; native CellChat source and database licensing is preserved separately
work/repro_v3_cellchat/controlled_resource.tsv	1502744	023596afec94f1dc06529d3432360d724dc8791ff2ce38b20b05fefaeb52daed	analysis_table_narrative_or_provenance	Original analysis artifact with cited external source attribution where applicable
work/repro_v3_cellchat/download_manifest.json	14727	61a74688c7c32f28ec25c8f3db832ce204dd69f5c507897bd1c120c8ef73cb4e	analysis_table_narrative_or_provenance	Original analysis artifact with cited external source attribution where applicable
work/repro_v3_cellchat/environment_summary.json	681	8fb5eb56a05638b1f46bb7d0ba3d61ddffb450c611472beffe4166b52d2d954d	analysis_table_narrative_or_provenance	Original analysis artifact with cited external source attribution where applicable
work/repro_v3_cellchat/install_verify.log	5897	701955410c4c86f135dceab5a5c5c7652716196913d4c658c702192527c1e275	analysis_table_narrative_or_provenance	Original analysis artifact with cited external source attribution where applicable
work/repro_v3_cellchat/installation_sessionInfo.txt	3078	35b41f448d7e8a947bc49ac8366ecb9972f177f09cb63ab9b337e59d7acabc25	analysis_table_narrative_or_provenance	Original analysis artifact with cited external source attribution where applicable
work/repro_v3_cellchat/installed_package_verified.json	11106	6a35ab6718ce627d004e18bbc14c68f488283a84f0c13d4973a1804e7d7c81e9	analysis_table_narrative_or_provenance	Original analysis artifact with cited external source attribution where applicable
work/repro_v3_cellchat/lossless_export.log	522	5f683509652bfc1977f40f43f5007b998d3aa8532a71948456217abbc72bfe29	analysis_table_narrative_or_provenance	Original analysis artifact with cited external source attribution where applicable
work/repro_v3_cellchat/native_package_toy.rds	7108	8e8df5396264bde967ff9069eb658a4d1f89cab8668fc331b8238727cf0378a0	analysis_table_narrative_or_provenance	Original analysis artifact with cited external source attribution where applicable
work/repro_v3_cellchat/pilot_runner.log	909	7ffa9c829c3e69d68405bae2df0faadad03176b676ddc802b6e00ce014d210ac	analysis_table_narrative_or_provenance	Original analysis artifact with cited external source attribution where applicable
work/repro_v3_cellchat/R_packages_effective.tsv	43360	4e00c628ffd9f818be4a106a45904e9f0d85795614ed973192d1bf900444d89d	analysis_table_narrative_or_provenance	Original analysis artifact with cited external source attribution where applicable
work/repro_v3_cellchat/README.md	6333	9e064c08e22af81bb246adb60062484b633ae193dbcb4134b7d95d9b4bf17d7e	analysis_table_narrative_or_provenance	Original analysis artifact with cited external source attribution where applicable
work/repro_v3_cellchat/tables/cross_cohort_concordance.tsv	3595	fc16aa2b1022544514b8e3d8550b74248fae5a80a30eb9b463e5ed4b62f7c55f	analysis_table_narrative_or_provenance	Original analysis artifact with cited external source attribution where applicable
work/repro_v3_cellchat/tables/eligibility_attrition.tsv	367	e1fec94fe74b2df3fab0f805d41353f72f9cef8b091d00a1a6367022c92df670	analysis_table_narrative_or_provenance	Original analysis artifact with cited external source attribution where applicable
work/repro_v3_cellchat/tables/fixed_complete_network_keys.tsv	43598	a397d52c35ae68e6f5561271e50527c1dbda7eeec9cc595404a142b022394e7a	analysis_table_narrative_or_provenance	Original analysis artifact with cited external source attribution where applicable
work/repro_v3_cellchat/tables/fixed_complete_target_keys.tsv	1180	29a582032ca5a8bc5982d661b90242602acfdc55ee059d4ce1afef989416633c	analysis_table_narrative_or_provenance	Original analysis artifact with cited external source attribution where applicable
work/repro_v3_cellchat/tables/fixed_universe_audit.json	2994	7990b4a0901027427accd7d359d8164afa73dad176da380b75e51afe4b6e98c2	analysis_table_narrative_or_provenance	Original analysis artifact with cited external source attribution where applicable
work/repro_v3_cellchat/tables/GSM5319987__fixed_full_network_scores.tsv.gz	39433	e9f25572925bf586b1dd9fddcf155a73fe267698a29394ffd0154fe21d423c38	analysis_table_narrative_or_provenance	Original analysis artifact with cited external source attribution where applicable
work/repro_v3_cellchat/tables/GSM5319987__fixed_LIANA_components.tsv.gz	23637	138a5e54d3928cd0c8f440d4f2cac96b8c9d6e8c34d7cec967cbab4ef390d009	analysis_table_narrative_or_provenance	Original analysis artifact with cited external source attribution where applicable
work/repro_v3_cellchat/tables/GSM5319988__fixed_full_network_scores.tsv.gz	38159	0f5fe91ff2c6de20fcc905d50960ab18b460f6b02d0d642d315e24da1ce014e9	analysis_table_narrative_or_provenance	Original analysis artifact with cited external source attribution where applicable
work/repro_v3_cellchat/tables/GSM5319988__fixed_LIANA_components.tsv.gz	23616	d92cf8b981cf58bdd471ad53271bde7196abacb6b071ba20e3f98a2120764a99	analysis_table_narrative_or_provenance	Original analysis artifact with cited external source attribution where applicable
work/repro_v3_cellchat/tables/GSM5319989__fixed_full_network_scores.tsv.gz	40562	9e02f5259413f5e70f74b08a7bf94fc2e8222d8f2ca9046ddfe0bc11c81e3e66	analysis_table_narrative_or_provenance	Original analysis artifact with cited external source attribution where applicable
work/repro_v3_cellchat/tables/GSM5319989__fixed_LIANA_components.tsv.gz	23600	f4f17729ca1c5b1eb605d57a35ed9f4ad67c4be4aa8e20dbd6b15289a04cfd11	analysis_table_narrative_or_provenance	Original analysis artifact with cited external source attribution where applicable
work/repro_v3_cellchat/tables/GSM5319990__fixed_full_network_scores.tsv.gz	38529	b77610985fe3ab53ea786c2eac08100b6cd3be6fc9ba4ec2b3dad2667802e029	analysis_table_narrative_or_provenance	Original analysis artifact with cited external source attribution where applicable
work/repro_v3_cellchat/tables/GSM5319990__fixed_LIANA_components.tsv.gz	23683	18dbfa348a1b26b8cb4423b0d93d3c0fdbcfa4616bbcceb5935b90b0db5cb511	analysis_table_narrative_or_provenance	Original analysis artifact with cited external source attribution where applicable
work/repro_v3_cellchat/tables/GSM5319991__fixed_full_network_scores.tsv.gz	37732	4e72d05295bf72de3fd3f6c243dd3e933986996493048d2113b15bcf70cd0467	analysis_table_narrative_or_provenance	Original analysis artifact with cited external source attribution where applicable
work/repro_v3_cellchat/tables/GSM5319991__fixed_LIANA_components.tsv.gz	23721	13d67950e75ffb8493dd9e3b1c8aa83d922ca2fea160e94e424dcddf75e71b03	analysis_table_narrative_or_provenance	Original analysis artifact with cited external source attribution where applicable
work/repro_v3_cellchat/tables/GSM5319992__fixed_full_network_scores.tsv.gz	40426	f55c7ae024dc28b54346ad715a3801f5773bc90d62476d4891c859f2677de45b	analysis_table_narrative_or_provenance	Original analysis artifact with cited external source attribution where applicable
work/repro_v3_cellchat/tables/GSM5319992__fixed_LIANA_components.tsv.gz	23697	b2245d3e23c7e0803b123b46e1bd425b7f7658795a7f4a02505ace373c4694da	analysis_table_narrative_or_provenance	Original analysis artifact with cited external source attribution where applicable
work/repro_v3_cellchat/tables/GSM7841720__fixed_full_network_scores.tsv.gz	44378	15c350ede8dd2f870849c278bac0d7e0fe683de24154f3a55686b622186c3e18	analysis_table_narrative_or_provenance	Original analysis artifact with cited external source attribution where applicable
work/repro_v3_cellchat/tables/GSM7841720__fixed_LIANA_components.tsv.gz	23653	135ae4b93f20c5af180ad9b6a09057ba401e7118caeb56654f9a8e68f4ed5309	analysis_table_narrative_or_provenance	Original analysis artifact with cited external source attribution where applicable
work/repro_v3_cellchat/tables/GSM7841721__fixed_full_network_scores.tsv.gz	48460	85ea6e7102bd7ffe52cab8b68fef532719e4db10352005a4759ce447d34d1033	analysis_table_narrative_or_provenance	Original analysis artifact with cited external source attribution where applicable
work/repro_v3_cellchat/tables/GSM7841721__fixed_LIANA_components.tsv.gz	23537	e12e8de80918989c426374877c09c69680b7c4512bcf7cf47ff894804f854cb9	analysis_table_narrative_or_provenance	Original analysis artifact with cited external source attribution where applicable
work/repro_v3_cellchat/tables/GSM7841722__fixed_full_network_scores.tsv.gz	48679	5d1bf80e3c090529b16197c97088dc9f48d03874772538620f758b2cd07417dd	analysis_table_narrative_or_provenance	Original analysis artifact with cited external source attribution where applicable
work/repro_v3_cellchat/tables/GSM7841722__fixed_LIANA_components.tsv.gz	23733	19901c8c90eff35a544c1eadd718dadb9e3e9b5b69c9784f1c0f2e45fc2b70c7	analysis_table_narrative_or_provenance	Original analysis artifact with cited external source attribution where applicable
work/repro_v3_cellchat/tables/GSM7841723__fixed_full_network_scores.tsv.gz	47256	b47e5d00f3b5fb38c84b48fdfce6f1298a50c8001a37cb2c7c216c78fe6a4bc2	analysis_table_narrative_or_provenance	Original analysis artifact with cited external source attribution where applicable
work/repro_v3_cellchat/tables/GSM7841723__fixed_LIANA_components.tsv.gz	23587	1b36a26b029dc30610547de2cb1a934f41e672771f8ca5762d07a1acadc973f2	analysis_table_narrative_or_provenance	Original analysis artifact with cited external source attribution where applicable
work/repro_v3_cellchat/tables/GSM7841724__fixed_full_network_scores.tsv.gz	48100	1b8151e67e7f00a5976a0865896b62adb739933c328f9b220001aad7932f88ca	analysis_table_narrative_or_provenance	Original analysis artifact with cited external source attribution where applicable
work/repro_v3_cellchat/tables/GSM7841724__fixed_LIANA_components.tsv.gz	23604	fc0669c6b9c7eb6f51669fa93c7add785860129719d0c9ecc0dcafb70effbd0b	analysis_table_narrative_or_provenance	Original analysis artifact with cited external source attribution where applicable
work/repro_v3_cellchat/tables/original_187_to_controlled_32_attrition.json	1352	419d7ee7c41b47acd43610b59290977aa20c99c29361eadda5386326a548cfd7	analysis_table_narrative_or_provenance	Original analysis artifact with cited external source attribution where applicable
work/repro_v3_cellchat/tables/original_187_to_controlled_32_attrition.tsv	24937	1096cc6cc5499d61aaa97434be6ceaa04448a20f1b3091a485fba1169ba5be0c	analysis_table_narrative_or_provenance	Original analysis artifact with cited external source attribution where applicable
work/repro_v3_cellchat/tables/sample_manifest.tsv	323	0ba2e39cb65896f3f74f1dd8962e191713359b33917aa2ddc263140eb1e4dc64	analysis_table_narrative_or_provenance	Original analysis artifact with cited external source attribution where applicable
work/repro_v3_cellchat/tables/summary_audit.json	18346	8e589aa6fdb1f0ed2f9d81460c2c9b7463ae298e37ededb11a297cefef8958c5	analysis_table_narrative_or_provenance	Original analysis artifact with cited external source attribution where applicable
work/repro_v3_cellchat/tables/target_disease_effects.tsv.gz	7249	c9a2374bbd814895c0cd80f90a092df70c79b74020a9a2b43346a53cfc7e016e	analysis_table_narrative_or_provenance	Original analysis artifact with cited external source attribution where applicable
work/repro_v3_cellchat/tables/target_sample_scores.tsv.gz	16514	e399967251cc5dd8393770ceb0fdbe9d23cc462c5fcd9944d8ce6af600da57e1	analysis_table_narrative_or_provenance	Original analysis artifact with cited external source attribution where applicable
work/repro_v3_cellchat/tables/tie_zero_audit.tsv	1196	4ee8a1cbe8e3cfe560b34588d040802c5babe60f2c34cacf70e7abe6e626b536	analysis_table_narrative_or_provenance	Original analysis artifact with cited external source attribution where applicable
work/repro_v3_cellchat/tables/zero_strength_target_audit.tsv	6918	78e1ff7de562caddc7360fc66844b8fe7d770af448fdb1937c18bd355234a690	analysis_table_narrative_or_provenance	Original analysis artifact with cited external source attribution where applicable
work/repro_v3_cellchat_archive_manifest.py	6288	8f7117837a84d967a286f312b812e1d92955f3bfbb9241ad441b958147bea615	analysis_or_audit_code	Original project analysis code unless explicitly identified as an upstream copy
work/repro_v3_cellchat_attrition.py	6333	798d9246702161c378247edf15c4717f326fceb48444953a3329ffbcfebf3f89	analysis_or_audit_code	Original project analysis code unless explicitly identified as an upstream copy
work/repro_v3_cellchat_capture_environment.R	1331	29086151990fff9906664190c956414a13f1de44a1641610559551ef258583f0	analysis_or_audit_code	Original project analysis code unless explicitly identified as an upstream copy
work/repro_v3_cellchat_dependency_cost.R	1245	7526cc2199bdf65f0c61088ce3b3eba6bb0fecc46574778ab8033e9fed429e6e	analysis_or_audit_code	Original project analysis code unless explicitly identified as an upstream copy
work/repro_v3_cellchat_editorial_audit.json	5117	3f745211c0fec760a0252f209b3033c7b9139640b34cae7fb9eb4213e794fddc	analysis_table_narrative_or_provenance	Original analysis artifact with cited external source attribution where applicable
work/repro_v3_cellchat_editorial_audit.py	6734	63ee240b0944af1634fd3e54671a27b350a7ccb2d88ce23b8735cde17f43c719	analysis_or_audit_code	Original project analysis code unless explicitly identified as an upstream copy
work/repro_v3_cellchat_environment/build_environment_manifest.py	8537	4a4cf30ba0550f75ab4fa0a6cb1255ffe5b376f59204f9bff1808ffdc8717921	effective_environment_lock_and_restore_audit	Package metadata retains its package attribution; no package binaries included
work/repro_v3_cellchat_environment/capture_audit.json	1748	a106a65c67f776249ee30639f9d6dc741003929e3b4cc0fcc78f24a65def1147	effective_environment_lock_and_restore_audit	Package metadata retains its package attribution; no package binaries included
work/repro_v3_cellchat_environment/capture_environment.R	5480	6b2ac1061d6a18dbd338e01aa7585e712e7048f8268cf044b00145855f00a35f	effective_environment_lock_and_restore_audit	Package metadata retains its package attribution; no package binaries included
work/repro_v3_cellchat_environment/capture_python_audit.py	7751	94386e71fbaf17dc4d199a89f55ad8bdbc89deb18e7066b554093e4ac46db1cb	effective_environment_lock_and_restore_audit	Package metadata retains its package attribution; no package binaries included
work/repro_v3_cellchat_environment/environment_lock_audit.json	1504	0a408207a74b5325ca0a14da2ff4d3b88211990933b3781a039bd93d8c35519b	effective_environment_lock_and_restore_audit	Package metadata retains its package attribution; no package binaries included
work/repro_v3_cellchat_environment/environment_manifest.json	55335	a5e094b27e669079df7edc22e6db4e7efbc10ccff0e020f7fdae01a69969f3c2	effective_environment_lock_and_restore_audit	Package metadata retains its package attribution; no package binaries included
work/repro_v3_cellchat_environment/offline_binary_manifest.tsv	9210	a84e70775f3ef5466465001e46c8d51bfd86586cd9447e70eb923ecad6e79cfb	effective_environment_lock_and_restore_audit	Package metadata retains its package attribution; no package binaries included
work/repro_v3_cellchat_environment/offline_restore_execution.json	4741	3bbefe4039a49ec4496897979bbc46a3464b6ad04627ea4351acb926151e3af5	effective_environment_lock_and_restore_audit	Package metadata retains its package attribution; no package binaries included
work/repro_v3_cellchat_environment/offline_restore_smoke_audit.json	702	18586df00c1972a3abb5addf0c12d9f73e38c5e3a485ca95c65281e4f2472f8c	effective_environment_lock_and_restore_audit	Package metadata retains its package attribution; no package binaries included
work/repro_v3_cellchat_environment/offline_restore_smoke_sessionInfo.txt	3078	35b41f448d7e8a947bc49ac8366ecb9972f177f09cb63ab9b337e59d7acabc25	effective_environment_lock_and_restore_audit	Package metadata retains its package attribution; no package binaries included
work/repro_v3_cellchat_environment/package_lock.tsv	52187	c9106830342250f76735c9540a3134aadf75a6ba75244c83be1bf8f48117bfe3	effective_environment_lock_and_restore_audit	Package metadata retains its package attribution; no package binaries included
work/repro_v3_cellchat_environment/provenance/analysis_sessionInfo.txt	3078	35b41f448d7e8a947bc49ac8366ecb9972f177f09cb63ab9b337e59d7acabc25	effective_environment_lock_and_restore_audit	Package metadata retains its package attribution; no package binaries included
work/repro_v3_cellchat_environment/provenance/download_manifest.json	14727	61a74688c7c32f28ec25c8f3db832ce204dd69f5c507897bd1c120c8ef73cb4e	effective_environment_lock_and_restore_audit	Package metadata retains its package attribution; no package binaries included
work/repro_v3_cellchat_environment/provenance/environment_summary.json	681	8fb5eb56a05638b1f46bb7d0ba3d61ddffb450c611472beffe4166b52d2d954d	effective_environment_lock_and_restore_audit	Package metadata retains its package attribution; no package binaries included
work/repro_v3_cellchat_environment/provenance/installed_package_verified.json	11106	6a35ab6718ce627d004e18bbc14c68f488283a84f0c13d4973a1804e7d7c81e9	effective_environment_lock_and_restore_audit	Package metadata retains its package attribution; no package binaries included
work/repro_v3_cellchat_environment/provenance/source_binding.json	1102	3e8bc5ceb3ae3965a299f3e6b3d8a0251b7d88979279beeff380666f39bdda71	effective_environment_lock_and_restore_audit	Package metadata retains its package attribution; no package binaries included
work/repro_v3_cellchat_environment/python_current_audit.json	4075	b2029402c3992a1610cf32d246c5ed25a5e7cd77d72f39a15c50169d1f4f98fe	effective_environment_lock_and_restore_audit	Package metadata retains its package attribution; no package binaries included
work/repro_v3_cellchat_environment/python_dependency_closure.json	100646	215f10bc2806d0ec6ab1cd4343b5b6d7ce105f8ba733ae5ad3b470b7989eb045	effective_environment_lock_and_restore_audit	Package metadata retains its package attribution; no package binaries included
work/repro_v3_cellchat_environment/R_analysis_sessionInfo.txt	3078	35b41f448d7e8a947bc49ac8366ecb9972f177f09cb63ab9b337e59d7acabc25	effective_environment_lock_and_restore_audit	Package metadata retains its package attribution; no package binaries included
work/repro_v3_cellchat_environment/R_DESCRIPTION/abind.DESCRIPTION	896	23913c13b59903d1332c21a20ad5f0fdb66fb83e8af158c27b6a51b6d6a407f6	effective_environment_lock_and_restore_audit	Package metadata retains its package attribution; no package binaries included
work/repro_v3_cellchat_environment/R_DESCRIPTION/askpass.DESCRIPTION	1418	75ad462800dfd68723da8dc0ff1b2db80655494dc8e7cd42dcdfa13d9068065a	effective_environment_lock_and_restore_audit	Package metadata retains its package attribution; no package binaries included
work/repro_v3_cellchat_environment/R_DESCRIPTION/assorthead.DESCRIPTION	1468	9164993db8761f3ca7299421cdaa62f1c611b864f8b2419647d6afd6cb26d3a6	effective_environment_lock_and_restore_audit	Package metadata retains its package attribution; no package binaries included
work/repro_v3_cellchat_environment/R_DESCRIPTION/backports.DESCRIPTION	1416	9c339cc85b32c234e42d752c3218a41960bd67837b08af26c214739144482545	effective_environment_lock_and_restore_audit	Package metadata retains its package attribution; no package binaries included
work/repro_v3_cellchat_environment/R_DESCRIPTION/base.DESCRIPTION	415	fc4bcce46e7480230685ca9673463483c21cc7d81494db39165623da39c4ee4d	effective_environment_lock_and_restore_audit	Package metadata retains its package attribution; no package binaries included
work/repro_v3_cellchat_environment/R_DESCRIPTION/base64enc.DESCRIPTION	878	cba356a7a36237b26c2ea988c14aaa42f3dbb870e08541ebcd8b5778a61e9ff3	effective_environment_lock_and_restore_audit	Package metadata retains its package attribution; no package binaries included
work/repro_v3_cellchat_environment/R_DESCRIPTION/beachmat.DESCRIPTION	1763	0acaa3f2509a30b20f76c098aadd3a1343e89056a6ef98e96d8fc56a86b26918	effective_environment_lock_and_restore_audit	Package metadata retains its package attribution; no package binaries included
work/repro_v3_cellchat_environment/R_DESCRIPTION/beeswarm.DESCRIPTION	1078	d5e89cc9d4a3dacf626ea9b4757fd66bf47a1485b100da48e96c618441025f41	effective_environment_lock_and_restore_audit	Package metadata retains its package attribution; no package binaries included
work/repro_v3_cellchat_environment/R_DESCRIPTION/BH.DESCRIPTION	2196	fd40109e48cbe92df5496e41f1b86e84c7155352be766333565db691a87e627b	effective_environment_lock_and_restore_audit	Package metadata retains its package attribution; no package binaries included
work/repro_v3_cellchat_environment/R_DESCRIPTION/Biobase.DESCRIPTION	2245	aa59bc27e05e1f82cca87c9dd6468fa5f82f3f3c4b7045512650c4dd490206b6	effective_environment_lock_and_restore_audit	Package metadata retains its package attribution; no package binaries included
work/repro_v3_cellchat_environment/R_DESCRIPTION/BiocGenerics.DESCRIPTION	3023	b2cedaf2e9b39199b30834bcbf5d7a0d20f412c14bf338df86dd42dada6b49f5	effective_environment_lock_and_restore_audit	Package metadata retains its package attribution; no package binaries included
work/repro_v3_cellchat_environment/R_DESCRIPTION/BiocManager.DESCRIPTION	1177	7e6d58f99c47f449c02ad4e9748d937c72e10f285a7c7174c4b830dcfb15ab49	effective_environment_lock_and_restore_audit	Package metadata retains its package attribution; no package binaries included
work/repro_v3_cellchat_environment/R_DESCRIPTION/BiocNeighbors.DESCRIPTION	1734	ef3e62c9b20aa02e9e6a7b5421eb7b38856b7c29db6f0d01e35a7efc3c0b52cc	effective_environment_lock_and_restore_audit	Package metadata retains its package attribution; no package binaries included
work/repro_v3_cellchat_environment/R_DESCRIPTION/BiocParallel.DESCRIPTION	3691	9547dedf23832355a850a5d777d4639e312bfa035bb7454cfe4b9187032c200a	effective_environment_lock_and_restore_audit	Package metadata retains its package attribution; no package binaries included
work/repro_v3_cellchat_environment/R_DESCRIPTION/BiocSingular.DESCRIPTION	1609	215233c657d6891558ba3866617c13c59eaa72a3938694951d97bcccfe4eae47	effective_environment_lock_and_restore_audit	Package metadata retains its package attribution; no package binaries included
work/repro_v3_cellchat_environment/R_DESCRIPTION/BiocVersion.DESCRIPTION	1151	332e50f51e7d5d317f578846407ab0947c9a4f94694c79f78011b2c1a20b080b	effective_environment_lock_and_restore_audit	Package metadata retains its package attribution; no package binaries included
work/repro_v3_cellchat_environment/R_DESCRIPTION/bitops.DESCRIPTION	1128	d11782bbc7d945aab4937e6a838608e30cdb29c77231606e678c32db0fe15d3f	effective_environment_lock_and_restore_audit	Package metadata retains its package attribution; no package binaries included
work/repro_v3_cellchat_environment/R_DESCRIPTION/bluster.DESCRIPTION	2446	72176e7c706c9a00b413cbbd5e08b29424ad053a17e962802f15c36d34626ba5	effective_environment_lock_and_restore_audit	Package metadata retains its package attribution; no package binaries included
work/repro_v3_cellchat_environment/R_DESCRIPTION/boot.DESCRIPTION	1531	0334b07a9e7abc809e2a796c8c6c60c7310266e921e0e715ee4e1bcee9b119ec	effective_environment_lock_and_restore_audit	Package metadata retains its package attribution; no package binaries included
work/repro_v3_cellchat_environment/R_DESCRIPTION/broom.DESCRIPTION	19791	7a21fff3f737ad391ecedcf9382c9ac5e2faa263ebf3f93024720fa9adfebe03	effective_environment_lock_and_restore_audit	Package metadata retains its package attribution; no package binaries included
work/repro_v3_cellchat_environment/R_DESCRIPTION/bslib.DESCRIPTION	4296	1336ae39df63efba119b65b1cffc9977a307b10a648e72668349c0030447bd75	effective_environment_lock_and_restore_audit	Package metadata retains its package attribution; no package binaries included
work/repro_v3_cellchat_environment/R_DESCRIPTION/cachem.DESCRIPTION	1036	f699a8b8b3add46096aae2a3eeb4bacbad07eca9484fb91ccab54fd769d7d550	effective_environment_lock_and_restore_audit	Package metadata retains its package attribution; no package binaries included
work/repro_v3_cellchat_environment/R_DESCRIPTION/callr.DESCRIPTION	1700	929b2c09e5b93333108d0a8e4fa1506b7d7bf1c67b292ce54329cd4e91f53b59	effective_environment_lock_and_restore_audit	Package metadata retains its package attribution; no package binaries included
work/repro_v3_cellchat_environment/R_DESCRIPTION/car.DESCRIPTION	3131	69d69d9ed65081f9e7d46b7ebbbbd6ee0bed8609c5a728eda5ca503f9f73171a	effective_environment_lock_and_restore_audit	Package metadata retains its package attribution; no package binaries included
work/repro_v3_cellchat_environment/R_DESCRIPTION/carData.DESCRIPTION	1018	abecba9642086017dbdac208a14e73ea9afdbcd384e3aea95e2666bb17e71293	effective_environment_lock_and_restore_audit	Package metadata retains its package attribution; no package binaries included
work/repro_v3_cellchat_environment/R_DESCRIPTION/caTools.DESCRIPTION	1231	885edd3fea148fa5f77ce12af7ef7c84faa091c64e87227a118e6b784242c610	effective_environment_lock_and_restore_audit	Package metadata retains its package attribution; no package binaries included
work/repro_v3_cellchat_environment/R_DESCRIPTION/celda.DESCRIPTION	2691	4efc46ac3a260940ef4e44eac4223f26d8c3034d4d2297ed67b6dd1d95bd48d1	effective_environment_lock_and_restore_audit	Package metadata retains its package attribution; no package binaries included
work/repro_v3_cellchat_environment/R_DESCRIPTION/CellChat.DESCRIPTION	1762	459c8218aaa902b3c5bc18c568c7eb9ba255f98c64b4c3543173012367e99de9	effective_environment_lock_and_restore_audit	Package metadata retains its package attribution; no package binaries included
work/repro_v3_cellchat_environment/R_DESCRIPTION/checkmate.DESCRIPTION	2862	9fecfcd3f6caea5505b6ada0843eb4f082112da813de4b79d42c17d88dd1a008	effective_environment_lock_and_restore_audit	Package metadata retains its package attribution; no package binaries included
work/repro_v3_cellchat_environment/R_DESCRIPTION/circlize.DESCRIPTION	1773	3947f49028e8e89e7a9def008fc3669d1b536b523b3759d6ecc59cde6eb311cc	effective_environment_lock_and_restore_audit	Package metadata retains its package attribution; no package binaries included
work/repro_v3_cellchat_environment/R_DESCRIPTION/class.DESCRIPTION	908	f0b9ae62dc25b23fe92703b80133c4c3ea6aaa45a63fff6f6de6ef7cffa8abe4	effective_environment_lock_and_restore_audit	Package metadata retains its package attribution; no package binaries included
work/repro_v3_cellchat_environment/R_DESCRIPTION/cli.DESCRIPTION	2111	07cbf60f3456c47c9690503e2a9506999e67bf8177d53ccb5901f7da2b58946f	effective_environment_lock_and_restore_audit	Package metadata retains its package attribution; no package binaries included
work/repro_v3_cellchat_environment/R_DESCRIPTION/clue.DESCRIPTION	954	16bde8e85b4f01e4194fbd4296228e3615b763056e287b7f4825dadb349ed4cc	effective_environment_lock_and_restore_audit	Package metadata retains its package attribution; no package binaries included
work/repro_v3_cellchat_environment/R_DESCRIPTION/cluster.DESCRIPTION	3072	c60c875b0983e9f33da13dc7d566a08fbb548eaeabe34584a472da601380a4df	effective_environment_lock_and_restore_audit	Package metadata retains its package attribution; no package binaries included
work/repro_v3_cellchat_environment/R_DESCRIPTION/coda.DESCRIPTION	1313	17a8d67f9e2e2a93d7f4412aa0b7d434db1cc8ed0185d6186146730ca3e0d74a	effective_environment_lock_and_restore_audit	Package metadata retains its package attribution; no package binaries included
work/repro_v3_cellchat_environment/R_DESCRIPTION/codetools.DESCRIPTION	492	862b0aae2c1610b3d555b07fffa00701b1fbe6e3efa86087f6f217b10ed73f65	effective_environment_lock_and_restore_audit	Package metadata retains its package attribution; no package binaries included
work/repro_v3_cellchat_environment/R_DESCRIPTION/collapse.DESCRIPTION	3457	5048cde356795175a5058d1080972a1bb618f5db27f83be7947702a8a5b9b67b	effective_environment_lock_and_restore_audit	Package metadata retains its package attribution; no package binaries included
work/repro_v3_cellchat_environment/R_DESCRIPTION/colorspace.DESCRIPTION	3967	4eb885b0f69d3c94500d797ce6d41dbc79cd1c0e6ab7dc2ea225774af98b0cbb	effective_environment_lock_and_restore_audit	Package metadata retains its package attribution; no package binaries included
work/repro_v3_cellchat_environment/R_DESCRIPTION/combinat.DESCRIPTION	354	6299c6aac52ff0101ef4b5597598ce57aabebab003bfb1c15e50a60668cd0be9	effective_environment_lock_and_restore_audit	Package metadata retains its package attribution; no package binaries included
work/repro_v3_cellchat_environment/R_DESCRIPTION/commonmark.DESCRIPTION	1462	93565370cb6aa0aa87297dee36672034bb6f685933a6ac5559b1e70b014d2c6c	effective_environment_lock_and_restore_audit	Package metadata retains its package attribution; no package binaries included
work/repro_v3_cellchat_environment/R_DESCRIPTION/compiler.DESCRIPTION	364	b7ef5ec816e4ac3c2b9eabf5f4c937d93178fa5f06ff9f0f8cad6c92b4ea73aa	effective_environment_lock_and_restore_audit	Package metadata retains its package attribution; no package binaries included
work/repro_v3_cellchat_environment/R_DESCRIPTION/ComplexHeatmap.DESCRIPTION	1841	23597f06cc247df364b3ae0103778caa7ddc4de555933745a3a664fd173119a0	effective_environment_lock_and_restore_audit	Package metadata retains its package attribution; no package binaries included
work/repro_v3_cellchat_environment/R_DESCRIPTION/corrplot.DESCRIPTION	1692	9559868439a8ee52acd571008dc61c215968cc6f50e6f03db6a81d1e38b40ca9	effective_environment_lock_and_restore_audit	Package metadata retains its package attribution; no package binaries included
work/repro_v3_cellchat_environment/R_DESCRIPTION/cowplot.DESCRIPTION	1984	3723f4f04821ca702a2c19e6ccf61d4e0d7312725b2d1d9f16b0f3a41f4c5cb4	effective_environment_lock_and_restore_audit	Package metadata retains its package attribution; no package binaries included
work/repro_v3_cellchat_environment/R_DESCRIPTION/cpp11.DESCRIPTION	1934	c43305aade25833d3ce21407478c020cf2300b65e9b8bbd3676074c5d1c39b99	effective_environment_lock_and_restore_audit	Package metadata retains its package attribution; no package binaries included
work/repro_v3_cellchat_environment/R_DESCRIPTION/crayon.DESCRIPTION	1785	7f078943eb9b3041f71d24e37510eb7190c3a8f3fb93e927ba3d2cd401192d8c	effective_environment_lock_and_restore_audit	Package metadata retains its package attribution; no package binaries included
work/repro_v3_cellchat_environment/R_DESCRIPTION/crosstalk.DESCRIPTION	3150	f6ce7de32b49763cad939cdbbf8c97d9b74c56dcd1d8f6c00127f12ca7d0fa0c	effective_environment_lock_and_restore_audit	Package metadata retains its package attribution; no package binaries included
work/repro_v3_cellchat_environment/R_DESCRIPTION/curl.DESCRIPTION	1598	d126b8ef82ea17483ad70f46ee546b4bcb6221839c11f2f2e9fdcc300a5d5911	effective_environment_lock_and_restore_audit	Package metadata retains its package attribution; no package binaries included
work/repro_v3_cellchat_environment/R_DESCRIPTION/data.table.DESCRIPTION	9405	583ca283e407909b6075f30d8b9d55d48abbf7ceb99f60563784cfb941d99ede	effective_environment_lock_and_restore_audit	Package metadata retains its package attribution; no package binaries included
work/repro_v3_cellchat_environment/R_DESCRIPTION/datasets.DESCRIPTION	373	a3c8cde05ca3fbf2f7778920f5a1f5b164fb14154138ef333e75867aaa47c41c	effective_environment_lock_and_restore_audit	Package metadata retains its package attribution; no package binaries included
work/repro_v3_cellchat_environment/R_DESCRIPTION/dbscan.DESCRIPTION	2415	052e635d09afe924bf73f3df9b6bcdd47295191f6ed6ba09deaaa069f26e5cb5	effective_environment_lock_and_restore_audit	Package metadata retains its package attribution; no package binaries included
work/repro_v3_cellchat_environment/R_DESCRIPTION/decontX.DESCRIPTION	2867	c59668e60f7184afed393751c99d987520bf1cb1799cd989209f3ff4129fa27f	effective_environment_lock_and_restore_audit	Package metadata retains its package attribution; no package binaries included
work/repro_v3_cellchat_environment/R_DESCRIPTION/DelayedArray.DESCRIPTION	3001	687b5d38991751ff8ddd564e78418729fdb51323aaf681fa99a466995afd2cd8	effective_environment_lock_and_restore_audit	Package metadata retains its package attribution; no package binaries included
work/repro_v3_cellchat_environment/R_DESCRIPTION/deldir.DESCRIPTION	967	01527f7e0e3520f2ba051113d42cf64b64773ab9954e0342a43dcc297a5e2793	effective_environment_lock_and_restore_audit	Package metadata retains its package attribution; no package binaries included
work/repro_v3_cellchat_environment/R_DESCRIPTION/dendextend.DESCRIPTION	5955	cfb1f6dbbd9bd1945cce8d9f7ef448a1d90ac6b166b5111cc9ecf29e972b52ad	effective_environment_lock_and_restore_audit	Package metadata retains its package attribution; no package binaries included
work/repro_v3_cellchat_environment/R_DESCRIPTION/Deriv.DESCRIPTION	1243	ba6b2370ddaf0257daa8509fd32ab9bbba3b98fa5b09cb90db404b03ca8937f4	effective_environment_lock_and_restore_audit	Package metadata retains its package attribution; no package binaries included
work/repro_v3_cellchat_environment/R_DESCRIPTION/desc.DESCRIPTION	1762	50d4455d79a9dfdf5ede0b410fcaf6f49c7cefa6badd606df6c23eba21917ad7	effective_environment_lock_and_restore_audit	Package metadata retains its package attribution; no package binaries included
work/repro_v3_cellchat_environment/R_DESCRIPTION/digest.DESCRIPTION	7395	cce613ce72fb43d2148e02b3ed3e4383ca2d1908dfab9a8687e10e9ba26169b4	effective_environment_lock_and_restore_audit	Package metadata retains its package attribution; no package binaries included
work/repro_v3_cellchat_environment/R_DESCRIPTION/distributional.DESCRIPTION	3148	7251caeb4f4b796c8f14d7917f072b0e5eb189379e03ba5d9a6f646977946c11	effective_environment_lock_and_restore_audit	Package metadata retains its package attribution; no package binaries included
work/repro_v3_cellchat_environment/R_DESCRIPTION/doBy.DESCRIPTION	1543	979fb839bf033b78326c3d50f80544816b1d37f8a155adfe58c37915cb0b263c	effective_environment_lock_and_restore_audit	Package metadata retains its package attribution; no package binaries included
work/repro_v3_cellchat_environment/R_DESCRIPTION/doParallel.DESCRIPTION	1129	6b5cf13177db7d0073e1e8020243050c75ab72828f064530005f19d9eb876190	effective_environment_lock_and_restore_audit	Package metadata retains its package attribution; no package binaries included
work/repro_v3_cellchat_environment/R_DESCRIPTION/dotCall64.DESCRIPTION	1662	30164369d547123c59443486e7a5fe3cc48bddfcf554abcc790767f2a56ca747	effective_environment_lock_and_restore_audit	Package metadata retains its package attribution; no package binaries included
work/repro_v3_cellchat_environment/R_DESCRIPTION/dplyr.DESCRIPTION	2240	bb016dd8ada0dbfab2dda9118bbd33562b720cd3245b85ca0f4555135967f734	effective_environment_lock_and_restore_audit	Package metadata retains its package attribution; no package binaries included
work/repro_v3_cellchat_environment/R_DESCRIPTION/dqrng.DESCRIPTION	2862	fe3f3dbe24c8ac278d74f4b11a1c0ed3c56c56b3d9f603aaa6fb699e54f56d9c	effective_environment_lock_and_restore_audit	Package metadata retains its package attribution; no package binaries included
work/repro_v3_cellchat_environment/R_DESCRIPTION/edgeR.DESCRIPTION	2520	6b5bb5491acf293f4ff799f50ce35857a662ad097c7c8c3dd2db7442261ca7de	effective_environment_lock_and_restore_audit	Package metadata retains its package attribution; no package binaries included
work/repro_v3_cellchat_environment/R_DESCRIPTION/enrichR.DESCRIPTION	1081	437143c0643004e4a9cf4d9d21dea3f6b428bfb92c6a1941fccd93f432ae3569	effective_environment_lock_and_restore_audit	Package metadata retains its package attribution; no package binaries included
work/repro_v3_cellchat_environment/R_DESCRIPTION/evaluate.DESCRIPTION	1915	62d17d0ab4bc5651ba94ea3c5cd95360e38c5504ee19323530c32780cae5aaab	effective_environment_lock_and_restore_audit	Package metadata retains its package attribution; no package binaries included
work/repro_v3_cellchat_environment/R_DESCRIPTION/farver.DESCRIPTION	1832	e2298e93bda68b6f47c674a7b1c554109eeacc0aa179cd40a17c468e1eb08ea5	effective_environment_lock_and_restore_audit	Package metadata retains its package attribution; no package binaries included
work/repro_v3_cellchat_environment/R_DESCRIPTION/fastDummies.DESCRIPTION	1491	e08dcb53a63763a2cfd638a4798ec25588ab12bf5bea5ecadcda878faf600c51	effective_environment_lock_and_restore_audit	Package metadata retains its package attribution; no package binaries included
work/repro_v3_cellchat_environment/R_DESCRIPTION/fastmap.DESCRIPTION	1366	430ff7b345bc8e41192b8d41601592a8d47f1aec163588b406f4bb7a90c17cac	effective_environment_lock_and_restore_audit	Package metadata retains its package attribution; no package binaries included
work/repro_v3_cellchat_environment/R_DESCRIPTION/fitdistrplus.DESCRIPTION	2729	b9aae890a0dd345011e683ffc3dc4313dadde1d74a67c91432ab32e0a9ba1abc	effective_environment_lock_and_restore_audit	Package metadata retains its package attribution; no package binaries included
work/repro_v3_cellchat_environment/R_DESCRIPTION/FNN.DESCRIPTION	1746	bb91bbbb74b158e8b50a08d06d16d6652d6463277aa01b4f42aae5eebb9d114c	effective_environment_lock_and_restore_audit	Package metadata retains its package attribution; no package binaries included
work/repro_v3_cellchat_environment/R_DESCRIPTION/fontawesome.DESCRIPTION	1876	2c002bd7d95108b6acbf0e938d417c55cb540923ffc4adf45a17df3437ede938	effective_environment_lock_and_restore_audit	Package metadata retains its package attribution; no package binaries included
work/repro_v3_cellchat_environment/R_DESCRIPTION/foreach.DESCRIPTION	1845	5f1209a9fd07f5f66d138f195c4eae21a6f77d74c91617103e5177e50bd68e8a	effective_environment_lock_and_restore_audit	Package metadata retains its package attribution; no package binaries included
work/repro_v3_cellchat_environment/R_DESCRIPTION/forecast.DESCRIPTION	3791	e3f9bbe59cb82b121c9c89a1847c34cf05bb2fdb80194079cc3ee6e4920a1b85	effective_environment_lock_and_restore_audit	Package metadata retains its package attribution; no package binaries included
work/repro_v3_cellchat_environment/R_DESCRIPTION/foreign.DESCRIPTION	2340	843234683d1a98d901577e5be0431f8f9169434c1d0d1baa6b93ad2b1b840e17	effective_environment_lock_and_restore_audit	Package metadata retains its package attribution; no package binaries included
work/repro_v3_cellchat_environment/R_DESCRIPTION/formatR.DESCRIPTION	1391	79b1cbadcff35999d5d045c14f02191d9cade4751af4e1007031bde8af7c83fa	effective_environment_lock_and_restore_audit	Package metadata retains its package attribution; no package binaries included
work/repro_v3_cellchat_environment/R_DESCRIPTION/Formula.DESCRIPTION	1214	4b4447c399df8fc3eda84883f931544c0ae4aad549bb7422024ffba4906a1aac	effective_environment_lock_and_restore_audit	Package metadata retains its package attribution; no package binaries included
work/repro_v3_cellchat_environment/R_DESCRIPTION/fracdiff.DESCRIPTION	2057	52bddf4284cd16d38b79db8020d8c122f33bbf7a94945a0b01a0cf90f2fb774e	effective_environment_lock_and_restore_audit	Package metadata retains its package attribution; no package binaries included
work/repro_v3_cellchat_environment/R_DESCRIPTION/fs.DESCRIPTION	1984	04db071e1de839e4dfe350b75d2237a4768ff54b1d83fdc59739fd84e6cc7f44	effective_environment_lock_and_restore_audit	Package metadata retains its package attribution; no package binaries included
work/repro_v3_cellchat_environment/R_DESCRIPTION/futile.logger.DESCRIPTION	1094	29aa30c7ab6c66ed978c918449c2ea788133465249deb79281072fcf4a7dfdd7	effective_environment_lock_and_restore_audit	Package metadata retains its package attribution; no package binaries included
work/repro_v3_cellchat_environment/R_DESCRIPTION/futile.options.DESCRIPTION	496	d22b149d6c9f1ea8e9a7597b132e435befce5273002993f989ba8ea2e8ffc638	effective_environment_lock_and_restore_audit	Package metadata retains its package attribution; no package binaries included
work/repro_v3_cellchat_environment/R_DESCRIPTION/future.apply.DESCRIPTION	1633	fa04b26701bda0b3b9b1a865420d8730ab17bd38e6bce7ac5263f40784f03cd0	effective_environment_lock_and_restore_audit	Package metadata retains its package attribution; no package binaries included
work/repro_v3_cellchat_environment/R_DESCRIPTION/future.DESCRIPTION	4495	f8fc8dbfd21a3e51fa789d640463276e3759a6f423e42031acb988f966b6d564	effective_environment_lock_and_restore_audit	Package metadata retains its package attribution; no package binaries included
work/repro_v3_cellchat_environment/R_DESCRIPTION/generics.DESCRIPTION	1464	3db476828fb377a4c231d722888397cfbbac5020de5cf2f5dd2a4cd3fadba374	effective_environment_lock_and_restore_audit	Package metadata retains its package attribution; no package binaries included
work/repro_v3_cellchat_environment/R_DESCRIPTION/GenomicRanges.DESCRIPTION	3946	102207bbafe1f9c7ddc8ff563cf89e5cb3ad03b1888c5167338d0d7c740f9850	effective_environment_lock_and_restore_audit	Package metadata retains its package attribution; no package binaries included
work/repro_v3_cellchat_environment/R_DESCRIPTION/GetoptLong.DESCRIPTION	1011	4a37460cad3952f4885fc45acd3c37ed04fffc68b1727bb1505f26374b1ea2c5	effective_environment_lock_and_restore_audit	Package metadata retains its package attribution; no package binaries included
work/repro_v3_cellchat_environment/R_DESCRIPTION/ggalluvial.DESCRIPTION	1914	4faacf7cb442fd2f6501b1006abb98dbea21d4ac997e2e70547fe112fbd109b6	effective_environment_lock_and_restore_audit	Package metadata retains its package attribution; no package binaries included
work/repro_v3_cellchat_environment/R_DESCRIPTION/ggbeeswarm.DESCRIPTION	1204	5511fb641ff7975154c93d0e2aa839f436b0228996034058c75730ef07a47601	effective_environment_lock_and_restore_audit	Package metadata retains its package attribution; no package binaries included
work/repro_v3_cellchat_environment/R_DESCRIPTION/ggdendro.DESCRIPTION	1549	8046d2358c0dc91e4b0f9372c1002752d5fdd1d34015b0dd6a42040b16b98ff8	effective_environment_lock_and_restore_audit	Package metadata retains its package attribution; no package binaries included
work/repro_v3_cellchat_environment/R_DESCRIPTION/ggnetwork.DESCRIPTION	2009	b629141c541ac3e0729ecfc3dd9662f5362c42eb03fa74316b3bec1c411f71e8	effective_environment_lock_and_restore_audit	Package metadata retains its package attribution; no package binaries included
work/repro_v3_cellchat_environment/R_DESCRIPTION/ggplot2.DESCRIPTION	7345	fbbffddf8c3dcf68456131595c987338b215afd47a491f9b0b990828c4b4f43a	effective_environment_lock_and_restore_audit	Package metadata retains its package attribution; no package binaries included
work/repro_v3_cellchat_environment/R_DESCRIPTION/ggpubr.DESCRIPTION	4047	db35fb102e4d3f30bf28ebac4ce2c68348fa5e94d68079685493246bed8ec7ef	effective_environment_lock_and_restore_audit	Package metadata retains its package attribution; no package binaries included
work/repro_v3_cellchat_environment/R_DESCRIPTION/ggrepel.DESCRIPTION	3954	5320b32c1251f18e34e8b886869dda2da06b83260bf2e23f157acb3900b06a98	effective_environment_lock_and_restore_audit	Package metadata retains its package attribution; no package binaries included
work/repro_v3_cellchat_environment/R_DESCRIPTION/ggridges.DESCRIPTION	1448	f2f598e019a305720673542760ef3fd687e23f8e3939c159b90cc441b00bb94e	effective_environment_lock_and_restore_audit	Package metadata retains its package attribution; no package binaries included
work/repro_v3_cellchat_environment/R_DESCRIPTION/ggsci.DESCRIPTION	1844	156f3508598a585d57f107b5b0c4536e4d4931665d0ba63f62e10e4359290a80	effective_environment_lock_and_restore_audit	Package metadata retains its package attribution; no package binaries included
work/repro_v3_cellchat_environment/R_DESCRIPTION/ggsignif.DESCRIPTION	1925	316f6a5cceefbacba18c64c20215ed43bb587b77704b734fd960a3aa5d36aa83	effective_environment_lock_and_restore_audit	Package metadata retains its package attribution; no package binaries included
work/repro_v3_cellchat_environment/R_DESCRIPTION/GlobalOptions.DESCRIPTION	1008	99b82eac59bb344888e0be9b48eb01b6aa18e0c0ceae8ee4047da49c75d16f4e	effective_environment_lock_and_restore_audit	Package metadata retains its package attribution; no package binaries included
work/repro_v3_cellchat_environment/R_DESCRIPTION/globals.DESCRIPTION	1248	bbfffa8322938f9bec68689cd1f1ae115cfb75b7b41cdf24f45936f01e447ed9	effective_environment_lock_and_restore_audit	Package metadata retains its package attribution; no package binaries included
work/repro_v3_cellchat_environment/R_DESCRIPTION/glue.DESCRIPTION	1889	064f7be33b92df332bbef82ed176e466571c89122b52d93c2fda7f7431074983	effective_environment_lock_and_restore_audit	Package metadata retains its package attribution; no package binaries included
work/repro_v3_cellchat_environment/R_DESCRIPTION/goftest.DESCRIPTION	1113	67feaf1f90202611ca7cf376782a1587deca5f41b0669e205db234b42adf5bc1	effective_environment_lock_and_restore_audit	Package metadata retains its package attribution; no package binaries included
work/repro_v3_cellchat_environment/R_DESCRIPTION/gplots.DESCRIPTION	2813	d59d8602176a694398685da430391496abe10ed878863343fd4c73df486f91d5	effective_environment_lock_and_restore_audit	Package metadata retains its package attribution; no package binaries included
work/repro_v3_cellchat_environment/R_DESCRIPTION/graphics.DESCRIPTION	463	acb1d002aac1c828b22970b854f75792f268eea759b1bc869a1959715124bf73	effective_environment_lock_and_restore_audit	Package metadata retains its package attribution; no package binaries included
work/repro_v3_cellchat_environment/R_DESCRIPTION/grDevices.DESCRIPTION	511	4f6592cb3827ea2ee26b1647f222b590c16226adf1689f28cc83950daef3cb41	effective_environment_lock_and_restore_audit	Package metadata retains its package attribution; no package binaries included
work/repro_v3_cellchat_environment/R_DESCRIPTION/grid.DESCRIPTION	509	fbd2aaf13f459f1f6211576efa250db5b96f28bad4b82dced7b74adae9cf98a1	effective_environment_lock_and_restore_audit	Package metadata retains its package attribution; no package binaries included
work/repro_v3_cellchat_environment/R_DESCRIPTION/gridBase.DESCRIPTION	467	72ab3254d432f7ab364bdb7312517204500e0ed7d194a0dc9027159a71ff6f3f	effective_environment_lock_and_restore_audit	Package metadata retains its package attribution; no package binaries included
work/repro_v3_cellchat_environment/R_DESCRIPTION/gridExtra.DESCRIPTION	934	dbf37aff062527af30d227a8236b5691650a91c5862e825ee81df999aac63577	effective_environment_lock_and_restore_audit	Package metadata retains its package attribution; no package binaries included
work/repro_v3_cellchat_environment/R_DESCRIPTION/gtable.DESCRIPTION	1483	87b228faf904615f6cc1991375699903d45c55ca0e62de9596d343d899567738	effective_environment_lock_and_restore_audit	Package metadata retains its package attribution; no package binaries included
work/repro_v3_cellchat_environment/R_DESCRIPTION/gtools.DESCRIPTION	3269	474d61c44d8ea6a045645ebeec23f08dc9c52fbba746c42d6f2b7ebb51e0fba1	effective_environment_lock_and_restore_audit	Package metadata retains its package attribution; no package binaries included
work/repro_v3_cellchat_environment/R_DESCRIPTION/here.DESCRIPTION	1602	a2e2ce924cddfa84b3b504c6e1dbf3c53173a746822ec3f56f031536d83e2ad0	effective_environment_lock_and_restore_audit	Package metadata retains its package attribution; no package binaries included
work/repro_v3_cellchat_environment/R_DESCRIPTION/highr.DESCRIPTION	1225	f4be1584db0a3427c4bc83385bad8d4096351d66953160112066a84561b457ba	effective_environment_lock_and_restore_audit	Package metadata retains its package attribution; no package binaries included
work/repro_v3_cellchat_environment/R_DESCRIPTION/htmltools.DESCRIPTION	2053	bf2caaf795421c1466d9c073eaf7e7310cab41c404633c4185fe4a4b396c8aeb	effective_environment_lock_and_restore_audit	Package metadata retains its package attribution; no package binaries included
work/repro_v3_cellchat_environment/R_DESCRIPTION/htmlwidgets.DESCRIPTION	1620	775e57a2aa5ae1b32e0d153668c8a110c3a9b82b8a6f81e86de8517e622781e7	effective_environment_lock_and_restore_audit	Package metadata retains its package attribution; no package binaries included
work/repro_v3_cellchat_environment/R_DESCRIPTION/httpuv.DESCRIPTION	5390	f951a2073becc9c87258a0cb08b0e10704a99aabd1f7da6ddd297a28f44eb4d9	effective_environment_lock_and_restore_audit	Package metadata retains its package attribution; no package binaries included
work/repro_v3_cellchat_environment/R_DESCRIPTION/httr.DESCRIPTION	1206	1127bd7b60b79d8c73bc49cfa385703f47f875041cc5a8a4515c2ae05915f117	effective_environment_lock_and_restore_audit	Package metadata retains its package attribution; no package binaries included
work/repro_v3_cellchat_environment/R_DESCRIPTION/ica.DESCRIPTION	580	43de3929f525658f506e8bf26aa3412c8b9cb6172140d51f5ea451c9bce76342	effective_environment_lock_and_restore_audit	Package metadata retains its package attribution; no package binaries included
work/repro_v3_cellchat_environment/R_DESCRIPTION/igraph.DESCRIPTION	3939	11ac793762ef7a99e6d32e10f2c30bd08cdfcb46d3972f6291449938948b0b44	effective_environment_lock_and_restore_audit	Package metadata retains its package attribution; no package binaries included
work/repro_v3_cellchat_environment/R_DESCRIPTION/inline.DESCRIPTION	1861	2018c2acdccf9b732a650c532c117dac45cbcaa2635f7a228386fda51ac0805b	effective_environment_lock_and_restore_audit	Package metadata retains its package attribution; no package binaries included
work/repro_v3_cellchat_environment/R_DESCRIPTION/IRanges.DESCRIPTION	3160	b1795acee01896c852ab78794a062c5d261585e02e86d0f3363dfb3487c5c97e	effective_environment_lock_and_restore_audit	Package metadata retains its package attribution; no package binaries included
work/repro_v3_cellchat_environment/R_DESCRIPTION/irlba.DESCRIPTION	1165	c0450de334f29a58e58770bf21ea3442065951152b4dee64ab906e5d72181e02	effective_environment_lock_and_restore_audit	Package metadata retains its package attribution; no package binaries included
work/repro_v3_cellchat_environment/R_DESCRIPTION/isoband.DESCRIPTION	1942	3fdfc9ed2d666105d447644c292547d78b0f873f80dd8fddc294c6caca716a03	effective_environment_lock_and_restore_audit	Package metadata retains its package attribution; no package binaries included
work/repro_v3_cellchat_environment/R_DESCRIPTION/iterators.DESCRIPTION	923	bbdfcf3b8d6c9bbdc203d125597e244f30d4d831275b01acf9c792ed27acc929	effective_environment_lock_and_restore_audit	Package metadata retains its package attribution; no package binaries included
work/repro_v3_cellchat_environment/R_DESCRIPTION/jquerylib.DESCRIPTION	1634	1fa441bf924429db328573ccb87e1f6f85931bfe5a916c2d0fa8118223d1e8fc	effective_environment_lock_and_restore_audit	Package metadata retains its package attribution; no package binaries included
work/repro_v3_cellchat_environment/R_DESCRIPTION/jsonlite.DESCRIPTION	1772	4609d11fa1de6f98371ac85a14ae516dd0414377c852b23ceb62813ad2121bbe	effective_environment_lock_and_restore_audit	Package metadata retains its package attribution; no package binaries included
work/repro_v3_cellchat_environment/R_DESCRIPTION/KernSmooth.DESCRIPTION	1266	6df244f6c45378f1ccca8e86e141645799e482934dff3032eb92a0c58f1003ca	effective_environment_lock_and_restore_audit	Package metadata retains its package attribution; no package binaries included
work/repro_v3_cellchat_environment/R_DESCRIPTION/knitr.DESCRIPTION	10946	5437bc8b9aec68b4b1dc235477a51057795fea9ffc29f3e8e7618be8b2673257	effective_environment_lock_and_restore_audit	Package metadata retains its package attribution; no package binaries included
work/repro_v3_cellchat_environment/R_DESCRIPTION/labeling.DESCRIPTION	509	0fd581e08b3becd15153994bf0dc203432b46f4bf358fdd3e866b5c8ec5ebc0c	effective_environment_lock_and_restore_audit	Package metadata retains its package attribution; no package binaries included
work/repro_v3_cellchat_environment/R_DESCRIPTION/lambda.r.DESCRIPTION	675	6dacfbd21637b0a965583ea360d4d478de101524fa0f9911c51b4bd0740b67ed	effective_environment_lock_and_restore_audit	Package metadata retains its package attribution; no package binaries included
work/repro_v3_cellchat_environment/R_DESCRIPTION/later.DESCRIPTION	2207	9b0da4c3171df1efb3c55cb39dbbcebb1d8aeb4bf14a847579acdae8f5f7e961	effective_environment_lock_and_restore_audit	Package metadata retains its package attribution; no package binaries included
work/repro_v3_cellchat_environment/R_DESCRIPTION/lattice.DESCRIPTION	2400	7ad3a66f4f90f36851ae2f168292333d9a1c7446fc5d6a9e0d35e124a42a3b62	effective_environment_lock_and_restore_audit	Package metadata retains its package attribution; no package binaries included
work/repro_v3_cellchat_environment/R_DESCRIPTION/lazyeval.DESCRIPTION	919	c2fae9cdbb724924d183020673715e87e0abcb2b76b365f2944903bc11b2b2e7	effective_environment_lock_and_restore_audit	Package metadata retains its package attribution; no package binaries included
work/repro_v3_cellchat_environment/R_DESCRIPTION/lifecycle.DESCRIPTION	1388	120b702422269e602af7ffed5be440c7afae3d5db76eaf6efb50314a9d2252f0	effective_environment_lock_and_restore_audit	Package metadata retains its package attribution; no package binaries included
work/repro_v3_cellchat_environment/R_DESCRIPTION/limma.DESCRIPTION	5037	741a06b20f30db5a370187a948515fff6d8629931f81d7a5ef6f528733a4f931	effective_environment_lock_and_restore_audit	Package metadata retains its package attribution; no package binaries included
work/repro_v3_cellchat_environment/R_DESCRIPTION/listenv.DESCRIPTION	1237	ccb1dd039b4b41dbb2e926dde910c321fff2f8d583e20c8abe5e7438d66fc1e3	effective_environment_lock_and_restore_audit	Package metadata retains its package attribution; no package binaries included
work/repro_v3_cellchat_environment/R_DESCRIPTION/lme4.DESCRIPTION	4483	4d6836c4c938a3ce4f02fb2d495f47d26143dc347ecd0b7a21a33273c7d20bd2	effective_environment_lock_and_restore_audit	Package metadata retains its package attribution; no package binaries included
work/repro_v3_cellchat_environment/R_DESCRIPTION/lmtest.DESCRIPTION	1702	180c81e16d48bc22543a024ec99ba715fbe196e61ba77464f693319c53b7d8a9	effective_environment_lock_and_restore_audit	Package metadata retains its package attribution; no package binaries included
work/repro_v3_cellchat_environment/R_DESCRIPTION/locfit.DESCRIPTION	977	7d502316c87683245cd947db00f4e18cd13869a5c249ca297e56071f509a53e1	effective_environment_lock_and_restore_audit	Package metadata retains its package attribution; no package binaries included
work/repro_v3_cellchat_environment/R_DESCRIPTION/loo.DESCRIPTION	2816	a1e0cefb1dc241cb016398c28978836692f694891f44888f238073ee6ceba80f	effective_environment_lock_and_restore_audit	Package metadata retains its package attribution; no package binaries included
work/repro_v3_cellchat_environment/R_DESCRIPTION/magrittr.DESCRIPTION	1727	b59903ac75e191f615ea4e5f73617be264558b8c8439c1028e9209c80da34af1	effective_environment_lock_and_restore_audit	Package metadata retains its package attribution; no package binaries included
work/repro_v3_cellchat_environment/R_DESCRIPTION/MASS.DESCRIPTION	1610	7242cea9aa6945fb011241b3f7a463b9b85fbcfadaa5b5621deb688ae03d3333	effective_environment_lock_and_restore_audit	Package metadata retains its package attribution; no package binaries included
work/repro_v3_cellchat_environment/R_DESCRIPTION/Matrix.DESCRIPTION	3545	b360b822f0baf252c1b065c79769d0de512971b843ede1979ba5305b8fbb494c	effective_environment_lock_and_restore_audit	Package metadata retains its package attribution; no package binaries included
work/repro_v3_cellchat_environment/R_DESCRIPTION/MatrixGenerics.DESCRIPTION	2852	d3a53e41e106b6937269a0cd964cdc1edefdf4386be3580c10538bf68320aa3d	effective_environment_lock_and_restore_audit	Package metadata retains its package attribution; no package binaries included
work/repro_v3_cellchat_environment/R_DESCRIPTION/MatrixModels.DESCRIPTION	1353	a9e1d3aace66115cc977f23a78b9cc01e29d399e415a93b8e1ba515ef6d2db4f	effective_environment_lock_and_restore_audit	Package metadata retains its package attribution; no package binaries included
work/repro_v3_cellchat_environment/R_DESCRIPTION/matrixStats.DESCRIPTION	2231	d8fbda0b38d1ea1c458a9e3ac9c9ad5407096ec3a1decd12f672a95281cafe5e	effective_environment_lock_and_restore_audit	Package metadata retains its package attribution; no package binaries included
work/repro_v3_cellchat_environment/R_DESCRIPTION/MCMCprecision.DESCRIPTION	1951	672b9457baf036cdd51880a5d5035c639280d2eb49efa0294ff5c60c9a259b11	effective_environment_lock_and_restore_audit	Package metadata retains its package attribution; no package binaries included
work/repro_v3_cellchat_environment/R_DESCRIPTION/memoise.DESCRIPTION	1720	f9efce1dcf357ceb62eaa03b3b69e85883699b9d1f0fa77e147f092c3fc11889	effective_environment_lock_and_restore_audit	Package metadata retains its package attribution; no package binaries included
work/repro_v3_cellchat_environment/R_DESCRIPTION/metapod.DESCRIPTION	1567	d77f7930a330a981c8ae019159818556081b1fb7df056e6cc923339f58310ea8	effective_environment_lock_and_restore_audit	Package metadata retains its package attribution; no package binaries included
work/repro_v3_cellchat_environment/R_DESCRIPTION/methods.DESCRIPTION	644	c23dafc2037e0aca335d15fdf2f928942e4bac82a866923d489b779c3f236f62	effective_environment_lock_and_restore_audit	Package metadata retains its package attribution; no package binaries included
work/repro_v3_cellchat_environment/R_DESCRIPTION/mgcv.DESCRIPTION	1372	277213b29e846b9f62d8a3f5e35482cff2059b34aeb1fc7aa2301c720945b884	effective_environment_lock_and_restore_audit	Package metadata retains its package attribution; no package binaries included
work/repro_v3_cellchat_environment/R_DESCRIPTION/mime.DESCRIPTION	1023	e2cbdbe93b2c8119a77edc2cfc7662c1611a716bb38ce35356fe9ec064c2a42f	effective_environment_lock_and_restore_audit	Package metadata retains its package attribution; no package binaries included
work/repro_v3_cellchat_environment/R_DESCRIPTION/miniUI.DESCRIPTION	901	e07fbd3664ad615fc00a7a8fab2ac546caafd61bceb6179ce09f57b285de2111	effective_environment_lock_and_restore_audit	Package metadata retains its package attribution; no package binaries included
work/repro_v3_cellchat_environment/R_DESCRIPTION/minqa.DESCRIPTION	1380	02924754ae1afb6b88a9a821421f852010f024d59bb120267235167f0c375919	effective_environment_lock_and_restore_audit	Package metadata retains its package attribution; no package binaries included
work/repro_v3_cellchat_environment/R_DESCRIPTION/modelr.DESCRIPTION	1153	d557cd3108889dbc21298907ff3fc2e20e1ff50d34eac2f7dddfd9bda89d7d12	effective_environment_lock_and_restore_audit	Package metadata retains its package attribution; no package binaries included
work/repro_v3_cellchat_environment/R_DESCRIPTION/network.DESCRIPTION	2276	08e0fa8cbf1c8e3fcdec6a1143741d661eb33185ebcc4d50a034c89b0c19901c	effective_environment_lock_and_restore_audit	Package metadata retains its package attribution; no package binaries included
work/repro_v3_cellchat_environment/R_DESCRIPTION/nlme.DESCRIPTION	1964	556d63962566b0bad9863f92c557e2ded3992cf686c9d2a10219258daea9b888	effective_environment_lock_and_restore_audit	Package metadata retains its package attribution; no package binaries included
work/repro_v3_cellchat_environment/R_DESCRIPTION/nloptr.DESCRIPTION	3460	ba55ab56fbb883c130a5ce2b6cfe156b0af4fc43902c99cfbfd97d3babbd73a0	effective_environment_lock_and_restore_audit	Package metadata retains its package attribution; no package binaries included
work/repro_v3_cellchat_environment/R_DESCRIPTION/NMF.DESCRIPTION	2585	333797a8364a2ebddedb5587570f3106231408213e7dd69a394584c39364e70d	effective_environment_lock_and_restore_audit	Package metadata retains its package attribution; no package binaries included
work/repro_v3_cellchat_environment/R_DESCRIPTION/nnet.DESCRIPTION	927	887c7a20bd2abc842de52419bd048e741c5d48b6ef526d9439922a3dd8c398fa	effective_environment_lock_and_restore_audit	Package metadata retains its package attribution; no package binaries included
work/repro_v3_cellchat_environment/R_DESCRIPTION/numDeriv.DESCRIPTION	1025	ac381466d7886de076fd1a42dc5ec356e9a291792d1667ebad5613fad3658bbf	effective_environment_lock_and_restore_audit	Package metadata retains its package attribution; no package binaries included
work/repro_v3_cellchat_environment/R_DESCRIPTION/openssl.DESCRIPTION	1783	ad5ba77fab46d55478826e43d4e7ef8924193891f3b4fb84a462220c8dbc8691	effective_environment_lock_and_restore_audit	Package metadata retains its package attribution; no package binaries included
work/repro_v3_cellchat_environment/R_DESCRIPTION/otel.DESCRIPTION	1465	10a3fb3db1984fedfdb24155657b81e53d3fa9a8d528bff36e5048efcaaccb09	effective_environment_lock_and_restore_audit	Package metadata retains its package attribution; no package binaries included
work/repro_v3_cellchat_environment/R_DESCRIPTION/parallel.DESCRIPTION	633	a4519e8b7a207f8476fa28fe4552b9135ca2a8fb054444ad6db4e8fcfacd050f	effective_environment_lock_and_restore_audit	Package metadata retains its package attribution; no package binaries included
work/repro_v3_cellchat_environment/R_DESCRIPTION/parallelly.DESCRIPTION	1921	43122dbde6fecd68d629b65d98618f93729aa298cfb69498b65b0d4b9f0f0b36	effective_environment_lock_and_restore_audit	Package metadata retains its package attribution; no package binaries included
work/repro_v3_cellchat_environment/R_DESCRIPTION/patchwork.DESCRIPTION	1630	dbebe76c09516660d3070a79cabfe1037a398f02513ff4e88f8693372eee9753	effective_environment_lock_and_restore_audit	Package metadata retains its package attribution; no package binaries included
work/repro_v3_cellchat_environment/R_DESCRIPTION/pbapply.DESCRIPTION	1713	bb1d8eb1c4baafe8ffec3f260a70721efab684dae11d5f7bc1910caafd32fd92	effective_environment_lock_and_restore_audit	Package metadata retains its package attribution; no package binaries included
work/repro_v3_cellchat_environment/R_DESCRIPTION/pbkrtest.DESCRIPTION	1572	e65faa7d6e9db41af8263cb1d82d1b0a49c8b5cef060fbe7085bbb71f4e23a7b	effective_environment_lock_and_restore_audit	Package metadata retains its package attribution; no package binaries included
work/repro_v3_cellchat_environment/R_DESCRIPTION/pheatmap.DESCRIPTION	779	ee51195b1c06eb231f1fb22ac7fffbb327218f5fec7b57a80253120842212efd	effective_environment_lock_and_restore_audit	Package metadata retains its package attribution; no package binaries included
work/repro_v3_cellchat_environment/R_DESCRIPTION/pillar.DESCRIPTION	1933	fc1a811304684e8ada259fbfefc780477dc72d36db84b2073db63e7fd606cd7b	effective_environment_lock_and_restore_audit	Package metadata retains its package attribution; no package binaries included
work/repro_v3_cellchat_environment/R_DESCRIPTION/pkgbuild.DESCRIPTION	1453	e0dc4003955de06c43ef89f7b70952e5baa39ab992695abffe775d368793d7d5	effective_environment_lock_and_restore_audit	Package metadata retains its package attribution; no package binaries included
work/repro_v3_cellchat_environment/R_DESCRIPTION/pkgconfig.DESCRIPTION	738	9cedf4a1ccc8214253612641238e828164f27abee24712fdb2cd2379dd6f6e8d	effective_environment_lock_and_restore_audit	Package metadata retains its package attribution; no package binaries included
work/repro_v3_cellchat_environment/R_DESCRIPTION/plotly.DESCRIPTION	2785	92931a03997c9f7e66d5628c046f125ae4ed2c2af561d132e53a5c51b93e759b	effective_environment_lock_and_restore_audit	Package metadata retains its package attribution; no package binaries included
work/repro_v3_cellchat_environment/R_DESCRIPTION/plyr.DESCRIPTION	1326	b7b7f5203c3ada4e398b0536967bca2291e682fa5d2df1ef6646964487ccdda4	effective_environment_lock_and_restore_audit	Package metadata retains its package attribution; no package binaries included
work/repro_v3_cellchat_environment/R_DESCRIPTION/png.DESCRIPTION	951	2c1531b596f65c158ad6cbfd66728c0ac9c807584857a0d0166a005b1c0c7bd6	effective_environment_lock_and_restore_audit	Package metadata retains its package attribution; no package binaries included
work/repro_v3_cellchat_environment/R_DESCRIPTION/polyclip.DESCRIPTION	1937	09fae0e5434581f897ea634ffd14c85a80f280ffc6db9abc0b1f15af8654e36d	effective_environment_lock_and_restore_audit	Package metadata retains its package attribution; no package binaries included
work/repro_v3_cellchat_environment/R_DESCRIPTION/polynom.DESCRIPTION	1157	6a7dbd7e611003b7001158424989e4b0e3a5724d8ea3784c5bec77ab547f5760	effective_environment_lock_and_restore_audit	Package metadata retains its package attribution; no package binaries included
work/repro_v3_cellchat_environment/R_DESCRIPTION/posterior.DESCRIPTION	2772	9e707704512fb087ab49758caa6302076ead44be8dc698b5996adf8b66c902cb	effective_environment_lock_and_restore_audit	Package metadata retains its package attribution; no package binaries included
work/repro_v3_cellchat_environment/R_DESCRIPTION/pROC.DESCRIPTION	2321	1d79bb4711c994f3e5085ba00056db39b54b5180c8dd9f07567bb965d7748239	effective_environment_lock_and_restore_audit	Package metadata retains its package attribution; no package binaries included
work/repro_v3_cellchat_environment/R_DESCRIPTION/processx.DESCRIPTION	1942	8aa446e0004a8c7b48e3f657f744f29505849535cd5cf8396e2396d7b4378ad9	effective_environment_lock_and_restore_audit	Package metadata retains its package attribution; no package binaries included
work/repro_v3_cellchat_environment/R_DESCRIPTION/progressr.DESCRIPTION	2445	76e8016cdd15c2ae411b78928f092ca0935cc5084aaa5a677abf2869caea4dea	effective_environment_lock_and_restore_audit	Package metadata retains its package attribution; no package binaries included
work/repro_v3_cellchat_environment/R_DESCRIPTION/promises.DESCRIPTION	2248	78094d009f5225e75dcaa401d018be755fef074708adbcca1d1a32820e7df63f	effective_environment_lock_and_restore_audit	Package metadata retains its package attribution; no package binaries included
work/repro_v3_cellchat_environment/R_DESCRIPTION/ps.DESCRIPTION	1436	9a683b69d34c186f9c1770eef19aeb2844ff0c1331ab8d8c8df55d1d7aad326f	effective_environment_lock_and_restore_audit	Package metadata retains its package attribution; no package binaries included
work/repro_v3_cellchat_environment/R_DESCRIPTION/purrr.DESCRIPTION	1630	3508d54a0b3765dbdf469c8f0326960eba639c0f471c474ddf2bab8ae020bea2	effective_environment_lock_and_restore_audit	Package metadata retains its package attribution; no package binaries included
work/repro_v3_cellchat_environment/R_DESCRIPTION/quantreg.DESCRIPTION	3758	b0c67495a96a46dbc2b700363d1e9a5cd45728e9e895118389ccbdd7b8fb0b7c	effective_environment_lock_and_restore_audit	Package metadata retains its package attribution; no package binaries included
work/repro_v3_cellchat_environment/R_DESCRIPTION/QuickJSR.DESCRIPTION	1587	6c9e849b4dfcf1d615dfe360ce6c2aecc0c7af766ca7b4e36d28cf0a13310b93	effective_environment_lock_and_restore_audit	Package metadata retains its package attribution; no package binaries included
work/repro_v3_cellchat_environment/R_DESCRIPTION/R6.DESCRIPTION	1295	7ddd96cd003f2aa4ce49762555687667f920ad8462508f300ba78fb6b5474a58	effective_environment_lock_and_restore_audit	Package metadata retains its package attribution; no package binaries included
work/repro_v3_cellchat_environment/R_DESCRIPTION/RANN.DESCRIPTION	2325	ac6bff18723ef6b03bc3562c70f23dd21b7216c1b559e022f88ee6c52ff19351	effective_environment_lock_and_restore_audit	Package metadata retains its package attribution; no package binaries included
work/repro_v3_cellchat_environment/R_DESCRIPTION/rappdirs.DESCRIPTION	2275	fe0eb38e6f66e93d422a64e1d03e2ae6c2fb197928ed39c6ca4b1db9a2e3d589	effective_environment_lock_and_restore_audit	Package metadata retains its package attribution; no package binaries included
work/repro_v3_cellchat_environment/R_DESCRIPTION/rbibutils.DESCRIPTION	2552	1c6ce2a05e0d04d47c1f2f63caa294ac23d040614efe34b73bdaf628c2d23176	effective_environment_lock_and_restore_audit	Package metadata retains its package attribution; no package binaries included
work/repro_v3_cellchat_environment/R_DESCRIPTION/RColorBrewer.DESCRIPTION	687	c3fcedf3dd21e12f5bd9125e635c6419a45a16402bba5478423b3f6a88aa86bb	effective_environment_lock_and_restore_audit	Package metadata retains its package attribution; no package binaries included
work/repro_v3_cellchat_environment/R_DESCRIPTION/Rcpp.DESCRIPTION	2995	bedf65604df85c18dcde74245e2e8411c8cacb6e6e30bd214d1e8b6444cdfaf0	effective_environment_lock_and_restore_audit	Package metadata retains its package attribution; no package binaries included
work/repro_v3_cellchat_environment/R_DESCRIPTION/RcppAnnoy.DESCRIPTION	1707	aebd44be2cb595640a56a5ec365eec4ceb378608ecd4b39f549b6e57ac70de2f	effective_environment_lock_and_restore_audit	Package metadata retains its package attribution; no package binaries included
work/repro_v3_cellchat_environment/R_DESCRIPTION/RcppArmadillo.DESCRIPTION	3377	2b025259cb9f87da0d9b80f8b97dcab087260be5a613e6fd98939d0245cb5b35	effective_environment_lock_and_restore_audit	Package metadata retains its package attribution; no package binaries included
work/repro_v3_cellchat_environment/R_DESCRIPTION/RcppEigen.DESCRIPTION	2849	13989573b0fe620e5d7c07e96e35bfb28164cf3e931079ca12de7df6b292e305	effective_environment_lock_and_restore_audit	Package metadata retains its package attribution; no package binaries included
work/repro_v3_cellchat_environment/R_DESCRIPTION/RcppHNSW.DESCRIPTION	1375	62d1907a1f3a93cb7f7a695555764ba60142053451ea252f378addd422195268	effective_environment_lock_and_restore_audit	Package metadata retains its package attribution; no package binaries included
work/repro_v3_cellchat_environment/R_DESCRIPTION/RcppML.DESCRIPTION	1081	6b0d433049680e87f64d8108920c8421bcff1c577248d11c5f4216515c7d1f4b	effective_environment_lock_and_restore_audit	Package metadata retains its package attribution; no package binaries included
work/repro_v3_cellchat_environment/R_DESCRIPTION/RcppParallel.DESCRIPTION	2537	e24f51e2c7bee512ddbcde153220ef19e04b672da084ae30750a40828293f5a3	effective_environment_lock_and_restore_audit	Package metadata retains its package attribution; no package binaries included
work/repro_v3_cellchat_environment/R_DESCRIPTION/RcppProgress.DESCRIPTION	902	cd120c7c17484f8d940f423cb2c6ddf95e4858a171094a0de8815ee93f557477	effective_environment_lock_and_restore_audit	Package metadata retains its package attribution; no package binaries included
work/repro_v3_cellchat_environment/R_DESCRIPTION/RcppTOML.DESCRIPTION	1439	4e700244ec3a58a0d9de838001d273e2ed6ef3484548323dbe7bd85192295894	effective_environment_lock_and_restore_audit	Package metadata retains its package attribution; no package binaries included
work/repro_v3_cellchat_environment/R_DESCRIPTION/Rdpack.DESCRIPTION	1792	c96ad165d05b9b6ea75ee54f745819bc2a27ed2127dea71f6fa7dd4d214ea461	effective_environment_lock_and_restore_audit	Package metadata retains its package attribution; no package binaries included
work/repro_v3_cellchat_environment/R_DESCRIPTION/reformulas.DESCRIPTION	1137	1bd9051a03801b5480054433fa1a4b6d44f076ff6d25022eff12e34e02fde3c1	effective_environment_lock_and_restore_audit	Package metadata retains its package attribution; no package binaries included
work/repro_v3_cellchat_environment/R_DESCRIPTION/registry.DESCRIPTION	487	46ab7d29ce89c5be9f7c0831195ec2af31e2ddfb401a455a4f9387b4d294f878	effective_environment_lock_and_restore_audit	Package metadata retains its package attribution; no package binaries included
work/repro_v3_cellchat_environment/R_DESCRIPTION/renv.DESCRIPTION	1886	b8de59fe2fd642c763fe254d860a37f3d2ba712b72cbb5bb89307faffdbfbf87	effective_environment_lock_and_restore_audit	Package metadata retains its package attribution; no package binaries included
work/repro_v3_cellchat_environment/R_DESCRIPTION/reshape2.DESCRIPTION	931	df3036bea6d81c38a55b3c085790cbd38dc3a6fd366c6dc5ee99b45dc6784762	effective_environment_lock_and_restore_audit	Package metadata retains its package attribution; no package binaries included
work/repro_v3_cellchat_environment/R_DESCRIPTION/reticulate.DESCRIPTION	2560	6f8d6ff577e757d898a550cb7b5242ef6e22a13a42d938259f5326aad09ed472	effective_environment_lock_and_restore_audit	Package metadata retains its package attribution; no package binaries included
work/repro_v3_cellchat_environment/R_DESCRIPTION/rjson.DESCRIPTION	604	c9d6de45d0e39ae0c57394d0824eb724724af692ca20d9400b451a42820c2dcc	effective_environment_lock_and_restore_audit	Package metadata retains its package attribution; no package binaries included
work/repro_v3_cellchat_environment/R_DESCRIPTION/rlang.DESCRIPTION	1822	2bb71f13294ddcb5a2222020febb4a382be9b13ab95db9dece9ad20e7b466ca6	effective_environment_lock_and_restore_audit	Package metadata retains its package attribution; no package binaries included
work/repro_v3_cellchat_environment/R_DESCRIPTION/rmarkdown.DESCRIPTION	6876	0032f6c879700a88a2515ec30d551a295fbd40ec95e36004c5a698af34ba8cf2	effective_environment_lock_and_restore_audit	Package metadata retains its package attribution; no package binaries included
work/repro_v3_cellchat_environment/R_DESCRIPTION/rngtools.DESCRIPTION	1159	935935bf93eb6425bab6f4537825e5049a2417f7642db6084eedeabde87d094c	effective_environment_lock_and_restore_audit	Package metadata retains its package attribution; no package binaries included
work/repro_v3_cellchat_environment/R_DESCRIPTION/ROCR.DESCRIPTION	2501	7d3e1a0bbce832883613ea7a3516b2a21168ddeb7674e2af6b18822174f35078	effective_environment_lock_and_restore_audit	Package metadata retains its package attribution; no package binaries included
work/repro_v3_cellchat_environment/R_DESCRIPTION/rpart.DESCRIPTION	1405	d6fc2b456a4394a94a450c96dbf4e235964334484e4e0e0c0b7b3a597177d1be	effective_environment_lock_and_restore_audit	Package metadata retains its package attribution; no package binaries included
work/repro_v3_cellchat_environment/R_DESCRIPTION/rprojroot.DESCRIPTION	1303	e46392b0615f153d914769ab03d6bb4e32d6edb1d26b7b9a40f8e7f1dbd5ceb3	effective_environment_lock_and_restore_audit	Package metadata retains its package attribution; no package binaries included
work/repro_v3_cellchat_environment/R_DESCRIPTION/RSpectra.DESCRIPTION	2132	ced0c678e0fc66aa75560a0813144f86b2df8f229496da6397e3e6cb8b0dfef9	effective_environment_lock_and_restore_audit	Package metadata retains its package attribution; no package binaries included
work/repro_v3_cellchat_environment/R_DESCRIPTION/rstan.DESCRIPTION	3967	f2cf0111f3eafcefa3a07da51a80076a46cd1a220f496c472e8888d283afd942	effective_environment_lock_and_restore_audit	Package metadata retains its package attribution; no package binaries included
work/repro_v3_cellchat_environment/R_DESCRIPTION/rstantools.DESCRIPTION	2554	d5936c34ea4e1f5604e808cbe1fc3ac3c18caad7dfab8a2649acceae8160a0c0	effective_environment_lock_and_restore_audit	Package metadata retains its package attribution; no package binaries included
work/repro_v3_cellchat_environment/R_DESCRIPTION/rstatix.DESCRIPTION	3694	5fa4afded37c1d23f44b293952213748837b92d96d678647ec2d5dd4f609e610	effective_environment_lock_and_restore_audit	Package metadata retains its package attribution; no package binaries included
work/repro_v3_cellchat_environment/R_DESCRIPTION/rsvd.DESCRIPTION	1682	6f7cd186d9f751803035feb6fe7a7bf2eacb08940a9a0a49fa5a032bcdece899	effective_environment_lock_and_restore_audit	Package metadata retains its package attribution; no package binaries included
work/repro_v3_cellchat_environment/R_DESCRIPTION/Rtsne.DESCRIPTION	1122	8578c931e5b44ef18c87e330a3362725c58f7f84e6e27efc13c9ce7e7f865094	effective_environment_lock_and_restore_audit	Package metadata retains its package attribution; no package binaries included
work/repro_v3_cellchat_environment/R_DESCRIPTION/S4Arrays.DESCRIPTION	2221	ee3a17f6074633c94d0590c9b2f0745a3e31e912402684b73d1aea4a17425622	effective_environment_lock_and_restore_audit	Package metadata retains its package attribution; no package binaries included
work/repro_v3_cellchat_environment/R_DESCRIPTION/S4Vectors.DESCRIPTION	2985	23fafba5105bf1c955366b9d1ce68e0b48dba3e56e7bc270ca5e4dd8aafc06d6	effective_environment_lock_and_restore_audit	Package metadata retains its package attribution; no package binaries included
work/repro_v3_cellchat_environment/R_DESCRIPTION/S7.DESCRIPTION	2446	d3a5dee080ebb5d7f818338f8ea5fdc30881942a47005ac48182a4573e6bd58e	effective_environment_lock_and_restore_audit	Package metadata retains its package attribution; no package binaries included
work/repro_v3_cellchat_environment/R_DESCRIPTION/sass.DESCRIPTION	3303	06f1389e8cb210432e8527b78c2c0f3bfe3c99a9bd3239259c7f6f605a88ca2b	effective_environment_lock_and_restore_audit	Package metadata retains its package attribution; no package binaries included
work/repro_v3_cellchat_environment/R_DESCRIPTION/ScaledMatrix.DESCRIPTION	1399	6f3f3b4149f62a1a7eec3aeb0e672147d8ca96fe57993e939b7449c62e7b7fcf	effective_environment_lock_and_restore_audit	Package metadata retains its package attribution; no package binaries included
work/repro_v3_cellchat_environment/R_DESCRIPTION/scales.DESCRIPTION	1578	d936e8d79a92e06f0a78321d439ccfe2d39f99bfcfac3acb14533ea7e369e122	effective_environment_lock_and_restore_audit	Package metadata retains its package attribution; no package binaries included
work/repro_v3_cellchat_environment/R_DESCRIPTION/scater.DESCRIPTION	2994	5d37aff09cd60defb9c94aace0d1286eb7e1b00dced5db82b1e058addae61c7c	effective_environment_lock_and_restore_audit	Package metadata retains its package attribution; no package binaries included
work/repro_v3_cellchat_environment/R_DESCRIPTION/scattermore.DESCRIPTION	1187	6e257e777a6a6e7eba684e6ad17e1a5897f1da80fa374ec446461c7454e6f3a0	effective_environment_lock_and_restore_audit	Package metadata retains its package attribution; no package binaries included
work/repro_v3_cellchat_environment/R_DESCRIPTION/scran.DESCRIPTION	2177	f373b582ff93b60e4a89dfee376052583deedd8ebd0554e1e141832e7a2dae1d	effective_environment_lock_and_restore_audit	Package metadata retains its package attribution; no package binaries included
work/repro_v3_cellchat_environment/R_DESCRIPTION/sctransform.DESCRIPTION	2109	09bc619ca70e0bc3e93b614107504ada4d65cc0867a77ad0e1b15e11c9381363	effective_environment_lock_and_restore_audit	Package metadata retains its package attribution; no package binaries included
work/repro_v3_cellchat_environment/R_DESCRIPTION/scuttle.DESCRIPTION	1801	47e548a3d6e5fdf3ef7dcdcca99bad21ed0c92c7cb942bc3c9793615ccd420c2	effective_environment_lock_and_restore_audit	Package metadata retains its package attribution; no package binaries included
work/repro_v3_cellchat_environment/R_DESCRIPTION/Seqinfo.DESCRIPTION	2145	c6a5736ece714a46e44c943ddb0528181f495600752447478afde68b899ed379	effective_environment_lock_and_restore_audit	Package metadata retains its package attribution; no package binaries included
work/repro_v3_cellchat_environment/R_DESCRIPTION/Seurat.DESCRIPTION	7784	75b5b58c897f26afd6d13c19efeaea9f8ca3254578c944f8066f309fa1445923	effective_environment_lock_and_restore_audit	Package metadata retains its package attribution; no package binaries included
work/repro_v3_cellchat_environment/R_DESCRIPTION/SeuratObject.DESCRIPTION	5448	b97e9659d23578625143dc10768965375febb05d44530d87b33536daa61767fe	effective_environment_lock_and_restore_audit	Package metadata retains its package attribution; no package binaries included
work/repro_v3_cellchat_environment/R_DESCRIPTION/shape.DESCRIPTION	567	49143d7aea2fb57acbb96e436150c73f1660726cd61341d4809abb3400928c35	effective_environment_lock_and_restore_audit	Package metadata retains its package attribution; no package binaries included
work/repro_v3_cellchat_environment/R_DESCRIPTION/shiny.DESCRIPTION	8836	45d37d8bca008de0974ae31343c74b966bf42e7ffa7d95c8bdb7a929d00b7d50	effective_environment_lock_and_restore_audit	Package metadata retains its package attribution; no package binaries included
work/repro_v3_cellchat_environment/R_DESCRIPTION/SingleCellExperiment.DESCRIPTION	1872	e85e668d7d17bd9886dc8be6f59965f301f85d270bc319851a88c721ca67b041	effective_environment_lock_and_restore_audit	Package metadata retains its package attribution; no package binaries included
work/repro_v3_cellchat_environment/R_DESCRIPTION/sitmo.DESCRIPTION	1958	77f895716f4fc9e21ea673e0c02e2fda6673fe89619ce7776533d8397bcfcb99	effective_environment_lock_and_restore_audit	Package metadata retains its package attribution; no package binaries included
work/repro_v3_cellchat_environment/R_DESCRIPTION/sna.DESCRIPTION	889	fc10b51ba2a499bdca754211bb75aa7fb453d69321cfb5fc2dc447b70268a0f5	effective_environment_lock_and_restore_audit	Package metadata retains its package attribution; no package binaries included
work/repro_v3_cellchat_environment/R_DESCRIPTION/snow.DESCRIPTION	494	c32c69a3dac541c0413d48a9a341f913f593ea3e21c40b54e5435b0de895748b	effective_environment_lock_and_restore_audit	Package metadata retains its package attribution; no package binaries included
work/repro_v3_cellchat_environment/R_DESCRIPTION/sourcetools.DESCRIPTION	911	3a5b249dbd8705a85657336493ab093cbb4d9f866f3fe4c81a1f0f1e3cf76a08	effective_environment_lock_and_restore_audit	Package metadata retains its package attribution; no package binaries included
work/repro_v3_cellchat_environment/R_DESCRIPTION/sp.DESCRIPTION	3525	0b0270ec6afbe95ccd0b1af4cce2b7edc49623ae4c5a7cc2245d48cfee492c81	effective_environment_lock_and_restore_audit	Package metadata retains its package attribution; no package binaries included
work/repro_v3_cellchat_environment/R_DESCRIPTION/spam.DESCRIPTION	3973	53eecf30aec89b639fe9d760d2c08b1bad4bbcb01565c2068aeb0b3bcdca0c0b	effective_environment_lock_and_restore_audit	Package metadata retains its package attribution; no package binaries included
work/repro_v3_cellchat_environment/R_DESCRIPTION/SparseArray.DESCRIPTION	3728	195d67dac22ab605265f57e2f919310840fc05d24205c284987655ea35ad66f2	effective_environment_lock_and_restore_audit	Package metadata retains its package attribution; no package binaries included
work/repro_v3_cellchat_environment/R_DESCRIPTION/SparseM.DESCRIPTION	1496	ea56745c79fd33d8c5eba68b0921b90356a32c24bab852a312e2181ec54dcd1e	effective_environment_lock_and_restore_audit	Package metadata retains its package attribution; no package binaries included
work/repro_v3_cellchat_environment/R_DESCRIPTION/spatial.DESCRIPTION	950	d50b2b02b130df7483b7e891956f760b3b8853ae5d60238961573db9cfc5b43b	effective_environment_lock_and_restore_audit	Package metadata retains its package attribution; no package binaries included
work/repro_v3_cellchat_environment/R_DESCRIPTION/spatstat.data.DESCRIPTION	7889	adc4197fcbaa42aac228d4a0f44ba92730052bd795f324ae7bb6d912df26ddf0	effective_environment_lock_and_restore_audit	Package metadata retains its package attribution; no package binaries included
work/repro_v3_cellchat_environment/R_DESCRIPTION/spatstat.explore.DESCRIPTION	5137	eaf3cf94486c0263275d5827f7570424b75a69db6ea21992d547dbd039be37c5	effective_environment_lock_and_restore_audit	Package metadata retains its package attribution; no package binaries included
work/repro_v3_cellchat_environment/R_DESCRIPTION/spatstat.geom.DESCRIPTION	3729	efcdd1460ae58041da4d22e86106fc94564b767990897bce82c945ddcc352b21	effective_environment_lock_and_restore_audit	Package metadata retains its package attribution; no package binaries included
work/repro_v3_cellchat_environment/R_DESCRIPTION/spatstat.random.DESCRIPTION	3730	6664787d8254a4344418c5ae3be382c227c78674dfb191c4838588c66bf68d7a	effective_environment_lock_and_restore_audit	Package metadata retains its package attribution; no package binaries included
work/repro_v3_cellchat_environment/R_DESCRIPTION/spatstat.sparse.DESCRIPTION	1669	236f89012d81cd667937a160c8a2501535f0f9b0b553237178566388a4e77e2c	effective_environment_lock_and_restore_audit	Package metadata retains its package attribution; no package binaries included
work/repro_v3_cellchat_environment/R_DESCRIPTION/spatstat.univar.DESCRIPTION	2420	a757cc5b340e9a749e3fade7b473d27cfd4cdb59e80e441791cbc11a06a5f2d0	effective_environment_lock_and_restore_audit	Package metadata retains its package attribution; no package binaries included
work/repro_v3_cellchat_environment/R_DESCRIPTION/spatstat.utils.DESCRIPTION	1475	868a979fa75cc63750471e268aa2df437071417d41af6faba3c78a86efd3ca8e	effective_environment_lock_and_restore_audit	Package metadata retains its package attribution; no package binaries included
work/repro_v3_cellchat_environment/R_DESCRIPTION/splines.DESCRIPTION	558	8006d0b7524384378e596817cce6bc635f6f8ab93a73a4c934b79d210a0699b7	effective_environment_lock_and_restore_audit	Package metadata retains its package attribution; no package binaries included
work/repro_v3_cellchat_environment/R_DESCRIPTION/StanHeaders.DESCRIPTION	4682	bf52be2d57e4f12552f7c4c0775924c6f72e65adaac79eb4ae4f7befb679100b	effective_environment_lock_and_restore_audit	Package metadata retains its package attribution; no package binaries included
work/repro_v3_cellchat_environment/R_DESCRIPTION/statmod.DESCRIPTION	1835	4111c62a9e62c3b4671ab2f75db24cb3f4d1ca8006823c7712c68e6ed250b94b	effective_environment_lock_and_restore_audit	Package metadata retains its package attribution; no package binaries included
work/repro_v3_cellchat_environment/R_DESCRIPTION/statnet.common.DESCRIPTION	1670	0375d794c5628a7257ef1a62dfea23c43c142fc66fba3dd712782ebe07f6bc3a	effective_environment_lock_and_restore_audit	Package metadata retains its package attribution; no package binaries included
work/repro_v3_cellchat_environment/R_DESCRIPTION/stats.DESCRIPTION	570	695fc4a25755bb5ea4409e76477e67bec2cca46e9bbc393e68372ac1feaa3426	effective_environment_lock_and_restore_audit	Package metadata retains its package attribution; no package binaries included
work/repro_v3_cellchat_environment/R_DESCRIPTION/stats4.DESCRIPTION	428	ec0329c568baf03a87c0bea49d891ef595bc2bc423bfd629c50c0c8f9c58e248	effective_environment_lock_and_restore_audit	Package metadata retains its package attribution; no package binaries included
work/repro_v3_cellchat_environment/R_DESCRIPTION/stringi.DESCRIPTION	2232	b84f832d2c83a025e5f7d9edd82725978037d08074dca139b9a561c844235cf1	effective_environment_lock_and_restore_audit	Package metadata retains its package attribution; no package binaries included
work/repro_v3_cellchat_environment/R_DESCRIPTION/stringr.DESCRIPTION	1519	6e0374299123462ab529bd36efa50f054b5de859cdc233878a0111263c85282a	effective_environment_lock_and_restore_audit	Package metadata retains its package attribution; no package binaries included
work/repro_v3_cellchat_environment/R_DESCRIPTION/SummarizedExperiment.DESCRIPTION	2408	fda952b0869068dcd89a8d126f022b4b9a1de17ee40d61064c7d831f8dcc1d42	effective_environment_lock_and_restore_audit	Package metadata retains its package attribution; no package binaries included
work/repro_v3_cellchat_environment/R_DESCRIPTION/survival.DESCRIPTION	1362	ab4bbdda16b61ccd647272e51b549158be052e2970bbca470fb9d6419b41789a	effective_environment_lock_and_restore_audit	Package metadata retains its package attribution; no package binaries included
work/repro_v3_cellchat_environment/R_DESCRIPTION/svglite.DESCRIPTION	2688	a356b9c9c4af8351c0d616f44f2884ddb1ab303e4a1028402fcc17e61806f4c2	effective_environment_lock_and_restore_audit	Package metadata retains its package attribution; no package binaries included
work/repro_v3_cellchat_environment/R_DESCRIPTION/sys.DESCRIPTION	1277	b97e49c2b78c78f467c399fe2a36bc91fb7d35d8afc9f886c94bdf353b209f2c	effective_environment_lock_and_restore_audit	Package metadata retains its package attribution; no package binaries included
work/repro_v3_cellchat_environment/R_DESCRIPTION/systemfonts.DESCRIPTION	2247	ade0086f1627d68bd7fb47850eddaf70f65163721799a0b65d00e15d54022c98	effective_environment_lock_and_restore_audit	Package metadata retains its package attribution; no package binaries included
work/repro_v3_cellchat_environment/R_DESCRIPTION/tcltk.DESCRIPTION	416	f1536830e532a2cedadf733c85935909151083275bba992afa244deb74c6f34f	effective_environment_lock_and_restore_audit	Package metadata retains its package attribution; no package binaries included
work/repro_v3_cellchat_environment/R_DESCRIPTION/tensor.DESCRIPTION	721	2b007f8c7086092e0ffde52dbcdb0385e0b5fb762c4983939c914c3b94c7f031	effective_environment_lock_and_restore_audit	Package metadata retains its package attribution; no package binaries included
work/repro_v3_cellchat_environment/R_DESCRIPTION/tensorA.DESCRIPTION	885	6d2006e0352c5fde42fa825d7edd17920458ea8fd15d4fb12f9d9eaa0bfe16b5	effective_environment_lock_and_restore_audit	Package metadata retains its package attribution; no package binaries included
work/repro_v3_cellchat_environment/R_DESCRIPTION/textshaping.DESCRIPTION	1707	d3586d53f844dd6d26aec5b963e26fd166b3b92e3b362952841e19bb1ba6e406	effective_environment_lock_and_restore_audit	Package metadata retains its package attribution; no package binaries included
work/repro_v3_cellchat_environment/R_DESCRIPTION/tibble.DESCRIPTION	2129	2c179dbcc50dfc3d4dea54a0f5e797c5e852199a64ec77dd64794706f1d240cf	effective_environment_lock_and_restore_audit	Package metadata retains its package attribution; no package binaries included
work/repro_v3_cellchat_environment/R_DESCRIPTION/tidyr.DESCRIPTION	2035	4882c6b27ea77dc41718ad500bad047bd55d17a08b920a540dbb6d66c0cf395d	effective_environment_lock_and_restore_audit	Package metadata retains its package attribution; no package binaries included
work/repro_v3_cellchat_environment/R_DESCRIPTION/tidyselect.DESCRIPTION	1423	30010c008ee606f3f4dcf18f1cbd481c4bc2489c83c2e392afc9d1e821a7370b	effective_environment_lock_and_restore_audit	Package metadata retains its package attribution; no package binaries included
work/repro_v3_cellchat_environment/R_DESCRIPTION/timeDate.DESCRIPTION	2206	1f45e1d967ad394a30b961f8917caff4426d8dbcd4e676f386f10372872fb3c0	effective_environment_lock_and_restore_audit	Package metadata retains its package attribution; no package binaries included
work/repro_v3_cellchat_environment/R_DESCRIPTION/tinytex.DESCRIPTION	1784	a3a47477342143f54b50aa20f867854042155fb6c12f29a22f52a902461e2cad	effective_environment_lock_and_restore_audit	Package metadata retains its package attribution; no package binaries included
work/repro_v3_cellchat_environment/R_DESCRIPTION/tools.DESCRIPTION	520	c0b5eb1651309f147bde74cce708979675d505f92ac0e1a8e9554632e5c4fbce	effective_environment_lock_and_restore_audit	Package metadata retains its package attribution; no package binaries included
work/repro_v3_cellchat_environment/R_DESCRIPTION/urca.DESCRIPTION	882	378187869eff684624339d08559ea522d045510d96c9ddd8f734057954225e25	effective_environment_lock_and_restore_audit	Package metadata retains its package attribution; no package binaries included
work/repro_v3_cellchat_environment/R_DESCRIPTION/utf8.DESCRIPTION	1471	9db237dd724503cbf6ea629cc0c4e64fc8f54423e7f0d2acd3f19d29e6ee138a	effective_environment_lock_and_restore_audit	Package metadata retains its package attribution; no package binaries included
work/repro_v3_cellchat_environment/R_DESCRIPTION/utils.DESCRIPTION	466	c2eb5f8f135bec0cba1394b1fdbbe4535a9268843ad3b3465bc090a78b6d96a0	effective_environment_lock_and_restore_audit	Package metadata retains its package attribution; no package binaries included
work/repro_v3_cellchat_environment/R_DESCRIPTION/uwot.DESCRIPTION	2150	553be07fb1423c9dec7dee5310dd318e300deab34e31205c616bcb21a19d81a1	effective_environment_lock_and_restore_audit	Package metadata retains its package attribution; no package binaries included
work/repro_v3_cellchat_environment/R_DESCRIPTION/vctrs.DESCRIPTION	1956	9a5e28afbf43f409be69975e58a76d74bd08efeeb61e741f0da42c8154034d97	effective_environment_lock_and_restore_audit	Package metadata retains its package attribution; no package binaries included
work/repro_v3_cellchat_environment/R_DESCRIPTION/vipor.DESCRIPTION	810	a3d9d4c4d3c1dd316cfa9808171b0c079f665db291f69ee7b73e44e295aaeb77	effective_environment_lock_and_restore_audit	Package metadata retains its package attribution; no package binaries included
work/repro_v3_cellchat_environment/R_DESCRIPTION/viridis.DESCRIPTION	2128	52b455b149a78f02a86d6080518bc0b4aaf456fe738131b3d74956ba45999461	effective_environment_lock_and_restore_audit	Package metadata retains its package attribution; no package binaries included
work/repro_v3_cellchat_environment/R_DESCRIPTION/viridisLite.DESCRIPTION	1883	37a80ee094e8840f8fa0e23c306b151c6a806223035d57bd717c956e40404d23	effective_environment_lock_and_restore_audit	Package metadata retains its package attribution; no package binaries included
work/repro_v3_cellchat_environment/R_DESCRIPTION/withr.DESCRIPTION	2214	adccda654f021ddf108aca953d98335a10c7c4d97e7b4019673cbb72602f4f49	effective_environment_lock_and_restore_audit	Package metadata retains its package attribution; no package binaries included
work/repro_v3_cellchat_environment/R_DESCRIPTION/WriteXLS.DESCRIPTION	1504	249ebb35865492e4f2abd83ce39d80c1445cc4d91aac56aa52cb3d44d20feeb6	effective_environment_lock_and_restore_audit	Package metadata retains its package attribution; no package binaries included
work/repro_v3_cellchat_environment/R_DESCRIPTION/xfun.DESCRIPTION	1698	bd3be09d727307cc73274d3407d6b591bb581dd9ee50c7ea8506eb7737a68f6c	effective_environment_lock_and_restore_audit	Package metadata retains its package attribution; no package binaries included
work/repro_v3_cellchat_environment/R_DESCRIPTION/xtable.DESCRIPTION	2881	f5ffcabe55930135a9620d2c283408d99564aed6be75f2de22a8b3e19b1db7d2	effective_environment_lock_and_restore_audit	Package metadata retains its package attribution; no package binaries included
work/repro_v3_cellchat_environment/R_DESCRIPTION/XVector.DESCRIPTION	1744	5b5ed9f87548be56b48cae78869dcb5765ed30f0ed453ae53fa61b4739459632	effective_environment_lock_and_restore_audit	Package metadata retains its package attribution; no package binaries included
work/repro_v3_cellchat_environment/R_DESCRIPTION/yaml.DESCRIPTION	2319	554eac45060298ad5068669a738268d984fdbf52da900aeb067714f32f6cde7f	effective_environment_lock_and_restore_audit	Package metadata retains its package attribution; no package binaries included
work/repro_v3_cellchat_environment/R_DESCRIPTION/zoo.DESCRIPTION	2386	04123dae9ee546ebbfabb81fb40d2d79b2f17f9933100e9b3b4ae02782c2257d	effective_environment_lock_and_restore_audit	Package metadata retains its package attribution; no package binaries included
work/repro_v3_cellchat_environment/R_loaded_namespaces.tsv	10402	bd2553489d5c057e13d8482b9be7489af5583e4aaf671394576a3092cd8bd526	effective_environment_lock_and_restore_audit	Package metadata retains its package attribution; no package binaries included
work/repro_v3_cellchat_environment/R_package_descriptions.json	652632	c144c3d1c25243ad7e359a3af7d74ac3a691e66aee723c5f3e0d77d0371f0a62	effective_environment_lock_and_restore_audit	Package metadata retains its package attribution; no package binaries included
work/repro_v3_cellchat_environment/R_packages_analysis_effective.tsv	103357	efc2e334772556b40f10bb02dce8aeb170ce1a1af0e8acd3eea68699552e1753	effective_environment_lock_and_restore_audit	Package metadata retains its package attribution; no package binaries included
work/repro_v3_cellchat_environment/R_packages_lock_effective.tsv	103796	55de42b60a8eefad3da1feab758fefe739f4fc0260efe8da332a90790486ff0a	effective_environment_lock_and_restore_audit	Package metadata retains its package attribution; no package binaries included
work/repro_v3_cellchat_environment/rdata-1.1.0.METADATA.txt	11735	f99a1d65173d3eecfd83af8e6b555dd9361ce2ac5b5b3e7fd458e73d69525d43	effective_environment_lock_and_restore_audit	Package metadata retains its package attribution; no package binaries included
work/repro_v3_cellchat_environment/README.md	7318	60a6aa199d655b32e184924dae6e07f035e74a08d81d4365b6ace498c3737ca0	effective_environment_lock_and_restore_audit	Package metadata retains its package attribution; no package binaries included
work/repro_v3_cellchat_environment/renv.lock	653354	29608ca3e8d197b8fda8beaf86ec6a03f31327400863fb175d23568d6783ed41	effective_environment_lock_and_restore_audit	Package metadata retains its package attribution; no package binaries included
work/repro_v3_cellchat_environment/report.md	5293	1916ff2f0de4d751f298b5b271e8c43d4f6198f91f31cb899f9b14d4fa63edcb	effective_environment_lock_and_restore_audit	Package metadata retains its package attribution; no package binaries included
work/repro_v3_cellchat_environment/requirements-python-audit-delta.txt	150	76f2249bf3c959fae95aacf6e40a641f9780435bf43ecd14c5771bd30748e857	effective_environment_lock_and_restore_audit	Package metadata retains its package attribution; no package binaries included
work/repro_v3_cellchat_environment/requirements-python-current.lock.txt	2052	a5e35b28d512550a5bc51b420bb73fca0529829df9126994b52be373c3a1e699	effective_environment_lock_and_restore_audit	Package metadata retains its package attribution; no package binaries included
work/repro_v3_cellchat_environment/requirements-python-optional-audit.txt	175	35f721d564ca90b5fb140286aa01689d173b39265a99196e84f1a1a47168a745	effective_environment_lock_and_restore_audit	Package metadata retains its package attribution; no package binaries included
work/repro_v3_cellchat_environment/restore_offline_overlay.R	2813	0ca3db63a61678c63a56e9d15d0c56d930b86059f4c193eedf16639f5730c122	effective_environment_lock_and_restore_audit	Package metadata retains its package attribution; no package binaries included
work/repro_v3_cellchat_environment/test_offline_restore.py	2414	3174aedfc43a7a575e88893adcaea0853864dcab3d06c2e9b53cc821533ca7c0	effective_environment_lock_and_restore_audit	Package metadata retains its package attribution; no package binaries included
work/repro_v3_cellchat_environment/verify_bundle.py	1294	2ed25f259e51e6c237c82d910a2e05397edc41f897e87d6e5e8291879ff45785	effective_environment_lock_and_restore_audit	Package metadata retains its package attribution; no package binaries included
work/repro_v3_cellchat_export_lossless.R	2763	539001f644a42de96b1c65bbcdc2607df8ad0de9ab1a01586d8c04ebf0841d1e	analysis_or_audit_code	Original project analysis code unless explicitly identified as an upstream copy
work/repro_v3_cellchat_fetch.py	864	c8b36e111fd016c7b586e132e42a73f7134fbb61a126b25e3521997da0e9a5d6	analysis_or_audit_code	Original project analysis code unless explicitly identified as an upstream copy
work/repro_v3_cellchat_fetch_source.py	790	254f8a0c5cc68f3c074bb147c2aabd5274cf98ef0606fb2d638cef8f1342ae00	analysis_or_audit_code	Original project analysis code unless explicitly identified as an upstream copy
work/repro_v3_cellchat_figure.py	8621	14208baa6e37da216ffcb37448bf57563d989e88ea8e2cb14ca71949c728a01c	analysis_or_audit_code	Original project analysis code unless explicitly identified as an upstream copy
work/repro_v3_cellchat_independent_review.json	14334	0a34c6e89d017b32785bc9e064767db2e1c139e08fbec200cc751158adcdfc60	analysis_table_narrative_or_provenance	Original analysis artifact with cited external source attribution where applicable
work/repro_v3_cellchat_independent_review.md	6549	2ea0ad9a974b794ecc1f2523712a2fd1e05ab3db15e523f9f22404fe00229a6f	analysis_table_narrative_or_provenance	Original analysis artifact with cited external source attribution where applicable
work/repro_v3_cellchat_independent_review.py	13220	ff2a67f0108c1f3b7b0e11fe1794cd9ea1fdcf31a183b60f09a4f18198e3d691	analysis_or_audit_code	Original project analysis code unless explicitly identified as an upstream copy
work/repro_v3_cellchat_install_verify.R	4365	8d5c8886c9fb6790846e97a557c3a53009252bc33497e2b6c43cbf1c1aa12bb3	analysis_or_audit_code	Original project analysis code unless explicitly identified as an upstream copy
work/repro_v3_cellchat_narrative.json	21827	ab5329f6923b381ffcbb7fe8a0e0d4484ea7475ce71dda4acb464b89d9a22348	analysis_table_narrative_or_provenance	Original analysis artifact with cited external source attribution where applicable
work/repro_v3_cellchat_precision_amendment.md	1386	842e7cc4f19c497017819e478ee76a987f3508738f10559d7a2a2a2b6ba8581d	analysis_table_narrative_or_provenance	Original analysis artifact with cited external source attribution where applicable
work/repro_v3_cellchat_probe/binary_endpoint_probe.json	2412	e78118b38e779a5d7a7a97971fbc4e1536f7cfbefc8742168847a72883971f5c	upstream_source_resource_and_provenance	CellChat-derived source/database retains upstream GPL-3; see THIRD_PARTY_NOTICE.md and LICENSE.CellChat; analysis provenance records remain separately attributable
work/repro_v3_cellchat_probe/binary_sizes.json	13160	19a55cee4454277a816266817cb76a178e11d7b2077354d6f774532a97af64e8	upstream_source_resource_and_provenance	CellChat-derived source/database retains upstream GPL-3; see THIRD_PARTY_NOTICE.md and LICENSE.CellChat; analysis provenance records remain separately attributable
work/repro_v3_cellchat_probe/CellChatDB.mouse_cofactor.tsv	1852	b757532ea376b246a3f79d38f81dd3b40be8e791b75db4d387928d7bd581997b	upstream_source_resource_and_provenance	CellChat-derived source/database retains upstream GPL-3; see THIRD_PARTY_NOTICE.md and LICENSE.CellChat; analysis provenance records remain separately attributable
work/repro_v3_cellchat_probe/CellChatDB.mouse_complex.tsv	10113	3bbe88c18a95b1aec2e1ef25de1416658686b508a264a5d420cb65a7a2d674e8	upstream_source_resource_and_provenance	CellChat-derived source/database retains upstream GPL-3; see THIRD_PARTY_NOTICE.md and LICENSE.CellChat; analysis provenance records remain separately attributable
work/repro_v3_cellchat_probe/CellChatDB.mouse_geneInfo.tsv	9725844	d1a3ea8f088387ebfd16dfdbc21b2be90c314315095023ecb98ce5dbead52271	upstream_source_resource_and_provenance	CellChat-derived source/database retains upstream GPL-3; see THIRD_PARTY_NOTICE.md and LICENSE.CellChat; analysis provenance records remain separately attributable
work/repro_v3_cellchat_probe/CellChatDB.mouse_interaction.tsv	3407238	9fbaf8efa07897070ddfddafcf607bfab0192b407393b9b56f17c9f8cb35259f	upstream_source_resource_and_provenance	CellChat-derived source/database retains upstream GPL-3; see THIRD_PARTY_NOTICE.md and LICENSE.CellChat; analysis provenance records remain separately attributable
work/repro_v3_cellchat_probe/CellChatDB.mouse_protein_canonical_overlap.tsv	2306612	0a0df627d073eaa1a3abb0267608ecea730563fa7f60e2bad8701f82ca2975d3	upstream_source_resource_and_provenance	CellChat-derived source/database retains upstream GPL-3; see THIRD_PARTY_NOTICE.md and LICENSE.CellChat; analysis provenance records remain separately attributable
work/repro_v3_cellchat_probe/commit.json	7152	44846e444295e7bd94bfbf7b4b866ff2d20b504db7062c5e955d6069d8e32041	upstream_source_resource_and_provenance	CellChat-derived source/database retains upstream GPL-3; see THIRD_PARTY_NOTICE.md and LICENSE.CellChat; analysis provenance records remain separately attributable
work/repro_v3_cellchat_probe/corresponding_source_asset.json	1365	c1f68e023231af64adb802e5dfe169f252610df89058b16b2133e7415a3a74a9	upstream_source_resource_and_provenance	CellChat-derived source/database retains upstream GPL-3; see THIRD_PARTY_NOTICE.md and LICENSE.CellChat; analysis provenance records remain separately attributable
work/repro_v3_cellchat_probe/data/CellChatDB.mouse.rda	1279646	dd59b19646e546b3ed41f394ad2cf64cf44f3d3fcfbb58ac176f0fe1322f9413	upstream_source_resource_and_provenance	CellChat-derived source/database retains upstream GPL-3; see THIRD_PARTY_NOTICE.md and LICENSE.CellChat; analysis provenance records remain separately attributable
work/repro_v3_cellchat_probe/data_files.json	4120	5b62c3e7d1791ba4d0084a1de25db0f2806f6e0c00ca51f8fe68d370494e1050	upstream_source_resource_and_provenance	CellChat-derived source/database retains upstream GPL-3; see THIRD_PARTY_NOTICE.md and LICENSE.CellChat; analysis provenance records remain separately attributable
work/repro_v3_cellchat_probe/dependency_cost.json	6802	a4ff5e8455663231fda4b40d2c0703cd4d3b581154f8b887576fdce68da945cd	upstream_source_resource_and_provenance	CellChat-derived source/database retains upstream GPL-3; see THIRD_PARTY_NOTICE.md and LICENSE.CellChat; analysis provenance records remain separately attributable
work/repro_v3_cellchat_probe/DESCRIPTION	1223	f62caad458d90a7ca6d4a866d405561b3d7e62eb5e2bae71e673cd6f7c7adfe5	upstream_source_resource_and_provenance	CellChat-derived source/database retains upstream GPL-3; see THIRD_PARTY_NOTICE.md and LICENSE.CellChat; analysis provenance records remain separately attributable
work/repro_v3_cellchat_probe/discovery.json	2283	be530e59a2b94c25e2c0be67841dc0043df05902f448354b74502cdf638aeb62	upstream_source_resource_and_provenance	CellChat-derived source/database retains upstream GPL-3; see THIRD_PARTY_NOTICE.md and LICENSE.CellChat; analysis provenance records remain separately attributable
work/repro_v3_cellchat_probe/LICENSE.CellChat	35149	3972dc9744f6499f0f9b2dbf76696f2ae7ad8af9b23dde66d6af86c9dfb36986	upstream_source_resource_and_provenance	CellChat-derived source/database retains upstream GPL-3; see THIRD_PARTY_NOTICE.md and LICENSE.CellChat; analysis provenance records remain separately attributable
work/repro_v3_cellchat_probe/license_provenance.json	278	f2c78d885e822ebe85e357ed84f66f3bbef847608e980dd29ac688eb0729271a	upstream_source_resource_and_provenance	CellChat-derived source/database retains upstream GPL-3; see THIRD_PARTY_NOTICE.md and LICENSE.CellChat; analysis provenance records remain separately attributable
work/repro_v3_cellchat_probe/NAMESPACE	7142	69a44ea510e04107866f85aa4ba0f8a481963fa882ab79639a13199054a11d6d	upstream_source_resource_and_provenance	CellChat-derived source/database retains upstream GPL-3; see THIRD_PARTY_NOTICE.md and LICENSE.CellChat; analysis provenance records remain separately attributable
work/repro_v3_cellchat_probe/R/CellChat_class.R	40854	d7c3cadb80cd8612e5e7ba8168cb5a72c78eb6e08327ce20555477a09c628f3e	upstream_source_resource_and_provenance	CellChat-derived source/database retains upstream GPL-3; see THIRD_PARTY_NOTICE.md and LICENSE.CellChat; analysis provenance records remain separately attributable
work/repro_v3_cellchat_probe/R/modeling.R	66940	edf75f668a1527207c0d1a89316416becbbf7977a28f7226621d661366bd2cfe	upstream_source_resource_and_provenance	CellChat-derived source/database retains upstream GPL-3; see THIRD_PARTY_NOTICE.md and LICENSE.CellChat; analysis provenance records remain separately attributable
work/repro_v3_cellchat_probe/R/utilities.R	57169	061f90e679279382d96d6ccae09a825c6ad53571513df4dc4fb4ac8b9ba38895	upstream_source_resource_and_provenance	CellChat-derived source/database retains upstream GPL-3; see THIRD_PARTY_NOTICE.md and LICENSE.CellChat; analysis provenance records remain separately attributable
work/repro_v3_cellchat_probe/R_dependency_resource_probe.json	2680	de7f40de06a49391fb678be4f367ce1eec1e16a805e29a65d1f3fe46a1245078	upstream_source_resource_and_provenance	CellChat-derived source/database retains upstream GPL-3; see THIRD_PARTY_NOTICE.md and LICENSE.CellChat; analysis provenance records remain separately attributable
work/repro_v3_cellchat_probe/resource_memory_summary.json	1427	9042686076462e72a2da9b19b478b927666be06b51e52c3959173fafc9ccc8ee	upstream_source_resource_and_provenance	CellChat-derived source/database retains upstream GPL-3; see THIRD_PARTY_NOTICE.md and LICENSE.CellChat; analysis provenance records remain separately attributable
work/repro_v3_cellchat_probe/runiverse.json	48089	21d3961e63ee1e047483d042e02986a331e43cf587578569f6636306b7d64c16	upstream_source_resource_and_provenance	CellChat-derived source/database retains upstream GPL-3; see THIRD_PARTY_NOTICE.md and LICENSE.CellChat; analysis provenance records remain separately attributable
work/repro_v3_cellchat_probe/runiverse_windows_PACKAGES	18331	87d90c903c5392aa9d273331fd9b74c0a9e60be1ac05118d3f041826484bc6b5	upstream_source_resource_and_provenance	CellChat-derived source/database retains upstream GPL-3; see THIRD_PARTY_NOTICE.md and LICENSE.CellChat; analysis provenance records remain separately attributable
work/repro_v3_cellchat_probe/sample_memory_estimates.tsv	2525	54f592878dcc2d6861daa51cf79023b8aa8eb24b568d6d6465ddc46cd081885f	upstream_source_resource_and_provenance	CellChat-derived source/database retains upstream GPL-3; see THIRD_PARTY_NOTICE.md and LICENSE.CellChat; analysis provenance records remain separately attributable
work/repro_v3_cellchat_probe/source_files.json	7586	d029aa87145ad79eb8a120fcfec47521ead21540f28dbd4c9176c91ac13a4a5c	upstream_source_resource_and_provenance	CellChat-derived source/database retains upstream GPL-3; see THIRD_PARTY_NOTICE.md and LICENSE.CellChat; analysis provenance records remain separately attributable
work/repro_v3_cellchat_probe/source_manifest.json	1919	73e4d8b6ebeb49f7100ad5cb5ee81b26067bdf5d83bb69e7eecf507feb9490cf	upstream_source_resource_and_provenance	CellChat-derived source/database retains upstream GPL-3; see THIRD_PARTY_NOTICE.md and LICENSE.CellChat; analysis provenance records remain separately attributable
work/repro_v3_cellchat_probe/source_toy_smoke_v2_1_2.json	1022	9c6ae728c299cd1c0650f6ee0e3ccc39fc4f0394768ee83fb66502d20438087a	upstream_source_resource_and_provenance	CellChat-derived source/database retains upstream GPL-3; see THIRD_PARTY_NOTICE.md and LICENSE.CellChat; analysis provenance records remain separately attributable
work/repro_v3_cellchat_probe/source_toy_smoke_v2_1_2.rds	7111	5583ed7d662cf3079513082c263b6c2a6ddab161fce24fcadae073a684dad72f	upstream_source_resource_and_provenance	CellChat-derived source/database retains upstream GPL-3; see THIRD_PARTY_NOTICE.md and LICENSE.CellChat; analysis provenance records remain separately attributable
work/repro_v3_cellchat_probe/stable_v2.1.2/data/CellChatDB.mouse.rda	1279646	dd59b19646e546b3ed41f394ad2cf64cf44f3d3fcfbb58ac176f0fe1322f9413	upstream_source_resource_and_provenance	CellChat-derived source/database retains upstream GPL-3; see THIRD_PARTY_NOTICE.md and LICENSE.CellChat; analysis provenance records remain separately attributable
work/repro_v3_cellchat_probe/stable_v2.1.2/DESCRIPTION	1204	1a6f3b39d76a04060942a8ec3f527e8078ff61c21843a0f09a1ae5ff62ed9bcb	upstream_source_resource_and_provenance	CellChat-derived source/database retains upstream GPL-3; see THIRD_PARTY_NOTICE.md and LICENSE.CellChat; analysis provenance records remain separately attributable
work/repro_v3_cellchat_probe/stable_v2.1.2/NAMESPACE	7112	4c8cd73c2ccc6a1c15fb1dcdd1205a40a77312f178e0cc141231c7fcd735dcfb	upstream_source_resource_and_provenance	CellChat-derived source/database retains upstream GPL-3; see THIRD_PARTY_NOTICE.md and LICENSE.CellChat; analysis provenance records remain separately attributable
work/repro_v3_cellchat_probe/stable_v2.1.2/R/CellChat_class.R	40794	f8878b37abaf40f0c3a21d2339fa75f8c799b41c36bc388b2ed244f6d10ef0f1	upstream_source_resource_and_provenance	CellChat-derived source/database retains upstream GPL-3; see THIRD_PARTY_NOTICE.md and LICENSE.CellChat; analysis provenance records remain separately attributable
work/repro_v3_cellchat_probe/stable_v2.1.2/R/database.R	22484	fcce8c7fa5a3ae836f6184610f4e58660dd2341b62cbf8dd49301dbd5c420ac3	upstream_source_resource_and_provenance	CellChat-derived source/database retains upstream GPL-3; see THIRD_PARTY_NOTICE.md and LICENSE.CellChat; analysis provenance records remain separately attributable
work/repro_v3_cellchat_probe/stable_v2.1.2/R/modeling.R	66925	205a336b0c2381bea86e21bfe0410d0de716f0468327854a693f7639de7688c3	upstream_source_resource_and_provenance	CellChat-derived source/database retains upstream GPL-3; see THIRD_PARTY_NOTICE.md and LICENSE.CellChat; analysis provenance records remain separately attributable
work/repro_v3_cellchat_probe/stable_v2.1.2/R/utilities.R	55091	bb814b4cc5fed9687fab7bf5010a0eee4ab96d89d86999b9c8fc48211ff3ee0b	upstream_source_resource_and_provenance	CellChat-derived source/database retains upstream GPL-3; see THIRD_PARTY_NOTICE.md and LICENSE.CellChat; analysis provenance records remain separately attributable
work/repro_v3_cellchat_probe/stable_v2.1.2/source_manifest.json	1883	141894089af8130ad80dc03f071e7dacdb82f5e7e015a36a2bbd8fa394e83cbc	upstream_source_resource_and_provenance	CellChat-derived source/database retains upstream GPL-3; see THIRD_PARTY_NOTICE.md and LICENSE.CellChat; analysis provenance records remain separately attributable
work/repro_v3_cellchat_probe/tags.json	408	071582cee2ff2ae12598d2a9f4b1645bcfceff45e2165fdb0fa3c64cb64b6940	upstream_source_resource_and_provenance	CellChat-derived source/database retains upstream GPL-3; see THIRD_PARTY_NOTICE.md and LICENSE.CellChat; analysis provenance records remain separately attributable
work/repro_v3_cellchat_probe/THIRD_PARTY_NOTICE.md	1965	9c7afa7d194b677a60a96b0bedd3dbf575791c843f3666256ba103eaf42dce52	upstream_source_resource_and_provenance	CellChat-derived source/database retains upstream GPL-3; see THIRD_PARTY_NOTICE.md and LICENSE.CellChat; analysis provenance records remain separately attributable
work/repro_v3_cellchat_probe/tutorial/CellChat-vignette.Rmd	43876	260ec873ef4a3226ba0a6f27d2f2b6441733d73f1625bfdff498a972f8c3fe57	upstream_source_resource_and_provenance	CellChat-derived source/database retains upstream GPL-3; see THIRD_PARTY_NOTICE.md and LICENSE.CellChat; analysis provenance records remain separately attributable
work/repro_v3_cellchat_probe.R	2141	af1c925c1a2df6c8caacb2d0aa8abae33d37e97217bd653a6f48098ac752f2f7	analysis_or_audit_code	Original project analysis code unless explicitly identified as an upstream copy
work/repro_v3_cellchat_reference_entries.json	1792	55a464a81bbcacd5c6f3d050781ea94f031949ee692d236eef05c2724fa14e77	analysis_table_narrative_or_provenance	Original analysis artifact with cited external source attribution where applicable
work/repro_v3_cellchat_references.json	1722	eb9e3738a9a016e18e0f6068ea5597e655e92737f9bb887040dbcbb40f37a025	analysis_table_narrative_or_provenance	Original analysis artifact with cited external source attribution where applicable
work/repro_v3_cellchat_resource_cost.py	5018	6fdc19b569818ad176bdc924a885e3f14c3a3a0fc58fcf727c41492b236eeb1f	analysis_or_audit_code	Original project analysis code unless explicitly identified as an upstream copy
work/repro_v3_cellchat_run.py	6922	4c71e95276c7bdb4289869132378b7a119a356ed51edb07687ad7fd95ed2f3ea	analysis_or_audit_code	Original project analysis code unless explicitly identified as an upstream copy
work/repro_v3_cellchat_run.R	4010	6c30e7a9e26fbcea258b1565d02e3211271aead9a31d407615aa6e6e9a7c3496	analysis_or_audit_code	Original project analysis code unless explicitly identified as an upstream copy
work/repro_v3_cellchat_structural_audit_note.md	1552	b54d3b9a3abf5c4b34848a5bd68f7bb8923176f85257bd1180cab9c5277c426b	analysis_table_narrative_or_provenance	Original analysis artifact with cited external source attribution where applicable
work/repro_v3_cellchat_summary.py	14675	abc29e30f03dda917fd9c2cb7d2ba852f6bbf68045706aba6b149372123f3722	analysis_or_audit_code	Original project analysis code unless explicitly identified as an upstream copy
work/repro_v3_cellchat_toy.R	3508	e529a8c76af5f2d736a7c09c658bb2383f9a63f2692626d61ef87f42cf7551d3	analysis_or_audit_code	Original project analysis code unless explicitly identified as an upstream copy
work/repro_v3_cellchat_write_narrative.py	23327	6220f6f343ef0f840cbf95fa0b5179096345cb9928cade0219dd3dd702eed25a	analysis_or_audit_code	Original project analysis code unless explicitly identified as an upstream copy
work/repro_v3_independent_framework_plan.md	10632	d3ac0bc507b7ce0a03ed971e836cc956a0758db8328b8e679d791f47283b02ed	analysis_table_narrative_or_provenance	Original analysis artifact with cited external source attribution where applicable
