scope	archive	path	bytes	MiB	over_100_MB	over_100_MiB	at_least_2_GiB
release_file		work/repro_delivery/release/code_results.zip	541711621	516.6164598464966	True	True	False
zip_member	code_results.zip	.zenodo.json	1013	0.0009660720825195312	False	False	False
zip_member	code_results.zip	CITATION.cff	445	0.00042438507080078125	False	False	False
zip_member	code_results.zip	LICENSE	1474	0.0014057159423828125	False	False	False
zip_member	code_results.zip	outputs/figure_source_data/figure1_markers_GSE174574.tsv	485	0.00046253204345703125	False	False	False
zip_member	code_results.zip	outputs/figure_source_data/figure1_markers_GSE245386.tsv	484	0.000461578369140625	False	False	False
zip_member	code_results.zip	outputs/figure_source_data/figure1_sample_counts.tsv	1399	0.0013341903686523438	False	False	False
zip_member	code_results.zip	outputs/figure_source_data/figure2_Astrocyte.tsv.gz	1180294	1.1256160736083984	False	False	False
zip_member	code_results.zip	outputs/figure_source_data/figure2_communication.tsv	209204	0.19951248168945312	False	False	False
zip_member	code_results.zip	outputs/figure_source_data/figure2_Endothelial.tsv.gz	1275685	1.216588020324707	False	False	False
zip_member	code_results.zip	outputs/figure_source_data/figure3_sample_scores.tsv	5251	0.005007743835449219	False	False	False
zip_member	code_results.zip	outputs/figure_source_data/figure4_gene_effects.tsv	10665	0.010170936584472656	False	False	False
zip_member	code_results.zip	outputs/figure_source_data/figure4_program_scores.tsv	4022	0.0038356781005859375	False	False	False
zip_member	code_results.zip	outputs/figure_source_data/figure5_GSM7437221.tsv.gz	92176	0.0879058837890625	False	False	False
zip_member	code_results.zip	outputs/figure_source_data/figure5_GSM7437222.tsv.gz	91235	0.08700847625732422	False	False	False
zip_member	code_results.zip	outputs/figure_source_data/figureS1_constituent_effects.tsv	4631	0.004416465759277344	False	False	False
zip_member	code_results.zip	outputs/figure_source_data/figureS2_spatial_correlations.tsv	2564	0.002445220947265625	False	False	False
zip_member	code_results.zip	outputs/reproducibility_v2/document_build_audit.json	425	0.00040531158447265625	False	False	False
zip_member	code_results.zip	outputs/reproducibility_v2/figure_font_and_dimension_audit.json	8004	0.007633209228515625	False	False	False
zip_member	code_results.zip	outputs/reproducibility_v2/figure_source_data/figure1_animal_counts.tsv	1399	0.0013341903686523438	False	False	False
zip_member	code_results.zip	outputs/reproducibility_v2/figure_source_data/figure1_markers_GSE174574.tsv	485	0.00046253204345703125	False	False	False
zip_member	code_results.zip	outputs/reproducibility_v2/figure_source_data/figure1_markers_GSE245386.tsv	484	0.000461578369140625	False	False	False
zip_member	code_results.zip	outputs/reproducibility_v2/figure_source_data/figure2_common_effects.tsv.gz	42120	0.04016876220703125	False	False	False
zip_member	code_results.zip	outputs/reproducibility_v2/figure_source_data/figure2_common_null_summary.tsv	5567	0.005309104919433594	False	False	False
zip_member	code_results.zip	outputs/reproducibility_v2/figure_source_data/figure2_original_gate_null.tsv	22666	0.021615982055664062	False	False	False
zip_member	code_results.zip	outputs/reproducibility_v2/figure_source_data/Figure3_caption_zh.md	1238	0.0011806488037109375	False	False	False
zip_member	code_results.zip	outputs/reproducibility_v2/figure_source_data/figure3_comparison_and_denominators.tsv	906	0.0008640289306640625	False	False	False
zip_member	code_results.zip	outputs/reproducibility_v2/figure_source_data/figure3_data_profile.json	10156	0.009685516357421875	False	False	False
zip_member	code_results.zip	outputs/reproducibility_v2/figure_source_data/figure3_global_universe_context.tsv	1480	0.00141143798828125	False	False	False
zip_member	code_results.zip	outputs/reproducibility_v2/figure_source_data/figure3_qa.json	1744	0.0016632080078125	False	False	False
zip_member	code_results.zip	outputs/reproducibility_v2/figure_source_data/figure3_zero_effect_sources.tsv	911	0.0008687973022460938	False	False	False
zip_member	code_results.zip	outputs/reproducibility_v2/figure_source_data/figure4_data_profile.json	28000	0.026702880859375	False	False	False
zip_member	code_results.zip	outputs/reproducibility_v2/figure_source_data/figure4_gate_coverage.tsv	205	0.00019550323486328125	False	False	False
zip_member	code_results.zip	outputs/reproducibility_v2/figure_source_data/figure4_matched_rank_comparisons.tsv	7842	0.0074787139892578125	False	False	False
zip_member	code_results.zip	outputs/reproducibility_v2/figure_source_data/figure4_paired_markers.tsv	12220	0.011653900146484375	False	False	False
zip_member	code_results.zip	outputs/reproducibility_v2/figure_source_data/figure5_all_metric_and_universe_results.tsv	3909	0.0037279129028320312	False	False	False
zip_member	code_results.zip	outputs/reproducibility_v2/figure_source_data/figure5_captions_en_zh.md	2028	0.001934051513671875	False	False	False
zip_member	code_results.zip	outputs/reproducibility_v2/figure_source_data/figure5_data_profile.json	17911	0.017081260681152344	False	False	False
zip_member	code_results.zip	outputs/reproducibility_v2/figure_source_data/figure5_fixed_17_library_comparison.tsv	1250	0.0011920928955078125	False	False	False
zip_member	code_results.zip	outputs/reproducibility_v2/figure_source_data/figure5_grayscale_preview.png	110586	0.10546302795410156	False	False	False
zip_member	code_results.zip	outputs/reproducibility_v2/figure_source_data/figure5_layout_audit.json	2	1.9073486328125e-06	False	False	False
zip_member	code_results.zip	outputs/reproducibility_v2/figure_source_data/figure5_library_counts.tsv	453	0.00043201446533203125	False	False	False
zip_member	code_results.zip	outputs/reproducibility_v2/figure_source_data/figure5_qa.json	3594	0.0034275054931640625	False	False	False
zip_member	code_results.zip	outputs/reproducibility_v2/figure_source_data/figure5_visual_review.json	924	0.000881195068359375	False	False	False
zip_member	code_results.zip	outputs/reproducibility_v2/figure_source_data/sorted_fixed_components_per_pool.tsv	3366	0.0032100677490234375	False	False	False
zip_member	code_results.zip	outputs/reproducibility_v2/figures/Figure1_samples_and_marker_groups.pdf	60758	0.05794334411621094	False	False	False
zip_member	code_results.zip	outputs/reproducibility_v2/figures/Figure1_samples_and_marker_groups.png	206593	0.1970224380493164	False	False	False
zip_member	code_results.zip	outputs/reproducibility_v2/figures/Figure1_samples_and_marker_groups.svg	56141	0.05354022979736328	False	False	False
zip_member	code_results.zip	outputs/reproducibility_v2/figures/Figure2_expression_priority_and_null.pdf	55735	0.053153038024902344	False	False	False
zip_member	code_results.zip	outputs/reproducibility_v2/figures/Figure2_expression_priority_and_null.png	452561	0.4315958023071289	False	False	False
zip_member	code_results.zip	outputs/reproducibility_v2/figures/Figure2_expression_priority_and_null.svg	106323	0.10139751434326172	False	False	False
zip_member	code_results.zip	outputs/reproducibility_v2/figures/Figure3_implementation_and_rank_universe.pdf	49188	0.046909332275390625	False	False	False
zip_member	code_results.zip	outputs/reproducibility_v2/figures/Figure3_implementation_and_rank_universe.png	383912	0.36612701416015625	False	False	False
zip_member	code_results.zip	outputs/reproducibility_v2/figures/Figure3_implementation_and_rank_universe.svg	55047	0.052496910095214844	False	False	False
zip_member	code_results.zip	outputs/reproducibility_v2/figures/Figure4_ambient_sensitivity.pdf	65555	0.06251811981201172	False	False	False
zip_member	code_results.zip	outputs/reproducibility_v2/figures/Figure4_ambient_sensitivity.png	436212	0.4160041809082031	False	False	False
zip_member	code_results.zip	outputs/reproducibility_v2/figures/Figure4_ambient_sensitivity.svg	89973	0.08580493927001953	False	False	False
zip_member	code_results.zip	outputs/reproducibility_v2/figures/Figure5_third_cohort_transfer.pdf	45416	0.04331207275390625	False	False	False
zip_member	code_results.zip	outputs/reproducibility_v2/figures/Figure5_third_cohort_transfer.png	231969	0.2212228775024414	False	False	False
zip_member	code_results.zip	outputs/reproducibility_v2/figures/Figure5_third_cohort_transfer.svg	36111	0.034438133239746094	False	False	False
zip_member	code_results.zip	outputs/reproducibility_v2/figures/FigureS1_reference_identity.pdf	58234	0.05553627014160156	False	False	False
zip_member	code_results.zip	outputs/reproducibility_v2/figures/FigureS1_reference_identity.png	490579	0.4678525924682617	False	False	False
zip_member	code_results.zip	outputs/reproducibility_v2/figures/FigureS1_reference_identity.svg	79181	0.07551288604736328	False	False	False
zip_member	code_results.zip	outputs/reproducibility_v2/figures/FigureS2_doublet_distributions.pdf	56432	0.0538177490234375	False	False	False
zip_member	code_results.zip	outputs/reproducibility_v2/figures/FigureS2_doublet_distributions.png	582863	0.5558614730834961	False	False	False
zip_member	code_results.zip	outputs/reproducibility_v2/figures/FigureS2_doublet_distributions.svg	143490	0.1368427276611328	False	False	False
zip_member	code_results.zip	outputs/reproducibility_v2/figures/FigureS3_barrier_selection.pdf	70685	0.06741046905517578	False	False	False
zip_member	code_results.zip	outputs/reproducibility_v2/figures/FigureS3_barrier_selection.png	376047	0.3586263656616211	False	False	False
zip_member	code_results.zip	outputs/reproducibility_v2/figures/FigureS3_barrier_selection.svg	84551	0.08063411712646484	False	False	False
zip_member	code_results.zip	outputs/reproducibility_v2/figures/FigureS4_sorted_effects_and_intervals.pdf	51155	0.04878520965576172	False	False	False
zip_member	code_results.zip	outputs/reproducibility_v2/figures/FigureS4_sorted_effects_and_intervals.png	139308	0.13285446166992188	False	False	False
zip_member	code_results.zip	outputs/reproducibility_v2/figures/FigureS4_sorted_effects_and_intervals.svg	31253	0.02980518341064453	False	False	False
zip_member	code_results.zip	outputs/reproducibility_v2/figures/FigureS5_spatial_expression_context.pdf	464469	0.44295215606689453	False	False	False
zip_member	code_results.zip	outputs/reproducibility_v2/figures/FigureS5_spatial_expression_context.png	2954418	2.8175525665283203	False	False	False
zip_member	code_results.zip	outputs/reproducibility_v2/figures/FigureS5_spatial_expression_context.svg	2836674	2.705263137817383	False	False	False
zip_member	code_results.zip	outputs/reproducibility_v2/manuscript_en.docx	5902950	5.629491806030273	False	False	False
zip_member	code_results.zip	outputs/reproducibility_v2/manuscript_en.md	57839	0.055159568786621094	False	False	False
zip_member	code_results.zip	outputs/reproducibility_v2/manuscript_readiness.json	266	0.0002536773681640625	False	False	False
zip_member	code_results.zip	outputs/reproducibility_v2/manuscript_zh.docx	5903442	5.629961013793945	False	False	False
zip_member	code_results.zip	outputs/reproducibility_v2/manuscript_zh.md	47120	0.0449371337890625	False	False	False
zip_member	code_results.zip	outputs/reproducibility_v2/README.md	7358	0.0070171356201171875	False	False	False
zip_member	code_results.zip	outputs/reproducibility_v2/references_en.json	21751	0.020743370056152344	False	False	False
zip_member	code_results.zip	outputs/reproducibility_v2/references_zh.json	21751	0.020743370056152344	False	False	False
zip_member	code_results.zip	outputs/reproducibility_v2/revision_response_12_points_zh.md	4606	0.0043926239013671875	False	False	False
zip_member	code_results.zip	outputs/reproducibility_v2/supplement_figure_provenance.json	3450	0.0032901763916015625	False	False	False
zip_member	code_results.zip	outputs/reproducibility_v2/tables/ambient_cell_type_contamination_summary.tsv	74601	0.07114505767822266	False	False	False
zip_member	code_results.zip	outputs/reproducibility_v2/tables/ambient_concordance_summary.tsv	3676	0.003505706787109375	False	False	False
zip_member	code_results.zip	outputs/reproducibility_v2/tables/ambient_coverage.tsv	457	0.00043582916259765625	False	False	False
zip_member	code_results.zip	outputs/reproducibility_v2/tables/ambient_cross_cohort_effects.tsv.gz	25110	0.023946762084960938	False	False	False
zip_member	code_results.zip	outputs/reproducibility_v2/tables/ambient_fixed_examples.tsv	2455	0.0023412704467773438	False	False	False
zip_member	code_results.zip	outputs/reproducibility_v2/tables/ambient_markers_per_animal.tsv	162957	0.15540790557861328	False	False	False
zip_member	code_results.zip	outputs/reproducibility_v2/tables/ambient_rank_matched_animal_scores.tsv.gz	570523	0.544093132019043	False	False	False
zip_member	code_results.zip	outputs/reproducibility_v2/tables/ambient_rank_matched_audit.json	595	0.0005674362182617188	False	False	False
zip_member	code_results.zip	outputs/reproducibility_v2/tables/ambient_rank_matched_candidate_keys.tsv	17191	0.016394615173339844	False	False	False
zip_member	code_results.zip	outputs/reproducibility_v2/tables/ambient_rank_matched_coverage.tsv	2496	0.00238037109375	False	False	False
zip_member	code_results.zip	outputs/reproducibility_v2/tables/ambient_rank_matched_effects.tsv.gz	115962	0.11058998107910156	False	False	False
zip_member	code_results.zip	outputs/reproducibility_v2/tables/ambient_rank_matched_summary.tsv	7861	0.007496833801269531	False	False	False
zip_member	code_results.zip	outputs/reproducibility_v2/tables/ambient_sample_contamination_summary.tsv	2561	0.0024423599243164062	False	False	False
zip_member	code_results.zip	outputs/reproducibility_v2/tables/ambient_selected_sources.tsv	2595	0.0024747848510742188	False	False	False
zip_member	code_results.zip	outputs/reproducibility_v2/tables/ambient_summary_audit.json	6652	0.006343841552734375	False	False	False
zip_member	code_results.zip	outputs/reproducibility_v2/tables/null_animal_label_allocations.tsv	33302	0.03175926208496094	False	False	False
zip_member	code_results.zip	outputs/reproducibility_v2/tables/null_audit.json	28868	0.027530670166015625	False	False	False
zip_member	code_results.zip	outputs/reproducibility_v2/tables/null_conditional_all_allocations.tsv.gz	7727	0.007369041442871094	False	False	False
zip_member	code_results.zip	outputs/reproducibility_v2/tables/null_conditional_audit.json	17343	0.016539573669433594	False	False	False
zip_member	code_results.zip	outputs/reproducibility_v2/tables/null_conditional_explanation_zh.md	1026	0.0009784698486328125	False	False	False
zip_member	code_results.zip	outputs/reproducibility_v2/tables/null_conditional_methods.md	2421	0.0023088455200195312	False	False	False
zip_member	code_results.zip	outputs/reproducibility_v2/tables/null_conditional_summary.tsv	17633	0.016816139221191406	False	False	False
zip_member	code_results.zip	outputs/reproducibility_v2/tables/null_coverage.tsv	208	0.0001983642578125	False	False	False
zip_member	code_results.zip	outputs/reproducibility_v2/tables/null_dynamic_gate_all_allocations.tsv.gz	9907	0.009448051452636719	False	False	False
zip_member	code_results.zip	outputs/reproducibility_v2/tables/null_dynamic_gate_summary.tsv	1332	0.001270294189453125	False	False	False
zip_member	code_results.zip	outputs/reproducibility_v2/tables/null_family_gap_all_allocations.tsv.gz	54880	0.052337646484375	False	False	False
zip_member	code_results.zip	outputs/reproducibility_v2/tables/null_family_gap_summary.tsv	5716	0.005451202392578125	False	False	False
zip_member	code_results.zip	outputs/reproducibility_v2/tables/null_fixed_candidate_keys.tsv	17191	0.016394615173339844	False	False	False
zip_member	code_results.zip	outputs/reproducibility_v2/tables/null_fixed_common_all_allocations.tsv.gz	34339	0.03274822235107422	False	False	False
zip_member	code_results.zip	outputs/reproducibility_v2/tables/null_fixed_common_animal_scores.tsv.gz	281217	0.2681894302368164	False	False	False
zip_member	code_results.zip	outputs/reproducibility_v2/tables/null_fixed_common_observed_effects.tsv.gz	46160	0.0440216064453125	False	False	False
zip_member	code_results.zip	outputs/reproducibility_v2/tables/null_fixed_common_summary.tsv	5586	0.0053272247314453125	False	False	False
zip_member	code_results.zip	outputs/reproducibility_v2/tables/null_methods.md	5636	0.005374908447265625	False	False	False
zip_member	code_results.zip	outputs/reproducibility_v2/tables/rank_audit.json	19873	0.018952369689941406	False	False	False
zip_member	code_results.zip	outputs/reproducibility_v2/tables/rank_background_animal_scores.tsv.gz	140508	0.13399887084960938	False	False	False
zip_member	code_results.zip	outputs/reproducibility_v2/tables/rank_background_audit.json	24617	0.023476600646972656	False	False	False
zip_member	code_results.zip	outputs/reproducibility_v2/tables/rank_background_context.tsv	1480	0.00141143798828125	False	False	False
zip_member	code_results.zip	outputs/reproducibility_v2/tables/rank_background_effects.tsv.gz	30579	0.02916240692138672	False	False	False
zip_member	code_results.zip	outputs/reproducibility_v2/tables/rank_background_global_keys.tsv.gz	59296	0.056549072265625	False	False	False
zip_member	code_results.zip	outputs/reproducibility_v2/tables/rank_background_monotonic_redundancy.tsv	4766	0.0045452117919921875	False	False	False
zip_member	code_results.zip	outputs/reproducibility_v2/tables/rank_background_summary.tsv	867	0.0008268356323242188	False	False	False
zip_member	code_results.zip	outputs/reproducibility_v2/tables/rank_background_zero_effects.tsv	911	0.0008687973022460938	False	False	False
zip_member	code_results.zip	outputs/reproducibility_v2/tables/rank_comparison_summary.tsv	2328	0.00222015380859375	False	False	False
zip_member	code_results.zip	outputs/reproducibility_v2/tables/rank_diagnostic_decontx_animal_scores.tsv.gz	225506	0.2150592803955078	False	False	False
zip_member	code_results.zip	outputs/reproducibility_v2/tables/rank_diagnostic_decontx_audit.json	93980	0.08962631225585938	False	False	False
zip_member	code_results.zip	outputs/reproducibility_v2/tables/rank_diagnostic_decontx_effects.tsv.gz	47166	0.04498100280761719	False	False	False
zip_member	code_results.zip	outputs/reproducibility_v2/tables/rank_diagnostic_decontx_summary.tsv	1308	0.001247406005859375	False	False	False
zip_member	code_results.zip	outputs/reproducibility_v2/tables/rank_diagnostic_decontx_ties.tsv	11544	0.01100921630859375	False	False	False
zip_member	code_results.zip	outputs/reproducibility_v2/tables/rank_diagnostic_raw_animal_scores.tsv.gz	222641	0.2123270034790039	False	False	False
zip_member	code_results.zip	outputs/reproducibility_v2/tables/rank_diagnostic_raw_audit.json	80740	0.07699966430664062	False	False	False
zip_member	code_results.zip	outputs/reproducibility_v2/tables/rank_diagnostic_raw_effects.tsv.gz	46650	0.04448890686035156	False	False	False
zip_member	code_results.zip	outputs/reproducibility_v2/tables/rank_diagnostic_raw_summary.tsv	1264	0.0012054443359375	False	False	False
zip_member	code_results.zip	outputs/reproducibility_v2/tables/rank_diagnostic_raw_ties.tsv	11173	0.010655403137207031	False	False	False
zip_member	code_results.zip	outputs/reproducibility_v2/tables/rank_figure_source_comparison.tsv	2328	0.00222015380859375	False	False	False
zip_member	code_results.zip	outputs/reproducibility_v2/tables/rank_implementation_four_row_probe.tsv	513	0.0004892349243164062	False	False	False
zip_member	code_results.zip	outputs/reproducibility_v2/tables/rank_methods.md	3349	0.0031938552856445312	False	False	False
zip_member	code_results.zip	outputs/reproducibility_v2/tables/rank_native_target_ties_per_animal.tsv	7254	0.0069179534912109375	False	False	False
zip_member	code_results.zip	outputs/reproducibility_v2/tables/rank_native_zero_effects.tsv	451	0.00043010711669921875	False	False	False
zip_member	code_results.zip	outputs/reproducibility_v2/tables/rank_network_context_cell_counts.tsv	15418	0.014703750610351562	False	False	False
zip_member	code_results.zip	outputs/reproducibility_v2/tables/rank_network_context_per_animal.tsv	4389	0.004185676574707031	False	False	False
zip_member	code_results.zip	outputs/reproducibility_v2/tables/rank_network_context_ranges.tsv	1627	0.0015516281127929688	False	False	False
zip_member	code_results.zip	outputs/reproducibility_v2/tables/rank_observed_effects.tsv.gz	72574	0.06921195983886719	False	False	False
zip_member	code_results.zip	outputs/reproducibility_v2/tables/rank_per_animal_representations.tsv.gz	348770	0.3326129913330078	False	False	False
zip_member	code_results.zip	outputs/reproducibility_v2/tables/rank_upstream_animal_scores.tsv.gz	122900	0.11720657348632812	False	False	False
zip_member	code_results.zip	outputs/reproducibility_v2/tables/rank_upstream_audit.json	9790	0.009336471557617188	False	False	False
zip_member	code_results.zip	outputs/reproducibility_v2/tables/rank_upstream_effects.tsv.gz	32622	0.031110763549804688	False	False	False
zip_member	code_results.zip	outputs/reproducibility_v2/tables/rank_upstream_per_library_equality.tsv	5636	0.005374908447265625	False	False	False
zip_member	code_results.zip	outputs/reproducibility_v2/tables/rank_upstream_summary.tsv	851	0.0008115768432617188	False	False	False
zip_member	code_results.zip	outputs/reproducibility_v2/tables/sorted_all_gene_descriptive_effects.tsv.gz	1607419	1.532954216003418	False	False	False
zip_member	code_results.zip	outputs/reproducibility_v2/tables/sorted_descriptive_audit.json	781	0.0007448196411132812	False	False	False
zip_member	code_results.zip	outputs/reproducibility_v2/tables/sorted_fixed_component_effects_ci.tsv	2217	0.0021142959594726562	False	False	False
zip_member	code_results.zip	outputs/reproducibility_v2/tables/third_all_covered_coavailability_effects.tsv.gz	239288	0.22820281982421875	False	False	False
zip_member	code_results.zip	outputs/reproducibility_v2/tables/third_all_covered_coavailability_library_scores.tsv.gz	1254228	1.1961250305175781	False	False	False
zip_member	code_results.zip	outputs/reproducibility_v2/tables/third_cell_type_library_counts.tsv	5073	0.004837989807128906	False	False	False
zip_member	code_results.zip	outputs/reproducibility_v2/tables/third_coavailability_audit.json	3804	0.003627777099609375	False	False	False
zip_member	code_results.zip	outputs/reproducibility_v2/tables/third_cross_cohort_concordance_edges.tsv.gz	16773	0.01599597930908203	False	False	False
zip_member	code_results.zip	outputs/reproducibility_v2/tables/third_cross_cohort_concordance_summary.tsv	764	0.000728607177734375	False	False	False
zip_member	code_results.zip	outputs/reproducibility_v2/tables/third_fixed_examples_component_expression.tsv	8807	0.008399009704589844	False	False	False
zip_member	code_results.zip	outputs/reproducibility_v2/tables/third_fixed_examples_effects_eligibility.tsv	785	0.0007486343383789062	False	False	False
zip_member	code_results.zip	outputs/reproducibility_v2/tables/third_fixed_examples_library_scores.tsv	5002	0.0047702789306640625	False	False	False
zip_member	code_results.zip	outputs/reproducibility_v2/tables/third_gene_feature_coverage.tsv.gz	148394	0.14151954650878906	False	False	False
zip_member	code_results.zip	outputs/reproducibility_v2/tables/third_library_metadata.tsv	2616	0.00249481201171875	False	False	False
zip_member	code_results.zip	outputs/reproducibility_v2/tables/third_rank_diagnostic_audit.json	17444	0.016635894775390625	False	False	False
zip_member	code_results.zip	outputs/reproducibility_v2/tables/third_rank_diagnostic_effects.tsv.gz	76873	0.07331180572509766	False	False	False
zip_member	code_results.zip	outputs/reproducibility_v2/tables/third_rank_diagnostic_library_scores.tsv.gz	398409	0.37995243072509766	False	False	False
zip_member	code_results.zip	outputs/reproducibility_v2/tables/third_rank_diagnostic_original_pair_on99.tsv	1172	0.001117706298828125	False	False	False
zip_member	code_results.zip	outputs/reproducibility_v2/tables/third_rank_diagnostic_original_pair_on99_audit.json	4041	0.0038537979125976562	False	False	False
zip_member	code_results.zip	outputs/reproducibility_v2/tables/third_rank_diagnostic_original_pair_on99_effects.tsv.gz	16291	0.015536308288574219	False	False	False
zip_member	code_results.zip	outputs/reproducibility_v2/tables/third_rank_diagnostic_summary.tsv	3909	0.0037279129028320312	False	False	False
zip_member	code_results.zip	outputs/reproducibility_v2/tables/third_rank_diagnostic_ties.tsv	10380	0.009899139404296875	False	False	False
zip_member	code_results.zip	outputs/reproducibility_v2/validation/cached_pipeline/ambient_rank_matched.log	6375	0.006079673767089844	False	False	False
zip_member	code_results.zip	outputs/reproducibility_v2/validation/cached_pipeline/ambient_summary.log	6342	0.0060482025146484375	False	False	False
zip_member	code_results.zip	outputs/reproducibility_v2/validation/cached_pipeline/background.log	1995	0.0019025802612304688	False	False	False
zip_member	code_results.zip	outputs/reproducibility_v2/validation/cached_pipeline/cached_pipeline_audit.json	6108	0.005825042724609375	False	False	False
zip_member	code_results.zip	outputs/reproducibility_v2/validation/cached_pipeline/conditional.log	4250	0.0040531158447265625	False	False	False
zip_member	code_results.zip	outputs/reproducibility_v2/validation/cached_pipeline/corrected_rank_summary.log	2497	0.0023813247680664062	False	False	False
zip_member	code_results.zip	outputs/reproducibility_v2/validation/cached_pipeline/evidence_manifest.json	3599	0.0034322738647460938	False	False	False
zip_member	code_results.zip	outputs/reproducibility_v2/validation/cached_pipeline/null.log	6541	0.006237983703613281	False	False	False
zip_member	code_results.zip	outputs/reproducibility_v2/validation/cached_pipeline/plan.json	2761	0.0026330947875976562	False	False	False
zip_member	code_results.zip	outputs/reproducibility_v2/validation/cached_pipeline/protected_inputs_sha256.json	77611	0.07401561737060547	False	False	False
zip_member	code_results.zip	outputs/reproducibility_v2/validation/cached_pipeline/rank.log	9460	0.009021759033203125	False	False	False
zip_member	code_results.zip	outputs/reproducibility_v2/validation/cached_pipeline/raw_rank_summary.log	2497	0.0023813247680664062	False	False	False
zip_member	code_results.zip	outputs/reproducibility_v2/validation/cached_pipeline/README.md	1053	0.0010042190551757812	False	False	False
zip_member	code_results.zip	outputs/reproducibility_v2/validation/cached_pipeline/semantic_comparison.tsv	36044	0.034374237060546875	False	False	False
zip_member	code_results.zip	outputs/reproducibility_v2/validation/cached_pipeline/sorted.log	98	9.34600830078125e-05	False	False	False
zip_member	code_results.zip	outputs/reproducibility_v2/validation/cached_pipeline/third_custom.log	4164	0.003971099853515625	False	False	False
zip_member	code_results.zip	outputs/reproducibility_v2/validation/cached_pipeline/third_rank_summary.log	7375	0.007033348083496094	False	False	False
zip_member	code_results.zip	outputs/reproducibility_v2/validation/cached_pipeline/upstream.log	3031	0.0028905868530273438	False	False	False
zip_member	code_results.zip	outputs/reproducibility_v2/validation/cached_pipeline/validation_after/repro_validation_audit.json	400502	0.38194847106933594	False	False	False
zip_member	code_results.zip	outputs/reproducibility_v2/validation/cached_pipeline/validation_after/repro_validation_checks.tsv	190851	0.18200969696044922	False	False	False
zip_member	code_results.zip	outputs/reproducibility_v2/validation/cached_pipeline/validation_before.json	400502	0.38194847106933594	False	False	False
zip_member	code_results.zip	outputs/reproducibility_v2/validation/document_visual_review_en.json	18520	0.01766204833984375	False	False	False
zip_member	code_results.zip	outputs/reproducibility_v2/validation/document_visual_review_zh.json	10225	0.009751319885253906	False	False	False
zip_member	code_results.zip	outputs/reproducibility_v2/validation/final_document_sync.json	6782	0.0064678192138671875	False	False	False
zip_member	code_results.zip	outputs/reproducibility_v2/validation/manuscript_scientific_review.json	8957	0.008542060852050781	False	False	False
zip_member	code_results.zip	outputs/reproducibility_v2/validation/release_complete/release_validation.log	1095	0.0010442733764648438	False	False	False
zip_member	code_results.zip	outputs/reproducibility_v2/validation/release_complete/repro_validation_audit.json	402483	0.3838376998901367	False	False	False
zip_member	code_results.zip	outputs/reproducibility_v2/validation/release_complete/repro_validation_checks.tsv	192629	0.18370532989501953	False	False	False
zip_member	code_results.zip	outputs/reproducibility_v2/validation/relocated_cached_pipeline/ambient_rank_matched.log	6375	0.006079673767089844	False	False	False
zip_member	code_results.zip	outputs/reproducibility_v2/validation/relocated_cached_pipeline/ambient_summary.log	6342	0.0060482025146484375	False	False	False
zip_member	code_results.zip	outputs/reproducibility_v2/validation/relocated_cached_pipeline/background.log	1995	0.0019025802612304688	False	False	False
zip_member	code_results.zip	outputs/reproducibility_v2/validation/relocated_cached_pipeline/cached_pipeline_audit.json	6488	0.00618743896484375	False	False	False
zip_member	code_results.zip	outputs/reproducibility_v2/validation/relocated_cached_pipeline/conditional.log	4250	0.0040531158447265625	False	False	False
zip_member	code_results.zip	outputs/reproducibility_v2/validation/relocated_cached_pipeline/corrected_rank_summary.log	2497	0.0023813247680664062	False	False	False
zip_member	code_results.zip	outputs/reproducibility_v2/validation/relocated_cached_pipeline/evidence_manifest.json	4166	0.0039730072021484375	False	False	False
zip_member	code_results.zip	outputs/reproducibility_v2/validation/relocated_cached_pipeline/metadata_differences.json	1896	0.00180816650390625	False	False	False
zip_member	code_results.zip	outputs/reproducibility_v2/validation/relocated_cached_pipeline/null.log	6541	0.006237983703613281	False	False	False
zip_member	code_results.zip	outputs/reproducibility_v2/validation/relocated_cached_pipeline/plan.json	2793	0.0026636123657226562	False	False	False
zip_member	code_results.zip	outputs/reproducibility_v2/validation/relocated_cached_pipeline/protected_inputs_sha256.json	76148	0.07262039184570312	False	False	False
zip_member	code_results.zip	outputs/reproducibility_v2/validation/relocated_cached_pipeline/rank.log	9460	0.009021759033203125	False	False	False
zip_member	code_results.zip	outputs/reproducibility_v2/validation/relocated_cached_pipeline/raw_rank_summary.log	2497	0.0023813247680664062	False	False	False
zip_member	code_results.zip	outputs/reproducibility_v2/validation/relocated_cached_pipeline/README.md	1028	0.000980377197265625	False	False	False
zip_member	code_results.zip	outputs/reproducibility_v2/validation/relocated_cached_pipeline/semantic_comparison.tsv	36106	0.03443336486816406	False	False	False
zip_member	code_results.zip	outputs/reproducibility_v2/validation/relocated_cached_pipeline/sorted.log	98	9.34600830078125e-05	False	False	False
zip_member	code_results.zip	outputs/reproducibility_v2/validation/relocated_cached_pipeline/third_custom.log	4193	0.003998756408691406	False	False	False
zip_member	code_results.zip	outputs/reproducibility_v2/validation/relocated_cached_pipeline/third_rank_summary.log	7375	0.007033348083496094	False	False	False
zip_member	code_results.zip	outputs/reproducibility_v2/validation/relocated_cached_pipeline/upstream.log	3031	0.0028905868530273438	False	False	False
zip_member	code_results.zip	outputs/reproducibility_v2/validation/relocated_cached_pipeline/validation_after/repro_validation_audit.json	402483	0.3838376998901367	False	False	False
zip_member	code_results.zip	outputs/reproducibility_v2/validation/relocated_cached_pipeline/validation_after/repro_validation_checks.tsv	192629	0.18370532989501953	False	False	False
zip_member	code_results.zip	outputs/reproducibility_v2/validation/relocated_cached_pipeline/validation_before.json	402483	0.3838376998901367	False	False	False
zip_member	code_results.zip	outputs/reproducibility_v2/validation/relocated_initial/relocation_issue.json	960	0.00091552734375	False	False	False
zip_member	code_results.zip	outputs/reproducibility_v2/validation/relocated_initial/repro_validation_audit.json	400267	0.38172435760498047	False	False	False
zip_member	code_results.zip	outputs/reproducibility_v2/validation/relocated_initial/repro_validation_checks.tsv	190775	0.18193721771240234	False	False	False
zip_member	code_results.zip	outputs/reproducibility_v2/validation/relocated_path_failure/ambient_rank_matched.log	6375	0.006079673767089844	False	False	False
zip_member	code_results.zip	outputs/reproducibility_v2/validation/relocated_path_failure/ambient_summary.log	6342	0.0060482025146484375	False	False	False
zip_member	code_results.zip	outputs/reproducibility_v2/validation/relocated_path_failure/background.log	1995	0.0019025802612304688	False	False	False
zip_member	code_results.zip	outputs/reproducibility_v2/validation/relocated_path_failure/cached_pipeline_audit.json	6515	0.006213188171386719	False	False	False
zip_member	code_results.zip	outputs/reproducibility_v2/validation/relocated_path_failure/conditional.log	4250	0.0040531158447265625	False	False	False
zip_member	code_results.zip	outputs/reproducibility_v2/validation/relocated_path_failure/corrected_rank_summary.log	2497	0.0023813247680664062	False	False	False
zip_member	code_results.zip	outputs/reproducibility_v2/validation/relocated_path_failure/evidence_manifest.json	4233	0.004036903381347656	False	False	False
zip_member	code_results.zip	outputs/reproducibility_v2/validation/relocated_path_failure/metadata_differences.json	46501	0.04434680938720703	False	False	False
zip_member	code_results.zip	outputs/reproducibility_v2/validation/relocated_path_failure/null.log	6541	0.006237983703613281	False	False	False
zip_member	code_results.zip	outputs/reproducibility_v2/validation/relocated_path_failure/plan.json	2793	0.0026636123657226562	False	False	False
zip_member	code_results.zip	outputs/reproducibility_v2/validation/relocated_path_failure/protected_inputs_sha256.json	76148	0.07262039184570312	False	False	False
zip_member	code_results.zip	outputs/reproducibility_v2/validation/relocated_path_failure/rank.log	9460	0.009021759033203125	False	False	False
zip_member	code_results.zip	outputs/reproducibility_v2/validation/relocated_path_failure/raw_rank_summary.log	2497	0.0023813247680664062	False	False	False
zip_member	code_results.zip	outputs/reproducibility_v2/validation/relocated_path_failure/README.md	1014	0.0009670257568359375	False	False	False
zip_member	code_results.zip	outputs/reproducibility_v2/validation/relocated_path_failure/semantic_comparison.tsv	36118	0.03444480895996094	False	False	False
zip_member	code_results.zip	outputs/reproducibility_v2/validation/relocated_path_failure/sorted.log	98	9.34600830078125e-05	False	False	False
zip_member	code_results.zip	outputs/reproducibility_v2/validation/relocated_path_failure/third_custom.log	4193	0.003998756408691406	False	False	False
zip_member	code_results.zip	outputs/reproducibility_v2/validation/relocated_path_failure/third_rank_summary.log	7375	0.007033348083496094	False	False	False
zip_member	code_results.zip	outputs/reproducibility_v2/validation/relocated_path_failure/upstream.log	3031	0.0028905868530273438	False	False	False
zip_member	code_results.zip	outputs/reproducibility_v2/validation/relocated_path_failure/validation_after/repro_validation_audit.json	266934	0.25456809997558594	False	False	False
zip_member	code_results.zip	outputs/reproducibility_v2/validation/relocated_path_failure/validation_after/repro_validation_checks.tsv	116174	0.11079216003417969	False	False	False
zip_member	code_results.zip	outputs/reproducibility_v2/validation/relocated_path_failure/validation_before.json	400502	0.38194847106933594	False	False	False
zip_member	code_results.zip	outputs/reproducibility_v2/validation/relocated_preflight/repro_validation_audit.json	400502	0.38194847106933594	False	False	False
zip_member	code_results.zip	outputs/reproducibility_v2/validation/relocated_preflight/repro_validation_checks.tsv	190851	0.18200969696044922	False	False	False
zip_member	code_results.zip	outputs/reproducibility_v2/validation/repro_validation_audit.json	400502	0.38194847106933594	False	False	False
zip_member	code_results.zip	outputs/reproducibility_v2/validation/repro_validation_checks.tsv	190851	0.18200969696044922	False	False	False
zip_member	code_results.zip	outputs/reproducibility_v2/validation/require_complete_check/repro_validation_audit.json	306972	0.2927513122558594	False	False	False
zip_member	code_results.zip	outputs/reproducibility_v2/validation/require_complete_check/repro_validation_checks.tsv	147889	0.1410379409790039	False	False	False
zip_member	code_results.zip	outputs/revised/figure_source_data/figure6_and_S3_captions.txt	2141	0.0020418167114257812	False	False	False
zip_member	code_results.zip	outputs/revised/figure_source_data/figure6_coarse_confusion_by_sample.tsv	14209	0.013550758361816406	False	False	False
zip_member	code_results.zip	outputs/revised/figure_source_data/figure6_confusion_animal_mean.tsv	1747	0.0016660690307617188	False	False	False
zip_member	code_results.zip	outputs/revised/figure_source_data/figure6_full_label_confusion.tsv	149519	0.1425924301147461	False	False	False
zip_member	code_results.zip	outputs/revised/figure_source_data/figure6_sample_metadata.tsv	798	0.0007610321044921875	False	False	False
zip_member	code_results.zip	outputs/revised/figure_source_data/figure6_target_proportions.tsv	6545	0.006241798400878906	False	False	False
zip_member	code_results.zip	outputs/revised/figure_source_data/figure7_A_custom_concordance.tsv	475	0.00045299530029296875	False	False	False
zip_member	code_results.zip	outputs/revised/figure_source_data/figure7_B_liana_concordance.tsv	1180	0.001125335693359375	False	False	False
zip_member	code_results.zip	outputs/revised/figure_source_data/figure7_C_direction_eligibility.tsv	7465	0.007119178771972656	False	False	False
zip_member	code_results.zip	outputs/revised/figure_source_data/figure7_caption.md	2634	0.0025119781494140625	False	False	False
zip_member	code_results.zip	outputs/revised/figure_source_data/figureS3_histogram_bins.tsv	104979	0.10011577606201172	False	False	False
zip_member	code_results.zip	outputs/revised/figure_source_data/figureS3_sample_doublet_audits.tsv	1440	0.001373291015625	False	False	False
zip_member	code_results.zip	outputs/revised/figure_source_data/figureS4_barrier_effects.tsv	29886	0.028501510620117188	False	False	False
zip_member	code_results.zip	outputs/revised/figure_source_data/identity_figure_metadata.json	448	0.00042724609375	False	False	False
zip_member	code_results.zip	outputs/revised/tables/barrier_genes_cell_selection_sensitivity.tsv	29894	0.028509140014648438	False	False	False
zip_member	code_results.zip	outputs/revised/tables/cell_selection/GSE174574/reference_only__Astrocyte__de.tsv.gz	614975	0.5864858627319336	False	False	False
zip_member	code_results.zip	outputs/revised/tables/cell_selection/GSE174574/reference_only__Astrocyte__diagnostics.json	353	0.00033664703369140625	False	False	False
zip_member	code_results.zip	outputs/revised/tables/cell_selection/GSE174574/reference_only__Astrocyte__normalized.tsv.gz	306642	0.2924365997314453	False	False	False
zip_member	code_results.zip	outputs/revised/tables/cell_selection/GSE174574/reference_only__communication.tsv.gz	70448	0.0671844482421875	False	False	False
zip_member	code_results.zip	outputs/revised/tables/cell_selection/GSE174574/reference_only__communication_sample_scores.tsv.gz	111191	0.10604000091552734	False	False	False
zip_member	code_results.zip	outputs/revised/tables/cell_selection/GSE174574/reference_only__Endothelial__de.tsv.gz	790290	0.7536792755126953	False	False	False
zip_member	code_results.zip	outputs/revised/tables/cell_selection/GSE174574/reference_only__Endothelial__diagnostics.json	356	0.000339508056640625	False	False	False
zip_member	code_results.zip	outputs/revised/tables/cell_selection/GSE174574/reference_only__Endothelial__normalized.tsv.gz	588667	0.561396598815918	False	False	False
zip_member	code_results.zip	outputs/revised/tables/cell_selection/GSE174574/reference_singlet__Astrocyte__de.tsv.gz	592872	0.5654067993164062	False	False	False
zip_member	code_results.zip	outputs/revised/tables/cell_selection/GSE174574/reference_singlet__Astrocyte__diagnostics.json	354	0.0003376007080078125	False	False	False
zip_member	code_results.zip	outputs/revised/tables/cell_selection/GSE174574/reference_singlet__Astrocyte__normalized.tsv.gz	292931	0.2793607711791992	False	False	False
zip_member	code_results.zip	outputs/revised/tables/cell_selection/GSE174574/reference_singlet__communication.tsv.gz	71035	0.06774425506591797	False	False	False
zip_member	code_results.zip	outputs/revised/tables/cell_selection/GSE174574/reference_singlet__communication_sample_scores.tsv.gz	112145	0.1069498062133789	False	False	False
zip_member	code_results.zip	outputs/revised/tables/cell_selection/GSE174574/reference_singlet__Endothelial__de.tsv.gz	691311	0.6592855453491211	False	False	False
zip_member	code_results.zip	outputs/revised/tables/cell_selection/GSE174574/reference_singlet__Endothelial__diagnostics.json	359	0.00034236907958984375	False	False	False
zip_member	code_results.zip	outputs/revised/tables/cell_selection/GSE174574/reference_singlet__Endothelial__normalized.tsv.gz	446882	0.4261798858642578	False	False	False
zip_member	code_results.zip	outputs/revised/tables/cell_selection/GSE174574/singlet__Astrocyte__de.tsv.gz	635580	0.6061363220214844	False	False	False
zip_member	code_results.zip	outputs/revised/tables/cell_selection/GSE174574/singlet__Astrocyte__diagnostics.json	345	0.00032901763916015625	False	False	False
zip_member	code_results.zip	outputs/revised/tables/cell_selection/GSE174574/singlet__Astrocyte__normalized.tsv.gz	326125	0.3110170364379883	False	False	False
zip_member	code_results.zip	outputs/revised/tables/cell_selection/GSE174574/singlet__communication.tsv.gz	71999	0.0686635971069336	False	False	False
zip_member	code_results.zip	outputs/revised/tables/cell_selection/GSE174574/singlet__communication_sample_scores.tsv.gz	114547	0.10924053192138672	False	False	False
zip_member	code_results.zip	outputs/revised/tables/cell_selection/GSE174574/singlet__Endothelial__de.tsv.gz	704045	0.6714296340942383	False	False	False
zip_member	code_results.zip	outputs/revised/tables/cell_selection/GSE174574/singlet__Endothelial__diagnostics.json	349	0.00033283233642578125	False	False	False
zip_member	code_results.zip	outputs/revised/tables/cell_selection/GSE174574/singlet__Endothelial__normalized.tsv.gz	464363	0.44285106658935547	False	False	False
zip_member	code_results.zip	outputs/revised/tables/cell_selection/GSE245386/reference_only__Astrocyte__de.tsv.gz	789275	0.752711296081543	False	False	False
zip_member	code_results.zip	outputs/revised/tables/cell_selection/GSE245386/reference_only__Astrocyte__diagnostics.json	371	0.00035381317138671875	False	False	False
zip_member	code_results.zip	outputs/revised/tables/cell_selection/GSE245386/reference_only__Astrocyte__normalized.tsv.gz	403032	0.38436126708984375	False	False	False
zip_member	code_results.zip	outputs/revised/tables/cell_selection/GSE245386/reference_only__communication.tsv.gz	110674	0.10554695129394531	False	False	False
zip_member	code_results.zip	outputs/revised/tables/cell_selection/GSE245386/reference_only__communication_sample_scores.tsv.gz	146380	0.13959884643554688	False	False	False
zip_member	code_results.zip	outputs/revised/tables/cell_selection/GSE245386/reference_only__Endothelial__de.tsv.gz	948129	0.9042062759399414	False	False	False
zip_member	code_results.zip	outputs/revised/tables/cell_selection/GSE245386/reference_only__Endothelial__diagnostics.json	376	0.00035858154296875	False	False	False
zip_member	code_results.zip	outputs/revised/tables/cell_selection/GSE245386/reference_only__Endothelial__normalized.tsv.gz	620712	0.5919570922851562	False	False	False
zip_member	code_results.zip	outputs/revised/tables/cell_selection/GSE245386/reference_singlet__Astrocyte__de.tsv.gz	786038	0.7496242523193359	False	False	False
zip_member	code_results.zip	outputs/revised/tables/cell_selection/GSE245386/reference_singlet__Astrocyte__diagnostics.json	374	0.0003566741943359375	False	False	False
zip_member	code_results.zip	outputs/revised/tables/cell_selection/GSE245386/reference_singlet__Astrocyte__normalized.tsv.gz	400371	0.3818235397338867	False	False	False
zip_member	code_results.zip	outputs/revised/tables/cell_selection/GSE245386/reference_singlet__communication.tsv.gz	109472	0.104400634765625	False	False	False
zip_member	code_results.zip	outputs/revised/tables/cell_selection/GSE245386/reference_singlet__communication_sample_scores.tsv.gz	144065	0.1373910903930664	False	False	False
zip_member	code_results.zip	outputs/revised/tables/cell_selection/GSE245386/reference_singlet__Endothelial__de.tsv.gz	926886	0.8839473724365234	False	False	False
zip_member	code_results.zip	outputs/revised/tables/cell_selection/GSE245386/reference_singlet__Endothelial__diagnostics.json	379	0.00036144256591796875	False	False	False
zip_member	code_results.zip	outputs/revised/tables/cell_selection/GSE245386/reference_singlet__Endothelial__normalized.tsv.gz	604244	0.5762519836425781	False	False	False
zip_member	code_results.zip	outputs/revised/tables/cell_selection/GSE245386/singlet__Astrocyte__de.tsv.gz	813011	0.7753477096557617	False	False	False
zip_member	code_results.zip	outputs/revised/tables/cell_selection/GSE245386/singlet__Astrocyte__diagnostics.json	364	0.000347137451171875	False	False	False
zip_member	code_results.zip	outputs/revised/tables/cell_selection/GSE245386/singlet__Astrocyte__normalized.tsv.gz	429926	0.41000938415527344	False	False	False
zip_member	code_results.zip	outputs/revised/tables/cell_selection/GSE245386/singlet__communication.tsv.gz	108137	0.10312747955322266	False	False	False
zip_member	code_results.zip	outputs/revised/tables/cell_selection/GSE245386/singlet__communication_sample_scores.tsv.gz	147133	0.14031696319580078	False	False	False
zip_member	code_results.zip	outputs/revised/tables/cell_selection/GSE245386/singlet__Endothelial__de.tsv.gz	929924	0.8868446350097656	False	False	False
zip_member	code_results.zip	outputs/revised/tables/cell_selection/GSE245386/singlet__Endothelial__diagnostics.json	369	0.00035190582275390625	False	False	False
zip_member	code_results.zip	outputs/revised/tables/cell_selection/GSE245386/singlet__Endothelial__normalized.tsv.gz	609645	0.5814027786254883	False	False	False
zip_member	code_results.zip	outputs/revised/tables/custom_cross_cohort_edges.tsv.gz	854103	0.8145360946655273	False	False	False
zip_member	code_results.zip	outputs/revised/tables/custom_cross_cohort_summary.tsv	1090	0.0010395050048828125	False	False	False
zip_member	code_results.zip	outputs/revised/tables/custom_fixed_examples.tsv	14558	0.013883590698242188	False	False	False
zip_member	code_results.zip	outputs/revised/tables/custom_vs_original_within_cohort.tsv	630	0.0006008148193359375	False	False	False
zip_member	code_results.zip	outputs/revised/tables/liana_animal_level_effects.tsv.gz	392164	0.3739967346191406	False	False	False
zip_member	code_results.zip	outputs/revised/tables/liana_contrast_coverage.tsv	1717	0.0016374588012695312	False	False	False
zip_member	code_results.zip	outputs/revised/tables/liana_cross_cohort_edges.tsv.gz	197893	0.18872547149658203	False	False	False
zip_member	code_results.zip	outputs/revised/tables/liana_cross_cohort_summary.tsv	1183	0.0011281967163085938	False	False	False
zip_member	code_results.zip	outputs/revised/tables/liana_fixed_examples_animal_effects.tsv	23092	0.022022247314453125	False	False	False
zip_member	code_results.zip	outputs/revised/tables/liana_fixed_examples_per_animal_eligibility.tsv	24612	0.023471832275390625	False	False	False
zip_member	code_results.zip	outputs/revised/tables/liana_per_animal_audit.tsv	1549	0.0014772415161132812	False	False	False
zip_member	code_results.zip	outputs/revised/tables/liana_per_animal_observed_scores.tsv.gz	694112	0.661956787109375	False	False	False
zip_member	code_results.zip	outputs/revised/tables/liana_vs_custom_direction_edges.tsv.gz	1242804	1.1852302551269531	False	False	False
zip_member	code_results.zip	outputs/revised/tables/liana_vs_custom_direction_summary.tsv	2264	0.00215911865234375	False	False	False
zip_member	code_results.zip	outputs/revised/tables/methodsREADME.md	3289	0.0031366348266601562	False	False	False
zip_member	code_results.zip	outputs/revised/tables/reference_added_cell_markers.tsv	160739	0.15329265594482422	False	False	False
zip_member	code_results.zip	outputs/revised/tables/summary.json	39409	0.037583351135253906	False	False	False
zip_member	code_results.zip	outputs/tables/cross_cohort/Astrocyte__gene_replication.tsv.gz	1180572	1.1258811950683594	False	False	False
zip_member	code_results.zip	outputs/tables/cross_cohort/communication_replication.tsv.gz	187989	0.17928028106689453	False	False	False
zip_member	code_results.zip	outputs/tables/cross_cohort/Endothelial__gene_replication.tsv.gz	1275934	1.2168254852294922	False	False	False
zip_member	code_results.zip	outputs/tables/cross_cohort/summary.json	735	0.0007009506225585938	False	False	False
zip_member	code_results.zip	outputs/tables/GSE174574/low_myeloid__Astrocyte__de.tsv.gz	655369	0.6250085830688477	False	False	False
zip_member	code_results.zip	outputs/tables/GSE174574/low_myeloid__Astrocyte__diagnostics.json	350	0.0003337860107421875	False	False	False
zip_member	code_results.zip	outputs/tables/GSE174574/low_myeloid__Astrocyte__normalized.tsv.gz	345070	0.3290843963623047	False	False	False
zip_member	code_results.zip	outputs/tables/GSE174574/low_myeloid__communication.tsv.gz	75016	0.07154083251953125	False	False	False
zip_member	code_results.zip	outputs/tables/GSE174574/low_myeloid__communication_sample_scores.tsv.gz	118877	0.11336994171142578	False	False	False
zip_member	code_results.zip	outputs/tables/GSE174574/low_myeloid__Endothelial__de.tsv.gz	704948	0.6722908020019531	False	False	False
zip_member	code_results.zip	outputs/tables/GSE174574/low_myeloid__Endothelial__diagnostics.json	353	0.00033664703369140625	False	False	False
zip_member	code_results.zip	outputs/tables/GSE174574/low_myeloid__Endothelial__normalized.tsv.gz	465745	0.4441690444946289	False	False	False
zip_member	code_results.zip	outputs/tables/GSE174574/mt10__Astrocyte__de.tsv.gz	653810	0.6235218048095703	False	False	False
zip_member	code_results.zip	outputs/tables/GSE174574/mt10__Astrocyte__diagnostics.json	343	0.00032711029052734375	False	False	False
zip_member	code_results.zip	outputs/tables/GSE174574/mt10__Astrocyte__normalized.tsv.gz	342853	0.32697010040283203	False	False	False
zip_member	code_results.zip	outputs/tables/GSE174574/mt10__communication.tsv.gz	76366	0.07282829284667969	False	False	False
zip_member	code_results.zip	outputs/tables/GSE174574/mt10__communication_sample_scores.tsv.gz	121390	0.11576652526855469	False	False	False
zip_member	code_results.zip	outputs/tables/GSE174574/mt10__Endothelial__de.tsv.gz	705010	0.6723499298095703	False	False	False
zip_member	code_results.zip	outputs/tables/GSE174574/mt10__Endothelial__diagnostics.json	346	0.0003299713134765625	False	False	False
zip_member	code_results.zip	outputs/tables/GSE174574/mt10__Endothelial__normalized.tsv.gz	464473	0.44295597076416016	False	False	False
zip_member	code_results.zip	outputs/tables/GSE174574/primary__Astrocyte__de.tsv.gz	657410	0.6269550323486328	False	False	False
zip_member	code_results.zip	outputs/tables/GSE174574/primary__Astrocyte__diagnostics.json	346	0.0003299713134765625	False	False	False
zip_member	code_results.zip	outputs/tables/GSE174574/primary__Astrocyte__normalized.tsv.gz	345868	0.3298454284667969	False	False	False
zip_member	code_results.zip	outputs/tables/GSE174574/primary__communication.tsv.gz	75899	0.07238292694091797	False	False	False
zip_member	code_results.zip	outputs/tables/GSE174574/primary__communication_sample_scores.tsv.gz	120683	0.11509227752685547	False	False	False
zip_member	code_results.zip	outputs/tables/GSE174574/primary__Endothelial__de.tsv.gz	705195	0.6725263595581055	False	False	False
zip_member	code_results.zip	outputs/tables/GSE174574/primary__Endothelial__diagnostics.json	349	0.00033283233642578125	False	False	False
zip_member	code_results.zip	outputs/tables/GSE174574/primary__Endothelial__normalized.tsv.gz	464621	0.4430971145629883	False	False	False
zip_member	code_results.zip	outputs/tables/GSE174574/strict_identity__Astrocyte__de.tsv.gz	642778	0.6130008697509766	False	False	False
zip_member	code_results.zip	outputs/tables/GSE174574/strict_identity__Astrocyte__diagnostics.json	353	0.00033664703369140625	False	False	False
zip_member	code_results.zip	outputs/tables/GSE174574/strict_identity__Astrocyte__normalized.tsv.gz	333889	0.3184213638305664	False	False	False
zip_member	code_results.zip	outputs/tables/GSE174574/strict_identity__communication.tsv.gz	76908	0.07334518432617188	False	False	False
zip_member	code_results.zip	outputs/tables/GSE174574/strict_identity__communication_sample_scores.tsv.gz	122913	0.1172189712524414	False	False	False
zip_member	code_results.zip	outputs/tables/GSE174574/strict_identity__Endothelial__de.tsv.gz	652103	0.6218938827514648	False	False	False
zip_member	code_results.zip	outputs/tables/GSE174574/strict_identity__Endothelial__diagnostics.json	356	0.000339508056640625	False	False	False
zip_member	code_results.zip	outputs/tables/GSE174574/strict_identity__Endothelial__normalized.tsv.gz	388648	0.37064361572265625	False	False	False
zip_member	code_results.zip	outputs/tables/GSE245386/low_myeloid__Astrocyte__de.tsv.gz	807829	0.7704057693481445	False	False	False
zip_member	code_results.zip	outputs/tables/GSE245386/low_myeloid__Astrocyte__diagnostics.json	368	0.0003509521484375	False	False	False
zip_member	code_results.zip	outputs/tables/GSE245386/low_myeloid__Astrocyte__normalized.tsv.gz	420979	0.4014768600463867	False	False	False
zip_member	code_results.zip	outputs/tables/GSE245386/low_myeloid__communication.tsv.gz	106366	0.10143852233886719	False	False	False
zip_member	code_results.zip	outputs/tables/GSE245386/low_myeloid__communication_sample_scores.tsv.gz	142022	0.13544273376464844	False	False	False
zip_member	code_results.zip	outputs/tables/GSE245386/low_myeloid__Endothelial__de.tsv.gz	926848	0.8839111328125	False	False	False
zip_member	code_results.zip	outputs/tables/GSE245386/low_myeloid__Endothelial__diagnostics.json	373	0.00035572052001953125	False	False	False
zip_member	code_results.zip	outputs/tables/GSE245386/low_myeloid__Endothelial__normalized.tsv.gz	603850	0.5758762359619141	False	False	False
zip_member	code_results.zip	outputs/tables/GSE245386/mt10__Astrocyte__de.tsv.gz	819708	0.7817344665527344	False	False	False
zip_member	code_results.zip	outputs/tables/GSE245386/mt10__Astrocyte__diagnostics.json	361	0.00034427642822265625	False	False	False
zip_member	code_results.zip	outputs/tables/GSE245386/mt10__Astrocyte__normalized.tsv.gz	434394	0.41427040100097656	False	False	False
zip_member	code_results.zip	outputs/tables/GSE245386/mt10__communication.tsv.gz	114794	0.10947608947753906	False	False	False
zip_member	code_results.zip	outputs/tables/GSE245386/mt10__communication_sample_scores.tsv.gz	155944	0.14871978759765625	False	False	False
zip_member	code_results.zip	outputs/tables/GSE245386/mt10__Endothelial__de.tsv.gz	937311	0.8938894271850586	False	False	False
zip_member	code_results.zip	outputs/tables/GSE245386/mt10__Endothelial__diagnostics.json	366	0.0003490447998046875	False	False	False
zip_member	code_results.zip	outputs/tables/GSE245386/mt10__Endothelial__normalized.tsv.gz	612478	0.5841045379638672	False	False	False
zip_member	code_results.zip	outputs/tables/GSE245386/primary__Astrocyte__de.tsv.gz	821745	0.7836771011352539	False	False	False
zip_member	code_results.zip	outputs/tables/GSE245386/primary__Astrocyte__diagnostics.json	364	0.000347137451171875	False	False	False
zip_member	code_results.zip	outputs/tables/GSE245386/primary__Astrocyte__normalized.tsv.gz	436894	0.4166545867919922	False	False	False
zip_member	code_results.zip	outputs/tables/GSE245386/primary__communication.tsv.gz	114132	0.10884475708007812	False	False	False
zip_member	code_results.zip	outputs/tables/GSE245386/primary__communication_sample_scores.tsv.gz	153486	0.1463756561279297	False	False	False
zip_member	code_results.zip	outputs/tables/GSE245386/primary__Endothelial__de.tsv.gz	938185	0.8947229385375977	False	False	False
zip_member	code_results.zip	outputs/tables/GSE245386/primary__Endothelial__diagnostics.json	369	0.00035190582275390625	False	False	False
zip_member	code_results.zip	outputs/tables/GSE245386/primary__Endothelial__normalized.tsv.gz	613652	0.5852241516113281	False	False	False
zip_member	code_results.zip	outputs/tables/GSE245386/strict_identity__Astrocyte__de.tsv.gz	813954	0.7762470245361328	False	False	False
zip_member	code_results.zip	outputs/tables/GSE245386/strict_identity__Astrocyte__diagnostics.json	372	0.000354766845703125	False	False	False
zip_member	code_results.zip	outputs/tables/GSE245386/strict_identity__Astrocyte__normalized.tsv.gz	430645	0.41069507598876953	False	False	False
zip_member	code_results.zip	outputs/tables/GSE245386/strict_identity__communication.tsv.gz	114432	0.109130859375	False	False	False
zip_member	code_results.zip	outputs/tables/GSE245386/strict_identity__communication_sample_scores.tsv.gz	152392	0.14533233642578125	False	False	False
zip_member	code_results.zip	outputs/tables/GSE245386/strict_identity__Endothelial__de.tsv.gz	926506	0.8835849761962891	False	False	False
zip_member	code_results.zip	outputs/tables/GSE245386/strict_identity__Endothelial__diagnostics.json	377	0.00035953521728515625	False	False	False
zip_member	code_results.zip	outputs/tables/GSE245386/strict_identity__Endothelial__normalized.tsv.gz	601876	0.5739936828613281	False	False	False
zip_member	code_results.zip	outputs/tables/identity_marker_audit.tsv	86275	0.08227825164794922	False	False	False
zip_member	code_results.zip	outputs/tables/integrated/barrier_gene_effects.tsv	10695	0.010199546813964844	False	False	False
zip_member	code_results.zip	outputs/tables/integrated/communication_barrier_associations.tsv	2626	0.0025043487548828125	False	False	False
zip_member	code_results.zip	outputs/tables/integrated/endothelial_program_samples.tsv	4023	0.0038366317749023438	False	False	False
zip_member	code_results.zip	outputs/tables/integrated/illustrative_pair_components.tsv	4647	0.004431724548339844	False	False	False
zip_member	code_results.zip	outputs/tables/integrated/illustrative_pair_stability.tsv	12698	0.012109756469726562	False	False	False
zip_member	code_results.zip	outputs/tables/integrated/illustrative_pairs.json	307	0.00029277801513671875	False	False	False
zip_member	code_results.zip	outputs/tables/integrated/sensitivity_summary.tsv	336	0.0003204345703125	False	False	False
zip_member	code_results.zip	outputs/tables/sorted_validation/audit.json	679	0.0006475448608398438	False	False	False
zip_member	code_results.zip	outputs/tables/sorted_validation/diff_expression.tsv.gz	2335998	2.227781295776367	False	False	False
zip_member	code_results.zip	outputs/tables/sorted_validation/identity_markers_expression.tsv	4712	0.00449371337890625	False	False	False
zip_member	code_results.zip	outputs/tables/sorted_validation/sample_manifest.tsv	3177	0.0030298233032226562	False	False	False
zip_member	code_results.zip	outputs/tables/spatial/descriptive_coexpression.tsv	2371	0.0022611618041992188	False	False	False
zip_member	code_results.zip	outputs/tables/spatial/GSM7437221_spots.tsv.gz	420049	0.4005899429321289	False	False	False
zip_member	code_results.zip	outputs/tables/spatial/GSM7437222_spots.tsv.gz	370499	0.3533353805541992	False	False	False
zip_member	code_results.zip	outputs/tables/spatial/GSM7437223_spots.tsv.gz	421022	0.4015178680419922	False	False	False
zip_member	code_results.zip	outputs/tables/spatial/GSM7437224_spots.tsv.gz	426856	0.40708160400390625	False	False	False
zip_member	code_results.zip	outputs/tables/spatial/GSM7437225_spots.tsv.gz	280321	0.2673349380493164	False	False	False
zip_member	code_results.zip	outputs/tables/spatial/sample_qc.tsv	739	0.0007047653198242188	False	False	False
zip_member	code_results.zip	outputs/tables/validation_checks.json	24552	0.02341461181640625	False	False	False
zip_member	code_results.zip	README.md	1353	0.0012903213500976562	False	False	False
zip_member	code_results.zip	work/aggregate_targets.py	3966	0.0037822723388671875	False	False	False
zip_member	code_results.zip	work/analysis_plan.md	5173	0.004933357238769531	False	False	False
zip_member	code_results.zip	work/analysis_plan_amendment.md	1817	0.0017328262329101562	False	False	False
zip_member	code_results.zip	work/build_manuscript.py	6414	0.0061168670654296875	False	False	False
zip_member	code_results.zip	work/build_revised_manuscript.py	6528	0.0062255859375	False	False	False
zip_member	code_results.zip	work/candidate_communication.py	4699	0.004481315612792969	False	False	False
zip_member	code_results.zip	work/contamination_sensitivity.py	2433	0.0023202896118164062	False	False	False
zip_member	code_results.zip	work/cross_cohort.py	2938	0.0028018951416015625	False	False	False
zip_member	code_results.zip	work/data/GSE174574/download_manifest.json	639	0.0006093978881835938	False	False	False
zip_member	code_results.zip	work/data/GSE174574/GSE174574_family.soft	21613	0.02061176300048828	False	False	False
zip_member	code_results.zip	work/data/GSE174574/GSE174574_family.soft.gz	2468	0.002353668212890625	False	False	False
zip_member	code_results.zip	work/data/GSE233814/download_manifest.json	5251	0.005007743835449219	False	False	False
zip_member	code_results.zip	work/data/GSE245386/download_manifest.json	3903	0.0037221908569335938	False	False	False
zip_member	code_results.zip	work/dataset_audit.json	4723	0.004504203796386719	False	False	False
zip_member	code_results.zip	work/delivery_readme.md	5268	0.005023956298828125	False	False	False
zip_member	code_results.zip	work/document_qa.json	724	0.000690460205078125	False	False	False
zip_member	code_results.zip	work/download_geo.py	2094	0.0019969940185546875	False	False	False
zip_member	code_results.zip	work/download_spatial.py	1227	0.0011701583862304688	False	False	False
zip_member	code_results.zip	work/download_validation.py	967	0.0009222030639648438	False	False	False
zip_member	code_results.zip	work/export_results.py	712	0.00067901611328125	False	False	False
zip_member	code_results.zip	work/fetch_metadata_batch.py	1135	0.0010824203491210938	False	False	False
zip_member	code_results.zip	work/fetch_spatial_geometry.py	926	0.0008831024169921875	False	False	False
zip_member	code_results.zip	work/figure_font_qa.json	2313	0.0022058486938476562	False	False	False
zip_member	code_results.zip	work/finalize_revised_text.py	12907	0.012309074401855469	False	False	False
zip_member	code_results.zip	work/gene_panels.json	932	0.000888824462890625	False	False	False
zip_member	code_results.zip	work/identity_audit.py	1483	0.0014142990112304688	False	False	False
zip_member	code_results.zip	work/identity_reference_review/fetch_models.py	692	0.000659942626953125	False	False	False
zip_member	code_results.zip	work/identity_reference_review/inspect_models.py	1057	0.0010080337524414062	False	False	False
zip_member	code_results.zip	work/identity_reference_review/manifest.json	1013	0.0009660720825195312	False	False	False
zip_member	code_results.zip	work/identity_reference_review/model_inspection.json	17699	0.01687908172607422	False	False	False
zip_member	code_results.zip	work/identity_reference_review/models.json	26123	0.02491283416748047	False	False	False
zip_member	code_results.zip	work/identity_reference_review/Mouse_Isocortex_Hippocampus.pkl	680650	0.6491184234619141	False	False	False
zip_member	code_results.zip	work/identity_reference_review/Mouse_Whole_Brain.pkl	7672163	7.316744804382324	False	False	False
zip_member	code_results.zip	work/integrated_tables.py	6096	0.0058135986328125	False	False	False
zip_member	code_results.zip	work/literature/Andreone2017_crossref.json	23864	0.02275848388671875	False	False	False
zip_member	code_results.zip	work/literature/Arbaizar2023_crossref.json	27014	0.025762557983398438	False	False	False
zip_member	code_results.zip	work/literature/Armulik2010_crossref.json	16089	0.015343666076660156	False	False	False
zip_member	code_results.zip	work/literature/BenZvi2014_crossref.json	15123	0.014422416687011719	False	False	False
zip_member	code_results.zip	work/literature/Browaeys2020_crossref.json	23536	0.0224456787109375	False	False	False
zip_member	code_results.zip	work/literature/Cabello2020_crossref.json	23819	0.02271556854248047	False	False	False
zip_member	code_results.zip	work/literature/Crowell2020_crossref.json	29682	0.028306961059570312	False	False	False
zip_member	code_results.zip	work/literature/DelToro2010_crossref.json	21501	0.02050495147705078	False	False	False
zip_member	code_results.zip	work/literature/Dimitrov2022_crossref.json	32436	0.030933380126953125	False	False	False
zip_member	code_results.zip	work/literature/Dimitrov2024_crossref.json	38259	0.03648662567138672	False	False	False
zip_member	code_results.zip	work/literature/Dominguez2022_crossref.json	25401	0.024224281311035156	False	False	False
zip_member	code_results.zip	work/literature/Efremova2020_crossref.json	17281	0.016480445861816406	False	False	False
zip_member	code_results.zip	work/literature/fetch_additions.py	1856	0.00177001953125	False	False	False
zip_member	code_results.zip	work/literature/fetch_literature.py	4961	0.004731178283691406	False	False	False
zip_member	code_results.zip	work/literature/fetch_revision.py	1260	0.001201629638671875	False	False	False
zip_member	code_results.zip	work/literature/Hill2025_crossref.json	49826	0.04751777648925781	False	False	False
zip_member	code_results.zip	work/literature/Hou2020_crossref.json	29344	0.027984619140625	False	False	False
zip_member	code_results.zip	work/literature/Jin2021_crossref.json	40153	0.038292884826660156	False	False	False
zip_member	code_results.zip	work/literature/Liu2026_crossref.json	47906	0.04568672180175781	False	False	False
zip_member	code_results.zip	work/literature/Love2014_crossref.json	29333	0.02797412872314453	False	False	False
zip_member	code_results.zip	work/literature/lr_resource_manifest.json	546	0.0005207061767578125	False	False	False
zip_member	code_results.zip	work/literature/Mikelis2009_crossref.json	12424	0.01184844970703125	False	False	False
zip_member	code_results.zip	work/literature/mouseconsensus.csv	139898	0.13341712951660156	False	False	False
zip_member	code_results.zip	work/literature/Munji2019_crossref.json	24025	0.022912025451660156	False	False	False
zip_member	code_results.zip	work/literature/Muzellec2023_crossref.json	6669	0.006360054016113281	False	False	False
zip_member	code_results.zip	work/literature/Nitta2003_crossref.json	12359	0.011786460876464844	False	False	False
zip_member	code_results.zip	work/literature/omni_resource.csv	2004367	1.911513328552246	False	False	False
zip_member	code_results.zip	work/literature/Qi2003_crossref.json	21503	0.020506858825683594	False	False	False
zip_member	code_results.zip	work/literature/Raredon2022_crossref.json	18257	0.017411231994628906	False	False	False
zip_member	code_results.zip	work/literature/references.json	37731	0.03598308563232422	False	False	False
zip_member	code_results.zip	work/literature/Ruan2023_crossref.json	33113	0.031579017639160156	False	False	False
zip_member	code_results.zip	work/literature/RuanCorrection2025_crossref.json	4464	0.0042572021484375	False	False	False
zip_member	code_results.zip	work/literature/Shao2021_crossref.json	15294	0.014585494995117188	False	False	False
zip_member	code_results.zip	work/literature/Spitzer2022_crossref.json	67696	0.0645599365234375	False	False	False
zip_member	code_results.zip	work/literature/Squair2021_crossref.json	42096	0.0401458740234375	False	False	False
zip_member	code_results.zip	work/literature/Vanlandewijck2018_crossref.json	30395	0.02898693084716797	False	False	False
zip_member	code_results.zip	work/literature/Wolock2019_crossref.json	12684	0.012096405029296875	False	False	False
zip_member	code_results.zip	work/literature/Xu2026_crossref.json	13105	0.012497901916503906	False	False	False
zip_member	code_results.zip	work/literature/Yao2021_crossref.json	33869	0.03229999542236328	False	False	False
zip_member	code_results.zip	work/literature/Yao2023_crossref.json	70200	0.06694793701171875	False	False	False
zip_member	code_results.zip	work/literature/Yepes2003_crossref.json	7832	0.00746917724609375	False	False	False
zip_member	code_results.zip	work/literature/Zheng2022_crossref.json	11780	0.011234283447265625	False	False	False
zip_member	code_results.zip	work/literature/Zucha2024_crossref.json	19214	0.018323898315429688	False	False	False
zip_member	code_results.zip	work/make_figures.py	11584	0.01104736328125	False	False	False
zip_member	code_results.zip	work/manuscript_revised_source.md	53099	0.05063915252685547	False	False	False
zip_member	code_results.zip	work/manuscript_source.md	33192	0.03165435791015625	False	False	False
zip_member	code_results.zip	work/metadata_audit/GSE154396_family.soft	24163	0.02304363250732422	False	False	False
zip_member	code_results.zip	work/metadata_audit/GSE154396_family.soft.gz	2789	0.0026597976684570312	False	False	False
zip_member	code_results.zip	work/metadata_audit/GSE167593_samples.soft	14742	0.014059066772460938	False	False	False
zip_member	code_results.zip	work/metadata_audit/GSE167593_series.soft	2652	0.002529144287109375	False	False	False
zip_member	code_results.zip	work/metadata_audit/GSE174574_samples.soft	19329	0.018433570861816406	False	False	False
zip_member	code_results.zip	work/metadata_audit/GSE174574_series.soft	1689	0.0016107559204101562	False	False	False
zip_member	code_results.zip	work/metadata_audit/GSE197731_samples.soft	35140	0.033512115478515625	False	False	False
zip_member	code_results.zip	work/metadata_audit/GSE197731_series.soft	1796	0.001712799072265625	False	False	False
zip_member	code_results.zip	work/metadata_audit/GSE210986_samples.soft	7450	0.0071048736572265625	False	False	False
zip_member	code_results.zip	work/metadata_audit/GSE210986_series.soft	2252	0.002147674560546875	False	False	False
zip_member	code_results.zip	work/metadata_audit/GSE227651_samples.soft	31818	0.030344009399414062	False	False	False
zip_member	code_results.zip	work/metadata_audit/GSE227651_series.soft	3478	0.0033168792724609375	False	False	False
zip_member	code_results.zip	work/metadata_audit/GSE233812_family.soft	26159	0.024947166442871094	False	False	False
zip_member	code_results.zip	work/metadata_audit/GSE233812_family.soft.gz	4023	0.0038366317749023438	False	False	False
zip_member	code_results.zip	work/metadata_audit/GSE233813_family.soft	28207	0.026900291442871094	False	False	False
zip_member	code_results.zip	work/metadata_audit/GSE233813_family.soft.gz	4046	0.0038585662841796875	False	False	False
zip_member	code_results.zip	work/metadata_audit/GSE233815_family.soft	288659	0.2752866744995117	False	False	False
zip_member	code_results.zip	work/metadata_audit/GSE233815_family.soft.gz	10426	0.009943008422851562	False	False	False
zip_member	code_results.zip	work/metadata_audit/GSE234052_family.soft	23440	0.0223541259765625	False	False	False
zip_member	code_results.zip	work/metadata_audit/GSE234052_family.soft.gz	2901	0.0027666091918945312	False	False	False
zip_member	code_results.zip	work/metadata_audit/GSE245386_family.soft	33900	0.032329559326171875	False	False	False
zip_member	code_results.zip	work/metadata_audit/GSE245386_family.soft.gz	2817	0.0026865005493164062	False	False	False
zip_member	code_results.zip	work/metadata_audit/GSE261494_samples.soft	27692	0.026409149169921875	False	False	False
zip_member	code_results.zip	work/metadata_audit/GSE261494_series.soft	2840	0.00270843505859375	False	False	False
zip_member	code_results.zip	work/metadata_audit/pubmed_metadata.xml	188429	0.17969989776611328	False	False	False
zip_member	code_results.zip	work/prepare_revised_text.py	3792	0.0036163330078125	False	False	False
zip_member	code_results.zip	work/processed/GSE174574/GSM5319987_cells.tsv.gz	980366	0.9349498748779297	False	False	False
zip_member	code_results.zip	work/processed/GSE174574/GSM5319987_features.tsv.gz	211305	0.20151615142822266	False	False	False
zip_member	code_results.zip	work/processed/GSE174574/GSM5319987_fractions.tsv.gz	646142	0.6162090301513672	False	False	False
zip_member	code_results.zip	work/processed/GSE174574/GSM5319987_mean_logcp10k.tsv.gz	1523460	1.4528846740722656	False	False	False
zip_member	code_results.zip	work/processed/GSE174574/GSM5319987_pseudobulk.tsv.gz	307822	0.2935619354248047	False	False	False
zip_member	code_results.zip	work/processed/GSE174574/GSM5319987_sample_counts.tsv	600	0.00057220458984375	False	False	False
zip_member	code_results.zip	work/processed/GSE174574/GSM5319987_target_cells.tsv.gz	224544	0.214141845703125	False	False	False
zip_member	code_results.zip	work/processed/GSE174574/GSM5319988_cells.tsv.gz	977520	0.9322357177734375	False	False	False
zip_member	code_results.zip	work/processed/GSE174574/GSM5319988_features.tsv.gz	211305	0.20151615142822266	False	False	False
zip_member	code_results.zip	work/processed/GSE174574/GSM5319988_fractions.tsv.gz	624821	0.5958757400512695	False	False	False
zip_member	code_results.zip	work/processed/GSE174574/GSM5319988_mean_logcp10k.tsv.gz	1544722	1.4731616973876953	False	False	False
zip_member	code_results.zip	work/processed/GSE174574/GSM5319988_pseudobulk.tsv.gz	312065	0.2976083755493164	False	False	False
zip_member	code_results.zip	work/processed/GSE174574/GSM5319988_sample_counts.tsv	600	0.00057220458984375	False	False	False
zip_member	code_results.zip	work/processed/GSE174574/GSM5319988_target_cells.tsv.gz	218057	0.20795536041259766	False	False	False
zip_member	code_results.zip	work/processed/GSE174574/GSM5319989_cells.tsv.gz	1143436	1.0904655456542969	False	False	False
zip_member	code_results.zip	work/processed/GSE174574/GSM5319989_features.tsv.gz	211305	0.20151615142822266	False	False	False
zip_member	code_results.zip	work/processed/GSE174574/GSM5319989_fractions.tsv.gz	685504	0.65374755859375	False	False	False
zip_member	code_results.zip	work/processed/GSE174574/GSM5319989_mean_logcp10k.tsv.gz	1548730	1.4769840240478516	False	False	False
zip_member	code_results.zip	work/processed/GSE174574/GSM5319989_pseudobulk.tsv.gz	321862	0.30695152282714844	False	False	False
zip_member	code_results.zip	work/processed/GSE174574/GSM5319989_sample_counts.tsv	601	0.0005731582641601562	False	False	False
zip_member	code_results.zip	work/processed/GSE174574/GSM5319989_target_cells.tsv.gz	267707	0.25530529022216797	False	False	False
zip_member	code_results.zip	work/processed/GSE174574/GSM5319990_cells.tsv.gz	1434829	1.3683595657348633	False	False	False
zip_member	code_results.zip	work/processed/GSE174574/GSM5319990_features.tsv.gz	211305	0.20151615142822266	False	False	False
zip_member	code_results.zip	work/processed/GSE174574/GSM5319990_fractions.tsv.gz	810657	0.7731027603149414	False	False	False
zip_member	code_results.zip	work/processed/GSE174574/GSM5319990_mean_logcp10k.tsv.gz	1730604	1.6504325866699219	False	False	False
zip_member	code_results.zip	work/processed/GSE174574/GSM5319990_pseudobulk.tsv.gz	345232	0.3292388916015625	False	False	False
zip_member	code_results.zip	work/processed/GSE174574/GSM5319990_sample_counts.tsv	602	0.0005741119384765625	False	False	False
zip_member	code_results.zip	work/processed/GSE174574/GSM5319990_target_cells.tsv.gz	387455	0.3695058822631836	False	False	False
zip_member	code_results.zip	work/processed/GSE174574/GSM5319991_cells.tsv.gz	1377216	1.31341552734375	False	False	False
zip_member	code_results.zip	work/processed/GSE174574/GSM5319991_features.tsv.gz	211305	0.20151615142822266	False	False	False
zip_member	code_results.zip	work/processed/GSE174574/GSM5319991_fractions.tsv.gz	819395	0.7814359664916992	False	False	False
zip_member	code_results.zip	work/processed/GSE174574/GSM5319991_mean_logcp10k.tsv.gz	1740092	1.6594810485839844	False	False	False
zip_member	code_results.zip	work/processed/GSE174574/GSM5319991_pseudobulk.tsv.gz	338384	0.3227081298828125	False	False	False
zip_member	code_results.zip	work/processed/GSE174574/GSM5319991_sample_counts.tsv	602	0.0005741119384765625	False	False	False
zip_member	code_results.zip	work/processed/GSE174574/GSM5319991_target_cells.tsv.gz	361267	0.3445310592651367	False	False	False
zip_member	code_results.zip	work/processed/GSE174574/GSM5319992_cells.tsv.gz	997759	0.9515371322631836	False	False	False
zip_member	code_results.zip	work/processed/GSE174574/GSM5319992_features.tsv.gz	211305	0.20151615142822266	False	False	False
zip_member	code_results.zip	work/processed/GSE174574/GSM5319992_fractions.tsv.gz	751767	0.7169408798217773	False	False	False
zip_member	code_results.zip	work/processed/GSE174574/GSM5319992_mean_logcp10k.tsv.gz	1667824	1.5905609130859375	False	False	False
zip_member	code_results.zip	work/processed/GSE174574/GSM5319992_pseudobulk.tsv.gz	326474	0.31134986877441406	False	False	False
zip_member	code_results.zip	work/processed/GSE174574/GSM5319992_sample_counts.tsv	601	0.0005731582641601562	False	False	False
zip_member	code_results.zip	work/processed/GSE174574/GSM5319992_target_cells.tsv.gz	292092	0.2785606384277344	False	False	False
zip_member	code_results.zip	work/processed/GSE174574/marker_panel.json	1506	0.0014362335205078125	False	False	False
zip_member	code_results.zip	work/processed/GSE174574/qc_summary.tsv	731	0.0006971359252929688	False	False	False
zip_member	code_results.zip	work/processed/GSE174574/sample_cell_counts.tsv	4495	0.004286766052246094	False	False	False
zip_member	code_results.zip	work/processed/GSE245386/GSM7841720_cells.tsv.gz	1882361	1.7951593399047852	False	False	False
zip_member	code_results.zip	work/processed/GSE245386/GSM7841720_features.tsv.gz	242825	0.23157596588134766	False	False	False
zip_member	code_results.zip	work/processed/GSE245386/GSM7841720_fractions.tsv.gz	1036184	0.9881820678710938	False	False	False
zip_member	code_results.zip	work/processed/GSE245386/GSM7841720_mean_logcp10k.tsv.gz	2188915	2.0875120162963867	False	False	False
zip_member	code_results.zip	work/processed/GSE245386/GSM7841720_pseudobulk.tsv.gz	448631	0.42784786224365234	False	False	False
zip_member	code_results.zip	work/processed/GSE245386/GSM7841720_sample_counts.tsv	608	0.000579833984375	False	False	False
zip_member	code_results.zip	work/processed/GSE245386/GSM7841720_target_cells.tsv.gz	395314	0.3770008087158203	False	False	False
zip_member	code_results.zip	work/processed/GSE245386/GSM7841721_cells.tsv.gz	1336034	1.2741413116455078	False	False	False
zip_member	code_results.zip	work/processed/GSE245386/GSM7841721_features.tsv.gz	242825	0.23157596588134766	False	False	False
zip_member	code_results.zip	work/processed/GSE245386/GSM7841721_fractions.tsv.gz	975753	0.9305505752563477	False	False	False
zip_member	code_results.zip	work/processed/GSE245386/GSM7841721_mean_logcp10k.tsv.gz	2146252	2.046825408935547	False	False	False
zip_member	code_results.zip	work/processed/GSE245386/GSM7841721_pseudobulk.tsv.gz	442524	0.4220237731933594	False	False	False
zip_member	code_results.zip	work/processed/GSE245386/GSM7841721_sample_counts.tsv	608	0.000579833984375	False	False	False
zip_member	code_results.zip	work/processed/GSE245386/GSM7841721_target_cells.tsv.gz	349431	0.33324337005615234	False	False	False
zip_member	code_results.zip	work/processed/GSE245386/GSM7841722_cells.tsv.gz	1266229	1.2075700759887695	False	False	False
zip_member	code_results.zip	work/processed/GSE245386/GSM7841722_features.tsv.gz	242825	0.23157596588134766	False	False	False
zip_member	code_results.zip	work/processed/GSE245386/GSM7841722_fractions.tsv.gz	1025224	0.9777297973632812	False	False	False
zip_member	code_results.zip	work/processed/GSE245386/GSM7841722_mean_logcp10k.tsv.gz	2155114	2.055276870727539	False	False	False
zip_member	code_results.zip	work/processed/GSE245386/GSM7841722_pseudobulk.tsv.gz	441666	0.4212055206298828	False	False	False
zip_member	code_results.zip	work/processed/GSE245386/GSM7841722_sample_counts.tsv	608	0.000579833984375	False	False	False
zip_member	code_results.zip	work/processed/GSE245386/GSM7841722_target_cells.tsv.gz	365740	0.3487968444824219	False	False	False
zip_member	code_results.zip	work/processed/GSE245386/GSM7841723_cells.tsv.gz	1331314	1.2696399688720703	False	False	False
zip_member	code_results.zip	work/processed/GSE245386/GSM7841723_features.tsv.gz	242825	0.23157596588134766	False	False	False
zip_member	code_results.zip	work/processed/GSE245386/GSM7841723_fractions.tsv.gz	981802	0.9363193511962891	False	False	False
zip_member	code_results.zip	work/processed/GSE245386/GSM7841723_mean_logcp10k.tsv.gz	2182887	2.08176326751709	False	False	False
zip_member	code_results.zip	work/processed/GSE245386/GSM7841723_pseudobulk.tsv.gz	438103	0.41780757904052734	False	False	False
zip_member	code_results.zip	work/processed/GSE245386/GSM7841723_sample_counts.tsv	608	0.000579833984375	False	False	False
zip_member	code_results.zip	work/processed/GSE245386/GSM7841723_target_cells.tsv.gz	343443	0.3275327682495117	False	False	False
zip_member	code_results.zip	work/processed/GSE245386/GSM7841724_cells.tsv.gz	1631723	1.5561323165893555	False	False	False
zip_member	code_results.zip	work/processed/GSE245386/GSM7841724_features.tsv.gz	242825	0.23157596588134766	False	False	False
zip_member	code_results.zip	work/processed/GSE245386/GSM7841724_fractions.tsv.gz	1166281	1.1122522354125977	False	False	False
zip_member	code_results.zip	work/processed/GSE245386/GSM7841724_mean_logcp10k.tsv.gz	2239024	2.1352996826171875	False	False	False
zip_member	code_results.zip	work/processed/GSE245386/GSM7841724_pseudobulk.tsv.gz	462410	0.44098854064941406	False	False	False
zip_member	code_results.zip	work/processed/GSE245386/GSM7841724_sample_counts.tsv	608	0.000579833984375	False	False	False
zip_member	code_results.zip	work/processed/GSE245386/GSM7841724_target_cells.tsv.gz	434502	0.41437339782714844	False	False	False
zip_member	code_results.zip	work/processed/GSE245386/marker_panel.json	1506	0.0014362335205078125	False	False	False
zip_member	code_results.zip	work/processed/GSE245386/qc_summary.tsv	651	0.0006208419799804688	False	False	False
zip_member	code_results.zip	work/processed/GSE245386/sample_cell_counts.tsv	3821	0.0036439895629882812	False	False	False
zip_member	code_results.zip	work/repro_ambient_figure.py	5589	0.005330085754394531	False	False	False
zip_member	code_results.zip	work/repro_ambient_followup.py	8231	0.007849693298339844	False	False	False
zip_member	code_results.zip	work/repro_ambient_followup_default500_snapshot.py	7813	0.007451057434082031	False	False	False
zip_member	code_results.zip	work/repro_ambient_followup_plan.md	2342	0.0022335052490234375	False	False	False
zip_member	code_results.zip	work/repro_ambient_followup_selected_snapshot.py	7990	0.0076198577880859375	False	False	False
zip_member	code_results.zip	work/repro_ambient_narrative.json	14011	0.013361930847167969	False	False	False
zip_member	code_results.zip	work/repro_ambient_narrative.py	14980	0.014286041259765625	False	False	False
zip_member	code_results.zip	work/repro_ambient_rank_comparison.py	5277	0.005032539367675781	False	False	False
zip_member	code_results.zip	work/repro_ambient_summary.py	8213	0.007832527160644531	False	False	False
zip_member	code_results.zip	work/repro_author.json	647	0.0006170272827148438	False	False	False
zip_member	code_results.zip	work/repro_build_docx.py	9049	0.008629798889160156	False	False	False
zip_member	code_results.zip	work/repro_cached_pipeline_notes.md	8631	0.008231163024902344	False	False	False
zip_member	code_results.zip	work/repro_caption_static.json	10429	0.009945869445800781	False	False	False
zip_member	code_results.zip	work/repro_capture_environment.py	1819	0.0017347335815429688	False	False	False
zip_member	code_results.zip	work/repro_cohort_metadata/ADVS-9999-e77547-s001.json	92928	0.088623046875	False	False	False
zip_member	code_results.zip	work/repro_cohort_metadata/ADVS-9999-e77547-s001.xlsx	52182	0.04976463317871094	False	False	False
zip_member	code_results.zip	work/repro_cohort_metadata/gds_search.json	4412	0.004207611083984375	False	False	False
zip_member	code_results.zip	work/repro_cohort_metadata/gds_summaries.json	417108	0.3977851867675781	False	False	False
zip_member	code_results.zip	work/repro_cohort_metadata/GSE171393_family.soft	16397	0.01563739776611328	False	False	False
zip_member	code_results.zip	work/repro_cohort_metadata/GSE225948_family.soft	129823	0.1238088607788086	False	False	False
zip_member	code_results.zip	work/repro_cohort_metadata/GSE247102_family.soft	34769	0.033158302307128906	False	False	False
zip_member	code_results.zip	work/repro_cohort_metadata/GSE254550_family.soft	50374	0.04804039001464844	False	False	False
zip_member	code_results.zip	work/repro_cohort_metadata/GSE267240_family.soft	17679	0.016860008239746094	False	False	False
zip_member	code_results.zip	work/repro_cohort_metadata/GSE268505_family.soft	26160	0.0249481201171875	False	False	False
zip_member	code_results.zip	work/repro_cohort_metadata/GSE276202_family.soft	13919	0.013274192810058594	False	False	False
zip_member	code_results.zip	work/repro_cohort_metadata/GSE279665_family.soft	17690	0.016870498657226562	False	False	False
zip_member	code_results.zip	work/repro_cohort_metadata/GSE279666_family.soft	13371	0.012751579284667969	False	False	False
zip_member	code_results.zip	work/repro_cohort_metadata/GSE289791_family.soft	20901	0.01993274688720703	False	False	False
zip_member	code_results.zip	work/repro_cohort_metadata/GSE290194_family.soft	87429	0.08337879180908203	False	False	False
zip_member	code_results.zip	work/repro_cohort_metadata/GSE295882_family.soft	23099	0.02202892303466797	False	False	False
zip_member	code_results.zip	work/repro_cohort_metadata/GSE300442_family.soft	24547	0.02340984344482422	False	False	False
zip_member	code_results.zip	work/repro_cohort_metadata/GSE300564_family.soft	30559	0.029143333435058594	False	False	False
zip_member	code_results.zip	work/repro_cohort_metadata/GSE303092_family.soft	34184	0.03260040283203125	False	False	False
zip_member	code_results.zip	work/repro_cohort_metadata/GSE310324_family.soft	61484	0.058635711669921875	False	False	False
zip_member	code_results.zip	work/repro_cohort_metadata/GSE313837_family.soft	17524	0.016712188720703125	False	False	False
zip_member	code_results.zip	work/repro_cohort_metadata/GSE319237_family.soft	77480	0.07389068603515625	False	False	False
zip_member	code_results.zip	work/repro_cohort_metadata/GSE319238_family.soft	81182	0.07742118835449219	False	False	False
zip_member	code_results.zip	work/repro_cohort_metadata/GSE332910_biosample.xml	12325	0.011754035949707031	False	False	False
zip_member	code_results.zip	work/repro_cohort_metadata/GSE332910_download_manifest.json	3207	0.0030584335327148438	False	False	False
zip_member	code_results.zip	work/repro_cohort_metadata/GSE332910_family.soft	173048	0.16503143310546875	False	False	False
zip_member	code_results.zip	work/repro_cohort_metadata/GSE332910_paper.txt	136436	0.13011550903320312	False	False	False
zip_member	code_results.zip	work/repro_cohort_metadata/GSE332910_paper_bioc.xml	6148	0.005863189697265625	False	False	False
zip_member	code_results.zip	work/repro_cohort_metadata/GSE332910_public_s3_metadata.json	1809	0.0017251968383789062	False	False	False
zip_member	code_results.zip	work/repro_cohort_metadata/GSE332910_public_s3_versions.xml	346	0.0003299713134765625	False	False	False
zip_member	code_results.zip	work/repro_cohort_metadata/GSE332910_replication_provenance_update.json	1345	0.0012826919555664062	False	False	False
zip_member	code_results.zip	work/repro_cohort_metadata/GSE332910_supplement_download_audit.json	760	0.00072479248046875	False	False	False
zip_member	code_results.zip	work/repro_cohort_metadata/GSE335511_family.soft	23422	0.022336959838867188	False	False	False
zip_member	code_results.zip	work/repro_cohort_metadata/new_pubmed.xml	181141	0.17274951934814453	False	False	False
zip_member	code_results.zip	work/repro_conditional_null.py	6772	0.006458282470703125	False	False	False
zip_member	code_results.zip	work/repro_conditional_null_plan.md	2412	0.002300262451171875	False	False	False
zip_member	code_results.zip	work/repro_copy_supplement_figures.py	1229	0.0011720657348632812	False	False	False
zip_member	code_results.zip	work/repro_core_figures.py	7429	0.007084846496582031	False	False	False
zip_member	code_results.zip	work/repro_decontx/cell_type_contamination_summary.tsv	73143	0.06975460052490234	False	False	False
zip_member	code_results.zip	work/repro_decontx/completion_status.json	9401	0.008965492248535156	False	False	False
zip_member	code_results.zip	work/repro_decontx/final_selected_source_summary.tsv	3909	0.0037279129028320312	False	False	False
zip_member	code_results.zip	work/repro_decontx/GSE174574/GSM5319987/audit.json	366289	0.3493204116821289	False	False	False
zip_member	code_results.zip	work/repro_decontx/GSE174574/GSM5319987/cells.tsv.gz	964992	0.9202880859375	False	False	False
zip_member	code_results.zip	work/repro_decontx/GSE174574/GSM5319987/contamination.tsv.gz	233001	0.22220706939697266	False	False	False
zip_member	code_results.zip	work/repro_decontx/GSE174574/GSM5319987/executed_decontx_run.R	4946	0.0047168731689453125	False	False	False
zip_member	code_results.zip	work/repro_decontx/GSE174574/GSM5319987/genes.tsv.gz	104632	0.09978485107421875	False	False	False
zip_member	code_results.zip	work/repro_decontx/GSE174574/GSM5319987/input_audit.json	1527	0.0014562606811523438	False	False	False
zip_member	code_results.zip	work/repro_decontx/GSE174574/GSM5319987/installed_packages.tsv	21904	0.0208892822265625	False	False	False
zip_member	code_results.zip	work/repro_decontx/GSE174574/GSM5319987/model_estimates.rds	4914518	4.686849594116211	False	False	False
zip_member	code_results.zip	work/repro_decontx/GSE174574/GSM5319987/python_source_snapshot_provenance.json	462	0.0004405975341796875	False	False	False
zip_member	code_results.zip	work/repro_decontx/GSE174574/GSM5319987/python_wrapper_source_snapshot.py	7509	0.007161140441894531	False	False	False
zip_member	code_results.zip	work/repro_decontx/GSE174574/GSM5319987/r_audit.json	240899	0.22973918914794922	False	False	False
zip_member	code_results.zip	work/repro_decontx/GSE174574/GSM5319987/run.log	1735	0.0016546249389648438	False	False	False
zip_member	code_results.zip	work/repro_decontx/GSE174574/GSM5319987/sessionInfo.txt	4886	0.0046596527099609375	False	False	False
zip_member	code_results.zip	work/repro_decontx/GSE174574/GSM5319987/source_snapshot_provenance.json	383	0.00036525726318359375	False	False	False
zip_member	code_results.zip	work/repro_decontx/GSE174574/GSM5319988/audit.json	356466	0.3399524688720703	False	False	False
zip_member	code_results.zip	work/repro_decontx/GSE174574/GSM5319988/cells.tsv.gz	960484	0.9159889221191406	False	False	False
zip_member	code_results.zip	work/repro_decontx/GSE174574/GSM5319988/contamination.tsv.gz	227076	0.21655654907226562	False	False	False
zip_member	code_results.zip	work/repro_decontx/GSE174574/GSM5319988/executed_decontx_run.R	4946	0.0047168731689453125	False	False	False
zip_member	code_results.zip	work/repro_decontx/GSE174574/GSM5319988/genes.tsv.gz	104632	0.09978485107421875	False	False	False
zip_member	code_results.zip	work/repro_decontx/GSE174574/GSM5319988/input_audit.json	1487	0.0014181137084960938	False	False	False
zip_member	code_results.zip	work/repro_decontx/GSE174574/GSM5319988/installed_packages.tsv	21904	0.0208892822265625	False	False	False
zip_member	code_results.zip	work/repro_decontx/GSE174574/GSM5319988/model_estimates.rds	4634037	4.4193620681762695	False	False	False
zip_member	code_results.zip	work/repro_decontx/GSE174574/GSM5319988/python_source_snapshot_provenance.json	462	0.0004405975341796875	False	False	False
zip_member	code_results.zip	work/repro_decontx/GSE174574/GSM5319988/python_wrapper_source_snapshot.py	7509	0.007161140441894531	False	False	False
zip_member	code_results.zip	work/repro_decontx/GSE174574/GSM5319988/r_audit.json	234494	0.2236309051513672	False	False	False
zip_member	code_results.zip	work/repro_decontx/GSE174574/GSM5319988/run.log	3077	0.0029344558715820312	False	False	False
zip_member	code_results.zip	work/repro_decontx/GSE174574/GSM5319988/sessionInfo.txt	4886	0.0046596527099609375	False	False	False
zip_member	code_results.zip	work/repro_decontx/GSE174574/GSM5319988/source_snapshot_provenance.json	383	0.00036525726318359375	False	False	False
zip_member	code_results.zip	work/repro_decontx/GSE174574/GSM5319989/audit.json	415971	0.3967008590698242	False	False	False
zip_member	code_results.zip	work/repro_decontx/GSE174574/GSM5319989/cells.tsv.gz	1123867	1.071803092956543	False	False	False
zip_member	code_results.zip	work/repro_decontx/GSE174574/GSM5319989/contamination.tsv.gz	264921	0.25264835357666016	False	False	False
zip_member	code_results.zip	work/repro_decontx/GSE174574/GSM5319989/executed_decontx_run.R	4946	0.0047168731689453125	False	False	False
zip_member	code_results.zip	work/repro_decontx/GSE174574/GSM5319989/genes.tsv.gz	104632	0.09978485107421875	False	False	False
zip_member	code_results.zip	work/repro_decontx/GSE174574/GSM5319989/input_audit.json	1514	0.0014438629150390625	False	False	False
zip_member	code_results.zip	work/repro_decontx/GSE174574/GSM5319989/installed_packages.tsv	21904	0.0208892822265625	False	False	False
zip_member	code_results.zip	work/repro_decontx/GSE174574/GSM5319989/model_estimates.rds	4945700	4.716587066650391	False	False	False
zip_member	code_results.zip	work/repro_decontx/GSE174574/GSM5319989/python_source_snapshot_provenance.json	462	0.0004405975341796875	False	False	False
zip_member	code_results.zip	work/repro_decontx/GSE174574/GSM5319989/python_wrapper_source_snapshot.py	7509	0.007161140441894531	False	False	False
zip_member	code_results.zip	work/repro_decontx/GSE174574/GSM5319989/r_audit.json	273819	0.26113414764404297	False	False	False
zip_member	code_results.zip	work/repro_decontx/GSE174574/GSM5319989/run.log	2364	0.002254486083984375	False	False	False
zip_member	code_results.zip	work/repro_decontx/GSE174574/GSM5319989/sessionInfo.txt	4886	0.0046596527099609375	False	False	False
zip_member	code_results.zip	work/repro_decontx/GSE174574/GSM5319989/source_snapshot_provenance.json	383	0.00036525726318359375	False	False	False
zip_member	code_results.zip	work/repro_decontx/GSE174574/GSM5319990/audit.json	487356	0.4647789001464844	False	False	False
zip_member	code_results.zip	work/repro_decontx/GSE174574/GSM5319990/cells.tsv.gz	1410459	1.345118522644043	False	False	False
zip_member	code_results.zip	work/repro_decontx/GSE174574/GSM5319990/contamination.tsv.gz	315571	0.3009519577026367	False	False	False
zip_member	code_results.zip	work/repro_decontx/GSE174574/GSM5319990/executed_decontx_run.R	4946	0.0047168731689453125	False	False	False
zip_member	code_results.zip	work/repro_decontx/GSE174574/GSM5319990/genes.tsv.gz	104632	0.09978485107421875	False	False	False
zip_member	code_results.zip	work/repro_decontx/GSE174574/GSM5319990/input_audit.json	1521	0.0014505386352539062	False	False	False
zip_member	code_results.zip	work/repro_decontx/GSE174574/GSM5319990/installed_packages.tsv	21904	0.0208892822265625	False	False	False
zip_member	code_results.zip	work/repro_decontx/GSE174574/GSM5319990/model_estimates.rds	5251055	5.007796287536621	False	False	False
zip_member	code_results.zip	work/repro_decontx/GSE174574/GSM5319990/python_source_snapshot_provenance.json	462	0.0004405975341796875	False	False	False
zip_member	code_results.zip	work/repro_decontx/GSE174574/GSM5319990/python_wrapper_source_snapshot.py	7509	0.007161140441894531	False	False	False
zip_member	code_results.zip	work/repro_decontx/GSE174574/GSM5319990/r_audit.json	320475	0.30562877655029297	False	False	False
zip_member	code_results.zip	work/repro_decontx/GSE174574/GSM5319990/run.log	2600	0.00247955322265625	False	False	False
zip_member	code_results.zip	work/repro_decontx/GSE174574/GSM5319990/sessionInfo.txt	4886	0.0046596527099609375	False	False	False
zip_member	code_results.zip	work/repro_decontx/GSE174574/GSM5319990/source_snapshot_provenance.json	383	0.00036525726318359375	False	False	False
zip_member	code_results.zip	work/repro_decontx/GSE174574/GSM5319991/audit.json	470918	0.44910240173339844	False	False	False
zip_member	code_results.zip	work/repro_decontx/GSE174574/GSM5319991/cells.tsv.gz	1354823	1.2920598983764648	False	False	False
zip_member	code_results.zip	work/repro_decontx/GSE174574/GSM5319991/contamination.tsv.gz	304866	0.2907428741455078	False	False	False
zip_member	code_results.zip	work/repro_decontx/GSE174574/GSM5319991/executed_decontx_run.R	4946	0.0047168731689453125	False	False	False
zip_member	code_results.zip	work/repro_decontx/GSE174574/GSM5319991/genes.tsv.gz	104632	0.09978485107421875	False	False	False
zip_member	code_results.zip	work/repro_decontx/GSE174574/GSM5319991/input_audit.json	1514	0.0014438629150390625	False	False	False
zip_member	code_results.zip	work/repro_decontx/GSE174574/GSM5319991/installed_packages.tsv	21904	0.0208892822265625	False	False	False
zip_member	code_results.zip	work/repro_decontx/GSE174574/GSM5319991/model_estimates.rds	5199412	4.958545684814453	False	False	False
zip_member	code_results.zip	work/repro_decontx/GSE174574/GSM5319991/python_source_snapshot_provenance.json	462	0.0004405975341796875	False	False	False
zip_member	code_results.zip	work/repro_decontx/GSE174574/GSM5319991/python_wrapper_source_snapshot.py	7509	0.007161140441894531	False	False	False
zip_member	code_results.zip	work/repro_decontx/GSE174574/GSM5319991/r_audit.json	309603	0.2952604293823242	False	False	False
zip_member	code_results.zip	work/repro_decontx/GSE174574/GSM5319991/run.log	2286	0.0021800994873046875	False	False	False
zip_member	code_results.zip	work/repro_decontx/GSE174574/GSM5319991/sessionInfo.txt	4886	0.0046596527099609375	False	False	False
zip_member	code_results.zip	work/repro_decontx/GSE174574/GSM5319991/source_snapshot_provenance.json	383	0.00036525726318359375	False	False	False
zip_member	code_results.zip	work/repro_decontx/GSE174574/GSM5319992/audit.json	337008	0.3213958740234375	False	False	False
zip_member	code_results.zip	work/repro_decontx/GSE174574/GSM5319992/cells.tsv.gz	982439	0.9369268417358398	False	False	False
zip_member	code_results.zip	work/repro_decontx/GSE174574/GSM5319992/contamination.tsv.gz	219760	0.2095794677734375	False	False	False
zip_member	code_results.zip	work/repro_decontx/GSE174574/GSM5319992/executed_decontx_run.R	4946	0.0047168731689453125	False	False	False
zip_member	code_results.zip	work/repro_decontx/GSE174574/GSM5319992/genes.tsv.gz	104632	0.09978485107421875	False	False	False
zip_member	code_results.zip	work/repro_decontx/GSE174574/GSM5319992/input_audit.json	1515	0.0014448165893554688	False	False	False
zip_member	code_results.zip	work/repro_decontx/GSE174574/GSM5319992/installed_packages.tsv	21904	0.0208892822265625	False	False	False
zip_member	code_results.zip	work/repro_decontx/GSE174574/GSM5319992/model_estimates.rds	4992279	4.761008262634277	False	False	False
zip_member	code_results.zip	work/repro_decontx/GSE174574/GSM5319992/python_source_snapshot_provenance.json	462	0.0004405975341796875	False	False	False
zip_member	code_results.zip	work/repro_decontx/GSE174574/GSM5319992/python_wrapper_source_snapshot.py	7509	0.007161140441894531	False	False	False
zip_member	code_results.zip	work/repro_decontx/GSE174574/GSM5319992/r_audit.json	221052	0.21081161499023438	False	False	False
zip_member	code_results.zip	work/repro_decontx/GSE174574/GSM5319992/run.log	5039	0.004805564880371094	False	False	False
zip_member	code_results.zip	work/repro_decontx/GSE174574/GSM5319992/sessionInfo.txt	4886	0.0046596527099609375	False	False	False
zip_member	code_results.zip	work/repro_decontx/GSE174574/GSM5319992/source_snapshot_provenance.json	383	0.00036525726318359375	False	False	False
zip_member	code_results.zip	work/repro_decontx/GSE245386/GSM7841720/audit.json	636321	0.6068429946899414	False	False	False
zip_member	code_results.zip	work/repro_decontx/GSE245386/GSM7841720/audit_recovery.log	237	0.00022602081298828125	False	False	False
zip_member	code_results.zip	work/repro_decontx/GSE245386/GSM7841720/audit_recovery_provenance.json	1715	0.0016355514526367188	False	False	False
zip_member	code_results.zip	work/repro_decontx/GSE245386/GSM7841720/cells.tsv.gz	1793395	1.7103147506713867	False	False	False
zip_member	code_results.zip	work/repro_decontx/GSE245386/GSM7841720/contamination.tsv.gz	415300	0.3960609436035156	False	False	False
zip_member	code_results.zip	work/repro_decontx/GSE245386/GSM7841720/executed_decontx_run.R	4946	0.0047168731689453125	False	False	False
zip_member	code_results.zip	work/repro_decontx/GSE245386/GSM7841720/genes.tsv.gz	120514	0.11493110656738281	False	False	False
zip_member	code_results.zip	work/repro_decontx/GSE245386/GSM7841720/input_audit.json	1479	0.0014104843139648438	False	False	False
zip_member	code_results.zip	work/repro_decontx/GSE245386/GSM7841720/installed_packages.tsv	21904	0.0208892822265625	False	False	False
zip_member	code_results.zip	work/repro_decontx/GSE245386/GSM7841720/model_estimates.rds	5872675	5.600619316101074	False	False	False
zip_member	code_results.zip	work/repro_decontx/GSE245386/GSM7841720/postprocessing_source_snapshot.py	8303	0.007918357849121094	False	False	False
zip_member	code_results.zip	work/repro_decontx/GSE245386/GSM7841720/python_source_snapshot_provenance.json	462	0.0004405975341796875	False	False	False
zip_member	code_results.zip	work/repro_decontx/GSE245386/GSM7841720/python_wrapper_source_snapshot.py	7509	0.007161140441894531	False	False	False
zip_member	code_results.zip	work/repro_decontx/GSE245386/GSM7841720/r_audit.json	420595	0.4011106491088867	False	False	False
zip_member	code_results.zip	work/repro_decontx/GSE245386/GSM7841720/run.log	1796	0.001712799072265625	False	False	False
zip_member	code_results.zip	work/repro_decontx/GSE245386/GSM7841720/sessionInfo.txt	4886	0.0046596527099609375	False	False	False
zip_member	code_results.zip	work/repro_decontx/GSE245386/GSM7841720/source_snapshot_provenance.json	383	0.00036525726318359375	False	False	False
zip_member	code_results.zip	work/repro_decontx/GSE245386/GSM7841721/audit.json	419307	0.39988231658935547	False	False	False
zip_member	code_results.zip	work/repro_decontx/GSE245386/GSM7841721/cells.tsv.gz	1235559	1.1783208847045898	False	False	False
zip_member	code_results.zip	work/repro_decontx/GSE245386/GSM7841721/contamination.tsv.gz	275381	0.26262378692626953	False	False	False
zip_member	code_results.zip	work/repro_decontx/GSE245386/GSM7841721/executed_decontx_run.R	5056	0.00482177734375	False	False	False
zip_member	code_results.zip	work/repro_decontx/GSE245386/GSM7841721/genes.tsv.gz	120514	0.11493110656738281	False	False	False
zip_member	code_results.zip	work/repro_decontx/GSE245386/GSM7841721/input_audit.json	1493	0.0014238357543945312	False	False	False
zip_member	code_results.zip	work/repro_decontx/GSE245386/GSM7841721/installed_packages.tsv	21904	0.0208892822265625	False	False	False
zip_member	code_results.zip	work/repro_decontx/GSE245386/GSM7841721/model_estimates.rds	5828072	5.558082580566406	False	False	False
zip_member	code_results.zip	work/repro_decontx/GSE245386/GSM7841721/python_source_snapshot_provenance.json	512	0.00048828125	False	False	False
zip_member	code_results.zip	work/repro_decontx/GSE245386/GSM7841721/python_wrapper_source_snapshot.py	8303	0.007918357849121094	False	False	False
zip_member	code_results.zip	work/repro_decontx/GSE245386/GSM7841721/r_audit.json	276258	0.2634601593017578	False	False	False
zip_member	code_results.zip	work/repro_decontx/GSE245386/GSM7841721/run.log	1581	0.0015077590942382812	False	False	False
zip_member	code_results.zip	work/repro_decontx/GSE245386/GSM7841721/sessionInfo.txt	4886	0.0046596527099609375	False	False	False
zip_member	code_results.zip	work/repro_decontx/GSE245386/GSM7841721/source_snapshot_provenance.json	329	0.00031375885009765625	False	False	False
zip_member	code_results.zip	work/repro_decontx/GSE245386/GSM7841722/audit.json	403097	0.38442325592041016	False	False	False
zip_member	code_results.zip	work/repro_decontx/GSE245386/GSM7841722/cells.tsv.gz	1172510	1.1181926727294922	False	False	False
zip_member	code_results.zip	work/repro_decontx/GSE245386/GSM7841722/contamination.tsv.gz	264642	0.2523822784423828	False	False	False
zip_member	code_results.zip	work/repro_decontx/GSE245386/GSM7841722/executed_decontx_run.R	5056	0.00482177734375	False	False	False
zip_member	code_results.zip	work/repro_decontx/GSE245386/GSM7841722/genes.tsv.gz	120514	0.11493110656738281	False	False	False
zip_member	code_results.zip	work/repro_decontx/GSE245386/GSM7841722/input_audit.json	1506	0.0014362335205078125	False	False	False
zip_member	code_results.zip	work/repro_decontx/GSE245386/GSM7841722/installed_packages.tsv	21904	0.0208892822265625	False	False	False
zip_member	code_results.zip	work/repro_decontx/GSE245386/GSM7841722/io_source_snapshot.py	3249	0.0030984878540039062	False	False	False
zip_member	code_results.zip	work/repro_decontx/GSE245386/GSM7841722/model_estimates.rds	6160944	5.8755340576171875	False	False	False
zip_member	code_results.zip	work/repro_decontx/GSE245386/GSM7841722/postprocessing_source_snapshot.py	9413	0.008976936340332031	False	False	False
zip_member	code_results.zip	work/repro_decontx/GSE245386/GSM7841722/python_source_snapshot_provenance.json	512	0.00048828125	False	False	False
zip_member	code_results.zip	work/repro_decontx/GSE245386/GSM7841722/python_wrapper_source_snapshot.py	8303	0.007918357849121094	False	False	False
zip_member	code_results.zip	work/repro_decontx/GSE245386/GSM7841722/r_audit.json	264915	0.2526426315307617	False	False	False
zip_member	code_results.zip	work/repro_decontx/GSE245386/GSM7841722/run.log	1579	0.0015058517456054688	False	False	False
zip_member	code_results.zip	work/repro_decontx/GSE245386/GSM7841722/sessionInfo.txt	4886	0.0046596527099609375	False	False	False
zip_member	code_results.zip	work/repro_decontx/GSE245386/GSM7841722/source_snapshot_provenance.json	329	0.00031375885009765625	False	False	False
zip_member	code_results.zip	work/repro_decontx/GSE245386/GSM7841723/audit.json	411536	0.3924713134765625	False	False	False
zip_member	code_results.zip	work/repro_decontx/GSE245386/GSM7841723/cells.tsv.gz	1202772	1.1470527648925781	False	False	False
zip_member	code_results.zip	work/repro_decontx/GSE245386/GSM7841723/contamination.tsv.gz	271056	0.2584991455078125	False	False	False
zip_member	code_results.zip	work/repro_decontx/GSE245386/GSM7841723/executed_decontx_run.R	5144	0.00490570068359375	False	False	False
zip_member	code_results.zip	work/repro_decontx/GSE245386/GSM7841723/genes.tsv.gz	120514	0.11493110656738281	False	False	False
zip_member	code_results.zip	work/repro_decontx/GSE245386/GSM7841723/input_audit.json	1567	0.0014944076538085938	False	False	False
zip_member	code_results.zip	work/repro_decontx/GSE245386/GSM7841723/installed_packages.tsv	21904	0.0208892822265625	False	False	False
zip_member	code_results.zip	work/repro_decontx/GSE245386/GSM7841723/io_source_snapshot.py	3249	0.0030984878540039062	False	False	False
zip_member	code_results.zip	work/repro_decontx/GSE245386/GSM7841723/model_estimates.rds	5709864	5.445350646972656	False	False	False
zip_member	code_results.zip	work/repro_decontx/GSE245386/GSM7841723/postprocessing_source_snapshot.py	9413	0.008976936340332031	False	False	False
zip_member	code_results.zip	work/repro_decontx/GSE245386/GSM7841723/python_source_snapshot_provenance.json	353	0.00033664703369140625	False	False	False
zip_member	code_results.zip	work/repro_decontx/GSE245386/GSM7841723/python_wrapper_source_snapshot.py	9413	0.008976936340332031	False	False	False
zip_member	code_results.zip	work/repro_decontx/GSE245386/GSM7841723/r_audit.json	270133	0.25761890411376953	False	False	False
zip_member	code_results.zip	work/repro_decontx/GSE245386/GSM7841723/run.log	1731	0.0016508102416992188	False	False	False
zip_member	code_results.zip	work/repro_decontx/GSE245386/GSM7841723/sessionInfo.txt	4886	0.0046596527099609375	False	False	False
zip_member	code_results.zip	work/repro_decontx/GSE245386/GSM7841723/source_snapshot_provenance.json	329	0.00031375885009765625	False	False	False
zip_member	code_results.zip	work/repro_decontx/GSE245386/GSM7841724/audit.json	519939	0.4958524703979492	False	False	False
zip_member	code_results.zip	work/repro_decontx/GSE245386/GSM7841724/cells.tsv.gz	1490958	1.4218883514404297	False	False	False
zip_member	code_results.zip	work/repro_decontx/GSE245386/GSM7841724/contamination.tsv.gz	338652	0.3229637145996094	False	False	False
zip_member	code_results.zip	work/repro_decontx/GSE245386/GSM7841724/executed_decontx_run.R	5144	0.00490570068359375	False	False	False
zip_member	code_results.zip	work/repro_decontx/GSE245386/GSM7841724/genes.tsv.gz	120514	0.11493110656738281	False	False	False
zip_member	code_results.zip	work/repro_decontx/GSE245386/GSM7841724/input_audit.json	1589	0.0015153884887695312	False	False	False
zip_member	code_results.zip	work/repro_decontx/GSE245386/GSM7841724/installed_packages.tsv	21904	0.0208892822265625	False	False	False
zip_member	code_results.zip	work/repro_decontx/GSE245386/GSM7841724/io_source_snapshot.py	3249	0.0030984878540039062	False	False	False
zip_member	code_results.zip	work/repro_decontx/GSE245386/GSM7841724/model_estimates.rds	6052011	5.7716474533081055	False	False	False
zip_member	code_results.zip	work/repro_decontx/GSE245386/GSM7841724/postprocessing_source_snapshot.py	9413	0.008976936340332031	False	False	False
zip_member	code_results.zip	work/repro_decontx/GSE245386/GSM7841724/python_source_snapshot_provenance.json	353	0.00033664703369140625	False	False	False
zip_member	code_results.zip	work/repro_decontx/GSE245386/GSM7841724/python_wrapper_source_snapshot.py	9413	0.008976936340332031	False	False	False
zip_member	code_results.zip	work/repro_decontx/GSE245386/GSM7841724/r_audit.json	343927	0.32799434661865234	False	False	False
zip_member	code_results.zip	work/repro_decontx/GSE245386/GSM7841724/run.log	1575	0.0015020370483398438	False	False	False
zip_member	code_results.zip	work/repro_decontx/GSE245386/GSM7841724/sessionInfo.txt	4886	0.0046596527099609375	False	False	False
zip_member	code_results.zip	work/repro_decontx/GSE245386/GSM7841724/source_snapshot_provenance.json	329	0.00031375885009765625	False	False	False
zip_member	code_results.zip	work/repro_decontx/installers/decontx_source_manifest.json	259	0.00024700164794921875	False	False	False
zip_member	code_results.zip	work/repro_decontx/installers/executed_decontx_run_original_500.R	4946	0.0047168731689453125	False	False	False
zip_member	code_results.zip	work/repro_decontx/installers/executed_python_original.py	7509	0.007161140441894531	False	False	False
zip_member	code_results.zip	work/repro_decontx/installers/io_transport_smoketest.json	323	0.00030803680419921875	False	False	False
zip_member	code_results.zip	work/repro_decontx/installers/official_decontX_1.10.0.R	43917	0.04188251495361328	False	False	False
zip_member	code_results.zip	work/repro_decontx/installers/official_decontX_DESCRIPTION	2416	0.0023040771484375	False	False	False
zip_member	code_results.zip	work/repro_decontx/installers/official_decontX_LICENSE	74	7.05718994140625e-05	False	False	False
zip_member	code_results.zip	work/repro_decontx/installers/r_runtime_manifest.json	639	0.0006093978881835938	False	False	False
zip_member	code_results.zip	work/repro_decontx/README.md	4268	0.004070281982421875	False	False	False
zip_member	code_results.zip	work/repro_decontx/sample_contamination_summary.tsv	2407	0.0022954940795898438	False	False	False
zip_member	code_results.zip	work/repro_decontx/sample_contamination_summary_with_convergence.tsv	2816	0.002685546875	False	False	False
zip_member	code_results.zip	work/repro_decontx/source_integrity_check.json	3201	0.0030527114868164062	False	False	False
zip_member	code_results.zip	work/repro_decontx/source_integrity_check_stdout.json	3203	0.0030546188354492188	False	False	False
zip_member	code_results.zip	work/repro_decontx/source_snapshots/historical_python_source_manifest.json	2442	0.0023288726806640625	False	False	False
zip_member	code_results.zip	work/repro_decontx/source_snapshots/repro_decontx_4f35f685c67286a61aeb2c1c9ee1c51968062e8503f5a2baa9f544a7c8f87f9f.py	8303	0.007918357849121094	False	False	False
zip_member	code_results.zip	work/repro_decontx/source_snapshots/repro_decontx_5e2f316ce76991d37684d33cd9b380e5e6dcf41ad7dacdc35b43208edc71c0e5.py	7509	0.007161140441894531	False	False	False
zip_member	code_results.zip	work/repro_decontx.py	9413	0.008976936340332031	False	False	False
zip_member	code_results.zip	work/repro_decontx_analysis/historical_default500_aggregates/GSE174574/GSM5319992/GSM5319992_audit.json	589	0.0005617141723632812	False	False	False
zip_member	code_results.zip	work/repro_decontx_analysis/historical_default500_aggregates/GSE174574/GSM5319992/GSM5319992_estimated_pseudobulk.tsv.gz	690785	0.6587839126586914	False	False	False
zip_member	code_results.zip	work/repro_decontx_analysis/historical_default500_aggregates/GSE174574/GSM5319992/GSM5319992_fractions.tsv.gz	341400	0.32558441162109375	False	False	False
zip_member	code_results.zip	work/repro_decontx_analysis/historical_default500_aggregates/GSE174574/GSM5319992/GSM5319992_fractions_ge1.tsv.gz	235174	0.22427940368652344	False	False	False
zip_member	code_results.zip	work/repro_decontx_analysis/historical_default500_aggregates/GSE174574/GSM5319992/GSM5319992_markers.tsv	15483	0.014765739440917969	False	False	False
zip_member	code_results.zip	work/repro_decontx_analysis/historical_default500_aggregates/GSE174574/GSM5319992/GSM5319992_mean_logcp10k.tsv.gz	726126	0.6924877166748047	False	False	False
zip_member	code_results.zip	work/repro_decontx_analysis/historical_default500_aggregates/GSE174574/GSM5319992/GSM5319992_sample_counts.tsv	369	0.00035190582275390625	False	False	False
zip_member	code_results.zip	work/repro_decontx_analysis/processed/GSE174574/GSM5319987_audit.json	589	0.0005617141723632812	False	False	False
zip_member	code_results.zip	work/repro_decontx_analysis/processed/GSE174574/GSM5319987_estimated_pseudobulk.tsv.gz	650702	0.6205577850341797	False	False	False
zip_member	code_results.zip	work/repro_decontx_analysis/processed/GSE174574/GSM5319987_fractions.tsv.gz	306493	0.2922945022583008	False	False	False
zip_member	code_results.zip	work/repro_decontx_analysis/processed/GSE174574/GSM5319987_fractions_ge1.tsv.gz	206350	0.1967906951904297	False	False	False
zip_member	code_results.zip	work/repro_decontx_analysis/processed/GSE174574/GSM5319987_markers.tsv	15291	0.014582633972167969	False	False	False
zip_member	code_results.zip	work/repro_decontx_analysis/processed/GSE174574/GSM5319987_mean_logcp10k.tsv.gz	692536	0.6604537963867188	False	False	False
zip_member	code_results.zip	work/repro_decontx_analysis/processed/GSE174574/GSM5319987_sample_counts.tsv	370	0.0003528594970703125	False	False	False
zip_member	code_results.zip	work/repro_decontx_analysis/processed/GSE174574/GSM5319988_audit.json	589	0.0005617141723632812	False	False	False
zip_member	code_results.zip	work/repro_decontx_analysis/processed/GSE174574/GSM5319988_estimated_pseudobulk.tsv.gz	655424	0.62506103515625	False	False	False
zip_member	code_results.zip	work/repro_decontx_analysis/processed/GSE174574/GSM5319988_fractions.tsv.gz	300031	0.2861318588256836	False	False	False
zip_member	code_results.zip	work/repro_decontx_analysis/processed/GSE174574/GSM5319988_fractions_ge1.tsv.gz	203427	0.19400310516357422	False	False	False
zip_member	code_results.zip	work/repro_decontx_analysis/processed/GSE174574/GSM5319988_markers.tsv	15205	0.014500617980957031	False	False	False
zip_member	code_results.zip	work/repro_decontx_analysis/processed/GSE174574/GSM5319988_mean_logcp10k.tsv.gz	699599	0.6671895980834961	False	False	False
zip_member	code_results.zip	work/repro_decontx_analysis/processed/GSE174574/GSM5319988_sample_counts.tsv	371	0.00035381317138671875	False	False	False
zip_member	code_results.zip	work/repro_decontx_analysis/processed/GSE174574/GSM5319989_audit.json	589	0.0005617141723632812	False	False	False
zip_member	code_results.zip	work/repro_decontx_analysis/processed/GSE174574/GSM5319989_estimated_pseudobulk.tsv.gz	673595	0.642390251159668	False	False	False
zip_member	code_results.zip	work/repro_decontx_analysis/processed/GSE174574/GSM5319989_fractions.tsv.gz	341998	0.3261547088623047	False	False	False
zip_member	code_results.zip	work/repro_decontx_analysis/processed/GSE174574/GSM5319989_fractions_ge1.tsv.gz	226706	0.2162036895751953	False	False	False
zip_member	code_results.zip	work/repro_decontx_analysis/processed/GSE174574/GSM5319989_markers.tsv	15370	0.014657974243164062	False	False	False
zip_member	code_results.zip	work/repro_decontx_analysis/processed/GSE174574/GSM5319989_mean_logcp10k.tsv.gz	714719	0.6816091537475586	False	False	False
zip_member	code_results.zip	work/repro_decontx_analysis/processed/GSE174574/GSM5319989_sample_counts.tsv	368	0.0003509521484375	False	False	False
zip_member	code_results.zip	work/repro_decontx_analysis/processed/GSE174574/GSM5319990_audit.json	590	0.0005626678466796875	False	False	False
zip_member	code_results.zip	work/repro_decontx_analysis/processed/GSE174574/GSM5319990_estimated_pseudobulk.tsv.gz	705768	0.6730728149414062	False	False	False
zip_member	code_results.zip	work/repro_decontx_analysis/processed/GSE174574/GSM5319990_fractions.tsv.gz	369187	0.3520841598510742	False	False	False
zip_member	code_results.zip	work/repro_decontx_analysis/processed/GSE174574/GSM5319990_fractions_ge1.tsv.gz	244143	0.2328329086303711	False	False	False
zip_member	code_results.zip	work/repro_decontx_analysis/processed/GSE174574/GSM5319990_markers.tsv	15487	0.014769554138183594	False	False	False
zip_member	code_results.zip	work/repro_decontx_analysis/processed/GSE174574/GSM5319990_mean_logcp10k.tsv.gz	740305	0.7060098648071289	False	False	False
zip_member	code_results.zip	work/repro_decontx_analysis/processed/GSE174574/GSM5319990_sample_counts.tsv	367	0.00034999847412109375	False	False	False
zip_member	code_results.zip	work/repro_decontx_analysis/processed/GSE174574/GSM5319991_audit.json	590	0.0005626678466796875	False	False	False
zip_member	code_results.zip	work/repro_decontx_analysis/processed/GSE174574/GSM5319991_estimated_pseudobulk.tsv.gz	703051	0.6704816818237305	False	False	False
zip_member	code_results.zip	work/repro_decontx_analysis/processed/GSE174574/GSM5319991_fractions.tsv.gz	353582	0.3372020721435547	False	False	False
zip_member	code_results.zip	work/repro_decontx_analysis/processed/GSE174574/GSM5319991_fractions_ge1.tsv.gz	235968	0.22503662109375	False	False	False
zip_member	code_results.zip	work/repro_decontx_analysis/processed/GSE174574/GSM5319991_markers.tsv	15477	0.014760017395019531	False	False	False
zip_member	code_results.zip	work/repro_decontx_analysis/processed/GSE174574/GSM5319991_mean_logcp10k.tsv.gz	733924	0.6999244689941406	False	False	False
zip_member	code_results.zip	work/repro_decontx_analysis/processed/GSE174574/GSM5319991_sample_counts.tsv	370	0.0003528594970703125	False	False	False
zip_member	code_results.zip	work/repro_decontx_analysis/processed/GSE174574/GSM5319992_audit.json	1095	0.0010442733764648438	False	False	False
zip_member	code_results.zip	work/repro_decontx_analysis/processed/GSE174574/GSM5319992_estimated_pseudobulk.tsv.gz	690517	0.6585283279418945	False	False	False
zip_member	code_results.zip	work/repro_decontx_analysis/processed/GSE174574/GSM5319992_fractions.tsv.gz	341400	0.32558441162109375	False	False	False
zip_member	code_results.zip	work/repro_decontx_analysis/processed/GSE174574/GSM5319992_fractions_ge1.tsv.gz	235094	0.22420310974121094	False	False	False
zip_member	code_results.zip	work/repro_decontx_analysis/processed/GSE174574/GSM5319992_markers.tsv	15488	0.0147705078125	False	False	False
zip_member	code_results.zip	work/repro_decontx_analysis/processed/GSE174574/GSM5319992_mean_logcp10k.tsv.gz	725844	0.6922187805175781	False	False	False
zip_member	code_results.zip	work/repro_decontx_analysis/processed/GSE174574/GSM5319992_sample_counts.tsv	369	0.00035190582275390625	False	False	False
zip_member	code_results.zip	work/repro_decontx_analysis/processed/GSE174574/sample_cell_counts.tsv	1843	0.0017576217651367188	False	False	False
zip_member	code_results.zip	work/repro_decontx_analysis/processed/GSE245386/GSM7841720_audit.json	1083	0.0010328292846679688	False	False	False
zip_member	code_results.zip	work/repro_decontx_analysis/processed/GSE245386/GSM7841720_estimated_pseudobulk.tsv.gz	856155	0.816493034362793	False	False	False
zip_member	code_results.zip	work/repro_decontx_analysis/processed/GSE245386/GSM7841720_fractions.tsv.gz	429706	0.40979957580566406	False	False	False
zip_member	code_results.zip	work/repro_decontx_analysis/processed/GSE245386/GSM7841720_fractions_ge1.tsv.gz	323076	0.3081092834472656	False	False	False
zip_member	code_results.zip	work/repro_decontx_analysis/processed/GSE245386/GSM7841720_markers.tsv	15342	0.014631271362304688	False	False	False
zip_member	code_results.zip	work/repro_decontx_analysis/processed/GSE245386/GSM7841720_mean_logcp10k.tsv.gz	911144	0.8689346313476562	False	False	False
zip_member	code_results.zip	work/repro_decontx_analysis/processed/GSE245386/GSM7841720_sample_counts.tsv	372	0.000354766845703125	False	False	False
zip_member	code_results.zip	work/repro_decontx_analysis/processed/GSE245386/GSM7841721_audit.json	1083	0.0010328292846679688	False	False	False
zip_member	code_results.zip	work/repro_decontx_analysis/processed/GSE245386/GSM7841721_estimated_pseudobulk.tsv.gz	836902	0.7981319427490234	False	False	False
zip_member	code_results.zip	work/repro_decontx_analysis/processed/GSE245386/GSM7841721_fractions.tsv.gz	420588	0.4011039733886719	False	False	False
zip_member	code_results.zip	work/repro_decontx_analysis/processed/GSE245386/GSM7841721_fractions_ge1.tsv.gz	322864	0.3079071044921875	False	False	False
zip_member	code_results.zip	work/repro_decontx_analysis/processed/GSE245386/GSM7841721_markers.tsv	15329	0.014618873596191406	False	False	False
zip_member	code_results.zip	work/repro_decontx_analysis/processed/GSE245386/GSM7841721_mean_logcp10k.tsv.gz	903575	0.8617162704467773	False	False	False
zip_member	code_results.zip	work/repro_decontx_analysis/processed/GSE245386/GSM7841721_sample_counts.tsv	371	0.00035381317138671875	False	False	False
zip_member	code_results.zip	work/repro_decontx_analysis/processed/GSE245386/GSM7841722_audit.json	1082	0.0010318756103515625	False	False	False
zip_member	code_results.zip	work/repro_decontx_analysis/processed/GSE245386/GSM7841722_estimated_pseudobulk.tsv.gz	833500	0.7948875427246094	False	False	False
zip_member	code_results.zip	work/repro_decontx_analysis/processed/GSE245386/GSM7841722_fractions.tsv.gz	445777	0.4251260757446289	False	False	False
zip_member	code_results.zip	work/repro_decontx_analysis/processed/GSE245386/GSM7841722_fractions_ge1.tsv.gz	342638	0.3267650604248047	False	False	False
zip_member	code_results.zip	work/repro_decontx_analysis/processed/GSE245386/GSM7841722_markers.tsv	15380	0.014667510986328125	False	False	False
zip_member	code_results.zip	work/repro_decontx_analysis/processed/GSE245386/GSM7841722_mean_logcp10k.tsv.gz	911331	0.8691129684448242	False	False	False
zip_member	code_results.zip	work/repro_decontx_analysis/processed/GSE245386/GSM7841722_sample_counts.tsv	369	0.00035190582275390625	False	False	False
zip_member	code_results.zip	work/repro_decontx_analysis/processed/GSE245386/GSM7841723_audit.json	1082	0.0010318756103515625	False	False	False
zip_member	code_results.zip	work/repro_decontx_analysis/processed/GSE245386/GSM7841723_estimated_pseudobulk.tsv.gz	832242	0.7936878204345703	False	False	False
zip_member	code_results.zip	work/repro_decontx_analysis/processed/GSE245386/GSM7841723_fractions.tsv.gz	426369	0.4066171646118164	False	False	False
zip_member	code_results.zip	work/repro_decontx_analysis/processed/GSE245386/GSM7841723_fractions_ge1.tsv.gz	332271	0.3168783187866211	False	False	False
zip_member	code_results.zip	work/repro_decontx_analysis/processed/GSE245386/GSM7841723_markers.tsv	15336	0.01462554931640625	False	False	False
zip_member	code_results.zip	work/repro_decontx_analysis/processed/GSE245386/GSM7841723_mean_logcp10k.tsv.gz	902006	0.8602199554443359	False	False	False
zip_member	code_results.zip	work/repro_decontx_analysis/processed/GSE245386/GSM7841723_sample_counts.tsv	370	0.0003528594970703125	False	False	False
zip_member	code_results.zip	work/repro_decontx_analysis/processed/GSE245386/GSM7841724_audit.json	1083	0.0010328292846679688	False	False	False
zip_member	code_results.zip	work/repro_decontx_analysis/processed/GSE245386/GSM7841724_estimated_pseudobulk.tsv.gz	865860	0.8257484436035156	False	False	False
zip_member	code_results.zip	work/repro_decontx_analysis/processed/GSE245386/GSM7841724_fractions.tsv.gz	483107	0.4607267379760742	False	False	False
zip_member	code_results.zip	work/repro_decontx_analysis/processed/GSE245386/GSM7841724_fractions_ge1.tsv.gz	359351	0.34270381927490234	False	False	False
zip_member	code_results.zip	work/repro_decontx_analysis/processed/GSE245386/GSM7841724_markers.tsv	15403	0.014689445495605469	False	False	False
zip_member	code_results.zip	work/repro_decontx_analysis/processed/GSE245386/GSM7841724_mean_logcp10k.tsv.gz	931752	0.8885879516601562	False	False	False
zip_member	code_results.zip	work/repro_decontx_analysis/processed/GSE245386/GSM7841724_sample_counts.tsv	371	0.00035381317138671875	False	False	False
zip_member	code_results.zip	work/repro_decontx_analysis/processed/GSE245386/sample_cell_counts.tsv	1554	0.0014820098876953125	False	False	False
zip_member	code_results.zip	work/repro_decontx_analysis/results/GSE174574/primary__communication.tsv.gz	99978	0.09534645080566406	False	False	False
zip_member	code_results.zip	work/repro_decontx_analysis/results/GSE174574/primary__communication_sample_scores.tsv.gz	430814	0.4108562469482422	False	False	False
zip_member	code_results.zip	work/repro_decontx_analysis/results/GSE174574/reference_singlet__communication.tsv.gz	98393	0.09383487701416016	False	False	False
zip_member	code_results.zip	work/repro_decontx_analysis/results/GSE174574/reference_singlet__communication_sample_scores.tsv.gz	419232	0.399810791015625	False	False	False
zip_member	code_results.zip	work/repro_decontx_analysis/results/GSE245386/primary__communication.tsv.gz	110422	0.10530662536621094	False	False	False
zip_member	code_results.zip	work/repro_decontx_analysis/results/GSE245386/primary__communication_sample_scores.tsv.gz	425219	0.4055204391479492	False	False	False
zip_member	code_results.zip	work/repro_decontx_analysis/results/GSE245386/reference_singlet__communication.tsv.gz	110116	0.10501480102539062	False	False	False
zip_member	code_results.zip	work/repro_decontx_analysis/results/GSE245386/reference_singlet__communication_sample_scores.tsv.gz	422607	0.4030294418334961	False	False	False
zip_member	code_results.zip	work/repro_decontx_archive_source_check.json	39290	0.03746986389160156	False	False	False
zip_member	code_results.zip	work/repro_decontx_archive_source_check.py	3560	0.00339508056640625	False	False	False
zip_member	code_results.zip	work/repro_decontx_build_model_narrative.py	12024	0.01146697998046875	False	False	False
zip_member	code_results.zip	work/repro_decontx_convergence_amendment.md	1958	0.0018672943115234375	False	False	False
zip_member	code_results.zip	work/repro_decontx_extend.py	4562	0.0043506622314453125	False	False	False
zip_member	code_results.zip	work/repro_decontx_install.R	749	0.0007143020629882812	False	False	False
zip_member	code_results.zip	work/repro_decontx_io.py	3249	0.0030984878540039062	False	False	False
zip_member	code_results.zip	work/repro_decontx_io_amendment.md	1853	0.0017671585083007812	False	False	False
zip_member	code_results.zip	work/repro_decontx_maxiter2000/analysis_plan_snapshot.md	1958	0.0018672943115234375	False	False	False
zip_member	code_results.zip	work/repro_decontx_maxiter2000/cell_type_contamination_summary.tsv	6994	0.0066699981689453125	False	False	False
zip_member	code_results.zip	work/repro_decontx_maxiter2000/completion.json	906	0.0008640289306640625	False	False	False
zip_member	code_results.zip	work/repro_decontx_maxiter2000/convergence_comparison.tsv	586	0.0005588531494140625	False	False	False
zip_member	code_results.zip	work/repro_decontx_maxiter2000/extension_driver_source_snapshot.py	4562	0.0043506622314453125	False	False	False
zip_member	code_results.zip	work/repro_decontx_maxiter2000/GSE174574/GSM5319992/audit.json	337705	0.32206058502197266	False	False	False
zip_member	code_results.zip	work/repro_decontx_maxiter2000/GSE174574/GSM5319992/cells.tsv.gz	982439	0.9369268417358398	False	False	False
zip_member	code_results.zip	work/repro_decontx_maxiter2000/GSE174574/GSM5319992/contamination.tsv.gz	219710	0.2095317840576172	False	False	False
zip_member	code_results.zip	work/repro_decontx_maxiter2000/GSE174574/GSM5319992/executed_decontx_run.R	5144	0.00490570068359375	False	False	False
zip_member	code_results.zip	work/repro_decontx_maxiter2000/GSE174574/GSM5319992/genes.tsv.gz	104632	0.09978485107421875	False	False	False
zip_member	code_results.zip	work/repro_decontx_maxiter2000/GSE174574/GSM5319992/input_audit.json	1611	0.0015363693237304688	False	False	False
zip_member	code_results.zip	work/repro_decontx_maxiter2000/GSE174574/GSM5319992/installed_packages.tsv	21904	0.0208892822265625	False	False	False
zip_member	code_results.zip	work/repro_decontx_maxiter2000/GSE174574/GSM5319992/io_source_snapshot.py	3249	0.0030984878540039062	False	False	False
zip_member	code_results.zip	work/repro_decontx_maxiter2000/GSE174574/GSM5319992/model_estimates.rds	4992677	4.761387825012207	False	False	False
zip_member	code_results.zip	work/repro_decontx_maxiter2000/GSE174574/GSM5319992/postprocessing_source_snapshot.py	9413	0.008976936340332031	False	False	False
zip_member	code_results.zip	work/repro_decontx_maxiter2000/GSE174574/GSM5319992/python_source_snapshot_provenance.json	353	0.00033664703369140625	False	False	False
zip_member	code_results.zip	work/repro_decontx_maxiter2000/GSE174574/GSM5319992/python_wrapper_source_snapshot.py	9413	0.008976936340332031	False	False	False
zip_member	code_results.zip	work/repro_decontx_maxiter2000/GSE174574/GSM5319992/r_audit.json	221056	0.2108154296875	False	False	False
zip_member	code_results.zip	work/repro_decontx_maxiter2000/GSE174574/GSM5319992/run.log	6135	0.005850791931152344	False	False	False
zip_member	code_results.zip	work/repro_decontx_maxiter2000/GSE174574/GSM5319992/sessionInfo.txt	4886	0.0046596527099609375	False	False	False
zip_member	code_results.zip	work/repro_decontx_maxiter2000/GSE174574/GSM5319992/source_snapshot_provenance.json	329	0.00031375885009765625	False	False	False
zip_member	code_results.zip	work/repro_decontx_maxiter2000/sample_contamination_summary.tsv	443	0.00042247772216796875	False	False	False
zip_member	code_results.zip	work/repro_decontx_maxiter2000/selection.json	396	0.000377655029296875	False	False	False
zip_member	code_results.zip	work/repro_decontx_model_narrative.json	17271	0.016470909118652344	False	False	False
zip_member	code_results.zip	work/repro_decontx_plan.md	2544	0.0024261474609375	False	False	False
zip_member	code_results.zip	work/repro_decontx_recover_audit.R	3701	0.0035295486450195312	False	False	False
zip_member	code_results.zip	work/repro_decontx_recover_source.py	1445	0.0013780593872070312	False	False	False
zip_member	code_results.zip	work/repro_decontx_run.R	5144	0.00490570068359375	False	False	False
zip_member	code_results.zip	work/repro_decontx_snapshot_python_history.py	2414	0.0023021697998046875	False	False	False
zip_member	code_results.zip	work/repro_decontx_source.py	1873	0.0017862319946289062	False	False	False
zip_member	code_results.zip	work/repro_decontx_source_audit.py	1927	0.0018377304077148438	False	False	False
zip_member	code_results.zip	work/repro_decontx_status.py	2778	0.0026493072509765625	False	False	False
zip_member	code_results.zip	work/repro_discussion_zh.md	4117	0.003926277160644531	False	False	False
zip_member	code_results.zip	work/repro_environment.json	3972	0.003787994384765625	False	False	False
zip_member	code_results.zip	work/repro_external_cohort_audit.json	167983	0.1602010726928711	False	False	False
zip_member	code_results.zip	work/repro_external_cohort_audit.md	12174	0.011610031127929688	False	False	False
zip_member	code_results.zip	work/repro_figure_eda.md	4478	0.0042705535888671875	False	False	False
zip_member	code_results.zip	work/repro_figure_plan.md	1992	0.00189971923828125	False	False	False
zip_member	code_results.zip	work/repro_final_figure_qa.py	2531	0.0024137496948242188	False	False	False
zip_member	code_results.zip	work/repro_finalize_narrative.py	13992	0.01334381103515625	False	False	False
zip_member	code_results.zip	work/repro_integrate_static.py	2849	0.0027170181274414062	False	False	False
zip_member	code_results.zip	work/repro_liana_rank_diagnostic/decontx/GSE174574/primary__GSM5319987.json	3718	0.0035457611083984375	False	False	False
zip_member	code_results.zip	work/repro_liana_rank_diagnostic/decontx/GSE174574/primary__GSM5319987__full_network.tsv.gz	1310070	1.249380111694336	False	False	False
zip_member	code_results.zip	work/repro_liana_rank_diagnostic/decontx/GSE174574/primary__GSM5319987__target.tsv.gz	21363	0.02037334442138672	False	False	False
zip_member	code_results.zip	work/repro_liana_rank_diagnostic/decontx/GSE174574/primary__GSM5319988.json	3718	0.0035457611083984375	False	False	False
zip_member	code_results.zip	work/repro_liana_rank_diagnostic/decontx/GSE174574/primary__GSM5319988__full_network.tsv.gz	1491362	1.4222736358642578	False	False	False
zip_member	code_results.zip	work/repro_liana_rank_diagnostic/decontx/GSE174574/primary__GSM5319988__target.tsv.gz	22090	0.021066665649414062	False	False	False
zip_member	code_results.zip	work/repro_liana_rank_diagnostic/decontx/GSE174574/primary__GSM5319989.json	3742	0.0035686492919921875	False	False	False
zip_member	code_results.zip	work/repro_liana_rank_diagnostic/decontx/GSE174574/primary__GSM5319989__full_network.tsv.gz	1770366	1.6883525848388672	False	False	False
zip_member	code_results.zip	work/repro_liana_rank_diagnostic/decontx/GSE174574/primary__GSM5319989__target.tsv.gz	23690	0.022592544555664062	False	False	False
zip_member	code_results.zip	work/repro_liana_rank_diagnostic/decontx/GSE174574/primary__GSM5319990.json	3754	0.0035800933837890625	False	False	False
zip_member	code_results.zip	work/repro_liana_rank_diagnostic/decontx/GSE174574/primary__GSM5319990__full_network.tsv.gz	2254655	2.1502065658569336	False	False	False
zip_member	code_results.zip	work/repro_liana_rank_diagnostic/decontx/GSE174574/primary__GSM5319990__target.tsv.gz	26939	0.02569103240966797	False	False	False
zip_member	code_results.zip	work/repro_liana_rank_diagnostic/decontx/GSE174574/primary__GSM5319991.json	3755	0.0035810470581054688	False	False	False
zip_member	code_results.zip	work/repro_liana_rank_diagnostic/decontx/GSE174574/primary__GSM5319991__full_network.tsv.gz	2049982	1.9550151824951172	False	False	False
zip_member	code_results.zip	work/repro_liana_rank_diagnostic/decontx/GSE174574/primary__GSM5319991__target.tsv.gz	25765	0.02457141876220703	False	False	False
zip_member	code_results.zip	work/repro_liana_rank_diagnostic/decontx/GSE174574/primary__GSM5319992.json	3775	0.0036001205444335938	False	False	False
zip_member	code_results.zip	work/repro_liana_rank_diagnostic/decontx/GSE174574/primary__GSM5319992__full_network.tsv.gz	2452299	2.3386945724487305	False	False	False
zip_member	code_results.zip	work/repro_liana_rank_diagnostic/decontx/GSE174574/primary__GSM5319992__target.tsv.gz	30913	0.029480934143066406	False	False	False
zip_member	code_results.zip	work/repro_liana_rank_diagnostic/decontx/GSE174574/reference_singlet__GSM5319987.json	3789	0.0036134719848632812	False	False	False
zip_member	code_results.zip	work/repro_liana_rank_diagnostic/decontx/GSE174574/reference_singlet__GSM5319987__full_network.tsv.gz	1201655	1.1459875106811523	False	False	False
zip_member	code_results.zip	work/repro_liana_rank_diagnostic/decontx/GSE174574/reference_singlet__GSM5319987__target.tsv.gz	20722	0.019762039184570312	False	False	False
zip_member	code_results.zip	work/repro_liana_rank_diagnostic/decontx/GSE174574/reference_singlet__GSM5319988.json	3790	0.0036144256591796875	False	False	False
zip_member	code_results.zip	work/repro_liana_rank_diagnostic/decontx/GSE174574/reference_singlet__GSM5319988__full_network.tsv.gz	1432503	1.3661413192749023	False	False	False
zip_member	code_results.zip	work/repro_liana_rank_diagnostic/decontx/GSE174574/reference_singlet__GSM5319988__target.tsv.gz	22468	0.021427154541015625	False	False	False
zip_member	code_results.zip	work/repro_liana_rank_diagnostic/decontx/GSE174574/reference_singlet__GSM5319989.json	3812	0.003635406494140625	False	False	False
zip_member	code_results.zip	work/repro_liana_rank_diagnostic/decontx/GSE174574/reference_singlet__GSM5319989__full_network.tsv.gz	1682714	1.6047611236572266	False	False	False
zip_member	code_results.zip	work/repro_liana_rank_diagnostic/decontx/GSE174574/reference_singlet__GSM5319989__target.tsv.gz	22671	0.021620750427246094	False	False	False
zip_member	code_results.zip	work/repro_liana_rank_diagnostic/decontx/GSE174574/reference_singlet__GSM5319990.json	3839	0.0036611557006835938	False	False	False
zip_member	code_results.zip	work/repro_liana_rank_diagnostic/decontx/GSE174574/reference_singlet__GSM5319990__full_network.tsv.gz	2151141	2.051487922668457	False	False	False
zip_member	code_results.zip	work/repro_liana_rank_diagnostic/decontx/GSE174574/reference_singlet__GSM5319990__target.tsv.gz	26882	0.025636672973632812	False	False	False
zip_member	code_results.zip	work/repro_liana_rank_diagnostic/decontx/GSE174574/reference_singlet__GSM5319991.json	3840	0.003662109375	False	False	False
zip_member	code_results.zip	work/repro_liana_rank_diagnostic/decontx/GSE174574/reference_singlet__GSM5319991__full_network.tsv.gz	2040518	1.9459896087646484	False	False	False
zip_member	code_results.zip	work/repro_liana_rank_diagnostic/decontx/GSE174574/reference_singlet__GSM5319991__target.tsv.gz	23094	0.022024154663085938	False	False	False
zip_member	code_results.zip	work/repro_liana_rank_diagnostic/decontx/GSE174574/reference_singlet__GSM5319992.json	3833	0.0036554336547851562	False	False	False
zip_member	code_results.zip	work/repro_liana_rank_diagnostic/decontx/GSE174574/reference_singlet__GSM5319992__full_network.tsv.gz	2375197	2.265164375305176	False	False	False
zip_member	code_results.zip	work/repro_liana_rank_diagnostic/decontx/GSE174574/reference_singlet__GSM5319992__target.tsv.gz	29873	0.028489112854003906	False	False	False
zip_member	code_results.zip	work/repro_liana_rank_diagnostic/decontx/GSE245386/primary__GSM7841720.json	3804	0.003627777099609375	False	False	False
zip_member	code_results.zip	work/repro_liana_rank_diagnostic/decontx/GSE245386/primary__GSM7841720__full_network.tsv.gz	4641766	4.426733016967773	False	False	False
zip_member	code_results.zip	work/repro_liana_rank_diagnostic/decontx/GSE245386/primary__GSM7841720__target.tsv.gz	48042	0.04581642150878906	False	False	False
zip_member	code_results.zip	work/repro_liana_rank_diagnostic/decontx/GSE245386/primary__GSM7841721.json	3764	0.003589630126953125	False	False	False
zip_member	code_results.zip	work/repro_liana_rank_diagnostic/decontx/GSE245386/primary__GSM7841721__full_network.tsv.gz	4445429	4.2394914627075195	False	False	False
zip_member	code_results.zip	work/repro_liana_rank_diagnostic/decontx/GSE245386/primary__GSM7841721__target.tsv.gz	52486	0.05005455017089844	False	False	False
zip_member	code_results.zip	work/repro_liana_rank_diagnostic/decontx/GSE245386/primary__GSM7841722.json	3749	0.0035753250122070312	False	False	False
zip_member	code_results.zip	work/repro_liana_rank_diagnostic/decontx/GSE245386/primary__GSM7841722__full_network.tsv.gz	4181934	3.9882030487060547	False	False	False
zip_member	code_results.zip	work/repro_liana_rank_diagnostic/decontx/GSE245386/primary__GSM7841722__target.tsv.gz	53239	0.050772666931152344	False	False	False
zip_member	code_results.zip	work/repro_liana_rank_diagnostic/decontx/GSE245386/primary__GSM7841723.json	3777	0.0036020278930664062	False	False	False
zip_member	code_results.zip	work/repro_liana_rank_diagnostic/decontx/GSE245386/primary__GSM7841723__full_network.tsv.gz	5601279	5.341795921325684	False	False	False
zip_member	code_results.zip	work/repro_liana_rank_diagnostic/decontx/GSE245386/primary__GSM7841723__target.tsv.gz	59858	0.05708503723144531	False	False	False
zip_member	code_results.zip	work/repro_liana_rank_diagnostic/decontx/GSE245386/primary__GSM7841724.json	3746	0.0035724639892578125	False	False	False
zip_member	code_results.zip	work/repro_liana_rank_diagnostic/decontx/GSE245386/primary__GSM7841724__full_network.tsv.gz	4436526	4.231000900268555	False	False	False
zip_member	code_results.zip	work/repro_liana_rank_diagnostic/decontx/GSE245386/primary__GSM7841724__target.tsv.gz	54826	0.05228614807128906	False	False	False
zip_member	code_results.zip	work/repro_liana_rank_diagnostic/decontx/GSE245386/reference_singlet__GSM7841720.json	3864	0.00368499755859375	False	False	False
zip_member	code_results.zip	work/repro_liana_rank_diagnostic/decontx/GSE245386/reference_singlet__GSM7841720__full_network.tsv.gz	4742788	4.523075103759766	False	False	False
zip_member	code_results.zip	work/repro_liana_rank_diagnostic/decontx/GSE245386/reference_singlet__GSM7841720__target.tsv.gz	50528	0.048187255859375	False	False	False
zip_member	code_results.zip	work/repro_liana_rank_diagnostic/decontx/GSE245386/reference_singlet__GSM7841721.json	3823	0.0036458969116210938	False	False	False
zip_member	code_results.zip	work/repro_liana_rank_diagnostic/decontx/GSE245386/reference_singlet__GSM7841721__full_network.tsv.gz	4083370	3.894205093383789	False	False	False
zip_member	code_results.zip	work/repro_liana_rank_diagnostic/decontx/GSE245386/reference_singlet__GSM7841721__target.tsv.gz	52990	0.05053520202636719	False	False	False
zip_member	code_results.zip	work/repro_liana_rank_diagnostic/decontx/GSE245386/reference_singlet__GSM7841722.json	3834	0.0036563873291015625	False	False	False
zip_member	code_results.zip	work/repro_liana_rank_diagnostic/decontx/GSE245386/reference_singlet__GSM7841722__full_network.tsv.gz	3993495	3.8084936141967773	False	False	False
zip_member	code_results.zip	work/repro_liana_rank_diagnostic/decontx/GSE245386/reference_singlet__GSM7841722__target.tsv.gz	54206	0.05169486999511719	False	False	False
zip_member	code_results.zip	work/repro_liana_rank_diagnostic/decontx/GSE245386/reference_singlet__GSM7841723.json	3849	0.0036706924438476562	False	False	False
zip_member	code_results.zip	work/repro_liana_rank_diagnostic/decontx/GSE245386/reference_singlet__GSM7841723__full_network.tsv.gz	5383629	5.134228706359863	False	False	False
zip_member	code_results.zip	work/repro_liana_rank_diagnostic/decontx/GSE245386/reference_singlet__GSM7841723__target.tsv.gz	64902	0.06189537048339844	False	False	False
zip_member	code_results.zip	work/repro_liana_rank_diagnostic/decontx/GSE245386/reference_singlet__GSM7841724.json	3830	0.0036525726318359375	False	False	False
zip_member	code_results.zip	work/repro_liana_rank_diagnostic/decontx/GSE245386/reference_singlet__GSM7841724__full_network.tsv.gz	4198729	4.004220008850098	False	False	False
zip_member	code_results.zip	work/repro_liana_rank_diagnostic/decontx/GSE245386/reference_singlet__GSM7841724__target.tsv.gz	54409	0.051888465881347656	False	False	False
zip_member	code_results.zip	work/repro_liana_rank_diagnostic/raw/GSE174574/primary__GSM5319987.json	3140	0.002994537353515625	False	False	False
zip_member	code_results.zip	work/repro_liana_rank_diagnostic/raw/GSE174574/primary__GSM5319987__full_network.tsv.gz	1254335	1.1962270736694336	False	False	False
zip_member	code_results.zip	work/repro_liana_rank_diagnostic/raw/GSE174574/primary__GSM5319987__target.tsv.gz	21109	0.02013111114501953	False	False	False
zip_member	code_results.zip	work/repro_liana_rank_diagnostic/raw/GSE174574/primary__GSM5319988.json	3126	0.0029811859130859375	False	False	False
zip_member	code_results.zip	work/repro_liana_rank_diagnostic/raw/GSE174574/primary__GSM5319988__full_network.tsv.gz	1425559	1.3595190048217773	False	False	False
zip_member	code_results.zip	work/repro_liana_rank_diagnostic/raw/GSE174574/primary__GSM5319988__target.tsv.gz	21848	0.02083587646484375	False	False	False
zip_member	code_results.zip	work/repro_liana_rank_diagnostic/raw/GSE174574/primary__GSM5319989.json	3164	0.003017425537109375	False	False	False
zip_member	code_results.zip	work/repro_liana_rank_diagnostic/raw/GSE174574/primary__GSM5319989__full_network.tsv.gz	1691393	1.6130380630493164	False	False	False
zip_member	code_results.zip	work/repro_liana_rank_diagnostic/raw/GSE174574/primary__GSM5319989__target.tsv.gz	23574	0.022481918334960938	False	False	False
zip_member	code_results.zip	work/repro_liana_rank_diagnostic/raw/GSE174574/primary__GSM5319990.json	3189	0.0030412673950195312	False	False	False
zip_member	code_results.zip	work/repro_liana_rank_diagnostic/raw/GSE174574/primary__GSM5319990__full_network.tsv.gz	2255887	2.151381492614746	False	False	False
zip_member	code_results.zip	work/repro_liana_rank_diagnostic/raw/GSE174574/primary__GSM5319990__target.tsv.gz	26758	0.025518417358398438	False	False	False
zip_member	code_results.zip	work/repro_liana_rank_diagnostic/raw/GSE174574/primary__GSM5319991.json	3188	0.003040313720703125	False	False	False
zip_member	code_results.zip	work/repro_liana_rank_diagnostic/raw/GSE174574/primary__GSM5319991__full_network.tsv.gz	2047866	1.9529972076416016	False	False	False
zip_member	code_results.zip	work/repro_liana_rank_diagnostic/raw/GSE174574/primary__GSM5319991__target.tsv.gz	25994	0.024789810180664062	False	False	False
zip_member	code_results.zip	work/repro_liana_rank_diagnostic/raw/GSE174574/primary__GSM5319992.json	3183	0.0030355453491210938	False	False	False
zip_member	code_results.zip	work/repro_liana_rank_diagnostic/raw/GSE174574/primary__GSM5319992__full_network.tsv.gz	2451141	2.337590217590332	False	False	False
zip_member	code_results.zip	work/repro_liana_rank_diagnostic/raw/GSE174574/primary__GSM5319992__target.tsv.gz	30593	0.029175758361816406	False	False	False
zip_member	code_results.zip	work/repro_liana_rank_diagnostic/raw/GSE174574/reference_singlet__GSM5319987.json	3211	0.0030622482299804688	False	False	False
zip_member	code_results.zip	work/repro_liana_rank_diagnostic/raw/GSE174574/reference_singlet__GSM5319987__full_network.tsv.gz	1201434	1.1457767486572266	False	False	False
zip_member	code_results.zip	work/repro_liana_rank_diagnostic/raw/GSE174574/reference_singlet__GSM5319987__target.tsv.gz	20463	0.019515037536621094	False	False	False
zip_member	code_results.zip	work/repro_liana_rank_diagnostic/raw/GSE174574/reference_singlet__GSM5319988.json	3212	0.003063201904296875	False	False	False
zip_member	code_results.zip	work/repro_liana_rank_diagnostic/raw/GSE174574/reference_singlet__GSM5319988__full_network.tsv.gz	1371566	1.3080272674560547	False	False	False
zip_member	code_results.zip	work/repro_liana_rank_diagnostic/raw/GSE174574/reference_singlet__GSM5319988__target.tsv.gz	22339	0.02130413055419922	False	False	False
zip_member	code_results.zip	work/repro_liana_rank_diagnostic/raw/GSE174574/reference_singlet__GSM5319989.json	3235	0.0030851364135742188	False	False	False
zip_member	code_results.zip	work/repro_liana_rank_diagnostic/raw/GSE174574/reference_singlet__GSM5319989__full_network.tsv.gz	1612108	1.5374259948730469	False	False	False
zip_member	code_results.zip	work/repro_liana_rank_diagnostic/raw/GSE174574/reference_singlet__GSM5319989__target.tsv.gz	22570	0.021524429321289062	False	False	False
zip_member	code_results.zip	work/repro_liana_rank_diagnostic/raw/GSE174574/reference_singlet__GSM5319990.json	3260	0.003108978271484375	False	False	False
zip_member	code_results.zip	work/repro_liana_rank_diagnostic/raw/GSE174574/reference_singlet__GSM5319990__full_network.tsv.gz	2148446	2.048917770385742	False	False	False
zip_member	code_results.zip	work/repro_liana_rank_diagnostic/raw/GSE174574/reference_singlet__GSM5319990__target.tsv.gz	26516	0.025287628173828125	False	False	False
zip_member	code_results.zip	work/repro_liana_rank_diagnostic/raw/GSE174574/reference_singlet__GSM5319991.json	3259	0.0031080245971679688	False	False	False
zip_member	code_results.zip	work/repro_liana_rank_diagnostic/raw/GSE174574/reference_singlet__GSM5319991__full_network.tsv.gz	1955521	1.8649301528930664	False	False	False
zip_member	code_results.zip	work/repro_liana_rank_diagnostic/raw/GSE174574/reference_singlet__GSM5319991__target.tsv.gz	22826	0.021768569946289062	False	False	False
zip_member	code_results.zip	work/repro_liana_rank_diagnostic/raw/GSE174574/reference_singlet__GSM5319992.json	3256	0.00310516357421875	False	False	False
zip_member	code_results.zip	work/repro_liana_rank_diagnostic/raw/GSE174574/reference_singlet__GSM5319992__full_network.tsv.gz	2277561	2.172051429748535	False	False	False
zip_member	code_results.zip	work/repro_liana_rank_diagnostic/raw/GSE174574/reference_singlet__GSM5319992__target.tsv.gz	29447	0.028082847595214844	False	False	False
zip_member	code_results.zip	work/repro_liana_rank_diagnostic/raw/GSE245386/primary__GSM7841720.json	3224	0.00307464599609375	False	False	False
zip_member	code_results.zip	work/repro_liana_rank_diagnostic/raw/GSE245386/primary__GSM7841720__full_network.tsv.gz	4640718	4.42573356628418	False	False	False
zip_member	code_results.zip	work/repro_liana_rank_diagnostic/raw/GSE245386/primary__GSM7841720__target.tsv.gz	48356	0.046115875244140625	False	False	False
zip_member	code_results.zip	work/repro_liana_rank_diagnostic/raw/GSE245386/primary__GSM7841721.json	3171	0.0030241012573242188	False	False	False
zip_member	code_results.zip	work/repro_liana_rank_diagnostic/raw/GSE245386/primary__GSM7841721__full_network.tsv.gz	4288719	4.090041160583496	False	False	False
zip_member	code_results.zip	work/repro_liana_rank_diagnostic/raw/GSE245386/primary__GSM7841721__target.tsv.gz	52485	0.05005359649658203	False	False	False
zip_member	code_results.zip	work/repro_liana_rank_diagnostic/raw/GSE245386/primary__GSM7841722.json	3181	0.0030336380004882812	False	False	False
zip_member	code_results.zip	work/repro_liana_rank_diagnostic/raw/GSE245386/primary__GSM7841722__full_network.tsv.gz	4173581	3.9802370071411133	False	False	False
zip_member	code_results.zip	work/repro_liana_rank_diagnostic/raw/GSE245386/primary__GSM7841722__target.tsv.gz	53120	0.0506591796875	False	False	False
zip_member	code_results.zip	work/repro_liana_rank_diagnostic/raw/GSE245386/primary__GSM7841723.json	3197	0.0030488967895507812	False	False	False
zip_member	code_results.zip	work/repro_liana_rank_diagnostic/raw/GSE245386/primary__GSM7841723__full_network.tsv.gz	5595270	5.336065292358398	False	False	False
zip_member	code_results.zip	work/repro_liana_rank_diagnostic/raw/GSE245386/primary__GSM7841723__target.tsv.gz	59155	0.05641460418701172	False	False	False
zip_member	code_results.zip	work/repro_liana_rank_diagnostic/raw/GSE245386/primary__GSM7841724.json	3178	0.0030307769775390625	False	False	False
zip_member	code_results.zip	work/repro_liana_rank_diagnostic/raw/GSE245386/primary__GSM7841724__full_network.tsv.gz	4431508	4.226215362548828	False	False	False
zip_member	code_results.zip	work/repro_liana_rank_diagnostic/raw/GSE245386/primary__GSM7841724__target.tsv.gz	54598	0.05206871032714844	False	False	False
zip_member	code_results.zip	work/repro_liana_rank_diagnostic/raw/GSE245386/reference_singlet__GSM7841720.json	3295	0.0031423568725585938	False	False	False
zip_member	code_results.zip	work/repro_liana_rank_diagnostic/raw/GSE245386/reference_singlet__GSM7841720__full_network.tsv.gz	4744679	4.52487850189209	False	False	False
zip_member	code_results.zip	work/repro_liana_rank_diagnostic/raw/GSE245386/reference_singlet__GSM7841720__target.tsv.gz	49776	0.0474700927734375	False	False	False
zip_member	code_results.zip	work/repro_liana_rank_diagnostic/raw/GSE245386/reference_singlet__GSM7841721.json	3256	0.00310516357421875	False	False	False
zip_member	code_results.zip	work/repro_liana_rank_diagnostic/raw/GSE245386/reference_singlet__GSM7841721__full_network.tsv.gz	4160716	3.967967987060547	False	False	False
zip_member	code_results.zip	work/repro_liana_rank_diagnostic/raw/GSE245386/reference_singlet__GSM7841721__target.tsv.gz	52808	0.05036163330078125	False	False	False
zip_member	code_results.zip	work/repro_liana_rank_diagnostic/raw/GSE245386/reference_singlet__GSM7841722.json	3253	0.0031023025512695312	False	False	False
zip_member	code_results.zip	work/repro_liana_rank_diagnostic/raw/GSE245386/reference_singlet__GSM7841722__full_network.tsv.gz	3991791	3.806868553161621	False	False	False
zip_member	code_results.zip	work/repro_liana_rank_diagnostic/raw/GSE245386/reference_singlet__GSM7841722__target.tsv.gz	54045	0.05154132843017578	False	False	False
zip_member	code_results.zip	work/repro_liana_rank_diagnostic/raw/GSE245386/reference_singlet__GSM7841723.json	3269	0.0031175613403320312	False	False	False
zip_member	code_results.zip	work/repro_liana_rank_diagnostic/raw/GSE245386/reference_singlet__GSM7841723__full_network.tsv.gz	5377397	5.1282854080200195	False	False	False
zip_member	code_results.zip	work/repro_liana_rank_diagnostic/raw/GSE245386/reference_singlet__GSM7841723__target.tsv.gz	63801	0.060845375061035156	False	False	False
zip_member	code_results.zip	work/repro_liana_rank_diagnostic/raw/GSE245386/reference_singlet__GSM7841724.json	3250	0.0030994415283203125	False	False	False
zip_member	code_results.zip	work/repro_liana_rank_diagnostic/raw/GSE245386/reference_singlet__GSM7841724__full_network.tsv.gz	4271025	4.073166847229004	False	False	False
zip_member	code_results.zip	work/repro_liana_rank_diagnostic/raw/GSE245386/reference_singlet__GSM7841724__target.tsv.gz	53883	0.05138683319091797	False	False	False
zip_member	code_results.zip	work/repro_liana_rank_diagnostic.py	18118	0.017278671264648438	False	False	False
zip_member	code_results.zip	work/repro_liana_rank_diagnostic_plan.md	2358	0.0022487640380859375	False	False	False
zip_member	code_results.zip	work/repro_liana_rank_diagnostic_raw_run.py	16227	0.015475273132324219	False	False	False
zip_member	code_results.zip	work/repro_literature/Cesaro2025_crossref.json	25521	0.024338722229003906	False	False	False
zip_member	code_results.zip	work/repro_literature/Hou2025_crossref.json	30770	0.029344558715820312	False	False	False
zip_member	code_results.zip	work/repro_literature/Kolde2012_crossref.json	14567	0.013892173767089844	False	False	False
zip_member	code_results.zip	work/repro_literature/Ku2026_crossref.json	32304	0.0308074951171875	False	False	False
zip_member	code_results.zip	work/repro_literature/liana_1_10_0_aggregate.py	5417	0.005166053771972656	False	False	False
zip_member	code_results.zip	work/repro_literature/liana_1_10_0_aggregate_snapshot_provenance.json	288	0.000274658203125	False	False	False
zip_member	code_results.zip	work/repro_literature/liana_1_10_0_common.py	1648	0.0015716552734375	False	False	False
zip_member	code_results.zip	work/repro_literature/liana_LICENSE.txt	1523	0.0014524459838867188	False	False	False
zip_member	code_results.zip	work/repro_literature/liana_merge_d421137_aggregate.py	6392	0.00609588623046875	False	False	False
zip_member	code_results.zip	work/repro_literature/liana_merge_d421137_api.json	151687	0.14465999603271484	False	False	False
zip_member	code_results.zip	work/repro_literature/liana_merge_d421137_extracted_aggregation.py	3541	0.0033769607543945312	False	False	False
zip_member	code_results.zip	work/repro_literature/liana_merge_d421137_LICENSE	1523	0.0014524459838867188	False	False	False
zip_member	code_results.zip	work/repro_literature/liana_merge_d421137_license_provenance.json	443	0.00042247772216796875	False	False	False
zip_member	code_results.zip	work/repro_literature/liana_pr261_api.json	17975	0.017142295837402344	False	False	False
zip_member	code_results.zip	work/repro_literature/liana_pr261_source_provenance.json	1709	0.0016298294067382812	False	False	False
zip_member	code_results.zip	work/repro_literature/references.json	42253	0.04029560089111328	False	False	False
zip_member	code_results.zip	work/repro_literature/Yang2020_crossref.json	16208	0.0154571533203125	False	False	False
zip_member	code_results.zip	work/repro_literature/Zhang2026_crossref.json	19062	0.018178939819335938	False	False	False
zip_member	code_results.zip	work/repro_main_sections.json	11851	0.011301994323730469	False	False	False
zip_member	code_results.zip	work/repro_manuscript_en_core.md	10994	0.010484695434570312	False	False	False
zip_member	code_results.zip	work/repro_manuscript_en_sections.json	18691	0.01782512664794922	False	False	False
zip_member	code_results.zip	work/repro_manuscript_en_source.md	50822	0.04846763610839844	False	False	False
zip_member	code_results.zip	work/repro_manuscript_frontmatter.json	4690	0.0044727325439453125	False	False	False
zip_member	code_results.zip	work/repro_manuscript_zh_source.md	40135	0.038275718688964844	False	False	False
zip_member	code_results.zip	work/repro_null_baseline.py	19078	0.018194198608398438	False	False	False
zip_member	code_results.zip	work/repro_null_plan.md	5605	0.005345344543457031	False	False	False
zip_member	code_results.zip	work/repro_package_release.py	17585	0.016770362854003906	False	False	False
zip_member	code_results.zip	work/repro_package_release_notes.md	5928	0.00565338134765625	False	False	False
zip_member	code_results.zip	work/repro_prepare_manuscripts.py	13226	0.012613296508789062	False	False	False
zip_member	code_results.zip	work/repro_rank_background.py	9594	0.009149551391601562	False	False	False
zip_member	code_results.zip	work/repro_rank_background_plan.md	1970	0.0018787384033203125	False	False	False
zip_member	code_results.zip	work/repro_rank_discussion.md	3377	0.0032205581665039062	False	False	False
zip_member	code_results.zip	work/repro_rank_figure.py	7895	0.007529258728027344	False	False	False
zip_member	code_results.zip	work/repro_rank_mechanism.py	13899	0.013255119323730469	False	False	False
zip_member	code_results.zip	work/repro_rank_mechanism_plan.md	3334	0.0031795501708984375	False	False	False
zip_member	code_results.zip	work/repro_record_zh_visual_review.py	1850	0.0017642974853515625	False	False	False
zip_member	code_results.zip	work/repro_references.py	1825	0.0017404556274414062	False	False	False
zip_member	code_results.zip	work/repro_relocation_evidence.py	6408	0.00611114501953125	False	False	False
zip_member	code_results.zip	work/repro_results_static.md	6460	0.006160736083984375	False	False	False
zip_member	code_results.zip	work/repro_revision_response.md	4606	0.0043926239013671875	False	False	False
zip_member	code_results.zip	work/repro_run_cached_pipeline.py	18319	0.017470359802246094	False	False	False
zip_member	code_results.zip	work/repro_sorted_descriptive.py	4809	0.004586219787597656	False	False	False
zip_member	code_results.zip	work/repro_sparse_detection_amendment.md	1299	0.0012388229370117188	False	False	False
zip_member	code_results.zip	work/repro_stage_archive.py	8698	0.008295059204101562	False	False	False
zip_member	code_results.zip	work/repro_sync_release_documents.py	2508	0.002391815185546875	False	False	False
zip_member	code_results.zip	work/repro_third_coavailability.py	13237	0.012623786926269531	False	False	False
zip_member	code_results.zip	work/repro_third_cohort/context_cache/GSM9755192/audit.json	2166	0.0020656585693359375	False	False	False
zip_member	code_results.zip	work/repro_third_cohort/context_cache/GSM9755192/cells.tsv.gz	891662	0.8503551483154297	False	False	False
zip_member	code_results.zip	work/repro_third_cohort/context_cache/GSM9755192/genes.tsv.gz	197262	0.1881237030029297	False	False	False
zip_member	code_results.zip	work/repro_third_cohort/context_cache/GSM9755194/audit.json	2210	0.0021076202392578125	False	False	False
zip_member	code_results.zip	work/repro_third_cohort/context_cache/GSM9755194/cells.tsv.gz	767274	0.7317295074462891	False	False	False
zip_member	code_results.zip	work/repro_third_cohort/context_cache/GSM9755194/genes.tsv.gz	198715	0.18950939178466797	False	False	False
zip_member	code_results.zip	work/repro_third_cohort/context_cache/GSM9755196/audit.json	2143	0.0020437240600585938	False	False	False
zip_member	code_results.zip	work/repro_third_cohort/context_cache/GSM9755196/cells.tsv.gz	540568	0.5155258178710938	False	False	False
zip_member	code_results.zip	work/repro_third_cohort/context_cache/GSM9755196/genes.tsv.gz	197851	0.18868541717529297	False	False	False
zip_member	code_results.zip	work/repro_third_cohort/context_cache/GSM9755210/audit.json	2143	0.0020437240600585938	False	False	False
zip_member	code_results.zip	work/repro_third_cohort/context_cache/GSM9755210/cells.tsv.gz	536840	0.5119705200195312	False	False	False
zip_member	code_results.zip	work/repro_third_cohort/context_cache/GSM9755210/genes.tsv.gz	195904	0.18682861328125	False	False	False
zip_member	code_results.zip	work/repro_third_cohort/context_cache/GSM9755212/audit.json	2148	0.002048492431640625	False	False	False
zip_member	code_results.zip	work/repro_third_cohort/context_cache/GSM9755212/cells.tsv.gz	616394	0.5878391265869141	False	False	False
zip_member	code_results.zip	work/repro_third_cohort/context_cache/GSM9755212/genes.tsv.gz	196965	0.18784046173095703	False	False	False
zip_member	code_results.zip	work/repro_third_cohort/context_cache/GSM9755214/audit.json	2137	0.0020380020141601562	False	False	False
zip_member	code_results.zip	work/repro_third_cohort/context_cache/GSM9755214/cells.tsv.gz	426502	0.40674400329589844	False	False	False
zip_member	code_results.zip	work/repro_third_cohort/context_cache/GSM9755214/genes.tsv.gz	195339	0.18628978729248047	False	False	False
zip_member	code_results.zip	work/repro_third_cohort/download_manifest.json	17877	0.01704883575439453	False	False	False
zip_member	code_results.zip	work/repro_third_cohort/GSM9755192_source_audit.json	2859	0.0027265548706054688	False	False	False
zip_member	code_results.zip	work/repro_third_cohort/GSM9755194_source_audit.json	2859	0.0027265548706054688	False	False	False
zip_member	code_results.zip	work/repro_third_cohort/GSM9755196_source_audit.json	2857	0.0027246475219726562	False	False	False
zip_member	code_results.zip	work/repro_third_cohort/GSM9755210_source_audit.json	2809	0.0026788711547851562	False	False	False
zip_member	code_results.zip	work/repro_third_cohort/GSM9755212_source_audit.json	2841	0.0027093887329101562	False	False	False
zip_member	code_results.zip	work/repro_third_cohort/GSM9755214_source_audit.json	2839	0.0027074813842773438	False	False	False
zip_member	code_results.zip	work/repro_third_cohort/library_qc_summary.tsv	1260	0.001201629638671875	False	False	False
zip_member	code_results.zip	work/repro_third_cohort/processed/GSE332910/GSM9755192_cells.tsv.gz	2252775	2.14841365814209	False	False	False
zip_member	code_results.zip	work/repro_third_cohort/processed/GSE332910/GSM9755192_features.tsv.gz	197276	0.18813705444335938	False	False	False
zip_member	code_results.zip	work/repro_third_cohort/processed/GSE332910/GSM9755192_fractions.tsv.gz	992068	0.9461097717285156	False	False	False
zip_member	code_results.zip	work/repro_third_cohort/processed/GSE332910/GSM9755192_mean_logcp10k.tsv.gz	2496455	2.380805015563965	False	False	False
zip_member	code_results.zip	work/repro_third_cohort/processed/GSE332910/GSM9755192_pseudobulk.tsv.gz	484164	0.4617347717285156	False	False	False
zip_member	code_results.zip	work/repro_third_cohort/processed/GSE332910/GSM9755192_sample_counts.tsv	909	0.0008668899536132812	False	False	False
zip_member	code_results.zip	work/repro_third_cohort/processed/GSE332910/GSM9755192_stream_aggregation.json	247	0.00023555755615234375	False	False	False
zip_member	code_results.zip	work/repro_third_cohort/processed/GSE332910/GSM9755194_cells.tsv.gz	1952664	1.8622055053710938	False	False	False
zip_member	code_results.zip	work/repro_third_cohort/processed/GSE332910/GSM9755194_features.tsv.gz	198729	0.18952274322509766	False	False	False
zip_member	code_results.zip	work/repro_third_cohort/processed/GSE332910/GSM9755194_fractions.tsv.gz	1024537	0.9770746231079102	False	False	False
zip_member	code_results.zip	work/repro_third_cohort/processed/GSE332910/GSM9755194_mean_logcp10k.tsv.gz	2761911	2.6339635848999023	False	False	False
zip_member	code_results.zip	work/repro_third_cohort/processed/GSE332910/GSM9755194_pseudobulk.tsv.gz	495757	0.4727907180786133	False	False	False
zip_member	code_results.zip	work/repro_third_cohort/processed/GSE332910/GSM9755194_sample_counts.tsv	914	0.0008716583251953125	False	False	False
zip_member	code_results.zip	work/repro_third_cohort/processed/GSE332910/GSM9755194_stream_aggregation.json	247	0.00023555755615234375	False	False	False
zip_member	code_results.zip	work/repro_third_cohort/processed/GSE332910/GSM9755196_cells.tsv.gz	1590315	1.5166425704956055	False	False	False
zip_member	code_results.zip	work/repro_third_cohort/processed/GSE332910/GSM9755196_features.tsv.gz	197865	0.18869876861572266	False	False	False
zip_member	code_results.zip	work/repro_third_cohort/processed/GSE332910/GSM9755196_fractions.tsv.gz	829686	0.7912502288818359	False	False	False
zip_member	code_results.zip	work/repro_third_cohort/processed/GSE332910/GSM9755196_mean_logcp10k.tsv.gz	2305749	2.1989336013793945	False	False	False
zip_member	code_results.zip	work/repro_third_cohort/processed/GSE332910/GSM9755196_pseudobulk.tsv.gz	444079	0.4235067367553711	False	False	False
zip_member	code_results.zip	work/repro_third_cohort/processed/GSE332910/GSM9755196_sample_counts.tsv	897	0.0008554458618164062	False	False	False
zip_member	code_results.zip	work/repro_third_cohort/processed/GSE332910/GSM9755196_stream_aggregation.json	247	0.00023555755615234375	False	False	False
zip_member	code_results.zip	work/repro_third_cohort/processed/GSE332910/GSM9755210_cells.tsv.gz	1721336	1.6415939331054688	False	False	False
zip_member	code_results.zip	work/repro_third_cohort/processed/GSE332910/GSM9755210_features.tsv.gz	195918	0.1868419647216797	False	False	False
zip_member	code_results.zip	work/repro_third_cohort/processed/GSE332910/GSM9755210_fractions.tsv.gz	843990	0.8048915863037109	False	False	False
zip_member	code_results.zip	work/repro_third_cohort/processed/GSE332910/GSM9755210_mean_logcp10k.tsv.gz	2382248	2.2718887329101562	False	False	False
zip_member	code_results.zip	work/repro_third_cohort/processed/GSE332910/GSM9755210_pseudobulk.tsv.gz	445098	0.42447853088378906	False	False	False
zip_member	code_results.zip	work/repro_third_cohort/processed/GSE332910/GSM9755210_sample_counts.tsv	905	0.0008630752563476562	False	False	False
zip_member	code_results.zip	work/repro_third_cohort/processed/GSE332910/GSM9755210_stream_aggregation.json	247	0.00023555755615234375	False	False	False
zip_member	code_results.zip	work/repro_third_cohort/processed/GSE332910/GSM9755212_cells.tsv.gz	1964127	1.8731374740600586	False	False	False
zip_member	code_results.zip	work/repro_third_cohort/processed/GSE332910/GSM9755212_features.tsv.gz	196979	0.18785381317138672	False	False	False
zip_member	code_results.zip	work/repro_third_cohort/processed/GSE332910/GSM9755212_fractions.tsv.gz	879054	0.8383312225341797	False	False	False
zip_member	code_results.zip	work/repro_third_cohort/processed/GSE332910/GSM9755212_mean_logcp10k.tsv.gz	2337635	2.229342460632324	False	False	False
zip_member	code_results.zip	work/repro_third_cohort/processed/GSE332910/GSM9755212_pseudobulk.tsv.gz	445478	0.42484092712402344	False	False	False
zip_member	code_results.zip	work/repro_third_cohort/processed/GSE332910/GSM9755212_sample_counts.tsv	906	0.0008640289306640625	False	False	False
zip_member	code_results.zip	work/repro_third_cohort/processed/GSE332910/GSM9755212_stream_aggregation.json	247	0.00023555755615234375	False	False	False
zip_member	code_results.zip	work/repro_third_cohort/processed/GSE332910/GSM9755214_cells.tsv.gz	1079645	1.0296297073364258	False	False	False
zip_member	code_results.zip	work/repro_third_cohort/processed/GSE332910/GSM9755214_features.tsv.gz	195353	0.18630313873291016	False	False	False
zip_member	code_results.zip	work/repro_third_cohort/processed/GSE332910/GSM9755214_fractions.tsv.gz	692439	0.6603612899780273	False	False	False
zip_member	code_results.zip	work/repro_third_cohort/processed/GSE332910/GSM9755214_mean_logcp10k.tsv.gz	2210364	2.1079673767089844	False	False	False
zip_member	code_results.zip	work/repro_third_cohort/processed/GSE332910/GSM9755214_pseudobulk.tsv.gz	406039	0.38722896575927734	False	False	False
zip_member	code_results.zip	work/repro_third_cohort/processed/GSE332910/GSM9755214_sample_counts.tsv	897	0.0008554458618164062	False	False	False
zip_member	code_results.zip	work/repro_third_cohort/processed/GSE332910/GSM9755214_stream_aggregation.json	245	0.00023365020751953125	False	False	False
zip_member	code_results.zip	work/repro_third_cohort/processed/GSE332910/marker_panel.json	1506	0.0014362335205078125	False	False	False
zip_member	code_results.zip	work/repro_third_cohort/processed/GSE332910/qc_summary.tsv	746	0.0007114410400390625	False	False	False
zip_member	code_results.zip	work/repro_third_cohort/processed/GSE332910/sample_cell_counts.tsv	5073	0.004837989807128906	False	False	False
zip_member	code_results.zip	work/repro_third_cohort/qc_method.json	771	0.0007352828979492188	False	False	False
zip_member	code_results.zip	work/repro_third_cohort/README.md	7802	0.0074405670166015625	False	False	False
zip_member	code_results.zip	work/repro_third_cohort.py	8923	0.008509635925292969	False	False	False
zip_member	code_results.zip	work/repro_third_cohort_methods_results.md	3795	0.0036191940307617188	False	False	False
zip_member	code_results.zip	work/repro_third_figure.py	7593	0.007241249084472656	False	False	False
zip_member	code_results.zip	work/repro_third_liana/primary__GSM9755192.json	3023	0.0028829574584960938	False	False	False
zip_member	code_results.zip	work/repro_third_liana/primary__GSM9755192__full_network.tsv.gz	3201348	3.0530433654785156	False	False	False
zip_member	code_results.zip	work/repro_third_liana/primary__GSM9755192__target.tsv.gz	65733	0.06268787384033203	False	False	False
zip_member	code_results.zip	work/repro_third_liana/primary__GSM9755194.json	3058	0.0029163360595703125	False	False	False
zip_member	code_results.zip	work/repro_third_liana/primary__GSM9755194__full_network.tsv.gz	4470904	4.263786315917969	False	False	False
zip_member	code_results.zip	work/repro_third_liana/primary__GSM9755194__target.tsv.gz	62522	0.05962562561035156	False	False	False
zip_member	code_results.zip	work/repro_third_liana/primary__GSM9755196.json	2989	0.0028505325317382812	False	False	False
zip_member	code_results.zip	work/repro_third_liana/primary__GSM9755196__full_network.tsv.gz	2269733	2.164586067199707	False	False	False
zip_member	code_results.zip	work/repro_third_liana/primary__GSM9755196__target.tsv.gz	58679	0.055960655212402344	False	False	False
zip_member	code_results.zip	work/repro_third_liana/primary__GSM9755210.json	3000	0.00286102294921875	False	False	False
zip_member	code_results.zip	work/repro_third_liana/primary__GSM9755210__full_network.tsv.gz	2352221	2.243252754211426	False	False	False
zip_member	code_results.zip	work/repro_third_liana/primary__GSM9755210__target.tsv.gz	56648	0.05402374267578125	False	False	False
zip_member	code_results.zip	work/repro_third_liana/primary__GSM9755212.json	3021	0.0028810501098632812	False	False	False
zip_member	code_results.zip	work/repro_third_liana/primary__GSM9755212__full_network.tsv.gz	2647045	2.524418830871582	False	False	False
zip_member	code_results.zip	work/repro_third_liana/primary__GSM9755212__target.tsv.gz	48225	0.045990943908691406	False	False	False
zip_member	code_results.zip	work/repro_third_liana/primary__GSM9755214.json	2997	0.0028581619262695312	False	False	False
zip_member	code_results.zip	work/repro_third_liana/primary__GSM9755214__full_network.tsv.gz	1355968	1.29315185546875	False	False	False
zip_member	code_results.zip	work/repro_third_liana/primary__GSM9755214__target.tsv.gz	34478	0.03288078308105469	False	False	False
zip_member	code_results.zip	work/repro_third_liana.py	21413	0.02042102813720703	False	False	False
zip_member	code_results.zip	work/repro_third_liana_narrative.json	6946	0.0066242218017578125	False	False	False
zip_member	code_results.zip	work/repro_third_liana_plan.md	3753	0.0035791397094726562	False	False	False
zip_member	code_results.zip	work/repro_third_metadata_update.py	5620	0.005359649658203125	False	False	False
zip_member	code_results.zip	work/repro_third_original_pair.py	3156	0.003009796142578125	False	False	False
zip_member	code_results.zip	work/repro_third_write_narrative.py	10568	0.01007843017578125	False	False	False
zip_member	code_results.zip	work/repro_upstream_correction_audit.py	13326	0.012708663940429688	False	False	False
zip_member	code_results.zip	work/repro_upstream_correction_note.json	6438	0.0061397552490234375	False	False	False
zip_member	code_results.zip	work/repro_upstream_correction_note.md	5352	0.00510406494140625	False	False	False
zip_member	code_results.zip	work/repro_upstream_correction_plan.md	3512	0.00334930419921875	False	False	False
zip_member	code_results.zip	work/repro_validate.py	36209	0.034531593322753906	False	False	False
zip_member	code_results.zip	work/repro_write_release_docs.py	12756	0.012165069580078125	False	False	False
zip_member	code_results.zip	work/requirements_analysis.txt	229	0.00021839141845703125	False	False	False
zip_member	code_results.zip	work/requirements_reproducibility_lock.txt	2178	0.0020771026611328125	False	False	False
zip_member	code_results.zip	work/requirements_revision.txt	365	0.00034809112548828125	False	False	False
zip_member	code_results.zip	work/results/cross_cohort/Astrocyte__gene_replication.tsv.gz	1180572	1.1258811950683594	False	False	False
zip_member	code_results.zip	work/results/cross_cohort/communication_replication.tsv.gz	187989	0.17928028106689453	False	False	False
zip_member	code_results.zip	work/results/cross_cohort/Endothelial__gene_replication.tsv.gz	1275934	1.2168254852294922	False	False	False
zip_member	code_results.zip	work/results/cross_cohort/summary.json	735	0.0007009506225585938	False	False	False
zip_member	code_results.zip	work/results/GSE174574/low_myeloid__Astrocyte__de.tsv.gz	655369	0.6250085830688477	False	False	False
zip_member	code_results.zip	work/results/GSE174574/low_myeloid__Astrocyte__diagnostics.json	350	0.0003337860107421875	False	False	False
zip_member	code_results.zip	work/results/GSE174574/low_myeloid__Astrocyte__normalized.tsv.gz	345070	0.3290843963623047	False	False	False
zip_member	code_results.zip	work/results/GSE174574/low_myeloid__communication.tsv.gz	75016	0.07154083251953125	False	False	False
zip_member	code_results.zip	work/results/GSE174574/low_myeloid__communication_sample_scores.tsv.gz	118877	0.11336994171142578	False	False	False
zip_member	code_results.zip	work/results/GSE174574/low_myeloid__Endothelial__de.tsv.gz	704948	0.6722908020019531	False	False	False
zip_member	code_results.zip	work/results/GSE174574/low_myeloid__Endothelial__diagnostics.json	353	0.00033664703369140625	False	False	False
zip_member	code_results.zip	work/results/GSE174574/low_myeloid__Endothelial__normalized.tsv.gz	465745	0.4441690444946289	False	False	False
zip_member	code_results.zip	work/results/GSE174574/mt10__Astrocyte__de.tsv.gz	653810	0.6235218048095703	False	False	False
zip_member	code_results.zip	work/results/GSE174574/mt10__Astrocyte__diagnostics.json	343	0.00032711029052734375	False	False	False
zip_member	code_results.zip	work/results/GSE174574/mt10__Astrocyte__normalized.tsv.gz	342853	0.32697010040283203	False	False	False
zip_member	code_results.zip	work/results/GSE174574/mt10__communication.tsv.gz	76366	0.07282829284667969	False	False	False
zip_member	code_results.zip	work/results/GSE174574/mt10__communication_sample_scores.tsv.gz	121390	0.11576652526855469	False	False	False
zip_member	code_results.zip	work/results/GSE174574/mt10__Endothelial__de.tsv.gz	705010	0.6723499298095703	False	False	False
zip_member	code_results.zip	work/results/GSE174574/mt10__Endothelial__diagnostics.json	346	0.0003299713134765625	False	False	False
zip_member	code_results.zip	work/results/GSE174574/mt10__Endothelial__normalized.tsv.gz	464473	0.44295597076416016	False	False	False
zip_member	code_results.zip	work/results/GSE174574/primary__Astrocyte__de.tsv.gz	657410	0.6269550323486328	False	False	False
zip_member	code_results.zip	work/results/GSE174574/primary__Astrocyte__diagnostics.json	346	0.0003299713134765625	False	False	False
zip_member	code_results.zip	work/results/GSE174574/primary__Astrocyte__normalized.tsv.gz	345868	0.3298454284667969	False	False	False
zip_member	code_results.zip	work/results/GSE174574/primary__communication.tsv.gz	75899	0.07238292694091797	False	False	False
zip_member	code_results.zip	work/results/GSE174574/primary__communication_sample_scores.tsv.gz	120683	0.11509227752685547	False	False	False
zip_member	code_results.zip	work/results/GSE174574/primary__Endothelial__de.tsv.gz	705195	0.6725263595581055	False	False	False
zip_member	code_results.zip	work/results/GSE174574/primary__Endothelial__diagnostics.json	349	0.00033283233642578125	False	False	False
zip_member	code_results.zip	work/results/GSE174574/primary__Endothelial__normalized.tsv.gz	464621	0.4430971145629883	False	False	False
zip_member	code_results.zip	work/results/GSE174574/strict_identity__Astrocyte__de.tsv.gz	642778	0.6130008697509766	False	False	False
zip_member	code_results.zip	work/results/GSE174574/strict_identity__Astrocyte__diagnostics.json	353	0.00033664703369140625	False	False	False
zip_member	code_results.zip	work/results/GSE174574/strict_identity__Astrocyte__normalized.tsv.gz	333889	0.3184213638305664	False	False	False
zip_member	code_results.zip	work/results/GSE174574/strict_identity__communication.tsv.gz	76908	0.07334518432617188	False	False	False
zip_member	code_results.zip	work/results/GSE174574/strict_identity__communication_sample_scores.tsv.gz	122913	0.1172189712524414	False	False	False
zip_member	code_results.zip	work/results/GSE174574/strict_identity__Endothelial__de.tsv.gz	652103	0.6218938827514648	False	False	False
zip_member	code_results.zip	work/results/GSE174574/strict_identity__Endothelial__diagnostics.json	356	0.000339508056640625	False	False	False
zip_member	code_results.zip	work/results/GSE174574/strict_identity__Endothelial__normalized.tsv.gz	388648	0.37064361572265625	False	False	False
zip_member	code_results.zip	work/results/GSE245386/low_myeloid__Astrocyte__de.tsv.gz	807829	0.7704057693481445	False	False	False
zip_member	code_results.zip	work/results/GSE245386/low_myeloid__Astrocyte__diagnostics.json	368	0.0003509521484375	False	False	False
zip_member	code_results.zip	work/results/GSE245386/low_myeloid__Astrocyte__normalized.tsv.gz	420979	0.4014768600463867	False	False	False
zip_member	code_results.zip	work/results/GSE245386/low_myeloid__communication.tsv.gz	106366	0.10143852233886719	False	False	False
zip_member	code_results.zip	work/results/GSE245386/low_myeloid__communication_sample_scores.tsv.gz	142022	0.13544273376464844	False	False	False
zip_member	code_results.zip	work/results/GSE245386/low_myeloid__Endothelial__de.tsv.gz	926848	0.8839111328125	False	False	False
zip_member	code_results.zip	work/results/GSE245386/low_myeloid__Endothelial__diagnostics.json	373	0.00035572052001953125	False	False	False
zip_member	code_results.zip	work/results/GSE245386/low_myeloid__Endothelial__normalized.tsv.gz	603850	0.5758762359619141	False	False	False
zip_member	code_results.zip	work/results/GSE245386/mt10__Astrocyte__de.tsv.gz	819708	0.7817344665527344	False	False	False
zip_member	code_results.zip	work/results/GSE245386/mt10__Astrocyte__diagnostics.json	361	0.00034427642822265625	False	False	False
zip_member	code_results.zip	work/results/GSE245386/mt10__Astrocyte__normalized.tsv.gz	434394	0.41427040100097656	False	False	False
zip_member	code_results.zip	work/results/GSE245386/mt10__communication.tsv.gz	114794	0.10947608947753906	False	False	False
zip_member	code_results.zip	work/results/GSE245386/mt10__communication_sample_scores.tsv.gz	155944	0.14871978759765625	False	False	False
zip_member	code_results.zip	work/results/GSE245386/mt10__Endothelial__de.tsv.gz	937311	0.8938894271850586	False	False	False
zip_member	code_results.zip	work/results/GSE245386/mt10__Endothelial__diagnostics.json	366	0.0003490447998046875	False	False	False
zip_member	code_results.zip	work/results/GSE245386/mt10__Endothelial__normalized.tsv.gz	612478	0.5841045379638672	False	False	False
zip_member	code_results.zip	work/results/GSE245386/primary__Astrocyte__de.tsv.gz	821745	0.7836771011352539	False	False	False
zip_member	code_results.zip	work/results/GSE245386/primary__Astrocyte__diagnostics.json	364	0.000347137451171875	False	False	False
zip_member	code_results.zip	work/results/GSE245386/primary__Astrocyte__normalized.tsv.gz	436894	0.4166545867919922	False	False	False
zip_member	code_results.zip	work/results/GSE245386/primary__communication.tsv.gz	114132	0.10884475708007812	False	False	False
zip_member	code_results.zip	work/results/GSE245386/primary__communication_sample_scores.tsv.gz	153486	0.1463756561279297	False	False	False
zip_member	code_results.zip	work/results/GSE245386/primary__Endothelial__de.tsv.gz	938185	0.8947229385375977	False	False	False
zip_member	code_results.zip	work/results/GSE245386/primary__Endothelial__diagnostics.json	369	0.00035190582275390625	False	False	False
zip_member	code_results.zip	work/results/GSE245386/primary__Endothelial__normalized.tsv.gz	613652	0.5852241516113281	False	False	False
zip_member	code_results.zip	work/results/GSE245386/strict_identity__Astrocyte__de.tsv.gz	813954	0.7762470245361328	False	False	False
zip_member	code_results.zip	work/results/GSE245386/strict_identity__Astrocyte__diagnostics.json	372	0.000354766845703125	False	False	False
zip_member	code_results.zip	work/results/GSE245386/strict_identity__Astrocyte__normalized.tsv.gz	430645	0.41069507598876953	False	False	False
zip_member	code_results.zip	work/results/GSE245386/strict_identity__communication.tsv.gz	114432	0.109130859375	False	False	False
zip_member	code_results.zip	work/results/GSE245386/strict_identity__communication_sample_scores.tsv.gz	152392	0.14533233642578125	False	False	False
zip_member	code_results.zip	work/results/GSE245386/strict_identity__Endothelial__de.tsv.gz	926506	0.8835849761962891	False	False	False
zip_member	code_results.zip	work/results/GSE245386/strict_identity__Endothelial__diagnostics.json	377	0.00035953521728515625	False	False	False
zip_member	code_results.zip	work/results/GSE245386/strict_identity__Endothelial__normalized.tsv.gz	601876	0.5739936828613281	False	False	False
zip_member	code_results.zip	work/results/identity_marker_audit.tsv	86275	0.08227825164794922	False	False	False
zip_member	code_results.zip	work/results/integrated/barrier_gene_effects.tsv	10695	0.010199546813964844	False	False	False
zip_member	code_results.zip	work/results/integrated/communication_barrier_associations.tsv	2626	0.0025043487548828125	False	False	False
zip_member	code_results.zip	work/results/integrated/endothelial_program_samples.tsv	4023	0.0038366317749023438	False	False	False
zip_member	code_results.zip	work/results/integrated/illustrative_pair_components.tsv	4647	0.004431724548339844	False	False	False
zip_member	code_results.zip	work/results/integrated/illustrative_pair_stability.tsv	12698	0.012109756469726562	False	False	False
zip_member	code_results.zip	work/results/integrated/illustrative_pairs.json	307	0.00029277801513671875	False	False	False
zip_member	code_results.zip	work/results/integrated/sensitivity_summary.tsv	336	0.0003204345703125	False	False	False
zip_member	code_results.zip	work/results/spatial/descriptive_coexpression.tsv	2371	0.0022611618041992188	False	False	False
zip_member	code_results.zip	work/results/spatial/GSM7437221_spots.tsv.gz	420049	0.4005899429321289	False	False	False
zip_member	code_results.zip	work/results/spatial/GSM7437222_spots.tsv.gz	370499	0.3533353805541992	False	False	False
zip_member	code_results.zip	work/results/spatial/GSM7437223_spots.tsv.gz	421022	0.4015178680419922	False	False	False
zip_member	code_results.zip	work/results/spatial/GSM7437224_spots.tsv.gz	426856	0.40708160400390625	False	False	False
zip_member	code_results.zip	work/results/spatial/GSM7437225_spots.tsv.gz	280321	0.2673349380493164	False	False	False
zip_member	code_results.zip	work/results/spatial/sample_qc.tsv	739	0.0007047653198242188	False	False	False
zip_member	code_results.zip	work/results/validation_checks.json	24552	0.02341461181640625	False	False	False
zip_member	code_results.zip	work/revision_aggregate.py	2966	0.0028285980224609375	False	False	False
zip_member	code_results.zip	work/revision_analysis/literature/mouseconsensus.csv	139898	0.13341712951660156	False	False	False
zip_member	code_results.zip	work/revision_analysis/processed/GSE174574/GSM5319987_fractions.tsv.gz	489671	0.46698665618896484	False	False	False
zip_member	code_results.zip	work/revision_analysis/processed/GSE174574/GSM5319987_mean_logcp10k.tsv.gz	1185717	1.1307878494262695	False	False	False
zip_member	code_results.zip	work/revision_analysis/processed/GSE174574/GSM5319987_pseudobulk.tsv.gz	277073	0.2642374038696289	False	False	False
zip_member	code_results.zip	work/revision_analysis/processed/GSE174574/GSM5319987_sample_counts.tsv	633	0.0006036758422851562	False	False	False
zip_member	code_results.zip	work/revision_analysis/processed/GSE174574/GSM5319988_fractions.tsv.gz	518017	0.4940195083618164	False	False	False
zip_member	code_results.zip	work/revision_analysis/processed/GSE174574/GSM5319988_mean_logcp10k.tsv.gz	1202754	1.1470355987548828	False	False	False
zip_member	code_results.zip	work/revision_analysis/processed/GSE174574/GSM5319988_pseudobulk.tsv.gz	279727	0.2667684555053711	False	False	False
zip_member	code_results.zip	work/revision_analysis/processed/GSE174574/GSM5319988_sample_counts.tsv	633	0.0006036758422851562	False	False	False
zip_member	code_results.zip	work/revision_analysis/processed/GSE174574/GSM5319989_fractions.tsv.gz	546803	0.5214719772338867	False	False	False
zip_member	code_results.zip	work/revision_analysis/processed/GSE174574/GSM5319989_mean_logcp10k.tsv.gz	1229395	1.1724424362182617	False	False	False
zip_member	code_results.zip	work/revision_analysis/processed/GSE174574/GSM5319989_pseudobulk.tsv.gz	285490	0.2722644805908203	False	False	False
zip_member	code_results.zip	work/revision_analysis/processed/GSE174574/GSM5319989_sample_counts.tsv	635	0.0006055831909179688	False	False	False
zip_member	code_results.zip	work/revision_analysis/processed/GSE174574/GSM5319990_fractions.tsv.gz	636978	0.6074695587158203	False	False	False
zip_member	code_results.zip	work/revision_analysis/processed/GSE174574/GSM5319990_mean_logcp10k.tsv.gz	1391236	1.3267860412597656	False	False	False
zip_member	code_results.zip	work/revision_analysis/processed/GSE174574/GSM5319990_pseudobulk.tsv.gz	305295	0.2911520004272461	False	False	False
zip_member	code_results.zip	work/revision_analysis/processed/GSE174574/GSM5319990_sample_counts.tsv	639	0.0006093978881835938	False	False	False
zip_member	code_results.zip	work/revision_analysis/processed/GSE174574/GSM5319991_fractions.tsv.gz	607509	0.5793657302856445	False	False	False
zip_member	code_results.zip	work/revision_analysis/processed/GSE174574/GSM5319991_mean_logcp10k.tsv.gz	1370722	1.3072223663330078	False	False	False
zip_member	code_results.zip	work/revision_analysis/processed/GSE174574/GSM5319991_pseudobulk.tsv.gz	301093	0.28714466094970703	False	False	False
zip_member	code_results.zip	work/revision_analysis/processed/GSE174574/GSM5319991_sample_counts.tsv	639	0.0006093978881835938	False	False	False
zip_member	code_results.zip	work/revision_analysis/processed/GSE174574/GSM5319992_fractions.tsv.gz	597824	0.57012939453125	False	False	False
zip_member	code_results.zip	work/revision_analysis/processed/GSE174574/GSM5319992_mean_logcp10k.tsv.gz	1358868	1.2959175109863281	False	False	False
zip_member	code_results.zip	work/revision_analysis/processed/GSE174574/GSM5319992_pseudobulk.tsv.gz	298224	0.2844085693359375	False	False	False
zip_member	code_results.zip	work/revision_analysis/processed/GSE174574/GSM5319992_sample_counts.tsv	636	0.000606536865234375	False	False	False
zip_member	code_results.zip	work/revision_analysis/processed/GSE174574/sample_cell_counts.tsv	3460	0.003299713134765625	False	False	False
zip_member	code_results.zip	work/revision_analysis/processed/GSE245386/GSM7841720_fractions.tsv.gz	751630	0.7168102264404297	False	False	False
zip_member	code_results.zip	work/revision_analysis/processed/GSE245386/GSM7841720_mean_logcp10k.tsv.gz	1739526	1.6589412689208984	False	False	False
zip_member	code_results.zip	work/revision_analysis/processed/GSE245386/GSM7841720_pseudobulk.tsv.gz	381508	0.3638343811035156	False	False	False
zip_member	code_results.zip	work/revision_analysis/processed/GSE245386/GSM7841720_sample_counts.tsv	644	0.000614166259765625	False	False	False
zip_member	code_results.zip	work/revision_analysis/processed/GSE245386/GSM7841721_fractions.tsv.gz	700605	0.6681489944458008	False	False	False
zip_member	code_results.zip	work/revision_analysis/processed/GSE245386/GSM7841721_mean_logcp10k.tsv.gz	1708047	1.628920555114746	False	False	False
zip_member	code_results.zip	work/revision_analysis/processed/GSE245386/GSM7841721_pseudobulk.tsv.gz	372134	0.35489463806152344	False	False	False
zip_member	code_results.zip	work/revision_analysis/processed/GSE245386/GSM7841721_sample_counts.tsv	644	0.000614166259765625	False	False	False
zip_member	code_results.zip	work/revision_analysis/processed/GSE245386/GSM7841722_fractions.tsv.gz	771579	0.735835075378418	False	False	False
zip_member	code_results.zip	work/revision_analysis/processed/GSE245386/GSM7841722_mean_logcp10k.tsv.gz	1717849	1.6382684707641602	False	False	False
zip_member	code_results.zip	work/revision_analysis/processed/GSE245386/GSM7841722_pseudobulk.tsv.gz	374431	0.3570852279663086	False	False	False
zip_member	code_results.zip	work/revision_analysis/processed/GSE245386/GSM7841722_sample_counts.tsv	643	0.0006132125854492188	False	False	False
zip_member	code_results.zip	work/revision_analysis/processed/GSE245386/GSM7841723_fractions.tsv.gz	757789	0.7226839065551758	False	False	False
zip_member	code_results.zip	work/revision_analysis/processed/GSE245386/GSM7841723_mean_logcp10k.tsv.gz	1737791	1.6572866439819336	False	False	False
zip_member	code_results.zip	work/revision_analysis/processed/GSE245386/GSM7841723_pseudobulk.tsv.gz	377698	0.3602008819580078	False	False	False
zip_member	code_results.zip	work/revision_analysis/processed/GSE245386/GSM7841723_sample_counts.tsv	644	0.000614166259765625	False	False	False
zip_member	code_results.zip	work/revision_analysis/processed/GSE245386/GSM7841724_fractions.tsv.gz	845754	0.8065738677978516	False	False	False
zip_member	code_results.zip	work/revision_analysis/processed/GSE245386/GSM7841724_mean_logcp10k.tsv.gz	1791544	1.7085494995117188	False	False	False
zip_member	code_results.zip	work/revision_analysis/processed/GSE245386/GSM7841724_pseudobulk.tsv.gz	384890	0.36705970764160156	False	False	False
zip_member	code_results.zip	work/revision_analysis/processed/GSE245386/GSM7841724_sample_counts.tsv	644	0.000614166259765625	False	False	False
zip_member	code_results.zip	work/revision_analysis/processed/GSE245386/sample_cell_counts.tsv	2935	0.0027990341186523438	False	False	False
zip_member	code_results.zip	work/revision_analysis/results/GSE174574/reference_only__Astrocyte__de.tsv.gz	614975	0.5864858627319336	False	False	False
zip_member	code_results.zip	work/revision_analysis/results/GSE174574/reference_only__Astrocyte__diagnostics.json	353	0.00033664703369140625	False	False	False
zip_member	code_results.zip	work/revision_analysis/results/GSE174574/reference_only__Astrocyte__normalized.tsv.gz	306642	0.2924365997314453	False	False	False
zip_member	code_results.zip	work/revision_analysis/results/GSE174574/reference_only__communication.tsv.gz	70448	0.0671844482421875	False	False	False
zip_member	code_results.zip	work/revision_analysis/results/GSE174574/reference_only__communication_sample_scores.tsv.gz	111191	0.10604000091552734	False	False	False
zip_member	code_results.zip	work/revision_analysis/results/GSE174574/reference_only__Endothelial__de.tsv.gz	790290	0.7536792755126953	False	False	False
zip_member	code_results.zip	work/revision_analysis/results/GSE174574/reference_only__Endothelial__diagnostics.json	356	0.000339508056640625	False	False	False
zip_member	code_results.zip	work/revision_analysis/results/GSE174574/reference_only__Endothelial__normalized.tsv.gz	588667	0.561396598815918	False	False	False
zip_member	code_results.zip	work/revision_analysis/results/GSE174574/reference_singlet__Astrocyte__de.tsv.gz	592872	0.5654067993164062	False	False	False
zip_member	code_results.zip	work/revision_analysis/results/GSE174574/reference_singlet__Astrocyte__diagnostics.json	354	0.0003376007080078125	False	False	False
zip_member	code_results.zip	work/revision_analysis/results/GSE174574/reference_singlet__Astrocyte__normalized.tsv.gz	292931	0.2793607711791992	False	False	False
zip_member	code_results.zip	work/revision_analysis/results/GSE174574/reference_singlet__communication.tsv.gz	71035	0.06774425506591797	False	False	False
zip_member	code_results.zip	work/revision_analysis/results/GSE174574/reference_singlet__communication_sample_scores.tsv.gz	112145	0.1069498062133789	False	False	False
zip_member	code_results.zip	work/revision_analysis/results/GSE174574/reference_singlet__Endothelial__de.tsv.gz	691311	0.6592855453491211	False	False	False
zip_member	code_results.zip	work/revision_analysis/results/GSE174574/reference_singlet__Endothelial__diagnostics.json	359	0.00034236907958984375	False	False	False
zip_member	code_results.zip	work/revision_analysis/results/GSE174574/reference_singlet__Endothelial__normalized.tsv.gz	446882	0.4261798858642578	False	False	False
zip_member	code_results.zip	work/revision_analysis/results/GSE174574/singlet__Astrocyte__de.tsv.gz	635580	0.6061363220214844	False	False	False
zip_member	code_results.zip	work/revision_analysis/results/GSE174574/singlet__Astrocyte__diagnostics.json	345	0.00032901763916015625	False	False	False
zip_member	code_results.zip	work/revision_analysis/results/GSE174574/singlet__Astrocyte__normalized.tsv.gz	326125	0.3110170364379883	False	False	False
zip_member	code_results.zip	work/revision_analysis/results/GSE174574/singlet__communication.tsv.gz	71999	0.0686635971069336	False	False	False
zip_member	code_results.zip	work/revision_analysis/results/GSE174574/singlet__communication_sample_scores.tsv.gz	114547	0.10924053192138672	False	False	False
zip_member	code_results.zip	work/revision_analysis/results/GSE174574/singlet__Endothelial__de.tsv.gz	704045	0.6714296340942383	False	False	False
zip_member	code_results.zip	work/revision_analysis/results/GSE174574/singlet__Endothelial__diagnostics.json	349	0.00033283233642578125	False	False	False
zip_member	code_results.zip	work/revision_analysis/results/GSE174574/singlet__Endothelial__normalized.tsv.gz	464363	0.44285106658935547	False	False	False
zip_member	code_results.zip	work/revision_analysis/results/GSE245386/reference_only__Astrocyte__de.tsv.gz	789275	0.752711296081543	False	False	False
zip_member	code_results.zip	work/revision_analysis/results/GSE245386/reference_only__Astrocyte__diagnostics.json	371	0.00035381317138671875	False	False	False
zip_member	code_results.zip	work/revision_analysis/results/GSE245386/reference_only__Astrocyte__normalized.tsv.gz	403032	0.38436126708984375	False	False	False
zip_member	code_results.zip	work/revision_analysis/results/GSE245386/reference_only__communication.tsv.gz	110674	0.10554695129394531	False	False	False
zip_member	code_results.zip	work/revision_analysis/results/GSE245386/reference_only__communication_sample_scores.tsv.gz	146380	0.13959884643554688	False	False	False
zip_member	code_results.zip	work/revision_analysis/results/GSE245386/reference_only__Endothelial__de.tsv.gz	948129	0.9042062759399414	False	False	False
zip_member	code_results.zip	work/revision_analysis/results/GSE245386/reference_only__Endothelial__diagnostics.json	376	0.00035858154296875	False	False	False
zip_member	code_results.zip	work/revision_analysis/results/GSE245386/reference_only__Endothelial__normalized.tsv.gz	620712	0.5919570922851562	False	False	False
zip_member	code_results.zip	work/revision_analysis/results/GSE245386/reference_singlet__Astrocyte__de.tsv.gz	786038	0.7496242523193359	False	False	False
zip_member	code_results.zip	work/revision_analysis/results/GSE245386/reference_singlet__Astrocyte__diagnostics.json	374	0.0003566741943359375	False	False	False
zip_member	code_results.zip	work/revision_analysis/results/GSE245386/reference_singlet__Astrocyte__normalized.tsv.gz	400371	0.3818235397338867	False	False	False
zip_member	code_results.zip	work/revision_analysis/results/GSE245386/reference_singlet__communication.tsv.gz	109472	0.104400634765625	False	False	False
zip_member	code_results.zip	work/revision_analysis/results/GSE245386/reference_singlet__communication_sample_scores.tsv.gz	144065	0.1373910903930664	False	False	False
zip_member	code_results.zip	work/revision_analysis/results/GSE245386/reference_singlet__Endothelial__de.tsv.gz	926886	0.8839473724365234	False	False	False
zip_member	code_results.zip	work/revision_analysis/results/GSE245386/reference_singlet__Endothelial__diagnostics.json	379	0.00036144256591796875	False	False	False
zip_member	code_results.zip	work/revision_analysis/results/GSE245386/reference_singlet__Endothelial__normalized.tsv.gz	604244	0.5762519836425781	False	False	False
zip_member	code_results.zip	work/revision_analysis/results/GSE245386/singlet__Astrocyte__de.tsv.gz	813011	0.7753477096557617	False	False	False
zip_member	code_results.zip	work/revision_analysis/results/GSE245386/singlet__Astrocyte__diagnostics.json	364	0.000347137451171875	False	False	False
zip_member	code_results.zip	work/revision_analysis/results/GSE245386/singlet__Astrocyte__normalized.tsv.gz	429926	0.41000938415527344	False	False	False
zip_member	code_results.zip	work/revision_analysis/results/GSE245386/singlet__communication.tsv.gz	108137	0.10312747955322266	False	False	False
zip_member	code_results.zip	work/revision_analysis/results/GSE245386/singlet__communication_sample_scores.tsv.gz	147133	0.14031696319580078	False	False	False
zip_member	code_results.zip	work/revision_analysis/results/GSE245386/singlet__Endothelial__de.tsv.gz	929924	0.8868446350097656	False	False	False
zip_member	code_results.zip	work/revision_analysis/results/GSE245386/singlet__Endothelial__diagnostics.json	369	0.00035190582275390625	False	False	False
zip_member	code_results.zip	work/revision_analysis/results/GSE245386/singlet__Endothelial__normalized.tsv.gz	609645	0.5814027786254883	False	False	False
zip_member	code_results.zip	work/revision_barrier_figure.py	2265	0.0021600723266601562	False	False	False
zip_member	code_results.zip	work/revision_code_review.md	9797	0.009343147277832031	False	False	False
zip_member	code_results.zip	work/revision_data.py	3274	0.0031223297119140625	False	False	False
zip_member	code_results.zip	work/revision_figure7_qa/data_profile.json	18791	0.017920494079589844	False	False	False
zip_member	code_results.zip	work/revision_figure7_qa/preview.png	176317	0.16814899444580078	False	False	False
zip_member	code_results.zip	work/revision_figure7_qa/preview_grayscale.png	85198	0.08125114440917969	False	False	False
zip_member	code_results.zip	work/revision_figure7_qa/qa.json	1291	0.0012311935424804688	False	False	False
zip_member	code_results.zip	work/revision_font_check.py	1194	0.0011386871337890625	False	False	False
zip_member	code_results.zip	work/revision_gene_audit.py	2880	0.00274658203125	False	False	False
zip_member	code_results.zip	work/revision_identity.py	5963	0.005686759948730469	False	False	False
zip_member	code_results.zip	work/revision_identity_figures.py	21707	0.02070140838623047	False	False	False
zip_member	code_results.zip	work/revision_identity_review.md	10230	0.009756088256835938	False	False	False
zip_member	code_results.zip	work/revision_liana.py	5034	0.0048007965087890625	False	False	False
zip_member	code_results.zip	work/revision_manuscript_review.md	2972	0.002834320068359375	False	False	False
zip_member	code_results.zip	work/revision_novelty_review.md	8263	0.007880210876464844	False	False	False
zip_member	code_results.zip	work/revision_plan.md	5217	0.004975318908691406	False	False	False
zip_member	code_results.zip	work/revision_results/identity/GSE174574/GSM5319987_audit.json	2256	0.0021514892578125	False	False	False
zip_member	code_results.zip	work/revision_results/identity/GSE174574/GSM5319987_identity.tsv.gz	404880	0.3861236572265625	False	False	False
zip_member	code_results.zip	work/revision_results/identity/GSE174574/GSM5319987_models_audit.json	1019	0.0009717941284179688	False	False	False
zip_member	code_results.zip	work/revision_results/identity/GSE174574/GSM5319987_simulated_doublet_scores.tsv.gz	29883	0.02849864959716797	False	False	False
zip_member	code_results.zip	work/revision_results/identity/GSE174574/GSM5319988_audit.json	2216	0.00211334228515625	False	False	False
zip_member	code_results.zip	work/revision_results/identity/GSE174574/GSM5319988_identity.tsv.gz	393880	0.37563323974609375	False	False	False
zip_member	code_results.zip	work/revision_results/identity/GSE174574/GSM5319988_models_audit.json	1019	0.0009717941284179688	False	False	False
zip_member	code_results.zip	work/revision_results/identity/GSE174574/GSM5319988_simulated_doublet_scores.tsv.gz	29006	0.027662277221679688	False	False	False
zip_member	code_results.zip	work/revision_results/identity/GSE174574/GSM5319989_audit.json	2222	0.0021190643310546875	False	False	False
zip_member	code_results.zip	work/revision_results/identity/GSE174574/GSM5319989_identity.tsv.gz	460592	0.4392547607421875	False	False	False
zip_member	code_results.zip	work/revision_results/identity/GSE174574/GSM5319989_models_audit.json	1019	0.0009717941284179688	False	False	False
zip_member	code_results.zip	work/revision_results/identity/GSE174574/GSM5319989_simulated_doublet_scores.tsv.gz	34168	0.03258514404296875	False	False	False
zip_member	code_results.zip	work/revision_results/identity/GSE174574/GSM5319990_audit.json	2252	0.002147674560546875	False	False	False
zip_member	code_results.zip	work/revision_results/identity/GSE174574/GSM5319990_identity.tsv.gz	559483	0.533564567565918	False	False	False
zip_member	code_results.zip	work/revision_results/identity/GSE174574/GSM5319990_models_audit.json	1020	0.000972747802734375	False	False	False
zip_member	code_results.zip	work/revision_results/identity/GSE174574/GSM5319990_simulated_doublet_scores.tsv.gz	45305	0.043206214904785156	False	False	False
zip_member	code_results.zip	work/revision_results/identity/GSE174574/GSM5319991_audit.json	2245	0.0021409988403320312	False	False	False
zip_member	code_results.zip	work/revision_results/identity/GSE174574/GSM5319991_identity.tsv.gz	540494	0.5154552459716797	False	False	False
zip_member	code_results.zip	work/revision_results/identity/GSE174574/GSM5319991_models_audit.json	1020	0.000972747802734375	False	False	False
zip_member	code_results.zip	work/revision_results/identity/GSE174574/GSM5319991_simulated_doublet_scores.tsv.gz	43366	0.04135704040527344	False	False	False
zip_member	code_results.zip	work/revision_results/identity/GSE174574/GSM5319992_audit.json	2242	0.0021381378173828125	False	False	False
zip_member	code_results.zip	work/revision_results/identity/GSE174574/GSM5319992_identity.tsv.gz	381933	0.3642396926879883	False	False	False
zip_member	code_results.zip	work/revision_results/identity/GSE174574/GSM5319992_models_audit.json	1019	0.0009717941284179688	False	False	False
zip_member	code_results.zip	work/revision_results/identity/GSE174574/GSM5319992_simulated_doublet_scores.tsv.gz	30216	0.02881622314453125	False	False	False
zip_member	code_results.zip	work/revision_results/identity/GSE245386/GSM7841720_audit.json	2192	0.0020904541015625	False	False	False
zip_member	code_results.zip	work/revision_results/identity/GSE245386/GSM7841720_identity.tsv.gz	694721	0.6625375747680664	False	False	False
zip_member	code_results.zip	work/revision_results/identity/GSE245386/GSM7841720_models_audit.json	1020	0.000972747802734375	False	False	False
zip_member	code_results.zip	work/revision_results/identity/GSE245386/GSM7841720_simulated_doublet_scores.tsv.gz	60021	0.05724048614501953	False	False	False
zip_member	code_results.zip	work/revision_results/identity/GSE245386/GSM7841721_audit.json	2226	0.0021228790283203125	False	False	False
zip_member	code_results.zip	work/revision_results/identity/GSE245386/GSM7841721_identity.tsv.gz	438036	0.4177436828613281	False	False	False
zip_member	code_results.zip	work/revision_results/identity/GSE245386/GSM7841721_models_audit.json	1020	0.000972747802734375	False	False	False
zip_member	code_results.zip	work/revision_results/identity/GSE245386/GSM7841721_simulated_doublet_scores.tsv.gz	37195	0.03547191619873047	False	False	False
zip_member	code_results.zip	work/revision_results/identity/GSE245386/GSM7841722_audit.json	2238	0.0021343231201171875	False	False	False
zip_member	code_results.zip	work/revision_results/identity/GSE245386/GSM7841722_identity.tsv.gz	423561	0.40393924713134766	False	False	False
zip_member	code_results.zip	work/revision_results/identity/GSE245386/GSM7841722_models_audit.json	1019	0.0009717941284179688	False	False	False
zip_member	code_results.zip	work/revision_results/identity/GSE245386/GSM7841722_simulated_doublet_scores.tsv.gz	35109	0.03348255157470703	False	False	False
zip_member	code_results.zip	work/revision_results/identity/GSE245386/GSM7841723_audit.json	2202	0.0020999908447265625	False	False	False
zip_member	code_results.zip	work/revision_results/identity/GSE245386/GSM7841723_identity.tsv.gz	448279	0.42751216888427734	False	False	False
zip_member	code_results.zip	work/revision_results/identity/GSE245386/GSM7841723_models_audit.json	1019	0.0009717941284179688	False	False	False
zip_member	code_results.zip	work/revision_results/identity/GSE245386/GSM7841723_simulated_doublet_scores.tsv.gz	37361	0.035630226135253906	False	False	False
zip_member	code_results.zip	work/revision_results/identity/GSE245386/GSM7841724_audit.json	2223	0.0021200180053710938	False	False	False
zip_member	code_results.zip	work/revision_results/identity/GSE245386/GSM7841724_identity.tsv.gz	552499	0.5269041061401367	False	False	False
zip_member	code_results.zip	work/revision_results/identity/GSE245386/GSM7841724_models_audit.json	1020	0.000972747802734375	False	False	False
zip_member	code_results.zip	work/revision_results/identity/GSE245386/GSM7841724_simulated_doublet_scores.tsv.gz	45462	0.04335594177246094	False	False	False
zip_member	code_results.zip	work/revision_results/liana/GSE174574/primary__GSM5319987.json	1791	0.0017080307006835938	False	False	False
zip_member	code_results.zip	work/revision_results/liana/GSE174574/primary__GSM5319987.tsv.gz	16290	0.015535354614257812	False	False	False
zip_member	code_results.zip	work/revision_results/liana/GSE174574/primary__GSM5319988.json	1791	0.0017080307006835938	False	False	False
zip_member	code_results.zip	work/revision_results/liana/GSE174574/primary__GSM5319988.tsv.gz	16734	0.015958786010742188	False	False	False
zip_member	code_results.zip	work/revision_results/liana/GSE174574/primary__GSM5319989.json	1815	0.0017309188842773438	False	False	False
zip_member	code_results.zip	work/revision_results/liana/GSE174574/primary__GSM5319989.tsv.gz	18113	0.017273902893066406	False	False	False
zip_member	code_results.zip	work/revision_results/liana/GSE174574/primary__GSM5319990.json	1840	0.0017547607421875	False	False	False
zip_member	code_results.zip	work/revision_results/liana/GSE174574/primary__GSM5319990.tsv.gz	20610	0.019655227661132812	False	False	False
zip_member	code_results.zip	work/revision_results/liana/GSE174574/primary__GSM5319991.json	1839	0.0017538070678710938	False	False	False
zip_member	code_results.zip	work/revision_results/liana/GSE174574/primary__GSM5319991.tsv.gz	19989	0.01906299591064453	False	False	False
zip_member	code_results.zip	work/revision_results/liana/GSE174574/primary__GSM5319992.json	1835	0.0017499923706054688	False	False	False
zip_member	code_results.zip	work/revision_results/liana/GSE174574/primary__GSM5319992.tsv.gz	23588	0.022495269775390625	False	False	False
zip_member	code_results.zip	work/revision_results/liana/GSE174574/reference_singlet__GSM5319987.json	1801	0.0017175674438476562	False	False	False
zip_member	code_results.zip	work/revision_results/liana/GSE174574/reference_singlet__GSM5319987.tsv.gz	15753	0.015023231506347656	False	False	False
zip_member	code_results.zip	work/revision_results/liana/GSE174574/reference_singlet__GSM5319988.json	1801	0.0017175674438476562	False	False	False
zip_member	code_results.zip	work/revision_results/liana/GSE174574/reference_singlet__GSM5319988.tsv.gz	17247	0.016448020935058594	False	False	False
zip_member	code_results.zip	work/revision_results/liana/GSE174574/reference_singlet__GSM5319989.json	1824	0.001739501953125	False	False	False
zip_member	code_results.zip	work/revision_results/liana/GSE174574/reference_singlet__GSM5319989.tsv.gz	17391	0.016585350036621094	False	False	False
zip_member	code_results.zip	work/revision_results/liana/GSE174574/reference_singlet__GSM5319990.json	1850	0.0017642974853515625	False	False	False
zip_member	code_results.zip	work/revision_results/liana/GSE174574/reference_singlet__GSM5319990.tsv.gz	20475	0.01952648162841797	False	False	False
zip_member	code_results.zip	work/revision_results/liana/GSE174574/reference_singlet__GSM5319991.json	1849	0.0017633438110351562	False	False	False
zip_member	code_results.zip	work/revision_results/liana/GSE174574/reference_singlet__GSM5319991.tsv.gz	17532	0.016719818115234375	False	False	False
zip_member	code_results.zip	work/revision_results/liana/GSE174574/reference_singlet__GSM5319992.json	1845	0.0017595291137695312	False	False	False
zip_member	code_results.zip	work/revision_results/liana/GSE174574/reference_singlet__GSM5319992.tsv.gz	22796	0.021739959716796875	False	False	False
zip_member	code_results.zip	work/revision_results/liana/GSE245386/primary__GSM7841720.json	1876	0.001789093017578125	False	False	False
zip_member	code_results.zip	work/revision_results/liana/GSE245386/primary__GSM7841720.tsv.gz	36913	0.035202980041503906	False	False	False
zip_member	code_results.zip	work/revision_results/liana/GSE245386/primary__GSM7841721.json	1835	0.0017499923706054688	False	False	False
zip_member	code_results.zip	work/revision_results/liana/GSE245386/primary__GSM7841721.tsv.gz	39599	0.037764549255371094	False	False	False
zip_member	code_results.zip	work/revision_results/liana/GSE245386/primary__GSM7841722.json	1833	0.0017480850219726562	False	False	False
zip_member	code_results.zip	work/revision_results/liana/GSE245386/primary__GSM7841722.tsv.gz	40482	0.03860664367675781	False	False	False
zip_member	code_results.zip	work/revision_results/liana/GSE245386/primary__GSM7841723.json	1849	0.0017633438110351562	False	False	False
zip_member	code_results.zip	work/revision_results/liana/GSE245386/primary__GSM7841723.tsv.gz	45195	0.04310131072998047	False	False	False
zip_member	code_results.zip	work/revision_results/liana/GSE245386/primary__GSM7841724.json	1830	0.0017452239990234375	False	False	False
zip_member	code_results.zip	work/revision_results/liana/GSE245386/primary__GSM7841724.tsv.gz	41804	0.039867401123046875	False	False	False
zip_member	code_results.zip	work/revision_results/liana/GSE245386/reference_singlet__GSM7841720.json	1885	0.0017976760864257812	False	False	False
zip_member	code_results.zip	work/revision_results/liana/GSE245386/reference_singlet__GSM7841720.tsv.gz	37995	0.03623485565185547	False	False	False
zip_member	code_results.zip	work/revision_results/liana/GSE245386/reference_singlet__GSM7841721.json	1845	0.0017595291137695312	False	False	False
zip_member	code_results.zip	work/revision_results/liana/GSE245386/reference_singlet__GSM7841721.tsv.gz	39935	0.038084983825683594	False	False	False
zip_member	code_results.zip	work/revision_results/liana/GSE245386/reference_singlet__GSM7841722.json	1843	0.0017576217651367188	False	False	False
zip_member	code_results.zip	work/revision_results/liana/GSE245386/reference_singlet__GSM7841722.tsv.gz	41074	0.03917121887207031	False	False	False
zip_member	code_results.zip	work/revision_results/liana/GSE245386/reference_singlet__GSM7841723.json	1859	0.0017728805541992188	False	False	False
zip_member	code_results.zip	work/revision_results/liana/GSE245386/reference_singlet__GSM7841723.tsv.gz	48833	0.046570777893066406	False	False	False
zip_member	code_results.zip	work/revision_results/liana/GSE245386/reference_singlet__GSM7841724.json	1840	0.0017547607421875	False	False	False
zip_member	code_results.zip	work/revision_results/liana/GSE245386/reference_singlet__GSM7841724.tsv.gz	41303	0.039389610290527344	False	False	False
zip_member	code_results.zip	work/revision_robustness_figures.py	19588	0.018680572509765625	False	False	False
zip_member	code_results.zip	work/revision_sample_manifest.tsv	454	0.0004329681396484375	False	False	False
zip_member	code_results.zip	work/revision_statistics.py	1015	0.0009679794311523438	False	False	False
zip_member	code_results.zip	work/revision_summary.py	23896	0.02278900146484375	False	False	False
zip_member	code_results.zip	work/revision_text_insertions.md	12444	0.011867523193359375	False	False	False
zip_member	code_results.zip	work/revision_visual_review_body.md	2716	0.002590179443359375	False	False	False
zip_member	code_results.zip	work/run_all_communication.py	354	0.0003376007080078125	False	False	False
zip_member	code_results.zip	work/run_pipeline.py	2428	0.002315521240234375	False	False	False
zip_member	code_results.zip	work/run_pseudobulk_de.py	2921	0.0027856826782226562	False	False	False
zip_member	code_results.zip	work/run_revised_pipeline.py	2612	0.002490997314453125	False	False	False
zip_member	code_results.zip	work/software_versions.json	405	0.00038623809814453125	False	False	False
zip_member	code_results.zip	work/software_versions_revision.json	597	0.0005693435668945312	False	False	False
zip_member	code_results.zip	work/sorted_rna/analyze_sorted.py	2920	0.00278472900390625	False	False	False
zip_member	code_results.zip	work/sorted_rna/astro_endothelial_normalized.tsv.gz	756558	0.7215099334716797	False	False	False
zip_member	code_results.zip	work/sorted_rna/audit.json	679	0.0006475448608398438	False	False	False
zip_member	code_results.zip	work/sorted_rna/diff_expression.tsv.gz	2335998	2.227781295776367	False	False	False
zip_member	code_results.zip	work/sorted_rna/download_manifest.json	295	0.00028133392333984375	False	False	False
zip_member	code_results.zip	work/sorted_rna/GSE163752_counts.matrix.norm_anno.txt.gz	14232391	13.573065757751465	False	False	False
zip_member	code_results.zip	work/sorted_rna/GSE163752_family.soft	134575	0.1283407211303711	False	False	False
zip_member	code_results.zip	work/sorted_rna/GSE163752_family.soft.gz	4799	0.004576683044433594	False	False	False
zip_member	code_results.zip	work/sorted_rna/gsm_metadata_raw.tsv	12500	0.011920928955078125	False	False	False
zip_member	code_results.zip	work/sorted_rna/identity_markers_expression.tsv	4712	0.00449371337890625	False	False	False
zip_member	code_results.zip	work/sorted_rna/sample_manifest.tsv	3177	0.0030298233032226562	False	False	False
zip_member	code_results.zip	work/spatial_analysis.py	4136	0.00394439697265625	False	False	False
zip_member	code_results.zip	work/spatial_geometry/manifest.json	289	0.00027561187744140625	False	False	False
zip_member	code_results.zip	work/spatial_geometry/repository_tree.json	66132	0.06306838989257812	False	False	False
zip_member	code_results.zip	work/spatial_geometry/visium_row_col.rda	29116	0.027767181396484375	False	False	False
zip_member	code_results.zip	work/spatial_geometry/visium_row_col.tsv	120029	0.11446857452392578	False	False	False
zip_member	code_results.zip	work/stream_annotate.py	5366	0.0051174163818359375	False	False	False
zip_member	code_results.zip	work/validate_results.py	4066	0.0038776397705078125	False	False	False
zip_member	code_results.zip	work/validate_revision.py	4177	0.003983497619628906	False	False	False
zip_member	code_results.zip	MANIFEST_SHA256.tsv	255246	0.2434215545654297	False	False	False
release_file		work/repro_delivery/release/code_results_SHA256.tsv	255246	0.2434215545654297	False	False	False
release_file		work/repro_delivery/release/corrected_matrices.zip	2421437340	2309.2625999450684	True	True	True
zip_member	corrected_matrices.zip	work/repro_decontx/GSE174574/GSM5319987/audit.json	366289	0.3493204116821289	False	False	False
zip_member	corrected_matrices.zip	work/repro_decontx/GSE174574/GSM5319987/cells.tsv.gz	964992	0.9202880859375	False	False	False
zip_member	corrected_matrices.zip	work/repro_decontx/GSE174574/GSM5319987/corrected_counts.npz	106971321	102.01580142974854	True	True	False
zip_member	corrected_matrices.zip	work/repro_decontx/GSE174574/GSM5319987/executed_decontx_run.R	4946	0.0047168731689453125	False	False	False
zip_member	corrected_matrices.zip	work/repro_decontx/GSE174574/GSM5319987/genes.tsv.gz	104632	0.09978485107421875	False	False	False
zip_member	corrected_matrices.zip	work/repro_decontx/GSE174574/GSM5319987/input_audit.json	1527	0.0014562606811523438	False	False	False
zip_member	corrected_matrices.zip	work/repro_decontx/GSE174574/GSM5319987/installed_packages.tsv	21904	0.0208892822265625	False	False	False
zip_member	corrected_matrices.zip	work/repro_decontx/GSE174574/GSM5319987/python_source_snapshot_provenance.json	462	0.0004405975341796875	False	False	False
zip_member	corrected_matrices.zip	work/repro_decontx/GSE174574/GSM5319987/python_wrapper_source_snapshot.py	7509	0.007161140441894531	False	False	False
zip_member	corrected_matrices.zip	work/repro_decontx/GSE174574/GSM5319987/r_audit.json	240899	0.22973918914794922	False	False	False
zip_member	corrected_matrices.zip	work/repro_decontx/GSE174574/GSM5319987/sessionInfo.txt	4886	0.0046596527099609375	False	False	False
zip_member	corrected_matrices.zip	work/repro_decontx/GSE174574/GSM5319987/source_snapshot_provenance.json	383	0.00036525726318359375	False	False	False
zip_member	corrected_matrices.zip	work/repro_decontx/GSE174574/GSM5319988/audit.json	356466	0.3399524688720703	False	False	False
zip_member	corrected_matrices.zip	work/repro_decontx/GSE174574/GSM5319988/cells.tsv.gz	960484	0.9159889221191406	False	False	False
zip_member	corrected_matrices.zip	work/repro_decontx/GSE174574/GSM5319988/corrected_counts.npz	106734991	101.79041957855225	True	True	False
zip_member	corrected_matrices.zip	work/repro_decontx/GSE174574/GSM5319988/executed_decontx_run.R	4946	0.0047168731689453125	False	False	False
zip_member	corrected_matrices.zip	work/repro_decontx/GSE174574/GSM5319988/genes.tsv.gz	104632	0.09978485107421875	False	False	False
zip_member	corrected_matrices.zip	work/repro_decontx/GSE174574/GSM5319988/input_audit.json	1487	0.0014181137084960938	False	False	False
zip_member	corrected_matrices.zip	work/repro_decontx/GSE174574/GSM5319988/installed_packages.tsv	21904	0.0208892822265625	False	False	False
zip_member	corrected_matrices.zip	work/repro_decontx/GSE174574/GSM5319988/python_source_snapshot_provenance.json	462	0.0004405975341796875	False	False	False
zip_member	corrected_matrices.zip	work/repro_decontx/GSE174574/GSM5319988/python_wrapper_source_snapshot.py	7509	0.007161140441894531	False	False	False
zip_member	corrected_matrices.zip	work/repro_decontx/GSE174574/GSM5319988/r_audit.json	234494	0.2236309051513672	False	False	False
zip_member	corrected_matrices.zip	work/repro_decontx/GSE174574/GSM5319988/sessionInfo.txt	4886	0.0046596527099609375	False	False	False
zip_member	corrected_matrices.zip	work/repro_decontx/GSE174574/GSM5319988/source_snapshot_provenance.json	383	0.00036525726318359375	False	False	False
zip_member	corrected_matrices.zip	work/repro_decontx/GSE174574/GSM5319989/audit.json	415971	0.3967008590698242	False	False	False
zip_member	corrected_matrices.zip	work/repro_decontx/GSE174574/GSM5319989/cells.tsv.gz	1123867	1.071803092956543	False	False	False
zip_member	corrected_matrices.zip	work/repro_decontx/GSE174574/GSM5319989/corrected_counts.npz	126770562	120.89782905578613	True	True	False
zip_member	corrected_matrices.zip	work/repro_decontx/GSE174574/GSM5319989/executed_decontx_run.R	4946	0.0047168731689453125	False	False	False
zip_member	corrected_matrices.zip	work/repro_decontx/GSE174574/GSM5319989/genes.tsv.gz	104632	0.09978485107421875	False	False	False
zip_member	corrected_matrices.zip	work/repro_decontx/GSE174574/GSM5319989/input_audit.json	1514	0.0014438629150390625	False	False	False
zip_member	corrected_matrices.zip	work/repro_decontx/GSE174574/GSM5319989/installed_packages.tsv	21904	0.0208892822265625	False	False	False
zip_member	corrected_matrices.zip	work/repro_decontx/GSE174574/GSM5319989/python_source_snapshot_provenance.json	462	0.0004405975341796875	False	False	False
zip_member	corrected_matrices.zip	work/repro_decontx/GSE174574/GSM5319989/python_wrapper_source_snapshot.py	7509	0.007161140441894531	False	False	False
zip_member	corrected_matrices.zip	work/repro_decontx/GSE174574/GSM5319989/r_audit.json	273819	0.26113414764404297	False	False	False
zip_member	corrected_matrices.zip	work/repro_decontx/GSE174574/GSM5319989/sessionInfo.txt	4886	0.0046596527099609375	False	False	False
zip_member	corrected_matrices.zip	work/repro_decontx/GSE174574/GSM5319989/source_snapshot_provenance.json	383	0.00036525726318359375	False	False	False
zip_member	corrected_matrices.zip	work/repro_decontx/GSE174574/GSM5319990/audit.json	487356	0.4647789001464844	False	False	False
zip_member	corrected_matrices.zip	work/repro_decontx/GSE174574/GSM5319990/cells.tsv.gz	1410459	1.345118522644043	False	False	False
zip_member	corrected_matrices.zip	work/repro_decontx/GSE174574/GSM5319990/corrected_counts.npz	162105447	154.5958013534546	True	True	False
zip_member	corrected_matrices.zip	work/repro_decontx/GSE174574/GSM5319990/executed_decontx_run.R	4946	0.0047168731689453125	False	False	False
zip_member	corrected_matrices.zip	work/repro_decontx/GSE174574/GSM5319990/genes.tsv.gz	104632	0.09978485107421875	False	False	False
zip_member	corrected_matrices.zip	work/repro_decontx/GSE174574/GSM5319990/input_audit.json	1521	0.0014505386352539062	False	False	False
zip_member	corrected_matrices.zip	work/repro_decontx/GSE174574/GSM5319990/installed_packages.tsv	21904	0.0208892822265625	False	False	False
zip_member	corrected_matrices.zip	work/repro_decontx/GSE174574/GSM5319990/python_source_snapshot_provenance.json	462	0.0004405975341796875	False	False	False
zip_member	corrected_matrices.zip	work/repro_decontx/GSE174574/GSM5319990/python_wrapper_source_snapshot.py	7509	0.007161140441894531	False	False	False
zip_member	corrected_matrices.zip	work/repro_decontx/GSE174574/GSM5319990/r_audit.json	320475	0.30562877655029297	False	False	False
zip_member	corrected_matrices.zip	work/repro_decontx/GSE174574/GSM5319990/sessionInfo.txt	4886	0.0046596527099609375	False	False	False
zip_member	corrected_matrices.zip	work/repro_decontx/GSE174574/GSM5319990/source_snapshot_provenance.json	383	0.00036525726318359375	False	False	False
zip_member	corrected_matrices.zip	work/repro_decontx/GSE174574/GSM5319991/audit.json	470918	0.44910240173339844	False	False	False
zip_member	corrected_matrices.zip	work/repro_decontx/GSE174574/GSM5319991/cells.tsv.gz	1354823	1.2920598983764648	False	False	False
zip_member	corrected_matrices.zip	work/repro_decontx/GSE174574/GSM5319991/corrected_counts.npz	153510288	146.39881896972656	True	True	False
zip_member	corrected_matrices.zip	work/repro_decontx/GSE174574/GSM5319991/executed_decontx_run.R	4946	0.0047168731689453125	False	False	False
zip_member	corrected_matrices.zip	work/repro_decontx/GSE174574/GSM5319991/genes.tsv.gz	104632	0.09978485107421875	False	False	False
zip_member	corrected_matrices.zip	work/repro_decontx/GSE174574/GSM5319991/input_audit.json	1514	0.0014438629150390625	False	False	False
zip_member	corrected_matrices.zip	work/repro_decontx/GSE174574/GSM5319991/installed_packages.tsv	21904	0.0208892822265625	False	False	False
zip_member	corrected_matrices.zip	work/repro_decontx/GSE174574/GSM5319991/python_source_snapshot_provenance.json	462	0.0004405975341796875	False	False	False
zip_member	corrected_matrices.zip	work/repro_decontx/GSE174574/GSM5319991/python_wrapper_source_snapshot.py	7509	0.007161140441894531	False	False	False
zip_member	corrected_matrices.zip	work/repro_decontx/GSE174574/GSM5319991/r_audit.json	309603	0.2952604293823242	False	False	False
zip_member	corrected_matrices.zip	work/repro_decontx/GSE174574/GSM5319991/sessionInfo.txt	4886	0.0046596527099609375	False	False	False
zip_member	corrected_matrices.zip	work/repro_decontx/GSE174574/GSM5319991/source_snapshot_provenance.json	383	0.00036525726318359375	False	False	False
zip_member	corrected_matrices.zip	work/repro_decontx/GSE174574/GSM5319992/audit.json	337008	0.3213958740234375	False	False	False
zip_member	corrected_matrices.zip	work/repro_decontx/GSE174574/GSM5319992/cells.tsv.gz	982439	0.9369268417358398	False	False	False
zip_member	corrected_matrices.zip	work/repro_decontx/GSE174574/GSM5319992/corrected_counts.npz	123002525	117.30434894561768	True	True	False
zip_member	corrected_matrices.zip	work/repro_decontx/GSE174574/GSM5319992/executed_decontx_run.R	4946	0.0047168731689453125	False	False	False
zip_member	corrected_matrices.zip	work/repro_decontx/GSE174574/GSM5319992/genes.tsv.gz	104632	0.09978485107421875	False	False	False
zip_member	corrected_matrices.zip	work/repro_decontx/GSE174574/GSM5319992/input_audit.json	1515	0.0014448165893554688	False	False	False
zip_member	corrected_matrices.zip	work/repro_decontx/GSE174574/GSM5319992/installed_packages.tsv	21904	0.0208892822265625	False	False	False
zip_member	corrected_matrices.zip	work/repro_decontx/GSE174574/GSM5319992/python_source_snapshot_provenance.json	462	0.0004405975341796875	False	False	False
zip_member	corrected_matrices.zip	work/repro_decontx/GSE174574/GSM5319992/python_wrapper_source_snapshot.py	7509	0.007161140441894531	False	False	False
zip_member	corrected_matrices.zip	work/repro_decontx/GSE174574/GSM5319992/r_audit.json	221052	0.21081161499023438	False	False	False
zip_member	corrected_matrices.zip	work/repro_decontx/GSE174574/GSM5319992/sessionInfo.txt	4886	0.0046596527099609375	False	False	False
zip_member	corrected_matrices.zip	work/repro_decontx/GSE174574/GSM5319992/source_snapshot_provenance.json	383	0.00036525726318359375	False	False	False
zip_member	corrected_matrices.zip	work/repro_decontx/GSE245386/GSM7841720/audit.json	636321	0.6068429946899414	False	False	False
zip_member	corrected_matrices.zip	work/repro_decontx/GSE245386/GSM7841720/cells.tsv.gz	1793395	1.7103147506713867	False	False	False
zip_member	corrected_matrices.zip	work/repro_decontx/GSE245386/GSM7841720/corrected_counts.npz	320054787	305.22803020477295	True	True	False
zip_member	corrected_matrices.zip	work/repro_decontx/GSE245386/GSM7841720/executed_decontx_run.R	4946	0.0047168731689453125	False	False	False
zip_member	corrected_matrices.zip	work/repro_decontx/GSE245386/GSM7841720/genes.tsv.gz	120514	0.11493110656738281	False	False	False
zip_member	corrected_matrices.zip	work/repro_decontx/GSE245386/GSM7841720/input_audit.json	1479	0.0014104843139648438	False	False	False
zip_member	corrected_matrices.zip	work/repro_decontx/GSE245386/GSM7841720/installed_packages.tsv	21904	0.0208892822265625	False	False	False
zip_member	corrected_matrices.zip	work/repro_decontx/GSE245386/GSM7841720/python_source_snapshot_provenance.json	462	0.0004405975341796875	False	False	False
zip_member	corrected_matrices.zip	work/repro_decontx/GSE245386/GSM7841720/python_wrapper_source_snapshot.py	7509	0.007161140441894531	False	False	False
zip_member	corrected_matrices.zip	work/repro_decontx/GSE245386/GSM7841720/r_audit.json	420595	0.4011106491088867	False	False	False
zip_member	corrected_matrices.zip	work/repro_decontx/GSE245386/GSM7841720/sessionInfo.txt	4886	0.0046596527099609375	False	False	False
zip_member	corrected_matrices.zip	work/repro_decontx/GSE245386/GSM7841720/source_snapshot_provenance.json	383	0.00036525726318359375	False	False	False
zip_member	corrected_matrices.zip	work/repro_decontx/GSE245386/GSM7841721/audit.json	419307	0.39988231658935547	False	False	False
zip_member	corrected_matrices.zip	work/repro_decontx/GSE245386/GSM7841721/cells.tsv.gz	1235559	1.1783208847045898	False	False	False
zip_member	corrected_matrices.zip	work/repro_decontx/GSE245386/GSM7841721/corrected_counts.npz	278183845	265.2967882156372	True	True	False
zip_member	corrected_matrices.zip	work/repro_decontx/GSE245386/GSM7841721/executed_decontx_run.R	5056	0.00482177734375	False	False	False
zip_member	corrected_matrices.zip	work/repro_decontx/GSE245386/GSM7841721/genes.tsv.gz	120514	0.11493110656738281	False	False	False
zip_member	corrected_matrices.zip	work/repro_decontx/GSE245386/GSM7841721/input_audit.json	1493	0.0014238357543945312	False	False	False
zip_member	corrected_matrices.zip	work/repro_decontx/GSE245386/GSM7841721/installed_packages.tsv	21904	0.0208892822265625	False	False	False
zip_member	corrected_matrices.zip	work/repro_decontx/GSE245386/GSM7841721/python_source_snapshot_provenance.json	512	0.00048828125	False	False	False
zip_member	corrected_matrices.zip	work/repro_decontx/GSE245386/GSM7841721/python_wrapper_source_snapshot.py	8303	0.007918357849121094	False	False	False
zip_member	corrected_matrices.zip	work/repro_decontx/GSE245386/GSM7841721/r_audit.json	276258	0.2634601593017578	False	False	False
zip_member	corrected_matrices.zip	work/repro_decontx/GSE245386/GSM7841721/sessionInfo.txt	4886	0.0046596527099609375	False	False	False
zip_member	corrected_matrices.zip	work/repro_decontx/GSE245386/GSM7841721/source_snapshot_provenance.json	329	0.00031375885009765625	False	False	False
zip_member	corrected_matrices.zip	work/repro_decontx/GSE245386/GSM7841722/audit.json	403097	0.38442325592041016	False	False	False
zip_member	corrected_matrices.zip	work/repro_decontx/GSE245386/GSM7841722/cells.tsv.gz	1172510	1.1181926727294922	False	False	False
zip_member	corrected_matrices.zip	work/repro_decontx/GSE245386/GSM7841722/corrected_counts.npz	264690225	252.4282693862915	True	True	False
zip_member	corrected_matrices.zip	work/repro_decontx/GSE245386/GSM7841722/executed_decontx_run.R	5056	0.00482177734375	False	False	False
zip_member	corrected_matrices.zip	work/repro_decontx/GSE245386/GSM7841722/genes.tsv.gz	120514	0.11493110656738281	False	False	False
zip_member	corrected_matrices.zip	work/repro_decontx/GSE245386/GSM7841722/input_audit.json	1506	0.0014362335205078125	False	False	False
zip_member	corrected_matrices.zip	work/repro_decontx/GSE245386/GSM7841722/installed_packages.tsv	21904	0.0208892822265625	False	False	False
zip_member	corrected_matrices.zip	work/repro_decontx/GSE245386/GSM7841722/python_source_snapshot_provenance.json	512	0.00048828125	False	False	False
zip_member	corrected_matrices.zip	work/repro_decontx/GSE245386/GSM7841722/python_wrapper_source_snapshot.py	8303	0.007918357849121094	False	False	False
zip_member	corrected_matrices.zip	work/repro_decontx/GSE245386/GSM7841722/r_audit.json	264915	0.2526426315307617	False	False	False
zip_member	corrected_matrices.zip	work/repro_decontx/GSE245386/GSM7841722/sessionInfo.txt	4886	0.0046596527099609375	False	False	False
zip_member	corrected_matrices.zip	work/repro_decontx/GSE245386/GSM7841722/source_snapshot_provenance.json	329	0.00031375885009765625	False	False	False
zip_member	corrected_matrices.zip	work/repro_decontx/GSE245386/GSM7841723/audit.json	411536	0.3924713134765625	False	False	False
zip_member	corrected_matrices.zip	work/repro_decontx/GSE245386/GSM7841723/cells.tsv.gz	1202772	1.1470527648925781	False	False	False
zip_member	corrected_matrices.zip	work/repro_decontx/GSE245386/GSM7841723/corrected_counts.npz	288130304	274.782470703125	True	True	False
zip_member	corrected_matrices.zip	work/repro_decontx/GSE245386/GSM7841723/executed_decontx_run.R	5144	0.00490570068359375	False	False	False
zip_member	corrected_matrices.zip	work/repro_decontx/GSE245386/GSM7841723/genes.tsv.gz	120514	0.11493110656738281	False	False	False
zip_member	corrected_matrices.zip	work/repro_decontx/GSE245386/GSM7841723/input_audit.json	1567	0.0014944076538085938	False	False	False
zip_member	corrected_matrices.zip	work/repro_decontx/GSE245386/GSM7841723/installed_packages.tsv	21904	0.0208892822265625	False	False	False
zip_member	corrected_matrices.zip	work/repro_decontx/GSE245386/GSM7841723/python_source_snapshot_provenance.json	353	0.00033664703369140625	False	False	False
zip_member	corrected_matrices.zip	work/repro_decontx/GSE245386/GSM7841723/python_wrapper_source_snapshot.py	9413	0.008976936340332031	False	False	False
zip_member	corrected_matrices.zip	work/repro_decontx/GSE245386/GSM7841723/r_audit.json	270133	0.25761890411376953	False	False	False
zip_member	corrected_matrices.zip	work/repro_decontx/GSE245386/GSM7841723/sessionInfo.txt	4886	0.0046596527099609375	False	False	False
zip_member	corrected_matrices.zip	work/repro_decontx/GSE245386/GSM7841723/source_snapshot_provenance.json	329	0.00031375885009765625	False	False	False
zip_member	corrected_matrices.zip	work/repro_decontx/GSE245386/GSM7841724/audit.json	519939	0.4958524703979492	False	False	False
zip_member	corrected_matrices.zip	work/repro_decontx/GSE245386/GSM7841724/cells.tsv.gz	1490958	1.4218883514404297	False	False	False
zip_member	corrected_matrices.zip	work/repro_decontx/GSE245386/GSM7841724/corrected_counts.npz	350383571	334.15181255340576	True	True	False
zip_member	corrected_matrices.zip	work/repro_decontx/GSE245386/GSM7841724/executed_decontx_run.R	5144	0.00490570068359375	False	False	False
zip_member	corrected_matrices.zip	work/repro_decontx/GSE245386/GSM7841724/genes.tsv.gz	120514	0.11493110656738281	False	False	False
zip_member	corrected_matrices.zip	work/repro_decontx/GSE245386/GSM7841724/input_audit.json	1589	0.0015153884887695312	False	False	False
zip_member	corrected_matrices.zip	work/repro_decontx/GSE245386/GSM7841724/installed_packages.tsv	21904	0.0208892822265625	False	False	False
zip_member	corrected_matrices.zip	work/repro_decontx/GSE245386/GSM7841724/python_source_snapshot_provenance.json	353	0.00033664703369140625	False	False	False
zip_member	corrected_matrices.zip	work/repro_decontx/GSE245386/GSM7841724/python_wrapper_source_snapshot.py	9413	0.008976936340332031	False	False	False
zip_member	corrected_matrices.zip	work/repro_decontx/GSE245386/GSM7841724/r_audit.json	343927	0.32799434661865234	False	False	False
zip_member	corrected_matrices.zip	work/repro_decontx/GSE245386/GSM7841724/sessionInfo.txt	4886	0.0046596527099609375	False	False	False
zip_member	corrected_matrices.zip	work/repro_decontx/GSE245386/GSM7841724/source_snapshot_provenance.json	329	0.00031375885009765625	False	False	False
zip_member	corrected_matrices.zip	work/repro_decontx_maxiter2000/GSE174574/GSM5319992/audit.json	337705	0.32206058502197266	False	False	False
zip_member	corrected_matrices.zip	work/repro_decontx_maxiter2000/GSE174574/GSM5319992/cells.tsv.gz	982439	0.9369268417358398	False	False	False
zip_member	corrected_matrices.zip	work/repro_decontx_maxiter2000/GSE174574/GSM5319992/corrected_counts.npz	124320123	118.56090831756592	True	True	False
zip_member	corrected_matrices.zip	work/repro_decontx_maxiter2000/GSE174574/GSM5319992/executed_decontx_run.R	5144	0.00490570068359375	False	False	False
zip_member	corrected_matrices.zip	work/repro_decontx_maxiter2000/GSE174574/GSM5319992/genes.tsv.gz	104632	0.09978485107421875	False	False	False
zip_member	corrected_matrices.zip	work/repro_decontx_maxiter2000/GSE174574/GSM5319992/input_audit.json	1611	0.0015363693237304688	False	False	False
zip_member	corrected_matrices.zip	work/repro_decontx_maxiter2000/GSE174574/GSM5319992/installed_packages.tsv	21904	0.0208892822265625	False	False	False
zip_member	corrected_matrices.zip	work/repro_decontx_maxiter2000/GSE174574/GSM5319992/python_source_snapshot_provenance.json	353	0.00033664703369140625	False	False	False
zip_member	corrected_matrices.zip	work/repro_decontx_maxiter2000/GSE174574/GSM5319992/python_wrapper_source_snapshot.py	9413	0.008976936340332031	False	False	False
zip_member	corrected_matrices.zip	work/repro_decontx_maxiter2000/GSE174574/GSM5319992/r_audit.json	221056	0.2108154296875	False	False	False
zip_member	corrected_matrices.zip	work/repro_decontx_maxiter2000/GSE174574/GSM5319992/sessionInfo.txt	4886	0.0046596527099609375	False	False	False
zip_member	corrected_matrices.zip	work/repro_decontx_maxiter2000/GSE174574/GSM5319992/source_snapshot_provenance.json	329	0.00031375885009765625	False	False	False
zip_member	corrected_matrices.zip	MANIFEST_SHA256.tsv	22819	0.02176189422607422	False	False	False
release_file		work/repro_delivery/release/corrected_matrices_SHA256.tsv	22819	0.02176189422607422	False	False	False
release_file		work/repro_delivery/release/release_integrity.json	8189	0.007809638977050781	False	False	False
