"source_genesymbol","target_genesymbol","resource"
"Dll1","Notch1","mouseconsensus"
"Dll1","Notch2","mouseconsensus"
"Dll1","Notch4","mouseconsensus"
"Dll1","Notch3","mouseconsensus"
"Nrg2","Erbb2_Erbb3","mouseconsensus"
"Nrg2","Erbb2_Erbb4","mouseconsensus"
"Adam10","Tspan15","mouseconsensus"
"Adam10","Tspan12","mouseconsensus"
"Adam10","Met","mouseconsensus"
"Adam10","Il6ra","mouseconsensus"
"Adam10","Cd44","mouseconsensus"
"Adam10","Epha3","mouseconsensus"
"Adam10","Axl","mouseconsensus"
"Adam10","Notch1","mouseconsensus"
"Adam10","Notch2","mouseconsensus"
"Adam10","Nrcam","mouseconsensus"
"Adam10","Tspan17","mouseconsensus"
"Adam10","Tspan10","mouseconsensus"
"Adam10","Trem2","mouseconsensus"
"Tnfsf11","Tnfrsf11b","mouseconsensus"
"Tnfsf11","Lgr4","mouseconsensus"
"Tnfsf11","Tnfrsf11a","mouseconsensus"
"Ereg","Egfr_Erbb2","mouseconsensus"
"Ereg","Erbb2_Erbb4","mouseconsensus"
"Ereg","Erbb3","mouseconsensus"
"Adam12","Itgb1","mouseconsensus"
"Adam12","Itga9","mouseconsensus"
"Tnfsf12","Tnfrsf8","mouseconsensus"
"Tnfsf12","Cd163","mouseconsensus"
"Tnfsf12","Tnfrsf25","mouseconsensus"
"Tnfsf12","Tnfrsf12a","mouseconsensus"
"Tnfsf14","Ltbr","mouseconsensus"
"Tnfsf14","Tnfrsf14","mouseconsensus"
"Adam23","Itgb3","mouseconsensus"
"Adam23","Itga5","mouseconsensus"
"Adam23","Itga4","mouseconsensus"
"Adam11","Itga4","mouseconsensus"
"Icosl","Cd28","mouseconsensus"
"Icosl","Ctla4","mouseconsensus"
"Icosl","Icos","mouseconsensus"
"Sema7a","Itga1_Itgb1","mouseconsensus"
"Sema7a","Plxnc1","mouseconsensus"
"Tnfsf13","Tnfrsf11b","mouseconsensus"
"Tnfsf13","Tnfrsf13b","mouseconsensus"
"Tnfsf13","Tnfrsf1a","mouseconsensus"
"Tnfsf13","Fas","mouseconsensus"
"Tnfsf13","Sdc2","mouseconsensus"
"Tnfsf13","Tnfrsf17","mouseconsensus"
"Tnfsf13","Tnfrsf14","mouseconsensus"
"Nfasc","Cntn1_Cntnap1","mouseconsensus"
"Slitrk3","Ptprs","mouseconsensus"
"Tnfsf15","Tnfrsf25","mouseconsensus"
"Tgfa","Egfr_Erbb2","mouseconsensus"
"Tgfa","Erbb3","mouseconsensus"
"Tgfa","Erbb4","mouseconsensus"
"Tnf","Ffar2","mouseconsensus"
"Tnf","Tnfrsf21","mouseconsensus"
"Tnf","Tnfrsf1a","mouseconsensus"
"Tnf","Tnfrsf1b","mouseconsensus"
"Tnf","Fas","mouseconsensus"
"Tnf","Flt4","mouseconsensus"
"Tnf","Notch1","mouseconsensus"
"Tnf","Ptprs","mouseconsensus"
"Tnf","Sema4c","mouseconsensus"
"Tnf","Celsr2","mouseconsensus"
"Tnf","Icos","mouseconsensus"
"H2-Ea-ps","Cd4","mouseconsensus"
"H2-Ea-ps","Lag3","mouseconsensus"
"H2-Aa","Cd4","mouseconsensus"
"H2-Aa","Lag3","mouseconsensus"
"H2-Ab1","Cd4","mouseconsensus"
"H2-Ab1","Lag3","mouseconsensus"
"Anxa1","Egfr","mouseconsensus"
"Anxa1","Adra2a","mouseconsensus"
"Anxa1","Fpr1","mouseconsensus"
"Anxa1","Mtnr1a","mouseconsensus"
"Anxa1","Grm7","mouseconsensus"
"Thy1","Itgav_Itgb3","mouseconsensus"
"Thy1","Itgam_Itgb2","mouseconsensus"
"Thy1","Itgax_Itgb2","mouseconsensus"
"H2-K1","Cd8a","mouseconsensus"
"H2-K1","Cd3d","mouseconsensus"
"H2-K1","Erbb2","mouseconsensus"
"H2-K1","Cd3g","mouseconsensus"
"H2-K1","Cd8b1","mouseconsensus"
"H2-K1","Aplp2","mouseconsensus"
"App","Tnfrsf21","mouseconsensus"
"App","Lrp6","mouseconsensus"
"App","Tspan15","mouseconsensus"
"App","Tspan12","mouseconsensus"
"App","Cd74","mouseconsensus"
"App","Ngfr","mouseconsensus"
"App","Rpsa","mouseconsensus"
"App","Adra2a","mouseconsensus"
"App","Fpr2","mouseconsensus"
"App","Gpc1","mouseconsensus"
"App","Ptger2","mouseconsensus"
"App","Dcc","mouseconsensus"
"App","Mtnr1a","mouseconsensus"
"App","Aplp1","mouseconsensus"
"App","Vldlr","mouseconsensus"
"App","Notch2","mouseconsensus"
"App","Aplp2","mouseconsensus"
"App","Lrp1","mouseconsensus"
"App","Grm7","mouseconsensus"
"App","Ager","mouseconsensus"
"App","Lrp10","mouseconsensus"
"App","Ncstn","mouseconsensus"
"Itgb2","Thy1","mouseconsensus"
"Itgb2","Cd226","mouseconsensus"
"Icam1","Itgam_Itgb2","mouseconsensus"
"Icam1","Itgal_Itgb2","mouseconsensus"
"Icam1","Itgax_Itgb2","mouseconsensus"
"Icam1","Egfr","mouseconsensus"
"Icam1","Il2ra","mouseconsensus"
"Icam1","Spn","mouseconsensus"
"Icam1","Il2rg","mouseconsensus"
"Lck","Cd8a_Cd8b1","mouseconsensus"
"Fcer2a","Itgav_Itgb3","mouseconsensus"
"Fcer2a","Itgam_Itgb2","mouseconsensus"
"Fcer2a","Itgax_Itgb2","mouseconsensus"
"Fcer2a","Cr2","mouseconsensus"
"Itgav","Thy1","mouseconsensus"
"Anxa2","Tlr2","mouseconsensus"
"Anxa2","Robo4","mouseconsensus"
"Gp1ba","Itgam_Itgb2","mouseconsensus"
"Thbs1","Itgav_Itgb3","mouseconsensus"
"Thbs1","Itga2b_Itgb3","mouseconsensus"
"Thbs1","Itga3_Itgb1","mouseconsensus"
"Thbs1","Tnfrsf11b","mouseconsensus"
"Thbs1","Lrp5","mouseconsensus"
"Thbs1","Itga4","mouseconsensus"
"Thbs1","Cd36","mouseconsensus"
"Thbs1","Sdc1","mouseconsensus"
"Thbs1","Itga6","mouseconsensus"
"Thbs1","Lrp1","mouseconsensus"
"Thbs1","Cd47","mouseconsensus"
"Thbs1","Ptprj","mouseconsensus"
"Thbs1","Scarb1","mouseconsensus"
"Cd14","Tlr4","mouseconsensus"
"Cd14","Itgb2","mouseconsensus"
"Cd14","Itgb1","mouseconsensus"
"Cd14","Itga4","mouseconsensus"
"Cd14","Tlr1","mouseconsensus"
"Cd14","Tlr9","mouseconsensus"
"Cd14","Tlr6","mouseconsensus"
"Cd48","Cd2","mouseconsensus"
"Cd48","Cd244","mouseconsensus"
"Csf1","Sirpa","mouseconsensus"
"Csf1","Celsr3","mouseconsensus"
"Tgfb3","Acvr1b_Tgfbr2","mouseconsensus"
"Tgfb3","Tgfbr1_Tgfbr2","mouseconsensus"
"Tgfb3","Acvr1_Tgfbr1_Tgfbr2","mouseconsensus"
"Tgfb3","Acvr1_Tgfbr2","mouseconsensus"
"Tgfb3","Acvr1c_Tgfbr2","mouseconsensus"
"Tgfb3","Itgb3","mouseconsensus"
"Tgfb3","Itgb1","mouseconsensus"
"Tgfb3","Itgb5","mouseconsensus"
"Tgfb3","Itgb6","mouseconsensus"
"Tgfb3","Acvrl1","mouseconsensus"
"Tgfb3","Tgfbr3","mouseconsensus"
"Cd28","Cd80","mouseconsensus"
"Cd28","Cd86","mouseconsensus"
"Ace","Bdkrb2","mouseconsensus"
"Ace","Agtr2","mouseconsensus"
"Cdh1","Itga2_Itgb1","mouseconsensus"
"Cdh1","Itgae_Itgb7","mouseconsensus"
"Cdh1","Lrp5","mouseconsensus"
"Cdh1","Egfr","mouseconsensus"
"Cdh1","Igf1r","mouseconsensus"
"Cdh1","Ptprf","mouseconsensus"
"Cdh1","Cdh2","mouseconsensus"
"Cdh1","Erbb3","mouseconsensus"
"Cdh1","Ptprm","mouseconsensus"
"Cdh1","Klrg1","mouseconsensus"
"Tdgf1","Acvr2a","mouseconsensus"
"Tdgf1","Gpc1","mouseconsensus"
"Tdgf1","Acvr1b","mouseconsensus"
"Tdgf1","Acvr2b","mouseconsensus"
"Tdgf1","Acvr1c","mouseconsensus"
"Ncam1","Ncam2","mouseconsensus"
"Ncam1","Fgfr1","mouseconsensus"
"Ncam1","Fgfr2","mouseconsensus"
"Ncam1","Ptprz1","mouseconsensus"
"Ncam1","Gfra1","mouseconsensus"
"Ncam1","Robo3","mouseconsensus"
"Ncam1","Robo1","mouseconsensus"
"Icam2","Itgam_Itgb2","mouseconsensus"
"Icam2","Itgal_Itgb2","mouseconsensus"
"H2-Ob","Cd4","mouseconsensus"
"St6gal1","Egfr","mouseconsensus"
"St6gal1","Cd22","mouseconsensus"
"Spn","Siglec1","mouseconsensus"
"Sele","Cd44","mouseconsensus"
"Sele","Glg1","mouseconsensus"
"H2-M3","Cd4","mouseconsensus"
"H2-M3","Cd8a","mouseconsensus"
"H2-M3","Cd8b1","mouseconsensus"
"H2-M3","Klrc1","mouseconsensus"
"H2-M3","Klrd1","mouseconsensus"
"Vcam1","Itgad_Itgb2","mouseconsensus"
"Vcam1","Itga4_Itgb1","mouseconsensus"
"Vcam1","Itga9_Itgb1","mouseconsensus"
"Vcam1","Itga4_Itgb7","mouseconsensus"
"Cd22","Ptprc","mouseconsensus"
"Efna1","Ephb6","mouseconsensus"
"Efna1","Epha1","mouseconsensus"
"Efna1","Epha2","mouseconsensus"
"Efna1","Epha3","mouseconsensus"
"Efna1","Epha8","mouseconsensus"
"Efna1","Epha5","mouseconsensus"
"Efna1","Ephb1","mouseconsensus"
"Efna1","Epha4","mouseconsensus"
"Efna1","Epha7","mouseconsensus"
"Efna1","Epha10","mouseconsensus"
"Efna1","Epha6","mouseconsensus"
"Kitl","Kit","mouseconsensus"
"Kitl","Epor","mouseconsensus"
"Mrc1","Ptprc","mouseconsensus"
"Mpz","Mpzl1","mouseconsensus"
"H2-DMa","Cd4","mouseconsensus"
"Cd34","Sell","mouseconsensus"
"Cd34","Selp","mouseconsensus"
"Cd40lg","Itga2b_Itgb3","mouseconsensus"
"Cd40lg","Itgam_Itgb2","mouseconsensus"
"Cd40lg","Itga5_Itgb1","mouseconsensus"
"Cd40lg","Cd40","mouseconsensus"
"L1cam","Itgav_Itgb3","mouseconsensus"
"L1cam","Itga5_Itgb1","mouseconsensus"
"L1cam","Itga4_Itgb7","mouseconsensus"
"L1cam","Egfr","mouseconsensus"
"L1cam","Erbb2","mouseconsensus"
"L1cam","Fgfr2","mouseconsensus"
"L1cam","Erbb3","mouseconsensus"
"L1cam","Ptprz1","mouseconsensus"
"L1cam","Ephb2","mouseconsensus"
"L1cam","Cntn1","mouseconsensus"
"Cd80","Cd28","mouseconsensus"
"Cd80","Ctla4","mouseconsensus"
"Sdc2","Ptprj","mouseconsensus"
"Btc","Egfr_Erbb2","mouseconsensus"
"Btc","Erbb2_Erbb4","mouseconsensus"
"Btc","Erbb3","mouseconsensus"
"Cd200","Cd200r1","mouseconsensus"
"Cd86","Cd28","mouseconsensus"
"Cd86","Ctla4","mouseconsensus"
"Gdf5","Acvr2a_Bmpr1b","mouseconsensus"
"Gdf5","Acvr2b_Bmpr1b","mouseconsensus"
"Gdf5","Bmpr1b_Bmpr2","mouseconsensus"
"Gdf5","Acvr2a_Bmpr1a","mouseconsensus"
"Gdf5","Acvr2b_Bmpr1a","mouseconsensus"
"Gdf5","Bmpr1a_Bmpr2","mouseconsensus"
"Gdf5","Ror2","mouseconsensus"
"Gdf5","Acvr1","mouseconsensus"
"Fasl","Tnfrsf1a","mouseconsensus"
"Fasl","Fas","mouseconsensus"
"Flt3l","Flt3","mouseconsensus"
"Tnfsf10","Tnfrsf10b","mouseconsensus"
"Tnfsf10","Tnfrsf11b","mouseconsensus"
"Efna4","Epha1","mouseconsensus"
"Efna4","Epha2","mouseconsensus"
"Efna4","Epha3","mouseconsensus"
"Efna4","Epha8","mouseconsensus"
"Efna4","Epha5","mouseconsensus"
"Efna4","Epha4","mouseconsensus"
"Efna4","Epha7","mouseconsensus"
"Efna4","Epha10","mouseconsensus"
"Efna4","Epha6","mouseconsensus"
"Efnb2","Ephb6","mouseconsensus"
"Efnb2","Pecam1","mouseconsensus"
"Efnb2","Epha3","mouseconsensus"
"Efnb2","Ephb2","mouseconsensus"
"Efnb2","Grm5","mouseconsensus"
"Efnb2","Ephb3","mouseconsensus"
"Efnb2","Ephb4","mouseconsensus"
"Efnb2","Ephb1","mouseconsensus"
"Efnb2","Epha4","mouseconsensus"
"Efnb2","Grm1","mouseconsensus"
"Efnb2","Epha6","mouseconsensus"
"Efna5","Ephb6","mouseconsensus"
"Efna5","Epha1","mouseconsensus"
"Efna5","Epha2","mouseconsensus"
"Efna5","Epha3","mouseconsensus"
"Efna5","Epha8","mouseconsensus"
"Efna5","Ephb2","mouseconsensus"
"Efna5","Epha5","mouseconsensus"
"Efna5","Ephb1","mouseconsensus"
"Efna5","Epha4","mouseconsensus"
"Efna5","Epha7","mouseconsensus"
"Efna5","Epha10","mouseconsensus"
"Efna5","Epha6","mouseconsensus"
"Nrg3","Erbb2_Erbb4","mouseconsensus"
"Nrg3","Erbb3","mouseconsensus"
"Jam2","Itgav_Itgb1","mouseconsensus"
"Jam2","Itga4_Itgb1","mouseconsensus"
"Jam2","Itga3_Itgb1","mouseconsensus"
"Nrxn1","Nlgn1","mouseconsensus"
"Nrxn1","Nlgn2","mouseconsensus"
"Nrxn1","Nlgn3","mouseconsensus"
"Nrxn2","Nlgn1","mouseconsensus"
"Nrxn2","Nlgn2","mouseconsensus"
"Nrxn2","Nlgn3","mouseconsensus"
"B2m","Tfrc","mouseconsensus"
"B2m","Cd3d","mouseconsensus"
"B2m","Cd3g","mouseconsensus"
"B2m","Cd247","mouseconsensus"
"B2m","Klrc1","mouseconsensus"
"B2m","Klrd1","mouseconsensus"
"Sirpa","Cd47","mouseconsensus"
"Jag1","Cd46","mouseconsensus"
"Jag1","Notch1","mouseconsensus"
"Jag1","Notch2","mouseconsensus"
"Jag1","Notch4","mouseconsensus"
"Jag1","Notch3","mouseconsensus"
"Adam17","Itgb1","mouseconsensus"
"Adam17","Met","mouseconsensus"
"Adam17","Itga5","mouseconsensus"
"Adam17","Il6ra","mouseconsensus"
"Adam17","Notch1","mouseconsensus"
"Adam17","Erbb4","mouseconsensus"
"Adam17","Rhbdf2","mouseconsensus"
"Dlk1","Notch1","mouseconsensus"
"Dlk1","Notch2","mouseconsensus"
"Dlk1","Notch4","mouseconsensus"
"Dlk1","Notch3","mouseconsensus"
"Efnb1","Ephb6","mouseconsensus"
"Efnb1","Erbb2","mouseconsensus"
"Efnb1","Ephb2","mouseconsensus"
"Efnb1","Ephb3","mouseconsensus"
"Efnb1","Ephb4","mouseconsensus"
"Efnb1","Ephb1","mouseconsensus"
"Efnb1","Epha4","mouseconsensus"
"Efnb1","Epha6","mouseconsensus"
"Cntn2","Nrp1","mouseconsensus"
"Cntn2","Cntn1","mouseconsensus"
"Cntn2","Nrcam","mouseconsensus"
"Dsc2","Dsg3","mouseconsensus"
"Dsc2","Dsg4","mouseconsensus"
"Dsc1","Dsg3","mouseconsensus"
"Dsc1","Dsg4","mouseconsensus"
"Cd47","Sirpa","mouseconsensus"
"Cntn1","Ptprz1","mouseconsensus"
"Cntn1","Notch1","mouseconsensus"
"Cntn1","Notch2","mouseconsensus"
"Cntn1","Nrcam","mouseconsensus"
"Adam9","Itgb1","mouseconsensus"
"Adam9","Itgav","mouseconsensus"
"Adam9","Itgb5","mouseconsensus"
"Adam9","Itga6","mouseconsensus"
"Adam9","Itga3","mouseconsensus"
"Adam15","Itgb3","mouseconsensus"
"Adam15","Itgb1","mouseconsensus"
"Adam15","Itgav","mouseconsensus"
"Adam15","Itga5","mouseconsensus"
"Adam15","Itga9","mouseconsensus"
"Sema5a","Met","mouseconsensus"
"Sema5a","Plxna3","mouseconsensus"
"Sema5a","Plxna1","mouseconsensus"
"Sema5a","Plxnb3","mouseconsensus"
"Alcam","Chl1","mouseconsensus"
"Alcam","Nrp1","mouseconsensus"
"Alcam","Cd6","mouseconsensus"
"Dsg2","Dsc1","mouseconsensus"
"Dsg2","Dsc3","mouseconsensus"
"Selplg","Itgb2","mouseconsensus"
"Selplg","Itgam","mouseconsensus"
"Selplg","Sell","mouseconsensus"
"Selplg","Selp","mouseconsensus"
"Dsc3","Dsg3","mouseconsensus"
"Dsc3","Dsg4","mouseconsensus"
"Icam4","Itgb3","mouseconsensus"
"Icam4","Itgb2","mouseconsensus"
"Icam4","Itgb1","mouseconsensus"
"Icam4","Itgav","mouseconsensus"
"Icam4","Itga2b","mouseconsensus"
"Icam4","Itgam","mouseconsensus"
"Icam4","Itga4","mouseconsensus"
"Icam4","Itgal","mouseconsensus"
"Efnb3","Ephb6","mouseconsensus"
"Efnb3","Ephb2","mouseconsensus"
"Efnb3","Ephb3","mouseconsensus"
"Efnb3","Ephb4","mouseconsensus"
"Efnb3","Ephb1","mouseconsensus"
"Efnb3","Epha4","mouseconsensus"
"Ntrk3","Ptprf","mouseconsensus"
"Ntrk3","Ptprs","mouseconsensus"
"H2-Eb1","Cd4","mouseconsensus"
"H2-Eb1","Lag3","mouseconsensus"
"Col13a1","Itga10_Itgb1","mouseconsensus"
"Col13a1","Itga2_Itgb1","mouseconsensus"
"Col13a1","Itga1_Itgb1","mouseconsensus"
"Col13a1","Itga11_Itgb1","mouseconsensus"
"Cspg4","Itga3_Itgb1","mouseconsensus"
"Epgn","Egfr","mouseconsensus"
"Dlk2","Notch1","mouseconsensus"
"Btla","Cd79a","mouseconsensus"
"Btla","Cd247","mouseconsensus"
"Btla","Tnfrsf14","mouseconsensus"
"Pdpn","Clec1b","mouseconsensus"
"Cntn4","Ptprg","mouseconsensus"
"Nlgn1","Nrxn1","mouseconsensus"
"Nlgn1","Nrxn2","mouseconsensus"
"Cd177","Pecam1","mouseconsensus"
"Sema6d","Plxna1_Trem2_Tyrobp","mouseconsensus"
"Sema6d","Kdr_Plxna1","mouseconsensus"
"Nlgn2","Nrxn1","mouseconsensus"
"Nlgn2","Nrxn2","mouseconsensus"
"Cd200r1","Cd200","mouseconsensus"
"Sectm1a","Cd7","mouseconsensus"
"Nrg4","Erbb2_Erbb4","mouseconsensus"
"Nrg4","Egfr","mouseconsensus"
"Sema4d","Plxnb2","mouseconsensus"
"Sema4d","Plxnb1","mouseconsensus"
"Sema4d","Erbb2","mouseconsensus"
"Sema4d","Met","mouseconsensus"
"Sema4d","Plxnb3","mouseconsensus"
"Slitrk1","Ptprs","mouseconsensus"
"Adam2","Itgb1","mouseconsensus"
"Adam2","Itga6","mouseconsensus"
"Adam2","Itgb7","mouseconsensus"
"Adam2","Itga9","mouseconsensus"
"Pdcd1lg2","Pdcd1","mouseconsensus"
"Jam3","Itgam_Itgb2","mouseconsensus"
"Jam3","Itgb1","mouseconsensus"
"Sema4c","Plxnb2","mouseconsensus"
"Slitrk2","Ptprs","mouseconsensus"
"Sema6a","Plxna2","mouseconsensus"
"Sema6a","Plxna4","mouseconsensus"
"Adam7","Itga4","mouseconsensus"
"Adam7","Itgb7","mouseconsensus"
"Sema4a","Nrp1_Plxna2","mouseconsensus"
"Sema4a","Nrp1_Plxna3","mouseconsensus"
"Sema4a","Nrp1_Plxna4","mouseconsensus"
"Sema4a","Nrp1_Plxna1","mouseconsensus"
"Sema4a","Plxnb2","mouseconsensus"
"Sema4a","Plxnb1","mouseconsensus"
"Sema4a","Plxnb3","mouseconsensus"
"Sema4a","Plxnd1","mouseconsensus"
"Sema6b","Plxna2","mouseconsensus"
"Sema6b","Plxna4","mouseconsensus"
"Slitrk6","Ptprs","mouseconsensus"
"Sema4b","Dcbld2","mouseconsensus"
"Dll4","Notch1","mouseconsensus"
"Dll4","Notch2","mouseconsensus"
"Dll4","Notch4","mouseconsensus"
"Dll4","Notch3","mouseconsensus"
"Pdgfc","Pdgfrb","mouseconsensus"
"Pdgfc","Pdgfra","mouseconsensus"
"Pdgfc","Flt1","mouseconsensus"
"Pdgfc","Flt4","mouseconsensus"
"Pdgfc","Kdr","mouseconsensus"
"Lrrc4b","Ptprf","mouseconsensus"
"Lrrc4b","Ptprs","mouseconsensus"
"Sema4g","Plxnb2","mouseconsensus"
"Dll3","Notch1","mouseconsensus"
"Dll3","Notch2","mouseconsensus"
"Dll3","Notch4","mouseconsensus"
"Dll3","Notch3","mouseconsensus"
"Podxl2","Sell","mouseconsensus"
"Nlgn3","Nrxn1","mouseconsensus"
"Nlgn3","Nrxn2","mouseconsensus"
"Il1rapl1","Ptprf","mouseconsensus"
"Il1rapl1","Ptprs","mouseconsensus"
"Cd274","Cd80","mouseconsensus"
"Cd274","Pdcd1","mouseconsensus"
"Clec1b","Pdpn","mouseconsensus"
"Sema5b","Plxna3","mouseconsensus"
"Sema5b","Plxna1","mouseconsensus"
"Cklf","Lrp6","mouseconsensus"
"Cklf","Ccr4","mouseconsensus"
"Kl","Fgfr1","mouseconsensus"
"Adam29","Itga4","mouseconsensus"
"Adam28","Itga4","mouseconsensus"
"Icam5","Itgb2","mouseconsensus"
"Icam5","Itgal","mouseconsensus"
"Tnfsf18","Tnfrsf18","mouseconsensus"
"Jag2","Notch1","mouseconsensus"
"Jag2","Notch2","mouseconsensus"
"Jag2","Notch4","mouseconsensus"
"Jag2","Notch3","mouseconsensus"
"Tnfsf13b","Tnfrsf13b","mouseconsensus"
"Tnfsf13b","Tfrc","mouseconsensus"
"Tnfsf13b","Cd40","mouseconsensus"
"Tnfsf13b","Tnfrsf17","mouseconsensus"
"Tnfsf13b","Tnfrsf13c","mouseconsensus"
"F11r","Itgal_Itgb2","mouseconsensus"
"Col6a6","Itga10_Itgb1","mouseconsensus"
"Col6a6","Itga2_Itgb1","mouseconsensus"
"Col6a6","Itga3_Itgb1","mouseconsensus"
"Col6a6","Itga1_Itgb1","mouseconsensus"
"Col6a6","Itga9_Itgb1","mouseconsensus"
"Col6a6","Itga11_Itgb1","mouseconsensus"
"Col6a6","Itgav_Itgb8","mouseconsensus"
"Col6a6","Cd44","mouseconsensus"
"Col6a6","Sdc1","mouseconsensus"
"Col6a6","Gp6","mouseconsensus"
"Col6a5","Itga10_Itgb1","mouseconsensus"
"Col6a5","Itga2_Itgb1","mouseconsensus"
"Col6a5","Itga3_Itgb1","mouseconsensus"
"Col6a5","Itga1_Itgb1","mouseconsensus"
"Col6a5","Itga9_Itgb1","mouseconsensus"
"Col6a5","Itga11_Itgb1","mouseconsensus"
"Col6a5","Itgav_Itgb8","mouseconsensus"
"Col6a5","Cd44","mouseconsensus"
"Col6a5","Sdc1","mouseconsensus"
"Col6a5","Gp6","mouseconsensus"
"Fras1_Frem1_Npnt","Itga8_Itgb1","mouseconsensus"
"Fras1_Frem2_Npnt","Itga8_Itgb1","mouseconsensus"
"Agrn","Musk","mouseconsensus"
"Agrn","Lrp4","mouseconsensus"
"Agrn","Itgb1","mouseconsensus"
"Agrn","Lrp2","mouseconsensus"
"Agrn","Lrp1","mouseconsensus"
"Agrn","Dag1","mouseconsensus"
"Lama5","Itga2_Itgb1","mouseconsensus"
"Lama5","Itga6_Itgb1","mouseconsensus"
"Lama5","Itga3_Itgb1","mouseconsensus"
"Lama5","Itga7_Itgb1","mouseconsensus"
"Lama5","Itga9_Itgb1","mouseconsensus"
"Lama5","Itgav_Itgb8","mouseconsensus"
"Lama5","Itga6_Itgb4","mouseconsensus"
"Lama5","Cd44","mouseconsensus"
"Lama5","Sdc1","mouseconsensus"
"Lama5","Bcam","mouseconsensus"
"Lama5","Dag1","mouseconsensus"
"Chad","Itga2_Itgb1","mouseconsensus"
"Col1a1","Itga10_Itgb1","mouseconsensus"
"Col1a1","Itga2_Itgb1","mouseconsensus"
"Col1a1","Itga3_Itgb1","mouseconsensus"
"Col1a1","Itga1_Itgb1","mouseconsensus"
"Col1a1","Itga9_Itgb1","mouseconsensus"
"Col1a1","Itga11_Itgb1","mouseconsensus"
"Col1a1","Itgav_Itgb8","mouseconsensus"
"Col1a1","Itga5","mouseconsensus"
"Col1a1","Cd44","mouseconsensus"
"Col1a1","Cd36","mouseconsensus"
"Col1a1","Sdc1","mouseconsensus"
"Col1a1","Flt4","mouseconsensus"
"Col1a1","Ddr1","mouseconsensus"
"Col1a1","Ddr2","mouseconsensus"
"Col1a1","Gp6","mouseconsensus"
"Col1a1","Cd93","mouseconsensus"
"Col2a1","Itga10_Itgb1","mouseconsensus"
"Col2a1","Itga2_Itgb1","mouseconsensus"
"Col2a1","Itga3_Itgb1","mouseconsensus"
"Col2a1","Itga1_Itgb1","mouseconsensus"
"Col2a1","Itga9_Itgb1","mouseconsensus"
"Col2a1","Itga11_Itgb1","mouseconsensus"
"Col2a1","Itgav_Itgb8","mouseconsensus"
"Col2a1","Tnfrsf10b","mouseconsensus"
"Col2a1","Itga2b","mouseconsensus"
"Col2a1","Cd44","mouseconsensus"
"Col2a1","Sdc1","mouseconsensus"
"Col2a1","Ddr1","mouseconsensus"
"Col2a1","Gp6","mouseconsensus"
"Col4a1","Itga10_Itgb1","mouseconsensus"
"Col4a1","Itga2_Itgb1","mouseconsensus"
"Col4a1","Itga3_Itgb1","mouseconsensus"
"Col4a1","Itga1_Itgb1","mouseconsensus"
"Col4a1","Itga9_Itgb1","mouseconsensus"
"Col4a1","Itga11_Itgb1","mouseconsensus"
"Col4a1","Itgav_Itgb8","mouseconsensus"
"Col4a1","Cd44","mouseconsensus"
"Col4a1","Sdc1","mouseconsensus"
"Col4a1","Cd47","mouseconsensus"
"Col4a1","Gp6","mouseconsensus"
"Col4a1","Cd93","mouseconsensus"
"Fn1","Itgav_Itgb3","mouseconsensus"
"Fn1","Itga2b_Itgb3","mouseconsensus"
"Fn1","Itgav_Itgb1","mouseconsensus"
"Fn1","Itga5_Itgb1","mouseconsensus"
"Fn1","Itga4_Itgb1","mouseconsensus"
"Fn1","Itga3_Itgb1","mouseconsensus"
"Fn1","Itga8_Itgb1","mouseconsensus"
"Fn1","Itgav_Itgb6","mouseconsensus"
"Fn1","Itgav_Itgb8","mouseconsensus"
"Fn1","Itga4_Itgb7","mouseconsensus"
"Fn1","Tnfrsf11b","mouseconsensus"
"Fn1","Cd79a","mouseconsensus"
"Fn1","Cd44","mouseconsensus"
"Fn1","Tshr","mouseconsensus"
"Fn1","Itga2","mouseconsensus"
"Fn1","Sdc1","mouseconsensus"
"Fn1","C5ar1","mouseconsensus"
"Fn1","Itga6","mouseconsensus"
"Fn1","Sdc2","mouseconsensus"
"Fn1","Flt4","mouseconsensus"
"Fn1","Plaur","mouseconsensus"
"Fn1","Itga9","mouseconsensus"
"Fn1","Il17rc","mouseconsensus"
"Fn1","Robo4","mouseconsensus"
"Vtn","Itgav_Itgb3","mouseconsensus"
"Vtn","Itga2b_Itgb3","mouseconsensus"
"Vtn","Itgav_Itgb1","mouseconsensus"
"Vtn","Itga8_Itgb1","mouseconsensus"
"Vtn","Itgav_Itgb5","mouseconsensus"
"Vtn","Itgav_Itgb8","mouseconsensus"
"Vtn","Tnfrsf11b","mouseconsensus"
"Vtn","Itga5","mouseconsensus"
"Vtn","Itgb6","mouseconsensus"
"Vtn","Itga3","mouseconsensus"
"Vtn","Kdr","mouseconsensus"
"Vtn","Plaur","mouseconsensus"
"Vtn","Cd47","mouseconsensus"
"Vwf","Itgav_Itgb3","mouseconsensus"
"Vwf","Itga2b_Itgb3","mouseconsensus"
"Vwf","Gp1ba_Gp1bb","mouseconsensus"
"Vwf","Tnfrsf11b","mouseconsensus"
"Vwf","Selp","mouseconsensus"
"Vwf","Sirpa","mouseconsensus"
"Vwf","Lrp1","mouseconsensus"
"Vwf","Scara5","mouseconsensus"
"Vwf","Stab2","mouseconsensus"
"Lamb1","Itga2_Itgb1","mouseconsensus"
"Lamb1","Itga6_Itgb1","mouseconsensus"
"Lamb1","Itga3_Itgb1","mouseconsensus"
"Lamb1","Itga7_Itgb1","mouseconsensus"
"Lamb1","Itga9_Itgb1","mouseconsensus"
"Lamb1","Itgav_Itgb8","mouseconsensus"
"Lamb1","Itga6_Itgb4","mouseconsensus"
"Lamb1","Cd44","mouseconsensus"
"Lamb1","Itga1","mouseconsensus"
"Lamb1","Dag1","mouseconsensus"
"Col1a2","Itga10_Itgb1","mouseconsensus"
"Col1a2","Itga2_Itgb1","mouseconsensus"
"Col1a2","Itga3_Itgb1","mouseconsensus"
"Col1a2","Itga1_Itgb1","mouseconsensus"
"Col1a2","Itga9_Itgb1","mouseconsensus"
"Col1a2","Itga11_Itgb1","mouseconsensus"
"Col1a2","Itgav_Itgb8","mouseconsensus"
"Col1a2","Itgb3","mouseconsensus"
"Col1a2","Itga2b","mouseconsensus"
"Col1a2","Cd44","mouseconsensus"
"Col1a2","Cd36","mouseconsensus"
"Col1a2","Sdc1","mouseconsensus"
"Col1a2","Flt4","mouseconsensus"
"Col1a2","Gp6","mouseconsensus"
"Col1a2","Cd93","mouseconsensus"
"Col4a2","Itga10_Itgb1","mouseconsensus"
"Col4a2","Itga2_Itgb1","mouseconsensus"
"Col4a2","Itga3_Itgb1","mouseconsensus"
"Col4a2","Itga1_Itgb1","mouseconsensus"
"Col4a2","Itga9_Itgb1","mouseconsensus"
"Col4a2","Itga11_Itgb1","mouseconsensus"
"Col4a2","Itgav_Itgb8","mouseconsensus"
"Col4a2","Itgb3","mouseconsensus"
"Col4a2","Cd44","mouseconsensus"
"Col4a2","Itgb5","mouseconsensus"
"Col4a2","Sdc1","mouseconsensus"
"Col4a2","Gp6","mouseconsensus"
"Col4a2","Cd93","mouseconsensus"
"Lamc1","Itga2_Itgb1","mouseconsensus"
"Lamc1","Itga6_Itgb1","mouseconsensus"
"Lamc1","Itga3_Itgb1","mouseconsensus"
"Lamc1","Itga7_Itgb1","mouseconsensus"
"Lamc1","Itga9_Itgb1","mouseconsensus"
"Lamc1","Itgav_Itgb8","mouseconsensus"
"Lamc1","Itga6_Itgb4","mouseconsensus"
"Lamc1","Cd44","mouseconsensus"
"Lamc1","Itga1","mouseconsensus"
"Lamc1","Dag1","mouseconsensus"
"Col6a1","Itga10_Itgb1","mouseconsensus"
"Col6a1","Itga2_Itgb1","mouseconsensus"
"Col6a1","Itga3_Itgb1","mouseconsensus"
"Col6a1","Itga1_Itgb1","mouseconsensus"
"Col6a1","Itga9_Itgb1","mouseconsensus"
"Col6a1","Itga11_Itgb1","mouseconsensus"
"Col6a1","Itgav_Itgb8","mouseconsensus"
"Col6a1","Cd44","mouseconsensus"
"Col6a1","Sdc1","mouseconsensus"
"Col6a1","Itga6","mouseconsensus"
"Col6a1","Gp6","mouseconsensus"
"Col6a2","Itga10_Itgb1","mouseconsensus"
"Col6a2","Itga2_Itgb1","mouseconsensus"
"Col6a2","Itga3_Itgb1","mouseconsensus"
"Col6a2","Itga1_Itgb1","mouseconsensus"
"Col6a2","Itga9_Itgb1","mouseconsensus"
"Col6a2","Itga11_Itgb1","mouseconsensus"
"Col6a2","Itgav_Itgb8","mouseconsensus"
"Col6a2","Cd44","mouseconsensus"
"Col6a2","Sdc1","mouseconsensus"
"Col6a2","Gp6","mouseconsensus"
"Col6a3","Itga10_Itgb1","mouseconsensus"
"Col6a3","Itga2_Itgb1","mouseconsensus"
"Col6a3","Itga3_Itgb1","mouseconsensus"
"Col6a3","Itga1_Itgb1","mouseconsensus"
"Col6a3","Itga9_Itgb1","mouseconsensus"
"Col6a3","Itga11_Itgb1","mouseconsensus"
"Col6a3","Itgav_Itgb8","mouseconsensus"
"Col6a3","Cd44","mouseconsensus"
"Col6a3","Sdc1","mouseconsensus"
"Col6a3","Gp6","mouseconsensus"
"Col9a1","Itga10_Itgb1","mouseconsensus"
"Col9a1","Itga2_Itgb1","mouseconsensus"
"Col9a1","Itga3_Itgb1","mouseconsensus"
"Col9a1","Itga1_Itgb1","mouseconsensus"
"Col9a1","Itga9_Itgb1","mouseconsensus"
"Col9a1","Itga11_Itgb1","mouseconsensus"
"Col9a1","Itgav_Itgb8","mouseconsensus"
"Col9a1","Cd44","mouseconsensus"
"Col9a1","Sdc1","mouseconsensus"
"Col9a1","Gp6","mouseconsensus"
"Ibsp","Itgav_Itgb3","mouseconsensus"
"Ibsp","Itgav_Itgb5","mouseconsensus"
"Tnxb","Itgav_Itgb3","mouseconsensus"
"Tnxb","Itga2b_Itgb3","mouseconsensus"
"Tnxb","Itga8_Itgb1","mouseconsensus"
"Tnxb","Itga9_Itgb1","mouseconsensus"
"Tnxb","Itgav_Itgb6","mouseconsensus"
"Tnxb","Sdc1","mouseconsensus"
"Lama2","Itga2_Itgb1","mouseconsensus"
"Lama2","Itga6_Itgb1","mouseconsensus"
"Lama2","Itga3_Itgb1","mouseconsensus"
"Lama2","Itga7_Itgb1","mouseconsensus"
"Lama2","Itga9_Itgb1","mouseconsensus"
"Lama2","Itgav_Itgb8","mouseconsensus"
"Lama2","Itga6_Itgb4","mouseconsensus"
"Lama2","Rpsa","mouseconsensus"
"Lama2","Cd44","mouseconsensus"
"Lama2","Itga1","mouseconsensus"
"Lama2","Dag1","mouseconsensus"
"Tnc","Itgav_Itgb3","mouseconsensus"
"Tnc","Itga2b_Itgb3","mouseconsensus"
"Tnc","Itga8_Itgb1","mouseconsensus"
"Tnc","Itga9_Itgb1","mouseconsensus"
"Tnc","Itgav_Itgb6","mouseconsensus"
"Tnc","Egfr","mouseconsensus"
"Tnc","Itga5","mouseconsensus"
"Tnc","Itga2","mouseconsensus"
"Tnc","Sdc1","mouseconsensus"
"Tnc","Ptprb","mouseconsensus"
"Tnc","Ptprz1","mouseconsensus"
"Tnc","Cntn1","mouseconsensus"
"Tnc","Itga7","mouseconsensus"
"Lama1","Itga2_Itgb1","mouseconsensus"
"Lama1","Itga6_Itgb1","mouseconsensus"
"Lama1","Itga3_Itgb1","mouseconsensus"
"Lama1","Itga7_Itgb1","mouseconsensus"
"Lama1","Itga9_Itgb1","mouseconsensus"
"Lama1","Itgav_Itgb8","mouseconsensus"
"Lama1","Itga6_Itgb4","mouseconsensus"
"Lama1","Rpsa","mouseconsensus"
"Lama1","Cd44","mouseconsensus"
"Lama1","Sdc2","mouseconsensus"
"Lama1","Gpc1","mouseconsensus"
"Lama1","Itga1","mouseconsensus"
"Lama1","Dag1","mouseconsensus"
"Col4a5","Itga10_Itgb1","mouseconsensus"
"Col4a5","Itga2_Itgb1","mouseconsensus"
"Col4a5","Itga3_Itgb1","mouseconsensus"
"Col4a5","Itga1_Itgb1","mouseconsensus"
"Col4a5","Itga9_Itgb1","mouseconsensus"
"Col4a5","Itga11_Itgb1","mouseconsensus"
"Col4a5","Itgav_Itgb8","mouseconsensus"
"Col4a5","Cd44","mouseconsensus"
"Col4a5","Sdc1","mouseconsensus"
"Col4a5","Cd47","mouseconsensus"
"Col4a5","Gp6","mouseconsensus"
"Col4a5","Cd93","mouseconsensus"
"Thbs2","Itgav_Itgb3","mouseconsensus"
"Thbs2","Itga3_Itgb1","mouseconsensus"
"Thbs2","Itga4","mouseconsensus"
"Thbs2","Cd36","mouseconsensus"
"Thbs2","Sdc1","mouseconsensus"
"Thbs2","Itga6","mouseconsensus"
"Thbs2","Cd47","mouseconsensus"
"Thbs2","Notch4","mouseconsensus"
"Thbs2","Notch3","mouseconsensus"
"Thbs4","Itgav_Itgb3","mouseconsensus"
"Thbs4","Itga3_Itgb1","mouseconsensus"
"Thbs4","Cd36","mouseconsensus"
"Thbs4","Sdc1","mouseconsensus"
"Thbs4","Cd47","mouseconsensus"
"Thbs3","Itgav_Itgb3","mouseconsensus"
"Thbs3","Itga3_Itgb1","mouseconsensus"
"Comp","Itgav_Itgb3","mouseconsensus"
"Comp","Itga3_Itgb1","mouseconsensus"
"Comp","Itga5","mouseconsensus"
"Comp","Cd36","mouseconsensus"
"Comp","Sdc1","mouseconsensus"
"Comp","Cd47","mouseconsensus"
"Col4a4","Itga10_Itgb1","mouseconsensus"
"Col4a4","Itga2_Itgb1","mouseconsensus"
"Col4a4","Itga3_Itgb1","mouseconsensus"
"Col4a4","Itga1_Itgb1","mouseconsensus"
"Col4a4","Itga9_Itgb1","mouseconsensus"
"Col4a4","Itga11_Itgb1","mouseconsensus"
"Col4a4","Itgav_Itgb8","mouseconsensus"
"Col4a4","Itgb3","mouseconsensus"
"Col4a4","Cd44","mouseconsensus"
"Col4a4","Sdc1","mouseconsensus"
"Col4a4","Cd47","mouseconsensus"
"Col4a4","Gp6","mouseconsensus"
"Col4a4","Cd93","mouseconsensus"
"Lamb2","Itga2_Itgb1","mouseconsensus"
"Lamb2","Itga6_Itgb1","mouseconsensus"
"Lamb2","Itga3_Itgb1","mouseconsensus"
"Lamb2","Itga7_Itgb1","mouseconsensus"
"Lamb2","Itga9_Itgb1","mouseconsensus"
"Lamb2","Itgav_Itgb8","mouseconsensus"
"Lamb2","Itga6_Itgb4","mouseconsensus"
"Lamb2","Rpsa","mouseconsensus"
"Lamb2","Cd44","mouseconsensus"
"Lamb2","Dag1","mouseconsensus"
"Reln","Itga3_Itgb1","mouseconsensus"
"Reln","Vldlr","mouseconsensus"
"Reln","Lrp8","mouseconsensus"
"Hspg2","Itgb1","mouseconsensus"
"Hspg2","Fgfr1","mouseconsensus"
"Hspg2","Itga2","mouseconsensus"
"Hspg2","Sdc1","mouseconsensus"
"Hspg2","Lrp2","mouseconsensus"
"Hspg2","Lrp1","mouseconsensus"
"Hspg2","Ptprs","mouseconsensus"
"Hspg2","Dag1","mouseconsensus"
"Col4a3","Itga10_Itgb1","mouseconsensus"
"Col4a3","Itga2_Itgb1","mouseconsensus"
"Col4a3","Itga3_Itgb1","mouseconsensus"
"Col4a3","Itga1_Itgb1","mouseconsensus"
"Col4a3","Itga9_Itgb1","mouseconsensus"
"Col4a3","Itga11_Itgb1","mouseconsensus"
"Col4a3","Itgav_Itgb8","mouseconsensus"
"Col4a3","Itgb3","mouseconsensus"
"Col4a3","Cd44","mouseconsensus"
"Col4a3","Sdc1","mouseconsensus"
"Col4a3","Cd47","mouseconsensus"
"Col4a3","Gp6","mouseconsensus"
"Col4a3","Cd93","mouseconsensus"
"Dmp1","Itgav_Itgb3","mouseconsensus"
"Lamb3","Itga2_Itgb1","mouseconsensus"
"Lamb3","Itga6_Itgb1","mouseconsensus"
"Lamb3","Itga3_Itgb1","mouseconsensus"
"Lamb3","Itga7_Itgb1","mouseconsensus"
"Lamb3","Itga9_Itgb1","mouseconsensus"
"Lamb3","Itgav_Itgb8","mouseconsensus"
"Lamb3","Itga6_Itgb4","mouseconsensus"
"Lamb3","Cd44","mouseconsensus"
"Lamb3","Dag1","mouseconsensus"
"Lamc2","Itga2_Itgb1","mouseconsensus"
"Lamc2","Itga6_Itgb1","mouseconsensus"
"Lamc2","Itga3_Itgb1","mouseconsensus"
"Lamc2","Itga7_Itgb1","mouseconsensus"
"Lamc2","Itga9_Itgb1","mouseconsensus"
"Lamc2","Itgav_Itgb8","mouseconsensus"
"Lamc2","Itga6_Itgb4","mouseconsensus"
"Lamc2","Cd44","mouseconsensus"
"Lamc2","Dag1","mouseconsensus"
"Col4a6","Itga10_Itgb1","mouseconsensus"
"Col4a6","Itga2_Itgb1","mouseconsensus"
"Col4a6","Itga3_Itgb1","mouseconsensus"
"Col4a6","Itga1_Itgb1","mouseconsensus"
"Col4a6","Itga9_Itgb1","mouseconsensus"
"Col4a6","Itga11_Itgb1","mouseconsensus"
"Col4a6","Itgav_Itgb8","mouseconsensus"
"Col4a6","Cd44","mouseconsensus"
"Col4a6","Sdc1","mouseconsensus"
"Col4a6","Cd47","mouseconsensus"
"Col4a6","Gp6","mouseconsensus"
"Col4a6","Cd93","mouseconsensus"
"Col9a3","Itga10_Itgb1","mouseconsensus"
"Col9a3","Itga2_Itgb1","mouseconsensus"
"Col9a3","Itga3_Itgb1","mouseconsensus"
"Col9a3","Itga1_Itgb1","mouseconsensus"
"Col9a3","Itga9_Itgb1","mouseconsensus"
"Col9a3","Itga11_Itgb1","mouseconsensus"
"Col9a3","Itgav_Itgb8","mouseconsensus"
"Col9a3","Cd44","mouseconsensus"
"Col9a3","Sdc1","mouseconsensus"
"Col9a3","Gp6","mouseconsensus"
"Col9a2","Itga10_Itgb1","mouseconsensus"
"Col9a2","Itga2_Itgb1","mouseconsensus"
"Col9a2","Itga3_Itgb1","mouseconsensus"
"Col9a2","Itga1_Itgb1","mouseconsensus"
"Col9a2","Itga9_Itgb1","mouseconsensus"
"Col9a2","Itga11_Itgb1","mouseconsensus"
"Col9a2","Itgav_Itgb8","mouseconsensus"
"Col9a2","Cd44","mouseconsensus"
"Col9a2","Sdc1","mouseconsensus"
"Col9a2","Gp6","mouseconsensus"
"Lama4","Itga2_Itgb1","mouseconsensus"
"Lama4","Itga6_Itgb1","mouseconsensus"
"Lama4","Itga3_Itgb1","mouseconsensus"
"Lama4","Itga7_Itgb1","mouseconsensus"
"Lama4","Itga9_Itgb1","mouseconsensus"
"Lama4","Itgav_Itgb8","mouseconsensus"
"Lama4","Itga6_Itgb4","mouseconsensus"
"Lama4","Cd44","mouseconsensus"
"Lama4","Dag1","mouseconsensus"
"Lama3","Itga2_Itgb1","mouseconsensus"
"Lama3","Itga6_Itgb1","mouseconsensus"
"Lama3","Itga3_Itgb1","mouseconsensus"
"Lama3","Itga7_Itgb1","mouseconsensus"
"Lama3","Itga9_Itgb1","mouseconsensus"
"Lama3","Itgav_Itgb8","mouseconsensus"
"Lama3","Itga6_Itgb4","mouseconsensus"
"Lama3","Cd44","mouseconsensus"
"Lama3","Sdc2","mouseconsensus"
"Lama3","Dag1","mouseconsensus"
"Tnr","Itgav_Itgb3","mouseconsensus"
"Tnr","Itga2b_Itgb3","mouseconsensus"
"Tnr","Itga8_Itgb1","mouseconsensus"
"Tnr","Itga9_Itgb1","mouseconsensus"
"Tnr","Itgav_Itgb6","mouseconsensus"
"Tnr","Sdc1","mouseconsensus"
"Tnn","Itgav_Itgb3","mouseconsensus"
"Tnn","Itga2b_Itgb3","mouseconsensus"
"Tnn","Itga8_Itgb1","mouseconsensus"
"Tnn","Itga9_Itgb1","mouseconsensus"
"Tnn","Itgav_Itgb6","mouseconsensus"
"Tnn","Sdc1","mouseconsensus"
"Lamc3","Itga2_Itgb1","mouseconsensus"
"Lamc3","Itga6_Itgb1","mouseconsensus"
"Lamc3","Itga3_Itgb1","mouseconsensus"
"Lamc3","Itga7_Itgb1","mouseconsensus"
"Lamc3","Itga9_Itgb1","mouseconsensus"
"Lamc3","Itgav_Itgb8","mouseconsensus"
"Lamc3","Itga6_Itgb4","mouseconsensus"
"Lamc3","Cd44","mouseconsensus"
"Lamc3","Dag1","mouseconsensus"
"Clcf1_Crlf1","Cntfr_Il6st","mouseconsensus"
"Lta_Ltb","Ltbr","mouseconsensus"
"Inha_Inhba","Acvr2a","mouseconsensus"
"Inha_Inhbb","Acvr2b","mouseconsensus"
"Inhba_Inhbb","Acvr1b_Acvr2a","mouseconsensus"
"Inhba_Inhbb","Acvr1_Acvr2a","mouseconsensus"
"Inhba_Inhbb","Acvr1c_Acvr2a","mouseconsensus"
"Inhba_Inhbb","Acvr1b_Acvr2b","mouseconsensus"
"Inhba_Inhbb","Acvr1_Acvr2b","mouseconsensus"
"Inhba_Inhbb","Acvr1c_Acvr2b","mouseconsensus"
"Csf1_Il34","Csf1r","mouseconsensus"
"Il12a_Il12b","Il12rb1_Il12rb2","mouseconsensus"
"Ebi3_Il12a","Il12rb2_Il6st","mouseconsensus"
"Il12a_Il27","Il12rb2_Il27ra","mouseconsensus"
"Il12b_Il23a","Il12rb1_Il23r","mouseconsensus"
"Ebi3_Il27","Il27ra_Il6st","mouseconsensus"
"Il17a_Il17f","Il17ra_Il17rc","mouseconsensus"
"Ccl24","Ccr2","mouseconsensus"
"Ccl24","Ccr3","mouseconsensus"
"Cort","Adra2a","mouseconsensus"
"Cort","Sstr1","mouseconsensus"
"Cort","Sstr2","mouseconsensus"
"Cort","Sstr4","mouseconsensus"
"Cort","Sstr3","mouseconsensus"
"Cort","Sstr5","mouseconsensus"
"Cort","Mtnr1a","mouseconsensus"
"Cort","Grm7","mouseconsensus"
"Cort","Ghsr","mouseconsensus"
"Agrp","Sdc3","mouseconsensus"
"Agrp","Mc4r","mouseconsensus"
"Agrp","Mc5r","mouseconsensus"
"Agrp","Mc3r","mouseconsensus"
"Lefty2","Acvr2a","mouseconsensus"
"Lefty2","Acvr1b","mouseconsensus"
"Lefty2","Acvr2b","mouseconsensus"
"Ccl21b","Adra2a","mouseconsensus"
"Ccl21b","Ccr7","mouseconsensus"
"Ccl21b","Ccr10","mouseconsensus"
"Ccl21b","Mtnr1a","mouseconsensus"
"Ccl21b","Cxcr3","mouseconsensus"
"Ccl21b","Grm7","mouseconsensus"
"Ccl21b","Ackr4","mouseconsensus"
"Ccl22","Ccr4","mouseconsensus"
"Ntn3","Cdon","mouseconsensus"
"Ntn3","Neo1","mouseconsensus"
"Wnt10b","Fzd9_Lrp5","mouseconsensus"
"Wnt10b","Fzd9_Lrp6","mouseconsensus"
"Wnt10b","Fzd6_Lrp5","mouseconsensus"
"Wnt10b","Fzd6_Lrp6","mouseconsensus"
"Wnt10b","Fzd7_Lrp5","mouseconsensus"
"Wnt10b","Fzd7_Lrp6","mouseconsensus"
"Wnt10b","Fzd5_Lrp5","mouseconsensus"
"Wnt10b","Fzd2_Lrp5","mouseconsensus"
"Wnt10b","Fzd8_Lrp5","mouseconsensus"
"Wnt10b","Fzd3_Lrp5","mouseconsensus"
"Wnt10b","Fzd4_Lrp5","mouseconsensus"
"Wnt10b","Fzd10_Lrp5","mouseconsensus"
"Wnt10b","Fzd1_Lrp5","mouseconsensus"
"Wnt10b","Fzd5_Lrp6","mouseconsensus"
"Wnt10b","Fzd2_Lrp6","mouseconsensus"
"Wnt10b","Fzd8_Lrp6","mouseconsensus"
"Wnt10b","Fzd3_Lrp6","mouseconsensus"
"Wnt10b","Fzd4_Lrp6","mouseconsensus"
"Wnt10b","Fzd10_Lrp6","mouseconsensus"
"Wnt10b","Fzd1_Lrp6","mouseconsensus"
"Wnt7a","Fzd9_Lrp5","mouseconsensus"
"Wnt7a","Fzd9_Lrp6","mouseconsensus"
"Wnt7a","Fzd6_Lrp5","mouseconsensus"
"Wnt7a","Fzd6_Lrp6","mouseconsensus"
"Wnt7a","Fzd7_Lrp5","mouseconsensus"
"Wnt7a","Fzd7_Lrp6","mouseconsensus"
"Wnt7a","Fzd5_Lrp5","mouseconsensus"
"Wnt7a","Fzd2_Lrp5","mouseconsensus"
"Wnt7a","Fzd8_Lrp5","mouseconsensus"
"Wnt7a","Fzd3_Lrp5","mouseconsensus"
"Wnt7a","Fzd4_Lrp5","mouseconsensus"
"Wnt7a","Fzd10_Lrp5","mouseconsensus"
"Wnt7a","Fzd1_Lrp5","mouseconsensus"
"Wnt7a","Fzd5_Lrp6","mouseconsensus"
"Wnt7a","Fzd2_Lrp6","mouseconsensus"
"Wnt7a","Fzd8_Lrp6","mouseconsensus"
"Wnt7a","Fzd3_Lrp6","mouseconsensus"
"Wnt7a","Fzd4_Lrp6","mouseconsensus"
"Wnt7a","Fzd10_Lrp6","mouseconsensus"
"Wnt7a","Fzd1_Lrp6","mouseconsensus"
"Wnt7a","Reck","mouseconsensus"
"Wnt7a","Ldlr","mouseconsensus"
"Mstn","Acvr1b_Acvr2a","mouseconsensus"
"Mstn","Acvr2a_Tgfbr1","mouseconsensus"
"Mstn","Acvr1b_Acvr2b","mouseconsensus"
"Mstn","Acvr2b_Tgfbr1","mouseconsensus"
"Wnt9a","Fzd9_Lrp5","mouseconsensus"
"Wnt9a","Fzd9_Lrp6","mouseconsensus"
"Wnt9a","Fzd6_Lrp5","mouseconsensus"
"Wnt9a","Fzd6_Lrp6","mouseconsensus"
"Wnt9a","Fzd7_Lrp5","mouseconsensus"
"Wnt9a","Fzd7_Lrp6","mouseconsensus"
"Wnt9a","Fzd5_Lrp5","mouseconsensus"
"Wnt9a","Fzd2_Lrp5","mouseconsensus"
"Wnt9a","Fzd8_Lrp5","mouseconsensus"
"Wnt9a","Fzd3_Lrp5","mouseconsensus"
"Wnt9a","Fzd4_Lrp5","mouseconsensus"
"Wnt9a","Fzd10_Lrp5","mouseconsensus"
"Wnt9a","Fzd1_Lrp5","mouseconsensus"
"Wnt9a","Fzd5_Lrp6","mouseconsensus"
"Wnt9a","Fzd2_Lrp6","mouseconsensus"
"Wnt9a","Fzd8_Lrp6","mouseconsensus"
"Wnt9a","Fzd3_Lrp6","mouseconsensus"
"Wnt9a","Fzd4_Lrp6","mouseconsensus"
"Wnt9a","Fzd10_Lrp6","mouseconsensus"
"Wnt9a","Fzd1_Lrp6","mouseconsensus"
"Wnt9b","Fzd9_Lrp5","mouseconsensus"
"Wnt9b","Fzd9_Lrp6","mouseconsensus"
"Wnt9b","Fzd6_Lrp5","mouseconsensus"
"Wnt9b","Fzd6_Lrp6","mouseconsensus"
"Wnt9b","Fzd7_Lrp5","mouseconsensus"
"Wnt9b","Fzd7_Lrp6","mouseconsensus"
"Wnt9b","Fzd5_Lrp5","mouseconsensus"
"Wnt9b","Fzd2_Lrp5","mouseconsensus"
"Wnt9b","Fzd8_Lrp5","mouseconsensus"
"Wnt9b","Fzd3_Lrp5","mouseconsensus"
"Wnt9b","Fzd4_Lrp5","mouseconsensus"
"Wnt9b","Fzd10_Lrp5","mouseconsensus"
"Wnt9b","Fzd1_Lrp5","mouseconsensus"
"Wnt9b","Fzd5_Lrp6","mouseconsensus"
"Wnt9b","Fzd2_Lrp6","mouseconsensus"
"Wnt9b","Fzd8_Lrp6","mouseconsensus"
"Wnt9b","Fzd3_Lrp6","mouseconsensus"
"Wnt9b","Fzd4_Lrp6","mouseconsensus"
"Wnt9b","Fzd10_Lrp6","mouseconsensus"
"Wnt9b","Fzd1_Lrp6","mouseconsensus"
"Sema3e","Nrp1","mouseconsensus"
"Sema3e","Plxnd1","mouseconsensus"
"Angpt2","Itga5_Itgb1","mouseconsensus"
"Angpt2","Tie1","mouseconsensus"
"Angpt2","Tek","mouseconsensus"
"Npff","Npffr1","mouseconsensus"
"Npff","Npffr2","mouseconsensus"
"Vgf","Ntrk1","mouseconsensus"
"Ccl25","Adra2a","mouseconsensus"
"Ccl25","Ccr10","mouseconsensus"
"Ccl25","Mtnr1a","mouseconsensus"
"Ccl25","Ccr9","mouseconsensus"
"Ccl25","Grm7","mouseconsensus"
"Ccl25","Ackr4","mouseconsensus"
"Fgf10","Fgfr1","mouseconsensus"
"Fgf10","Fgfr2","mouseconsensus"
"Fgf10","Fgfrl1","mouseconsensus"
"Fgf16","Fgfr1","mouseconsensus"
"Fgf16","Fgfr2","mouseconsensus"
"Fgf16","Fgfr4","mouseconsensus"
"Fgf16","Fgfr3","mouseconsensus"
"Dhh","Ptch1_Smo","mouseconsensus"
"Dhh","Ptch2_Smo","mouseconsensus"
"Dhh","Cdon","mouseconsensus"
"Dhh","Boc","mouseconsensus"
"Hcrt","Hcrtr1","mouseconsensus"
"Hcrt","Hcrtr2","mouseconsensus"
"Hcrt","Npffr2","mouseconsensus"
"Angptl7","Pirb","mouseconsensus"
"Edil3","Itgb3","mouseconsensus"
"Edil3","Itgav","mouseconsensus"
"Edil3","Itgb5","mouseconsensus"
"Cd5l","Cd5","mouseconsensus"
"Cxcl13","Adra2a","mouseconsensus"
"Cxcl13","Cxcr5","mouseconsensus"
"Cxcl13","Ccr10","mouseconsensus"
"Cxcl13","Mtnr1a","mouseconsensus"
"Cxcl13","Cxcr3","mouseconsensus"
"Cxcl13","Grm7","mouseconsensus"
"Cxcl13","Ackr4","mouseconsensus"
"Fgf17","Fgfr1","mouseconsensus"
"Fgf17","Fgfr2","mouseconsensus"
"Fgf17","Fgfr4","mouseconsensus"
"Fgf17","Fgfr3","mouseconsensus"
"Gdf9","Acvr1b_Bmpr2","mouseconsensus"
"Gdf9","Bmpr2_Tgfbr1","mouseconsensus"
"Gdf9","Bmpr1b","mouseconsensus"
"Gdf9","Acvr2a","mouseconsensus"
"Gdf9","Bmpr1a","mouseconsensus"
"Pspn","Gfra4_Ret","mouseconsensus"
"Pspn","Gfra2","mouseconsensus"
"Pspn","Sdc3","mouseconsensus"
"Pspn","Gfra1","mouseconsensus"
"Grem1","Kdr","mouseconsensus"
"Slit1","Sdc1","mouseconsensus"
"Slit1","Gpc1","mouseconsensus"
"Slit1","Robo2","mouseconsensus"
"Slit1","Flrt3","mouseconsensus"
"Slit1","Robo1","mouseconsensus"
"Slit3","Robo4","mouseconsensus"
"Slit3","Robo2","mouseconsensus"
"Slit3","Robo1","mouseconsensus"
"Pglyrp1","Trem1","mouseconsensus"
"Lefty1","Acvr2a","mouseconsensus"
"Lefty1","Acvr1b","mouseconsensus"
"Lefty1","Acvr2b","mouseconsensus"
"Fgf18","Fgfr1","mouseconsensus"
"Fgf18","Fgfr2","mouseconsensus"
"Fgf18","Fgfr4","mouseconsensus"
"Fgf18","Fgfr3","mouseconsensus"
"Slit2","App","mouseconsensus"
"Slit2","Sdc1","mouseconsensus"
"Slit2","Gpc1","mouseconsensus"
"Slit2","Dcc","mouseconsensus"
"Slit2","Robo4","mouseconsensus"
"Slit2","Robo2","mouseconsensus"
"Slit2","Robo1","mouseconsensus"
"Lrig2","Egfr","mouseconsensus"
"Dkk1","Lrp4","mouseconsensus"
"Dkk1","Lrp5","mouseconsensus"
"Dkk1","Lrp6","mouseconsensus"
"Dkk1","Kremen2","mouseconsensus"
"Dkk1","Kremen1","mouseconsensus"
"Sema3d","Nrp1_Plxna2","mouseconsensus"
"Sema3d","Nrp1_Plxna3","mouseconsensus"
"Sema3d","Nrp1_Plxna4","mouseconsensus"
"Sema3d","Nrp1_Plxna1","mouseconsensus"
"Sema3d","Nrp2_Plxna2","mouseconsensus"
"Sema3d","Nrp2_Plxna3","mouseconsensus"
"Sema3d","Nrp2_Plxna4","mouseconsensus"
"Sema3d","Nrp2_Plxna1","mouseconsensus"
"Sema3d","Plxnd1","mouseconsensus"
"Nxph2","Nrxn1","mouseconsensus"
"Nxph3","Nrxn1","mouseconsensus"
"Nxph3","Nrxn2","mouseconsensus"
"Gdf11","Acvr1b_Acvr2a","mouseconsensus"
"Gdf11","Acvr2a_Tgfbr1","mouseconsensus"
"Gdf11","Acvr1b_Acvr2b","mouseconsensus"
"Gdf11","Acvr2b_Tgfbr1","mouseconsensus"
"Gdf11","Bmpr1b","mouseconsensus"
"Gdf11","Bmpr1a","mouseconsensus"
"Gdf11","Bmpr2","mouseconsensus"
"Gdf11","Antxr1","mouseconsensus"
"Bmp10","Acvr2a_Acvrl1","mouseconsensus"
"Bmp10","Acvr2b_Acvrl1","mouseconsensus"
"Bmp10","Acvrl1_Bmpr2","mouseconsensus"
"Bmp10","Bmpr1b","mouseconsensus"
"Bmp10","Ffar2","mouseconsensus"
"Bmp10","Bmpr1a","mouseconsensus"
"Bmp10","Gpr152","mouseconsensus"
"Uts2","Uts2r","mouseconsensus"
"Ntn1","Unc5c","mouseconsensus"
"Ntn1","Adora2b","mouseconsensus"
"Ntn1","Mcam","mouseconsensus"
"Ntn1","Dcc","mouseconsensus"
"Ntn1","Unc5d","mouseconsensus"
"Ntn1","Unc5a","mouseconsensus"
"Ntn1","Unc5b","mouseconsensus"
"Ntn1","Neo1","mouseconsensus"
"Cxcl14","Cxcr4","mouseconsensus"
"Fgf15","Fgfr1","mouseconsensus"
"Fgf15","Fgfr2","mouseconsensus"
"Fgf15","Fgfr4","mouseconsensus"
"Fgf15","Fgfr3","mouseconsensus"
"Fgf15","Klb","mouseconsensus"
"Il33","Il1rap_Il1rl1","mouseconsensus"
"Cer1","Mrc2","mouseconsensus"
"Angptl1","Pirb","mouseconsensus"
"Angptl1","Tek","mouseconsensus"
"Olfm2","Robo2","mouseconsensus"
"Lgi1","Adam23","mouseconsensus"
"Lgi1","Rtn4r","mouseconsensus"
"Bmp15","Bmpr1b_Bmpr2","mouseconsensus"
"Bmp15","Acvr2a","mouseconsensus"
"Bmp15","Bmpr1a","mouseconsensus"
"Wnt11","Fzd9","mouseconsensus"
"Wnt11","Musk","mouseconsensus"
"Wnt11","Fzd6","mouseconsensus"
"Wnt11","Fzd7","mouseconsensus"
"Wnt11","Fzd5","mouseconsensus"
"Wnt11","Fzd2","mouseconsensus"
"Wnt11","Fzd8","mouseconsensus"
"Wnt11","Fzd3","mouseconsensus"
"Wnt11","Fzd4","mouseconsensus"
"Wnt11","Fzd10","mouseconsensus"
"Hp","Tlr4","mouseconsensus"
"Hp","Itgb2","mouseconsensus"
"Hp","Asgr1","mouseconsensus"
"Hp","Asgr2","mouseconsensus"
"Hp","Itgam","mouseconsensus"
"Hp","Cd22","mouseconsensus"
"Hp","Cd163","mouseconsensus"
"Plg","F2rl2","mouseconsensus"
"Plg","Itgb2","mouseconsensus"
"Plg","Itgb1","mouseconsensus"
"Plg","Itgam","mouseconsensus"
"Plg","Igf2r","mouseconsensus"
"Plg","F3","mouseconsensus"
"Plg","Flt1","mouseconsensus"
"Plg","F2r","mouseconsensus"
"Plg","F2rl1","mouseconsensus"
"Plg","Plaur","mouseconsensus"
"Plg","Itga9","mouseconsensus"
"Plg","Pard3","mouseconsensus"
"Plg","F2rl3","mouseconsensus"
"Agt","Mas1","mouseconsensus"
"Agt","Adra2a","mouseconsensus"
"Agt","Agtr1a","mouseconsensus"
"Agt","Mtnr1a","mouseconsensus"
"Agt","Agtr2","mouseconsensus"
"Agt","Lrp2","mouseconsensus"
"Agt","Grm7","mouseconsensus"
"Pdgfb","Pdgfra_Pdgfrb","mouseconsensus"
"Pdgfb","Itgav","mouseconsensus"
"Pdgfb","S1pr1","mouseconsensus"
"Pdgfb","Lrp1","mouseconsensus"
"Egf","Egfr_Erbb2","mouseconsensus"
"Egf","Nrp1","mouseconsensus"
"Egf","Ldlr","mouseconsensus"
"Egf","Adrb2","mouseconsensus"
"Egf","Erbb3","mouseconsensus"
"Egf","Fshr","mouseconsensus"
"Egf","Axl","mouseconsensus"
"Egf","Lrp2","mouseconsensus"
"Egf","Erbb4","mouseconsensus"
"Tgfb1","Itgav_Itgb6","mouseconsensus"
"Tgfb1","Acvr1b_Tgfbr2","mouseconsensus"
"Tgfb1","Tgfbr1_Tgfbr2","mouseconsensus"
"Tgfb1","Acvr1_Tgfbr1_Tgfbr2","mouseconsensus"
"Tgfb1","Acvr1_Tgfbr2","mouseconsensus"
"Tgfb1","Acvr1c_Tgfbr2","mouseconsensus"
"Tgfb1","Egfr","mouseconsensus"
"Tgfb1","Itgb3","mouseconsensus"
"Tgfb1","Itgb1","mouseconsensus"
"Tgfb1","Itgb5","mouseconsensus"
"Tgfb1","Itgb8","mouseconsensus"
"Tgfb1","Sdc2","mouseconsensus"
"Tgfb1","Acvrl1","mouseconsensus"
"Tgfb1","Cxcr4","mouseconsensus"
"Tgfb1","Tgfbr3","mouseconsensus"
"Tgfb1","Vasn","mouseconsensus"
"Ngf","Ntrk1","mouseconsensus"
"Ngf","Ngfr","mouseconsensus"
"Ngf","Sorcs2","mouseconsensus"
"Nppa","Npr1","mouseconsensus"
"Nppa","Npr3","mouseconsensus"
"Nppa","Npr2","mouseconsensus"
"Oxt","Avpr2","mouseconsensus"
"Oxt","Oxtr","mouseconsensus"
"Oxt","Avpr1a","mouseconsensus"
"Oxt","Avpr1b","mouseconsensus"
"Avp","Ramp2","mouseconsensus"
"Avp","Ramp3","mouseconsensus"
"Avp","Ldlr","mouseconsensus"
"Avp","Adrb2","mouseconsensus"
"Avp","Adrb3","mouseconsensus"
"Avp","Tshr","mouseconsensus"
"Avp","Avpr2","mouseconsensus"
"Avp","Oxtr","mouseconsensus"
"Avp","Vipr1","mouseconsensus"
"Avp","Avpr1a","mouseconsensus"
"Avp","Adcyap1r1","mouseconsensus"
"Avp","Avpr1b","mouseconsensus"
"Avp","Lrp2","mouseconsensus"
"Avp","Pth1r","mouseconsensus"
"Avp","Gpr20","mouseconsensus"
"Avp","Gpr84","mouseconsensus"
"Pomc","Ramp2","mouseconsensus"
"Pomc","Ramp3","mouseconsensus"
"Pomc","Adrb2","mouseconsensus"
"Pomc","Adra2a","mouseconsensus"
"Pomc","Adrb3","mouseconsensus"
"Pomc","Tshr","mouseconsensus"
"Pomc","Vipr1","mouseconsensus"
"Pomc","Mc4r","mouseconsensus"
"Pomc","Mc5r","mouseconsensus"
"Pomc","Oprm1","mouseconsensus"
"Pomc","Oprk1","mouseconsensus"
"Pomc","Oprl1","mouseconsensus"
"Pomc","Adcyap1r1","mouseconsensus"
"Pomc","Mc3r","mouseconsensus"
"Pomc","Mtnr1a","mouseconsensus"
"Pomc","Mc2r","mouseconsensus"
"Pomc","Mc1r","mouseconsensus"
"Pomc","Pth1r","mouseconsensus"
"Pomc","Grm7","mouseconsensus"
"Pomc","Gpr20","mouseconsensus"
"Pomc","Gpr84","mouseconsensus"
"Penk","Adra2a","mouseconsensus"
"Penk","Oprm1","mouseconsensus"
"Penk","Oprk1","mouseconsensus"
"Penk","Oprl1","mouseconsensus"
"Penk","Mtnr1a","mouseconsensus"
"Penk","Grm7","mouseconsensus"
"Penk","Mrgprb2","mouseconsensus"
"Penk","Ogfr","mouseconsensus"
"Pdyn","Adra2a","mouseconsensus"
"Pdyn","Oprm1","mouseconsensus"
"Pdyn","Oprk1","mouseconsensus"
"Pdyn","Oprl1","mouseconsensus"
"Pdyn","Mtnr1a","mouseconsensus"
"Pdyn","Grm7","mouseconsensus"
"Cga","Ramp2","mouseconsensus"
"Cga","Ramp3","mouseconsensus"
"Cga","Adrb2","mouseconsensus"
"Cga","Adrb3","mouseconsensus"
"Cga","Tshr","mouseconsensus"
"Cga","Lhcgr","mouseconsensus"
"Cga","Fshr","mouseconsensus"
"Cga","Vipr1","mouseconsensus"
"Cga","Adcyap1r1","mouseconsensus"
"Cga","Pth1r","mouseconsensus"
"Cga","Gpr20","mouseconsensus"
"Cga","Gpr84","mouseconsensus"
"Tshb","Ramp2","mouseconsensus"
"Tshb","Ramp3","mouseconsensus"
"Tshb","Adrb2","mouseconsensus"
"Tshb","Adrb3","mouseconsensus"
"Tshb","Tshr","mouseconsensus"
"Tshb","Vipr1","mouseconsensus"
"Tshb","Adcyap1r1","mouseconsensus"
"Tshb","Pth1r","mouseconsensus"
"Tshb","Gpr20","mouseconsensus"
"Tshb","Gpr84","mouseconsensus"
"Fshb","Ramp2","mouseconsensus"
"Fshb","Ramp3","mouseconsensus"
"Fshb","Adrb2","mouseconsensus"
"Fshb","Adrb3","mouseconsensus"
"Fshb","Tshr","mouseconsensus"
"Fshb","Fshr","mouseconsensus"
"Fshb","Vipr1","mouseconsensus"
"Fshb","Adcyap1r1","mouseconsensus"
"Fshb","Pth1r","mouseconsensus"
"Fshb","Gpr20","mouseconsensus"
"Fshb","Gpr84","mouseconsensus"
"Lhb","Ramp2","mouseconsensus"
"Lhb","Ramp3","mouseconsensus"
"Lhb","Adrb2","mouseconsensus"
"Lhb","Adrb3","mouseconsensus"
"Lhb","Tshr","mouseconsensus"
"Lhb","Lhcgr","mouseconsensus"
"Lhb","Vipr1","mouseconsensus"
"Lhb","Adcyap1r1","mouseconsensus"
"Lhb","Pth1r","mouseconsensus"
"Lhb","Gpr20","mouseconsensus"
"Lhb","Gpr84","mouseconsensus"
"Prl","Prlr","mouseconsensus"
"Tg","Tpo","mouseconsensus"
"Tg","Asgr1","mouseconsensus"
"Tg","Lrp2","mouseconsensus"
"Pth","Ramp2","mouseconsensus"
"Pth","Ramp3","mouseconsensus"
"Pth","Lrp6","mouseconsensus"
"Pth","Adrb2","mouseconsensus"
"Pth","Adrb3","mouseconsensus"
"Pth","Tshr","mouseconsensus"
"Pth","Vipr1","mouseconsensus"
"Pth","Adcyap1r1","mouseconsensus"
"Pth","Pth2r","mouseconsensus"
"Pth","Pth1r","mouseconsensus"
"Pth","Gpr20","mouseconsensus"
"Pth","Gpr84","mouseconsensus"
"Vip","Ramp1","mouseconsensus"
"Vip","Ramp2","mouseconsensus"
"Vip","Ramp3","mouseconsensus"
"Vip","Adrb2","mouseconsensus"
"Vip","Adrb3","mouseconsensus"
"Vip","Tshr","mouseconsensus"
"Vip","Npr3","mouseconsensus"
"Vip","Vipr1","mouseconsensus"
"Vip","Avpr1a","mouseconsensus"
"Vip","Adcyap1r1","mouseconsensus"
"Vip","Vipr2","mouseconsensus"
"Vip","Sctr","mouseconsensus"
"Vip","Pth1r","mouseconsensus"
"Vip","Gpr20","mouseconsensus"
"Vip","Gpr84","mouseconsensus"
"Ghrh","Ramp2","mouseconsensus"
"Ghrh","Ramp3","mouseconsensus"
"Ghrh","Adrb2","mouseconsensus"
"Ghrh","Adrb3","mouseconsensus"
"Ghrh","Tshr","mouseconsensus"
"Ghrh","Vipr1","mouseconsensus"
"Ghrh","Adcyap1r1","mouseconsensus"
"Ghrh","Vipr2","mouseconsensus"
"Ghrh","Ghrhr","mouseconsensus"
"Ghrh","Pth1r","mouseconsensus"
"Ghrh","Ghsr","mouseconsensus"
"Ghrh","Gpr20","mouseconsensus"
"Ghrh","Gpr84","mouseconsensus"
"Ppy","Adra2a","mouseconsensus"
"Ppy","Npy1r","mouseconsensus"
"Ppy","Mtnr1a","mouseconsensus"
"Ppy","Npy2r","mouseconsensus"
"Ppy","Grm7","mouseconsensus"
"Ppy","Npy5r","mouseconsensus"
"Ppy","Gpr83","mouseconsensus"
"Npy","Adra2a","mouseconsensus"
"Npy","Npy1r","mouseconsensus"
"Npy","Mc4r","mouseconsensus"
"Npy","Mtnr1a","mouseconsensus"
"Npy","Npy2r","mouseconsensus"
"Npy","Prlhr","mouseconsensus"
"Npy","Grm7","mouseconsensus"
"Npy","Npy5r","mouseconsensus"
"Npy","Gpr83","mouseconsensus"
"Npy","Npffr2","mouseconsensus"
"Ins2","Insr","mouseconsensus"
"Ins2","Igf1r","mouseconsensus"
"Ins2","Lrp2","mouseconsensus"
"Igf2","Itgav_Itgb3","mouseconsensus"
"Igf2","Itga6_Itgb4","mouseconsensus"
"Igf2","Insr","mouseconsensus"
"Igf2","Igf1r","mouseconsensus"
"Igf2","Igf2r","mouseconsensus"
"Igf2","Gpr152","mouseconsensus"
"Gast","Cckbr","mouseconsensus"
"Gast","Gpr152","mouseconsensus"
"Lta","Tnfrsf1a","mouseconsensus"
"Lta","Tnfrsf1b","mouseconsensus"
"Lta","Tnfrsf14","mouseconsensus"
"Ifnb1","Ifnar1_Ifnar2","mouseconsensus"
"Ifng","Ifngr1_Ifngr2","mouseconsensus"
"Il1a","Il1r1_Il1rap","mouseconsensus"
"Il1a","Il1r2_Il1rap","mouseconsensus"
"Il1b","Il1r1_Il1rap","mouseconsensus"
"Il1b","Il1r2_Il1rap","mouseconsensus"
"Il1b","Adrb2","mouseconsensus"
"Il1b","Sigirr","mouseconsensus"
"Epo","Epor","mouseconsensus"
"Epo","Ephb4","mouseconsensus"
"Apoa1","Ldlr","mouseconsensus"
"Apoa1","Lrp2","mouseconsensus"
"Apoa1","Lrp1","mouseconsensus"
"Apoe","Lrp4","mouseconsensus"
"Apoe","Lrp5","mouseconsensus"
"Apoe","Lrp6","mouseconsensus"
"Apoe","Ldlr","mouseconsensus"
"Apoe","Sdc2","mouseconsensus"
"Apoe","Vldlr","mouseconsensus"
"Apoe","Lrp2","mouseconsensus"
"Apoe","Lrp1","mouseconsensus"
"Apoe","Lrp8","mouseconsensus"
"Apoe","Lsr","mouseconsensus"
"Apoe","Scarb1","mouseconsensus"
"Apoe","Trem2","mouseconsensus"
"Apoa2","Ldlr","mouseconsensus"
"Apoa2","Lrp2","mouseconsensus"
"Apoa2","Lrp1","mouseconsensus"
"Apoc2","Ldlr","mouseconsensus"
"Apoc2","Lrp2","mouseconsensus"
"Apoc2","Lrp1","mouseconsensus"
"Ttr","Ngfr","mouseconsensus"
"Gc","Lrp2","mouseconsensus"
"Pf4","Ldlr","mouseconsensus"
"Pf4","Thbd","mouseconsensus"
"Pf4","Adra2a","mouseconsensus"
"Pf4","Fgfr2","mouseconsensus"
"Pf4","Sdc2","mouseconsensus"
"Pf4","Mtnr1a","mouseconsensus"
"Pf4","Cxcr3","mouseconsensus"
"Pf4","Lrp1","mouseconsensus"
"Pf4","Grm7","mouseconsensus"
"Pf4","Procr","mouseconsensus"
"Cxcl10","Adra2a","mouseconsensus"
"Cxcl10","Mtnr1a","mouseconsensus"
"Cxcl10","Cxcr3","mouseconsensus"
"Cxcl10","Ccr3","mouseconsensus"
"Cxcl10","Grm7","mouseconsensus"
"Trf","Ldlr","mouseconsensus"
"Trf","Tfrc","mouseconsensus"
"Trf","Adrb2","mouseconsensus"
"Trf","Lrp2","mouseconsensus"
"Trf","Tfr2","mouseconsensus"
"Hpx","Lrp1","mouseconsensus"
"Ang","Plxnb2","mouseconsensus"
"Ang","Egfr","mouseconsensus"
"Amh","Amhr2_Bmpr1b","mouseconsensus"
"Amh","Amhr2_Bmpr1a","mouseconsensus"
"Amh","Acvr1_Amhr2","mouseconsensus"
"Amh","Egfr","mouseconsensus"
"Pdgfa","Pdgfrb","mouseconsensus"
"Pdgfa","Pdgfra","mouseconsensus"
"Apob","Tlr4","mouseconsensus"
"Apob","Lrp6","mouseconsensus"
"Apob","Ldlr","mouseconsensus"
"Apob","Itgb2","mouseconsensus"
"Apob","Adrb2","mouseconsensus"
"Apob","Itgam","mouseconsensus"
"Apob","Olr1","mouseconsensus"
"Apob","Vldlr","mouseconsensus"
"Apob","Lrp2","mouseconsensus"
"Apob","Lrp1","mouseconsensus"
"Apob","Lrp8","mouseconsensus"
"Apob","Lsr","mouseconsensus"
"Apob","Tlr6","mouseconsensus"
"Csf2","Csf2ra_Csf2rb","mouseconsensus"
"Csf2","Itgb1","mouseconsensus"
"Csf2","Csf1r","mouseconsensus"
"Csf2","Il3ra","mouseconsensus"
"Csf2","Sdc2","mouseconsensus"
"Csf2","Itga9","mouseconsensus"
"Csf2","Csf3r","mouseconsensus"
"Wnt1","Fzd9_Lrp5","mouseconsensus"
"Wnt1","Fzd9_Lrp6","mouseconsensus"
"Wnt1","Fzd6_Lrp5","mouseconsensus"
"Wnt1","Fzd6_Lrp6","mouseconsensus"
"Wnt1","Fzd7_Lrp5","mouseconsensus"
"Wnt1","Fzd7_Lrp6","mouseconsensus"
"Wnt1","Fzd5_Lrp5","mouseconsensus"
"Wnt1","Fzd2_Lrp5","mouseconsensus"
"Wnt1","Fzd8_Lrp5","mouseconsensus"
"Wnt1","Fzd3_Lrp5","mouseconsensus"
"Wnt1","Fzd4_Lrp5","mouseconsensus"
"Wnt1","Fzd10_Lrp5","mouseconsensus"
"Wnt1","Fzd1_Lrp5","mouseconsensus"
"Wnt1","Fzd5_Lrp6","mouseconsensus"
"Wnt1","Fzd2_Lrp6","mouseconsensus"
"Wnt1","Fzd8_Lrp6","mouseconsensus"
"Wnt1","Fzd3_Lrp6","mouseconsensus"
"Wnt1","Fzd4_Lrp6","mouseconsensus"
"Wnt1","Fzd10_Lrp6","mouseconsensus"
"Wnt1","Fzd1_Lrp6","mouseconsensus"
"Wnt1","Cd36","mouseconsensus"
"Wnt1","Ryk","mouseconsensus"
"Wnt1","Ror2","mouseconsensus"
"Rln1","Rxfp4","mouseconsensus"
"Rln1","Rxfp2","mouseconsensus"
"Rln1","Rxfp1","mouseconsensus"
"Rln1","Rxfp3","mouseconsensus"
"Ifna11","Ifnar1_Ifnar2","mouseconsensus"
"Igf1","Itgav_Itgb3","mouseconsensus"
"Igf1","Itga6_Itgb4","mouseconsensus"
"Igf1","Insr","mouseconsensus"
"Igf1","Igf1r","mouseconsensus"
"Igf1","Igf2r","mouseconsensus"
"Apod","Lepr","mouseconsensus"
"S100a8","Tlr4","mouseconsensus"
"S100a8","Itgb2","mouseconsensus"
"S100a8","Cd36","mouseconsensus"
"S100a8","Cd68","mouseconsensus"
"S100a8","Ager","mouseconsensus"
"Inha","Tgfbr3","mouseconsensus"
"Inha","Acvr1","mouseconsensus"
"Il4","Il2rg_Il4ra","mouseconsensus"
"Il4","Il13_Il13ra1_Il4ra","mouseconsensus"
"Il4","Il13ra1_Il4ra","mouseconsensus"
"Il4","Il13ra2_Il4ra","mouseconsensus"
"Il4","Cd53","mouseconsensus"
"Il5","Csf2rb_Il5ra","mouseconsensus"
"Fgf1","Nrp1","mouseconsensus"
"Fgf1","Egfr","mouseconsensus"
"Fgf1","Fgfr1","mouseconsensus"
"Fgf1","Cd44","mouseconsensus"
"Fgf1","Fgfr2","mouseconsensus"
"Fgf1","Fgfr4","mouseconsensus"
"Fgf1","Fgfr3","mouseconsensus"
"Fgf1","Tgfbr3","mouseconsensus"
"Fgf1","Cspg4","mouseconsensus"
"Fgf1","Fgfrl1","mouseconsensus"
"Il6","Il6ra_Il6st","mouseconsensus"
"Il6","F3","mouseconsensus"
"Il6","Hrh1","mouseconsensus"
"Edn1","Ednrb","mouseconsensus"
"Edn1","Ednra","mouseconsensus"
"Cck","Cckar","mouseconsensus"
"Cck","Cckbr","mouseconsensus"
"S100a9","Tlr4","mouseconsensus"
"S100a9","Itgb2","mouseconsensus"
"S100a9","Cd36","mouseconsensus"
"S100a9","Cd68","mouseconsensus"
"S100a9","Ager","mouseconsensus"
"Apoa4","Ldlr","mouseconsensus"
"Apoa4","Lrp2","mouseconsensus"
"Apoa4","Lrp1","mouseconsensus"
"Gpi1","Ntrk1","mouseconsensus"
"Crh","Ramp2","mouseconsensus"
"Crh","Ramp3","mouseconsensus"
"Crh","Adrb2","mouseconsensus"
"Crh","Adrb3","mouseconsensus"
"Crh","Tshr","mouseconsensus"
"Crh","Vipr1","mouseconsensus"
"Crh","Crhr1","mouseconsensus"
"Crh","Adcyap1r1","mouseconsensus"
"Crh","Mc2r","mouseconsensus"
"Crh","Pth1r","mouseconsensus"
"Crh","Crhr2","mouseconsensus"
"Crh","Gpr20","mouseconsensus"
"Crh","Gpr84","mouseconsensus"
"Try10","F2rl2","mouseconsensus"
"Try10","F2r","mouseconsensus"
"Try10","F2rl1","mouseconsensus"
"Try10","Pard3","mouseconsensus"
"Try10","F2rl3","mouseconsensus"
"Prss2","F2rl2","mouseconsensus"
"Prss2","F2r","mouseconsensus"
"Prss2","F2rl1","mouseconsensus"
"Prss2","Pard3","mouseconsensus"
"Prss2","F2rl3","mouseconsensus"
"Grp","Nmbr","mouseconsensus"
"Grp","Grpr","mouseconsensus"
"Grp","Brs3","mouseconsensus"
"Dcn","Tlr4","mouseconsensus"
"Dcn","Tlr2","mouseconsensus"
"Dcn","Egfr","mouseconsensus"
"Dcn","Met","mouseconsensus"
"Dcn","Erbb4","mouseconsensus"
"Inhba","Tgfbr3","mouseconsensus"
"Inhba","Bambi","mouseconsensus"
"Fgf4","Nrp1","mouseconsensus"
"Fgf4","Fgfr1","mouseconsensus"
"Fgf4","Fgfr2","mouseconsensus"
"Fgf4","Fgfr4","mouseconsensus"
"Fgf4","Fgfr3","mouseconsensus"
"Fgf4","Fgfrl1","mouseconsensus"
"Nmb","Nmbr","mouseconsensus"
"Nmb","Grpr","mouseconsensus"
"Nmb","Brs3","mouseconsensus"
"Fgf2","Nrp1","mouseconsensus"
"Fgf2","Sdc3","mouseconsensus"
"Fgf2","Gpc4","mouseconsensus"
"Fgf2","Fgfr1","mouseconsensus"
"Fgf2","Cd44","mouseconsensus"
"Fgf2","Sdc1","mouseconsensus"
"Fgf2","Fgfr2","mouseconsensus"
"Fgf2","Fgfr4","mouseconsensus"
"Fgf2","Fgfr3","mouseconsensus"
"Fgf2","Sdc2","mouseconsensus"
"Fgf2","Fgfrl1","mouseconsensus"
"Lgals1","Itgb1","mouseconsensus"
"Lgals1","Ptprc","mouseconsensus"
"Wnt2","Fzd9_Lrp5","mouseconsensus"
"Wnt2","Fzd9_Lrp6","mouseconsensus"
"Wnt2","Fzd6_Lrp5","mouseconsensus"
"Wnt2","Fzd6_Lrp6","mouseconsensus"
"Wnt2","Fzd7_Lrp5","mouseconsensus"
"Wnt2","Fzd7_Lrp6","mouseconsensus"
"Wnt2","Fzd5_Lrp5","mouseconsensus"
"Wnt2","Fzd2_Lrp5","mouseconsensus"
"Wnt2","Fzd8_Lrp5","mouseconsensus"
"Wnt2","Fzd3_Lrp5","mouseconsensus"
"Wnt2","Fzd4_Lrp5","mouseconsensus"
"Wnt2","Fzd10_Lrp5","mouseconsensus"
"Wnt2","Fzd1_Lrp5","mouseconsensus"
"Wnt2","Fzd5_Lrp6","mouseconsensus"
"Wnt2","Fzd2_Lrp6","mouseconsensus"
"Wnt2","Fzd8_Lrp6","mouseconsensus"
"Wnt2","Fzd3_Lrp6","mouseconsensus"
"Wnt2","Fzd4_Lrp6","mouseconsensus"
"Wnt2","Fzd10_Lrp6","mouseconsensus"
"Wnt2","Fzd1_Lrp6","mouseconsensus"
"Gip","Ramp2","mouseconsensus"
"Gip","Ramp3","mouseconsensus"
"Gip","Insr","mouseconsensus"
"Gip","Adrb2","mouseconsensus"
"Gip","Adrb3","mouseconsensus"
"Gip","Tshr","mouseconsensus"
"Gip","Vipr1","mouseconsensus"
"Gip","Adcyap1r1","mouseconsensus"
"Gip","Gipr","mouseconsensus"
"Gip","Pth1r","mouseconsensus"
"Gip","Gpr20","mouseconsensus"
"Gip","Gpr84","mouseconsensus"
"Csf3","Csf1r","mouseconsensus"
"Csf3","Csf3r","mouseconsensus"
"Nps","Ramp2","mouseconsensus"
"Nps","Ramp3","mouseconsensus"
"Nps","Adrb2","mouseconsensus"
"Nps","Adrb3","mouseconsensus"
"Nps","Tshr","mouseconsensus"
"Nps","Vipr1","mouseconsensus"
"Nps","Adcyap1r1","mouseconsensus"
"Nps","Pth1r","mouseconsensus"
"Nps","Npsr1","mouseconsensus"
"Nps","Gpr20","mouseconsensus"
"Nps","Gpr84","mouseconsensus"
"Pyy","Adra2a","mouseconsensus"
"Pyy","Npy1r","mouseconsensus"
"Pyy","Mtnr1a","mouseconsensus"
"Pyy","Npy2r","mouseconsensus"
"Pyy","Grm7","mouseconsensus"
"Pyy","Npy5r","mouseconsensus"
"Pyy","Gpr83","mouseconsensus"
"Calca","Ramp1","mouseconsensus"
"Calca","Ramp2","mouseconsensus"
"Calca","Ramp3","mouseconsensus"
"Calca","Adrb2","mouseconsensus"
"Calca","Adrb3","mouseconsensus"
"Calca","Tshr","mouseconsensus"
"Calca","Vipr1","mouseconsensus"
"Calca","Adcyap1r1","mouseconsensus"
"Calca","Pth1r","mouseconsensus"
"Calca","Calcrl","mouseconsensus"
"Calca","Gpr20","mouseconsensus"
"Calca","Gpr84","mouseconsensus"
"Spp1","Itgav_Itgb3","mouseconsensus"
"Spp1","Itgav_Itgb1","mouseconsensus"
"Spp1","Itga5_Itgb1","mouseconsensus"
"Spp1","Itga4_Itgb1","mouseconsensus"
"Spp1","Itga8_Itgb1","mouseconsensus"
"Spp1","Itga9_Itgb1","mouseconsensus"
"Spp1","Itgav_Itgb5","mouseconsensus"
"Spp1","Itgav_Itgb6","mouseconsensus"
"Spp1","Cd44","mouseconsensus"
"Spp1","Ptger4","mouseconsensus"
"Spp1","Ccr8","mouseconsensus"
"Rbp3","Notch1","mouseconsensus"
"Fgf6","Fgfr1","mouseconsensus"
"Fgf6","Fgfr2","mouseconsensus"
"Fgf6","Fgfr4","mouseconsensus"
"Fgf6","Fgfr3","mouseconsensus"
"Iapp","Ramp1","mouseconsensus"
"Iapp","Ramp2","mouseconsensus"
"Iapp","Ramp3","mouseconsensus"
"Iapp","Adrb2","mouseconsensus"
"Iapp","Adrb3","mouseconsensus"
"Iapp","Tshr","mouseconsensus"
"Iapp","Vipr1","mouseconsensus"
"Iapp","Adcyap1r1","mouseconsensus"
"Iapp","Pth1r","mouseconsensus"
"Iapp","Calcrl","mouseconsensus"
"Iapp","Gpr20","mouseconsensus"
"Iapp","Gpr84","mouseconsensus"
"Fgf3","Fgfr1","mouseconsensus"
"Fgf3","Fgfr2","mouseconsensus"
"Fgf3","Fgfr4","mouseconsensus"
"Fgf3","Fgfr3","mouseconsensus"
"Fgf3","Fgfrl1","mouseconsensus"
"Scgb1a1","Lrp2","mouseconsensus"
"Fgf5","Fgfr1","mouseconsensus"
"Fgf5","Fgfr2","mouseconsensus"
"Fgf5","Fgfr4","mouseconsensus"
"Fgf5","Fgfr3","mouseconsensus"
"Pthlh","Ramp2","mouseconsensus"
"Pthlh","Ramp3","mouseconsensus"
"Pthlh","Adrb2","mouseconsensus"
"Pthlh","Adrb3","mouseconsensus"
"Pthlh","Tshr","mouseconsensus"
"Pthlh","Vipr1","mouseconsensus"
"Pthlh","Adcyap1r1","mouseconsensus"
"Pthlh","Pth2r","mouseconsensus"
"Pthlh","Prlhr","mouseconsensus"
"Pthlh","Pth1r","mouseconsensus"
"Pthlh","Gpr20","mouseconsensus"
"Pthlh","Gpr84","mouseconsensus"
"Pip","Cd4","mouseconsensus"
"Gzma","F2rl2","mouseconsensus"
"Gzma","F2r","mouseconsensus"
"Gzma","F2rl1","mouseconsensus"
"Gzma","Pard3","mouseconsensus"
"Gzma","F2rl3","mouseconsensus"
"Bmp2","Acvr2a_Bmpr1b","mouseconsensus"
"Bmp2","Acvr2b_Bmpr1b","mouseconsensus"
"Bmp2","Bmpr1b_Bmpr2","mouseconsensus"
"Bmp2","Acvr2a_Bmpr1a","mouseconsensus"
"Bmp2","Acvr2b_Bmpr1a","mouseconsensus"
"Bmp2","Bmpr1a_Bmpr2","mouseconsensus"
"Bmp2","Gpc1","mouseconsensus"
"Bmp2","Acvr1","mouseconsensus"
"Bmp2","Smo","mouseconsensus"
"Bmp4","Acvr2a_Bmpr1b","mouseconsensus"
"Bmp4","Acvr2b_Bmpr1b","mouseconsensus"
"Bmp4","Bmpr1b_Bmpr2","mouseconsensus"
"Bmp4","Acvr2a_Bmpr1a","mouseconsensus"
"Bmp4","Acvr2b_Bmpr1a","mouseconsensus"
"Bmp4","Bmpr1a_Bmpr2","mouseconsensus"
"Bmp4","Lrp6","mouseconsensus"
"Bmp3","Acvr1b_Acvr2a","mouseconsensus"
"Bmp3","Bmpr1b","mouseconsensus"
"Bmp3","Bmpr1a","mouseconsensus"
"Bmp3","Acvr2b","mouseconsensus"
"Bmp3","Bmpr2","mouseconsensus"
"Il7","Il2rg_Il7r","mouseconsensus"
"Ccl4","Ccr1","mouseconsensus"
"Ccl4","Cnr2","mouseconsensus"
"Ccl4","Ccr3","mouseconsensus"
"Ccl4","Ccr5","mouseconsensus"
"Ccl4","Ccr8","mouseconsensus"
"Ccl4","Gpr152","mouseconsensus"
"Ccl4","Gprc5d","mouseconsensus"
"Bmp1","Bmpr1b","mouseconsensus"
"Bmp1","Bmpr1a","mouseconsensus"
"Bmp1","Bmpr2","mouseconsensus"
"Ccl12","Ccr1","mouseconsensus"
"Ccl12","Ccr2","mouseconsensus"
"Ccl12","Ccr10","mouseconsensus"
"Ccl12","Ccr3","mouseconsensus"
"Ccl12","Ccr4","mouseconsensus"
"Ccl12","Ccr5","mouseconsensus"
"Ccl12","Ackr4","mouseconsensus"
"Ccl5","Ccrl2","mouseconsensus"
"Ccl5","Gpr75","mouseconsensus"
"Ccl5","Adra2a","mouseconsensus"
"Ccl5","Sdc1","mouseconsensus"
"Ccl5","Ccr1","mouseconsensus"
"Ccl5","Mtnr1a","mouseconsensus"
"Ccl5","Cxcr3","mouseconsensus"
"Ccl5","Ccr3","mouseconsensus"
"Ccl5","Ccr4","mouseconsensus"
"Ccl5","Ccr5","mouseconsensus"
"Ccl5","Grm7","mouseconsensus"
"Ccl5","Ackr4","mouseconsensus"
"Vcan","Tlr2","mouseconsensus"
"Vcan","Egfr","mouseconsensus"
"Vcan","Itgb1","mouseconsensus"
"Vcan","Itga4","mouseconsensus"
"Vcan","Sell","mouseconsensus"
"Vcan","Cd44","mouseconsensus"
"Vcan","Selp","mouseconsensus"
"Vcan","Tlr1","mouseconsensus"
"Osm","Il6st_Lifr","mouseconsensus"
"Osm","Il6st_Osmr","mouseconsensus"
"Col11a2","Itga10_Itgb1","mouseconsensus"
"Col11a2","Itga2_Itgb1","mouseconsensus"
"Col11a2","Itga1_Itgb1","mouseconsensus"
"Col11a2","Itga11_Itgb1","mouseconsensus"
"Cd59b","Cd2","mouseconsensus"
"Edn3","Ednrb","mouseconsensus"
"Edn3","Ednra","mouseconsensus"
"Mif","Cd44_Cd74","mouseconsensus"
"Mif","Cd74_Cxcr2","mouseconsensus"
"Mif","Cd74_Cxcr4","mouseconsensus"
"Mif","Egfr","mouseconsensus"
"Mif","Ackr3","mouseconsensus"
"Mif","Tnfrsf14","mouseconsensus"
"Hgf","Nrp1","mouseconsensus"
"Hgf","Itgb1","mouseconsensus"
"Hgf","Met","mouseconsensus"
"Hgf","Cd44","mouseconsensus"
"Hgf","Sdc1","mouseconsensus"
"Hgf","Sdc2","mouseconsensus"
"Nid1","Itgb3","mouseconsensus"
"Nid1","Itgb1","mouseconsensus"
"Nid1","Itgav","mouseconsensus"
"Nid1","Ptprf","mouseconsensus"
"Nid1","Itga3","mouseconsensus"
"Lif","Il6st_Lifr","mouseconsensus"
"Il9","Il2rg_Il9r","mouseconsensus"
"Areg","Egfr_Erbb2","mouseconsensus"
"Areg","Erbb3","mouseconsensus"
"Vegfa","Flt1_Kdr","mouseconsensus"
"Vegfa","Nrp1","mouseconsensus"
"Vegfa","Nrp2","mouseconsensus"
"Vegfa","Egfr","mouseconsensus"
"Vegfa","Itgb3","mouseconsensus"
"Vegfa","Itgb1","mouseconsensus"
"Vegfa","Itgav","mouseconsensus"
"Vegfa","Ret","mouseconsensus"
"Vegfa","Ephb2","mouseconsensus"
"Vegfa","Gpc1","mouseconsensus"
"Vegfa","Sirpa","mouseconsensus"
"Vegfa","Tyro3","mouseconsensus"
"Vegfa","Itga9","mouseconsensus"
"Lgals3","Lag3","mouseconsensus"
"Bmp7","Acvr2a_Bmpr1b","mouseconsensus"
"Bmp7","Acvr2b_Bmpr1b","mouseconsensus"
"Bmp7","Bmpr1b_Bmpr2","mouseconsensus"
"Bmp7","Acvr2a_Bmpr1a","mouseconsensus"
"Bmp7","Acvr1_Acvr2a","mouseconsensus"
"Bmp7","Acvr2b_Bmpr1a","mouseconsensus"
"Bmp7","Bmpr1a_Bmpr2","mouseconsensus"
"Bmp7","Acvr1_Acvr2b","mouseconsensus"
"Bmp7","Acvr1_Bmpr2","mouseconsensus"
"Bmp7","Ptprk","mouseconsensus"
"Adcyap1","Ramp2","mouseconsensus"
"Adcyap1","Ramp3","mouseconsensus"
"Adcyap1","Adrb2","mouseconsensus"
"Adcyap1","Adrb3","mouseconsensus"
"Adcyap1","Tshr","mouseconsensus"
"Adcyap1","Vipr1","mouseconsensus"
"Adcyap1","Adcyap1r1","mouseconsensus"
"Adcyap1","Vipr2","mouseconsensus"
"Adcyap1","Sctr","mouseconsensus"
"Adcyap1","Pth1r","mouseconsensus"
"Adcyap1","Gpr20","mouseconsensus"
"Adcyap1","Gpr84","mouseconsensus"
"Il1rn","Il1rl2","mouseconsensus"
"Cxcl1","Adra2a","mouseconsensus"
"Cxcl1","Cxcr1","mouseconsensus"
"Cxcl1","Cxcr2","mouseconsensus"
"Cxcl1","Xcr1","mouseconsensus"
"Cxcl1","Mtnr1a","mouseconsensus"
"Cxcl1","Grm7","mouseconsensus"
"Cxcl2","Adra2a","mouseconsensus"
"Cxcl2","Cxcr1","mouseconsensus"
"Cxcl2","Cxcr2","mouseconsensus"
"Cxcl2","Mtnr1a","mouseconsensus"
"Cxcl2","Grm7","mouseconsensus"
"Fst","Bmpr1b","mouseconsensus"
"Fst","Bmpr2","mouseconsensus"
"Tac1","Tacr2","mouseconsensus"
"Pmch","Adra2a","mouseconsensus"
"Pmch","Mtnr1a","mouseconsensus"
"Pmch","Mertk","mouseconsensus"
"Pmch","Grm7","mouseconsensus"
"Pmch","Mchr1","mouseconsensus"
"Trh","Trhr","mouseconsensus"
"Ntf3","Ntrk1","mouseconsensus"
"Ntf3","Ngfr","mouseconsensus"
"Ntf3","Ntrk3","mouseconsensus"
"Ntf3","Ntrk2","mouseconsensus"
"Edn2","Ednrb","mouseconsensus"
"Edn2","Ednra","mouseconsensus"
"Il11","Il11ra1_Il6st","mouseconsensus"
"Ptn","Itgav_Itgb3","mouseconsensus"
"Ptn","Plxnb2","mouseconsensus"
"Ptn","Sdc3","mouseconsensus"
"Ptn","Sdc1","mouseconsensus"
"Ptn","Ptprb","mouseconsensus"
"Ptn","Ptprz1","mouseconsensus"
"Ptn","Sdc2","mouseconsensus"
"Ptn","Ptprs","mouseconsensus"
"Ptn","Alk","mouseconsensus"
"Mdk","Itga4_Itgb1","mouseconsensus"
"Mdk","Itga6_Itgb1","mouseconsensus"
"Mdk","Tspan1","mouseconsensus"
"Mdk","Sdc3","mouseconsensus"
"Mdk","Sdc1","mouseconsensus"
"Mdk","Ptprz1","mouseconsensus"
"Mdk","Sdc2","mouseconsensus"
"Mdk","Lrp2","mouseconsensus"
"Mdk","Notch2","mouseconsensus"
"Mdk","Lrp1","mouseconsensus"
"Mdk","Alk","mouseconsensus"
"Zp3","Egfr","mouseconsensus"
"Zp3","Mertk","mouseconsensus"
"Fgf7","Nrp1","mouseconsensus"
"Fgf7","Fgfr1","mouseconsensus"
"Fgf7","Fgfr2","mouseconsensus"
"Fgf7","Fgfr4","mouseconsensus"
"Fgf7","Fgfr3","mouseconsensus"
"Bmp5","Acvr2a_Bmpr1b","mouseconsensus"
"Bmp5","Acvr2b_Bmpr1b","mouseconsensus"
"Bmp5","Bmpr1b_Bmpr2","mouseconsensus"
"Bmp5","Acvr2a_Bmpr1a","mouseconsensus"
"Bmp5","Acvr1_Acvr2a","mouseconsensus"
"Bmp5","Acvr2b_Bmpr1a","mouseconsensus"
"Bmp5","Bmpr1a_Bmpr2","mouseconsensus"
"Bmp5","Acvr1_Acvr2b","mouseconsensus"
"Bmp5","Acvr1_Bmpr2","mouseconsensus"
"Bmp6","Acvr2a_Bmpr1b","mouseconsensus"
"Bmp6","Acvr2b_Bmpr1b","mouseconsensus"
"Bmp6","Bmpr1b_Bmpr2","mouseconsensus"
"Bmp6","Acvr2a_Bmpr1a","mouseconsensus"
"Bmp6","Acvr1_Acvr2a","mouseconsensus"
"Bmp6","Acvr2b_Bmpr1a","mouseconsensus"
"Bmp6","Bmpr1a_Bmpr2","mouseconsensus"
"Bmp6","Acvr1_Acvr2b","mouseconsensus"
"Bmp6","Acvr1_Bmpr2","mouseconsensus"
"Il10","Il10ra_Il10rb","mouseconsensus"
"Ccl1","Ccr8","mouseconsensus"
"Ccl1","Ackr4","mouseconsensus"
"Fgfr4","Tnfrsf10b","mouseconsensus"
"Fgfr4","Epha4","mouseconsensus"
"Fgfr4","Ptprr","mouseconsensus"
"Gal","Galr2","mouseconsensus"
"Gal","Galr3","mouseconsensus"
"Gal","Adra2a","mouseconsensus"
"Gal","Galr1","mouseconsensus"
"Gal","Mtnr1a","mouseconsensus"
"Gal","Grm7","mouseconsensus"
"Gal","Gpr151","mouseconsensus"
"Fgfr3","Epha4","mouseconsensus"
"Fbln1","Itgb1","mouseconsensus"
"Bdnf","Ngfr","mouseconsensus"
"Bdnf","Drd4","mouseconsensus"
"Bdnf","Ntrk2","mouseconsensus"
"Bdnf","Gpr152","mouseconsensus"
"Nppc","Npr1","mouseconsensus"
"Nppc","Npr3","mouseconsensus"
"Nppc","Npr2","mouseconsensus"
"Col8a2","Itga10_Itgb1","mouseconsensus"
"Col8a2","Itga2_Itgb1","mouseconsensus"
"Col8a2","Itga1_Itgb1","mouseconsensus"
"Col8a2","Itga11_Itgb1","mouseconsensus"
"Azgp1","Itgav","mouseconsensus"
"S100a4","Egfr","mouseconsensus"
"S100a4","Erbb2","mouseconsensus"
"S100a4","Ccr5","mouseconsensus"
"Mst1","Mst1r","mouseconsensus"
"Gdf1","Acvr1b_Acvr2a_Cfc1","mouseconsensus"
"Gdf1","Acvr1c_Acvr2a_Cfc1","mouseconsensus"
"Gdf1","Acvr1b_Acvr2b_Cfc1","mouseconsensus"
"Gdf1","Acvr1b_Acvr2a","mouseconsensus"
"Gdf1","Acvr1c_Acvr2a","mouseconsensus"
"Gdf1","Acvr1b_Acvr2b","mouseconsensus"
"Gdf1","Acvr1c_Acvr2b","mouseconsensus"
"Gdf1","Bmpr1a","mouseconsensus"
"Gdf1","Acvr1","mouseconsensus"
"Gdf1","Htr4","mouseconsensus"
"Gdf1","Bmpr2","mouseconsensus"
"Calr","Itgav","mouseconsensus"
"Calr","Itga2b","mouseconsensus"
"Calr","Tshr","mouseconsensus"
"Calr","Itga3","mouseconsensus"
"Calr","Mpl","mouseconsensus"
"Calr","Mtnr1a","mouseconsensus"
"Calr","Lrp1","mouseconsensus"
"Calr","Scarf1","mouseconsensus"
"Cfp","Ncr1","mouseconsensus"
"Grn","Egfr","mouseconsensus"
"Grn","Ntrk1","mouseconsensus"
"Grn","Tnfrsf1a","mouseconsensus"
"Grn","Tnfrsf1b","mouseconsensus"
"Grn","Cd209a","mouseconsensus"
"Il12a","Cd28","mouseconsensus"
"Nts","Ntsr2","mouseconsensus"
"Nts","Ngfr","mouseconsensus"
"Nts","Ntsr1","mouseconsensus"
"Fgf9","Fgfr1","mouseconsensus"
"Fgf9","Fgfr2","mouseconsensus"
"Fgf9","Fgfr4","mouseconsensus"
"Fgf9","Fgfr3","mouseconsensus"
"Ntf5","Ntrk1","mouseconsensus"
"Ntf5","Ngfr","mouseconsensus"
"Ntf5","Ntrk2","mouseconsensus"
"Il13","Il13_Il13ra1_Il4ra","mouseconsensus"
"Il13","Il13ra1_Il4ra","mouseconsensus"
"Il13","Il13ra2_Il4ra","mouseconsensus"
"Il13","Il2rg","mouseconsensus"
"Il13","Tmem219","mouseconsensus"
"Sftpd","Tlr4","mouseconsensus"
"Sftpd","Sirpa","mouseconsensus"
"Sftpd","Lair1","mouseconsensus"
"Adm","Gpr182","mouseconsensus"
"Adm","Ramp1","mouseconsensus"
"Adm","Ramp2","mouseconsensus"
"Adm","Ramp3","mouseconsensus"
"Adm","Adrb2","mouseconsensus"
"Adm","Adrb3","mouseconsensus"
"Adm","Tshr","mouseconsensus"
"Adm","Vipr1","mouseconsensus"
"Adm","Adcyap1r1","mouseconsensus"
"Adm","Pth1r","mouseconsensus"
"Adm","Calcrl","mouseconsensus"
"Adm","Gpr20","mouseconsensus"
"Adm","Gpr84","mouseconsensus"
"Serpinf1","Plxdc2","mouseconsensus"
"Snca","Lag3","mouseconsensus"
"Col15a1","Itga10_Itgb1","mouseconsensus"
"Col15a1","Itga2_Itgb1","mouseconsensus"
"Col15a1","Itga1_Itgb1","mouseconsensus"
"Col15a1","Itga11_Itgb1","mouseconsensus"
"Gdnf","Gfra2_Ret","mouseconsensus"
"Gdnf","Gfra1_Ret","mouseconsensus"
"Gdnf","Ednrb","mouseconsensus"
"Thpo","Mpl","mouseconsensus"
"Il15","Il15ra_Il2rb_Il2rg","mouseconsensus"
"Il15","Il2ra","mouseconsensus"
"Lep","Lepr","mouseconsensus"
"Lep","Lrp2","mouseconsensus"
"Wnt5a","Fzd9","mouseconsensus"
"Wnt5a","Fzd6","mouseconsensus"
"Wnt5a","Fzd7","mouseconsensus"
"Wnt5a","Lrp5","mouseconsensus"
"Wnt5a","Lrp6","mouseconsensus"
"Wnt5a","Ldlr","mouseconsensus"
"Wnt5a","Adrb2","mouseconsensus"
"Wnt5a","Ryk","mouseconsensus"
"Wnt5a","Mcam","mouseconsensus"
"Wnt5a","Lrp2","mouseconsensus"
"Wnt5a","Ror1","mouseconsensus"
"Wnt5a","Ror2","mouseconsensus"
"Wnt5a","Ptk7","mouseconsensus"
"Wnt5a","Fzd5","mouseconsensus"
"Wnt5a","Fzd2","mouseconsensus"
"Wnt5a","Ptprk","mouseconsensus"
"Wnt5a","Epha7","mouseconsensus"
"Wnt5a","Fzd8","mouseconsensus"
"Wnt5a","Antxr1","mouseconsensus"
"Wnt5a","Fzd3","mouseconsensus"
"Wnt5a","Fzd4","mouseconsensus"
"Wnt5a","Fzd10","mouseconsensus"
"Xcl1","Xcr1","mouseconsensus"
"Cxcl12","Cd4","mouseconsensus"
"Cxcl12","Itgb3","mouseconsensus"
"Cxcl12","Itgb1","mouseconsensus"
"Cxcl12","Itgav","mouseconsensus"
"Cxcl12","Itga5","mouseconsensus"
"Cxcl12","Adra2a","mouseconsensus"
"Cxcl12","Itga4","mouseconsensus"
"Cxcl12","Ackr3","mouseconsensus"
"Cxcl12","Avpr1a","mouseconsensus"
"Cxcl12","Mtnr1a","mouseconsensus"
"Cxcl12","Cxcr3","mouseconsensus"
"Cxcl12","Ccr4","mouseconsensus"
"Cxcl12","Cxcr4","mouseconsensus"
"Cxcl12","Grm7","mouseconsensus"
"Nmu","Adra2a","mouseconsensus"
"Nmu","Mtnr1a","mouseconsensus"
"Nmu","Grm7","mouseconsensus"
"Nmu","Nmur2","mouseconsensus"
"Nmu","Nmur1","mouseconsensus"
"Pgf","Flt1_Kdr","mouseconsensus"
"Pgf","Nrp1","mouseconsensus"
"Pgf","Nrp2","mouseconsensus"
"Vegfb","Flt1_Kdr","mouseconsensus"
"Vegfb","Nrp1","mouseconsensus"
"Vegfb","Adrb2","mouseconsensus"
"Vegfb","Ret","mouseconsensus"
"Vegfc","Flt4_Kdr","mouseconsensus"
"Vegfc","Nrp2","mouseconsensus"
"Vegfc","Itgb1","mouseconsensus"
"Vegfc","Flt1","mouseconsensus"
"Vegfc","Vipr2","mouseconsensus"
"Vegfc","Itga9","mouseconsensus"
"Vegfc","Lyve1","mouseconsensus"
"Insl3","Ramp2","mouseconsensus"
"Insl3","Ramp3","mouseconsensus"
"Insl3","Adrb2","mouseconsensus"
"Insl3","Adrb3","mouseconsensus"
"Insl3","Tshr","mouseconsensus"
"Insl3","Vipr1","mouseconsensus"
"Insl3","Adcyap1r1","mouseconsensus"
"Insl3","Pth1r","mouseconsensus"
"Insl3","Rxfp4","mouseconsensus"
"Insl3","Rxfp2","mouseconsensus"
"Insl3","Gpr20","mouseconsensus"
"Insl3","Rxfp1","mouseconsensus"
"Insl3","Gpr84","mouseconsensus"
"Insl3","Rxfp3","mouseconsensus"
"Ccl11","Ccr2","mouseconsensus"
"Ccl11","Cxcr3","mouseconsensus"
"Ccl11","Ccr3","mouseconsensus"
"Ccl11","Ccr5","mouseconsensus"
"Ccl11","Ackr4","mouseconsensus"
"Lum","Itgb1","mouseconsensus"
"Copa","Cd74","mouseconsensus"
"Copa","Ntrk1","mouseconsensus"
"Copa","Mtnr1b","mouseconsensus"
"Copa","P2ry6","mouseconsensus"
"Slurp1","Chrna3","mouseconsensus"
"Mfap2","Notch1","mouseconsensus"
"Apoc4","Vldlr","mouseconsensus"
"Fgf8","Fgfr1","mouseconsensus"
"Fgf8","Fgfr2","mouseconsensus"
"Fgf8","Fgfr4","mouseconsensus"
"Fgf8","Fgfr3","mouseconsensus"
"Fgf8","Fgfrl1","mouseconsensus"
"Ucn","Crhr1","mouseconsensus"
"Ucn","Crhr2","mouseconsensus"
"Inhbc","Acvr1b_Acvr2a","mouseconsensus"
"Inhbc","Acvr1c_Acvr2a","mouseconsensus"
"Inhbc","Acvr1b_Acvr2b","mouseconsensus"
"Inhbc","Acvr1c_Acvr2b","mouseconsensus"
"Inhbc","Acvr1","mouseconsensus"
"Gdf10","Acvr1b_Acvr2a","mouseconsensus"
"Gdf10","Acvr1b_Acvr2b","mouseconsensus"
"Wnt3","Fzd9_Lrp5","mouseconsensus"
"Wnt3","Fzd9_Lrp6","mouseconsensus"
"Wnt3","Fzd6_Lrp5","mouseconsensus"
"Wnt3","Fzd6_Lrp6","mouseconsensus"
"Wnt3","Fzd7_Lrp5","mouseconsensus"
"Wnt3","Fzd7_Lrp6","mouseconsensus"
"Wnt3","Fzd5_Lrp5","mouseconsensus"
"Wnt3","Fzd2_Lrp5","mouseconsensus"
"Wnt3","Fzd8_Lrp5","mouseconsensus"
"Wnt3","Fzd3_Lrp5","mouseconsensus"
"Wnt3","Fzd4_Lrp5","mouseconsensus"
"Wnt3","Fzd10_Lrp5","mouseconsensus"
"Wnt3","Fzd1_Lrp5","mouseconsensus"
"Wnt3","Fzd5_Lrp6","mouseconsensus"
"Wnt3","Fzd2_Lrp6","mouseconsensus"
"Wnt3","Fzd8_Lrp6","mouseconsensus"
"Wnt3","Fzd3_Lrp6","mouseconsensus"
"Wnt3","Fzd4_Lrp6","mouseconsensus"
"Wnt3","Fzd10_Lrp6","mouseconsensus"
"Wnt3","Fzd1_Lrp6","mouseconsensus"
"Wnt3","Ryk","mouseconsensus"
"Wnt3","Ror2","mouseconsensus"
"Wnt3a","Fzd9_Lrp5","mouseconsensus"
"Wnt3a","Fzd9_Lrp6","mouseconsensus"
"Wnt3a","Fzd6_Lrp5","mouseconsensus"
"Wnt3a","Fzd6_Lrp6","mouseconsensus"
"Wnt3a","Fzd7_Lrp5","mouseconsensus"
"Wnt3a","Fzd7_Lrp6","mouseconsensus"
"Wnt3a","Fzd5_Lrp5","mouseconsensus"
"Wnt3a","Fzd2_Lrp5","mouseconsensus"
"Wnt3a","Fzd8_Lrp5","mouseconsensus"
"Wnt3a","Fzd3_Lrp5","mouseconsensus"
"Wnt3a","Fzd4_Lrp5","mouseconsensus"
"Wnt3a","Fzd10_Lrp5","mouseconsensus"
"Wnt3a","Fzd1_Lrp5","mouseconsensus"
"Wnt3a","Fzd5_Lrp6","mouseconsensus"
"Wnt3a","Fzd2_Lrp6","mouseconsensus"
"Wnt3a","Fzd8_Lrp6","mouseconsensus"
"Wnt3a","Fzd3_Lrp6","mouseconsensus"
"Wnt3a","Fzd4_Lrp6","mouseconsensus"
"Wnt3a","Fzd10_Lrp6","mouseconsensus"
"Wnt3a","Fzd1_Lrp6","mouseconsensus"
"Wnt3a","Lgr5","mouseconsensus"
"Wnt3a","Atp6ap2","mouseconsensus"
"Wnt3a","Ryk","mouseconsensus"
"Wnt3a","Ror1","mouseconsensus"
"Wnt3a","Lrp1","mouseconsensus"
"Wnt3a","Apcdd1","mouseconsensus"
"Wnt4","Fzd9_Lrp5","mouseconsensus"
"Wnt4","Fzd9_Lrp6","mouseconsensus"
"Wnt4","Fzd6_Lrp5","mouseconsensus"
"Wnt4","Fzd6_Lrp6","mouseconsensus"
"Wnt4","Fzd7_Lrp5","mouseconsensus"
"Wnt4","Fzd7_Lrp6","mouseconsensus"
"Wnt4","Fzd5_Lrp5","mouseconsensus"
"Wnt4","Fzd2_Lrp5","mouseconsensus"
"Wnt4","Fzd8_Lrp5","mouseconsensus"
"Wnt4","Fzd3_Lrp5","mouseconsensus"
"Wnt4","Fzd4_Lrp5","mouseconsensus"
"Wnt4","Fzd10_Lrp5","mouseconsensus"
"Wnt4","Fzd1_Lrp5","mouseconsensus"
"Wnt4","Fzd5_Lrp6","mouseconsensus"
"Wnt4","Fzd2_Lrp6","mouseconsensus"
"Wnt4","Fzd8_Lrp6","mouseconsensus"
"Wnt4","Fzd3_Lrp6","mouseconsensus"
"Wnt4","Fzd4_Lrp6","mouseconsensus"
"Wnt4","Fzd10_Lrp6","mouseconsensus"
"Wnt4","Fzd1_Lrp6","mouseconsensus"
"Wnt4","Notch1","mouseconsensus"
"Wnt4","Smo","mouseconsensus"
"Wnt7b","Fzd9_Lrp5","mouseconsensus"
"Wnt7b","Fzd9_Lrp6","mouseconsensus"
"Wnt7b","Fzd6_Lrp5","mouseconsensus"
"Wnt7b","Fzd6_Lrp6","mouseconsensus"
"Wnt7b","Fzd7_Lrp5","mouseconsensus"
"Wnt7b","Fzd7_Lrp6","mouseconsensus"
"Wnt7b","Fzd5_Lrp5","mouseconsensus"
"Wnt7b","Fzd2_Lrp5","mouseconsensus"
"Wnt7b","Fzd8_Lrp5","mouseconsensus"
"Wnt7b","Fzd3_Lrp5","mouseconsensus"
"Wnt7b","Fzd4_Lrp5","mouseconsensus"
"Wnt7b","Fzd10_Lrp5","mouseconsensus"
"Wnt7b","Fzd1_Lrp5","mouseconsensus"
"Wnt7b","Fzd5_Lrp6","mouseconsensus"
"Wnt7b","Fzd2_Lrp6","mouseconsensus"
"Wnt7b","Fzd8_Lrp6","mouseconsensus"
"Wnt7b","Fzd3_Lrp6","mouseconsensus"
"Wnt7b","Fzd4_Lrp6","mouseconsensus"
"Wnt7b","Fzd10_Lrp6","mouseconsensus"
"Wnt7b","Fzd1_Lrp6","mouseconsensus"
"Inhbe","Acvr1b_Acvr2a","mouseconsensus"
"Inhbe","Acvr1c_Acvr2a","mouseconsensus"
"Inhbe","Acvr1b_Acvr2b","mouseconsensus"
"Inhbe","Acvr1c_Acvr2b","mouseconsensus"
"Prok1","Prokr2","mouseconsensus"
"Prok1","Prokr1","mouseconsensus"
"Nxph1","Nrxn1","mouseconsensus"
"Nxph1","Nrxn2","mouseconsensus"
"Fam3b","Lrp5","mouseconsensus"
"Il2","Il2ra_Il2rb_Il2rg","mouseconsensus"
"Il2","Il2rb_Il2rg","mouseconsensus"
"Il2","Il20ra_Il20rb_Il2rg","mouseconsensus"
"Il2","Ngfr","mouseconsensus"
"Il2","Cd53","mouseconsensus"
"Sst","Adra2a","mouseconsensus"
"Sst","Sstr1","mouseconsensus"
"Sst","Sstr2","mouseconsensus"
"Sst","Sstr4","mouseconsensus"
"Sst","Sstr3","mouseconsensus"
"Sst","Sstr5","mouseconsensus"
"Sst","Mtnr1a","mouseconsensus"
"Sst","Grm7","mouseconsensus"
"Ostn","Npr3","mouseconsensus"
"Tgfb2","Acvr1b_Tgfbr2","mouseconsensus"
"Tgfb2","Tgfbr1_Tgfbr2","mouseconsensus"
"Tgfb2","Acvr1_Tgfbr1_Tgfbr2","mouseconsensus"
"Tgfb2","Acvr1_Tgfbr2","mouseconsensus"
"Tgfb2","Acvr1c_Tgfbr2","mouseconsensus"
"Tgfb2","Tgfbr3","mouseconsensus"
"Ybx1","Notch1","mouseconsensus"
"Cx3cl1","Itgb3","mouseconsensus"
"Cx3cl1","Itgav","mouseconsensus"
"Cx3cl1","Cx3cr1","mouseconsensus"
"Ccl20","Adra2a","mouseconsensus"
"Ccl20","Mtnr1a","mouseconsensus"
"Ccl20","Cxcr3","mouseconsensus"
"Ccl20","Ccr6","mouseconsensus"
"Ccl20","Grm7","mouseconsensus"
"Ccl20","Ackr4","mouseconsensus"
"Cxcl5","Adra2a","mouseconsensus"
"Cxcl5","Cxcr1","mouseconsensus"
"Cxcl5","Cxcr2","mouseconsensus"
"Cxcl5","Mtnr1a","mouseconsensus"
"Cxcl5","Grm7","mouseconsensus"
"Prlh","Prlhr","mouseconsensus"
"Qrfp","P2ry14","mouseconsensus"
"Qrfp","Qrfpr","mouseconsensus"
"Fbln2","Itgb3","mouseconsensus"
"Ndp","Lgr4","mouseconsensus"
"Ndp","Fzd4","mouseconsensus"
"Guca2a","Gucy2c","mouseconsensus"
"Tff2","Cxcr4","mouseconsensus"
"Col10a1","Itga10_Itgb1","mouseconsensus"
"Col10a1","Itga2_Itgb1","mouseconsensus"
"Col10a1","Itga1_Itgb1","mouseconsensus"
"Col10a1","Itga11_Itgb1","mouseconsensus"
"Col16a1","Itga10_Itgb1","mouseconsensus"
"Col16a1","Itga2_Itgb1","mouseconsensus"
"Col16a1","Itga1_Itgb1","mouseconsensus"
"Col16a1","Itga11_Itgb1","mouseconsensus"
"Tff3","Ackr3","mouseconsensus"
"Tff3","Cxcr4","mouseconsensus"
"Lgals3bp","Itgb1","mouseconsensus"
"Mfge8","Itgb3","mouseconsensus"
"Mfge8","Itgav","mouseconsensus"
"Mfge8","Pdgfrb","mouseconsensus"
"Fgl1","Egfr","mouseconsensus"
"Fgl1","Lag3","mouseconsensus"
"Efemp1","Egfr","mouseconsensus"
"Aimp1","Ntrk1","mouseconsensus"
"Il24","Il20rb_Il22ra1","mouseconsensus"
"Il24","Il20ra_Il20rb","mouseconsensus"
"Il24","Notch2","mouseconsensus"
"Il24","Il10rb","mouseconsensus"
"Sema3b","Nrp1_Plxna2","mouseconsensus"
"Sema3b","Nrp1_Plxna3","mouseconsensus"
"Sema3b","Nrp1_Plxna4","mouseconsensus"
"Sema3b","Nrp1_Plxna1","mouseconsensus"
"Sema3b","Nrp2_Plxna2","mouseconsensus"
"Sema3b","Nrp2_Plxna3","mouseconsensus"
"Sema3b","Nrp2_Plxna4","mouseconsensus"
"Sema3b","Nrp2_Plxna1","mouseconsensus"
"Il15ra","Axl","mouseconsensus"
"Sema3f","Nrp2_Plxna2","mouseconsensus"
"Sema3f","Nrp2_Plxna3","mouseconsensus"
"Sema3f","Nrp2_Plxna4","mouseconsensus"
"Sema3f","Nrp2_Plxna1","mouseconsensus"
"Sema3f","Nrp1","mouseconsensus"
"Pnoc","Adra2a","mouseconsensus"
"Pnoc","Oprl1","mouseconsensus"
"Pnoc","Mtnr1a","mouseconsensus"
"Pnoc","Grm7","mouseconsensus"
"Il16","Cd4","mouseconsensus"
"Il16","Ccr5","mouseconsensus"
"Il18","Il18r1_Il18rap","mouseconsensus"
"Il18","Il18_Il18r1_Il18rap","mouseconsensus"
"Il18","Il1rl2","mouseconsensus"
"Il18","Il1rapl1","mouseconsensus"
"Gas6","Axl","mouseconsensus"
"Gas6","Tyro3","mouseconsensus"
"Gas6","Mertk","mouseconsensus"
"Gh","Ghr","mouseconsensus"
"Gh","Prlr","mouseconsensus"
"Sema3a","Nrp1_Plxna2","mouseconsensus"
"Sema3a","Nrp1_Plxna3","mouseconsensus"
"Sema3a","Nrp1_Plxna4","mouseconsensus"
"Sema3a","Nrp1_Plxna1","mouseconsensus"
"Sema3a","Nrp2","mouseconsensus"
"Ihh","Ptch1_Smo","mouseconsensus"
"Ihh","Ptch2_Smo","mouseconsensus"
"Ihh","Cdon","mouseconsensus"
"Ihh","Boc","mouseconsensus"
"Col19a1","Itga10_Itgb1","mouseconsensus"
"Col19a1","Itga2_Itgb1","mouseconsensus"
"Col19a1","Itga1_Itgb1","mouseconsensus"
"Col19a1","Itga11_Itgb1","mouseconsensus"
"Postn","Itgav_Itgb3","mouseconsensus"
"Postn","Itgav_Itgb5","mouseconsensus"
"Postn","Ptk7","mouseconsensus"
"Angpt1","Itgb1","mouseconsensus"
"Angpt1","Itga5","mouseconsensus"
"Angpt1","Tie1","mouseconsensus"
"Angpt1","Tek","mouseconsensus"
"Shh","Ptch1_Smo","mouseconsensus"
"Shh","Ptch2_Smo","mouseconsensus"
"Shh","Gpc1","mouseconsensus"
"Shh","Gpc5","mouseconsensus"
"Shh","Lrp2","mouseconsensus"
"Shh","Cdon","mouseconsensus"
"Shh","Boc","mouseconsensus"
"Kiss1","Kiss1r","mouseconsensus"
"Adipoq","Asgr2","mouseconsensus"
"Adipoq","Cnr2","mouseconsensus"
"Adipoq","Adipor2","mouseconsensus"
"Adipoq","Prokr2","mouseconsensus"
"Adipoq","Gpr152","mouseconsensus"
"Adipoq","Adipor1","mouseconsensus"
"Ecm1","Itgb4","mouseconsensus"
"Ctf1","Il6st_Lifr","mouseconsensus"
"Guca2b","Gucy2c","mouseconsensus"
"Mia","Cdh7","mouseconsensus"
"Col24a1","Itga10_Itgb1","mouseconsensus"
"Col24a1","Itga2_Itgb1","mouseconsensus"
"Col24a1","Itga1_Itgb1","mouseconsensus"
"Col24a1","Itga11_Itgb1","mouseconsensus"
"Msmp","Ccr2","mouseconsensus"
"Rspo4","Lgr5_Lrp5","mouseconsensus"
"Rspo4","Lgr4_Lrp5","mouseconsensus"
"Rspo4","Lgr5_Lrp6","mouseconsensus"
"Rspo4","Lgr4_Lrp6","mouseconsensus"
"Rspo4","Lgr6","mouseconsensus"
"Rspo1","Lgr5","mouseconsensus"
"Rspo1","Lrp6","mouseconsensus"
"Rspo1","Lgr4","mouseconsensus"
"Rspo1","Fzd8","mouseconsensus"
"Rspo1","Lgr6","mouseconsensus"
"Col28a1","Itga10_Itgb1","mouseconsensus"
"Col28a1","Itga2_Itgb1","mouseconsensus"
"Col28a1","Itga1_Itgb1","mouseconsensus"
"Col28a1","Itga11_Itgb1","mouseconsensus"
"Nms","Adra2a","mouseconsensus"
"Nms","Mtnr1a","mouseconsensus"
"Nms","Grm7","mouseconsensus"
"Nms","Nmur2","mouseconsensus"
"Nms","Nmur1","mouseconsensus"
"Artn","Gfra3_Ret","mouseconsensus"
"Artn","Gfra1_Ret","mouseconsensus"
"Artn","Gfra2","mouseconsensus"
"Gdf6","Acvr2a_Bmpr1b","mouseconsensus"
"Gdf6","Acvr2b_Bmpr1b","mouseconsensus"
"Gdf6","Bmpr1b_Bmpr2","mouseconsensus"
"Gdf6","Acvr2a_Bmpr1a","mouseconsensus"
"Gdf6","Acvr2b_Bmpr1a","mouseconsensus"
"Gdf6","Bmpr1a_Bmpr2","mouseconsensus"
"Enho","Gpr19","mouseconsensus"
"Igfl3","Igflr1","mouseconsensus"
"Cxcl17","Gpr35","mouseconsensus"
"Rspo2","Lgr5","mouseconsensus"
"Rspo2","Rnf43","mouseconsensus"
"Rspo2","Lgr4","mouseconsensus"
"Rspo2","Lgr6","mouseconsensus"
"Sostdc1","Lrp4","mouseconsensus"
"Sostdc1","Lrp5","mouseconsensus"
"Sostdc1","Lrp6","mouseconsensus"
"Il34","Ptprz1","mouseconsensus"
"Uts2b","Sstr5","mouseconsensus"
"Uts2b","Uts2r","mouseconsensus"
"Adm2","Ramp1","mouseconsensus"
"Adm2","Ramp2","mouseconsensus"
"Adm2","Ramp3","mouseconsensus"
"Adm2","Adrb2","mouseconsensus"
"Adm2","Adrb3","mouseconsensus"
"Adm2","Tshr","mouseconsensus"
"Adm2","Vipr1","mouseconsensus"
"Adm2","Adcyap1r1","mouseconsensus"
"Adm2","Pth1r","mouseconsensus"
"Adm2","Calcrl","mouseconsensus"
"Adm2","Gpr20","mouseconsensus"
"Adm2","Gpr84","mouseconsensus"
"Gdf7","Acvr2a_Bmpr1b","mouseconsensus"
"Gdf7","Acvr2b_Bmpr1b","mouseconsensus"
"Gdf7","Bmpr1b_Bmpr2","mouseconsensus"
"Gdf7","Acvr2a_Bmpr1a","mouseconsensus"
"Gdf7","Acvr2b_Bmpr1a","mouseconsensus"
"Gdf7","Bmpr1a_Bmpr2","mouseconsensus"
"Bmp8a","Acvr2a_Bmpr1b","mouseconsensus"
"Bmp8a","Acvr2b_Bmpr1b","mouseconsensus"
"Bmp8a","Bmpr1b_Bmpr2","mouseconsensus"
"Bmp8a","Acvr2a_Bmpr1a","mouseconsensus"
"Bmp8a","Acvr1_Acvr2a","mouseconsensus"
"Bmp8a","Acvr2b_Bmpr1a","mouseconsensus"
"Bmp8a","Bmpr1a_Bmpr2","mouseconsensus"
"Bmp8a","Acvr1_Acvr2b","mouseconsensus"
"Bmp8a","Acvr1_Bmpr2","mouseconsensus"
"Bmp8a","Tgfbr1","mouseconsensus"
"Bmp8a","Tgfbr2","mouseconsensus"
"Ifne","Ifnar1_Ifnar2","mouseconsensus"
"Gphb5","Tshr","mouseconsensus"
"Sftpa1","Tlr2","mouseconsensus"
"Col27a1","Itga10_Itgb1","mouseconsensus"
"Col27a1","Itga2_Itgb1","mouseconsensus"
"Col27a1","Itga1_Itgb1","mouseconsensus"
"Col27a1","Itga11_Itgb1","mouseconsensus"
"Lgi2","Adam23","mouseconsensus"
"Lgi4","Adam23","mouseconsensus"
"Lgi3","Adam23","mouseconsensus"
"Npw","Adra2a","mouseconsensus"
"Npw","Mtnr1a","mouseconsensus"
"Npw","Npbwr1","mouseconsensus"
"Npw","Grm7","mouseconsensus"
"Fndc5","Itgav","mouseconsensus"
"Fndc5","Itgb5","mouseconsensus"
"Draxin","Dcc","mouseconsensus"
"Pcsk9","Ldlr","mouseconsensus"
"Pcsk9","Vldlr","mouseconsensus"
"Pcsk9","Aplp2","mouseconsensus"
"Pcsk9","Lrp1","mouseconsensus"
"Col22a1","Itga10_Itgb1","mouseconsensus"
"Col22a1","Itga2_Itgb1","mouseconsensus"
"Col22a1","Itga1_Itgb1","mouseconsensus"
"Col22a1","Itga11_Itgb1","mouseconsensus"
"Npb","Adra2a","mouseconsensus"
"Npb","Mtnr1a","mouseconsensus"
"Npb","Npbwr1","mouseconsensus"
"Npb","Grm7","mouseconsensus"
"Il1f10","Il1rap_Il1rl2","mouseconsensus"
"Il1f10","Il1r1","mouseconsensus"
"Il1f10","Sigirr","mouseconsensus"
"Il1f10","Il1rapl2","mouseconsensus"
"Il1f10","Il1rapl1","mouseconsensus"
"Rln3","Ramp2","mouseconsensus"
"Rln3","Ramp3","mouseconsensus"
"Rln3","Adrb2","mouseconsensus"
"Rln3","Adra2a","mouseconsensus"
"Rln3","Adrb3","mouseconsensus"
"Rln3","Tshr","mouseconsensus"
"Rln3","Vipr1","mouseconsensus"
"Rln3","Adcyap1r1","mouseconsensus"
"Rln3","Mtnr1a","mouseconsensus"
"Rln3","Pth1r","mouseconsensus"
"Rln3","Grm7","mouseconsensus"
"Rln3","Rxfp4","mouseconsensus"
"Rln3","Rxfp2","mouseconsensus"
"Rln3","Gpr20","mouseconsensus"
"Rln3","Rxfp1","mouseconsensus"
"Rln3","Gpr84","mouseconsensus"
"Rln3","Rxfp3","mouseconsensus"
"Fam3c","Ffar2","mouseconsensus"
"Fam3c","Lamp1","mouseconsensus"
"Fam3c","Lifr","mouseconsensus"
"Fam3c","Pdcd1","mouseconsensus"
"Ccl17","Ccr4","mouseconsensus"
"Ccl17","Ccr8","mouseconsensus"
"Fgf13","Egfr","mouseconsensus"
"Fgf13","Fgfr1","mouseconsensus"
"Fgf13","Fgfr2","mouseconsensus"
"Fgf13","Fgfr4","mouseconsensus"
"Fgf13","Fgfr3","mouseconsensus"
"Wnt2b","Fzd9_Lrp5","mouseconsensus"
"Wnt2b","Fzd9_Lrp6","mouseconsensus"
"Wnt2b","Fzd6_Lrp5","mouseconsensus"
"Wnt2b","Fzd6_Lrp6","mouseconsensus"
"Wnt2b","Fzd7_Lrp5","mouseconsensus"
"Wnt2b","Fzd7_Lrp6","mouseconsensus"
"Wnt2b","Fzd5_Lrp5","mouseconsensus"
"Wnt2b","Fzd2_Lrp5","mouseconsensus"
"Wnt2b","Fzd8_Lrp5","mouseconsensus"
"Wnt2b","Fzd3_Lrp5","mouseconsensus"
"Wnt2b","Fzd4_Lrp5","mouseconsensus"
"Wnt2b","Fzd10_Lrp5","mouseconsensus"
"Wnt2b","Fzd1_Lrp5","mouseconsensus"
"Wnt2b","Fzd5_Lrp6","mouseconsensus"
"Wnt2b","Fzd2_Lrp6","mouseconsensus"
"Wnt2b","Fzd8_Lrp6","mouseconsensus"
"Wnt2b","Fzd3_Lrp6","mouseconsensus"
"Wnt2b","Fzd4_Lrp6","mouseconsensus"
"Wnt2b","Fzd10_Lrp6","mouseconsensus"
"Wnt2b","Fzd1_Lrp6","mouseconsensus"
"Wnt8b","Fzd9_Lrp5","mouseconsensus"
"Wnt8b","Fzd9_Lrp6","mouseconsensus"
"Wnt8b","Fzd6_Lrp5","mouseconsensus"
"Wnt8b","Fzd6_Lrp6","mouseconsensus"
"Wnt8b","Fzd7_Lrp5","mouseconsensus"
"Wnt8b","Fzd7_Lrp6","mouseconsensus"
"Wnt8b","Fzd5_Lrp5","mouseconsensus"
"Wnt8b","Fzd2_Lrp5","mouseconsensus"
"Wnt8b","Fzd8_Lrp5","mouseconsensus"
"Wnt8b","Fzd3_Lrp5","mouseconsensus"
"Wnt8b","Fzd4_Lrp5","mouseconsensus"
"Wnt8b","Fzd10_Lrp5","mouseconsensus"
"Wnt8b","Fzd1_Lrp5","mouseconsensus"
"Wnt8b","Fzd5_Lrp6","mouseconsensus"
"Wnt8b","Fzd2_Lrp6","mouseconsensus"
"Wnt8b","Fzd8_Lrp6","mouseconsensus"
"Wnt8b","Fzd3_Lrp6","mouseconsensus"
"Wnt8b","Fzd4_Lrp6","mouseconsensus"
"Wnt8b","Fzd10_Lrp6","mouseconsensus"
"Wnt8b","Fzd1_Lrp6","mouseconsensus"
"Tslp","Crlf2_Il7r_Tslp","mouseconsensus"
"Tslp","Crlf2_Il7r","mouseconsensus"
"Leap2","Ghsr","mouseconsensus"
"Ucn3","Crhr1","mouseconsensus"
"Ucn3","Il10rb","mouseconsensus"
"Ucn3","Crhr2","mouseconsensus"
"Col26a1","Itga10_Itgb1","mouseconsensus"
"Col26a1","Itga2_Itgb1","mouseconsensus"
"Col26a1","Itga1_Itgb1","mouseconsensus"
"Col26a1","Itga11_Itgb1","mouseconsensus"
"Pth2","Ramp2","mouseconsensus"
"Pth2","Ramp3","mouseconsensus"
"Pth2","Adrb2","mouseconsensus"
"Pth2","Adrb3","mouseconsensus"
"Pth2","Tshr","mouseconsensus"
"Pth2","Vipr1","mouseconsensus"
"Pth2","Adcyap1r1","mouseconsensus"
"Pth2","Pth2r","mouseconsensus"
"Pth2","Pth1r","mouseconsensus"
"Pth2","Gpr20","mouseconsensus"
"Pth2","Gpr84","mouseconsensus"
"Rgma","Bmpr1b","mouseconsensus"
"Rgma","Bmpr2","mouseconsensus"
"Rgma","Neo1","mouseconsensus"
"Rgma","Tfr2","mouseconsensus"
"Oit1","Fpr1","mouseconsensus"
"Oit1","Fpr2","mouseconsensus"
"Bcan","Egfr","mouseconsensus"
"Bcan","Nrcam","mouseconsensus"
"Sfrp2","Fzd5","mouseconsensus"
"Lrig1","Egfr","mouseconsensus"
"Lrig1","Met","mouseconsensus"
"Scgb3a1","Notch3","mouseconsensus"
"Ucn2","Crhr1","mouseconsensus"
"Ucn2","Il10rb","mouseconsensus"
"Ucn2","Crhr2","mouseconsensus"
"Nodal","Acvr1b_Acvr2a_Cfc1","mouseconsensus"
"Nodal","Acvr1c_Acvr2a_Cfc1","mouseconsensus"
"Nodal","Acvr1b_Acvr2b_Cfc1","mouseconsensus"
"Nodal","Acvr1b_Acvr2b_Tdgf1","mouseconsensus"
"Nodal","Acvr1b_Acvr2a","mouseconsensus"
"Nodal","Acvr1c_Acvr2a","mouseconsensus"
"Nodal","Acvr1b_Acvr2b","mouseconsensus"
"Nodal","Acvr1c_Acvr2b","mouseconsensus"
"Gpha2","Tshr","mouseconsensus"
"Gpha2","Epha6","mouseconsensus"
"Hbegf","Egfr_Erbb2","mouseconsensus"
"Hbegf","Erbb2_Erbb4","mouseconsensus"
"Hbegf","Cd44","mouseconsensus"
"Hbegf","Prlr","mouseconsensus"
"Amelx","Cd63","mouseconsensus"
"Amelx","Lamp1","mouseconsensus"
"Amelx","Lamp2","mouseconsensus"
"Nell2","Robo3","mouseconsensus"
"Ccl2","Ccr1","mouseconsensus"
"Ccl2","Ccr2","mouseconsensus"
"Ccl2","Cxcr3","mouseconsensus"
"Ccl2","Ccr3","mouseconsensus"
"Ccl2","Ccr5","mouseconsensus"
"Ccl2","Ccr9","mouseconsensus"
"Ccl2","Ackr4","mouseconsensus"
"Col12a1","Itga10_Itgb1","mouseconsensus"
"Col12a1","Itga2_Itgb1","mouseconsensus"
"Col12a1","Itga1_Itgb1","mouseconsensus"
"Col12a1","Itga11_Itgb1","mouseconsensus"
"Gm2023","Ccrl2","mouseconsensus"
"Gm2023","Adra2a","mouseconsensus"
"Gm2023","Ccr7","mouseconsensus"
"Gm2023","Ccr10","mouseconsensus"
"Gm2023","Mtnr1a","mouseconsensus"
"Gm2023","Cxcr3","mouseconsensus"
"Gm2023","Grm7","mouseconsensus"
"Gm2023","Ackr4","mouseconsensus"
"Nrtn","Gfra2_Ret","mouseconsensus"
"Nrtn","Gfra1_Ret","mouseconsensus"
"Rarres2","Ccrl2","mouseconsensus"
"Rarres2","Cmklr1","mouseconsensus"
"Myoc","Fzd7","mouseconsensus"
"Myoc","Fzd3","mouseconsensus"
"Myoc","Fzd4","mouseconsensus"
"Myoc","Fzd10","mouseconsensus"
"Sema3c","Nrp1_Nrp2_Plxnd1","mouseconsensus"
"Sema3c","Nrp1_Plxna2","mouseconsensus"
"Sema3c","Nrp1_Plxna3","mouseconsensus"
"Sema3c","Nrp1_Plxna4","mouseconsensus"
"Sema3c","Nrp1_Plxna1","mouseconsensus"
"Sema3c","Nrp2_Plxna2","mouseconsensus"
"Sema3c","Nrp2_Plxna3","mouseconsensus"
"Sema3c","Nrp2_Plxna4","mouseconsensus"
"Sema3c","Nrp2_Plxna1","mouseconsensus"
"Gdf15","Ret","mouseconsensus"
"Gdf15","Tgfbr2","mouseconsensus"
"Gdf15","Gfral","mouseconsensus"
"Sost","Lrp4","mouseconsensus"
"Sost","Lrp5","mouseconsensus"
"Sost","Lrp6","mouseconsensus"
"Spon2","Itgb2","mouseconsensus"
"Spon2","Itgb1","mouseconsensus"
"Spon2","Itga5","mouseconsensus"
"Spon2","Itgam","mouseconsensus"
"Spon2","Itga4","mouseconsensus"
"C1qtnf1","Avpr2","mouseconsensus"
"Rspo3","Lgr5","mouseconsensus"
"Rspo3","Lrp6","mouseconsensus"
"Rspo3","Lgr4","mouseconsensus"
"Rspo3","Fzd8","mouseconsensus"
"Rspo3","Lgr6","mouseconsensus"
"Angptl4","Itgav_Itgb3","mouseconsensus"
"Angptl4","Itga5_Itgb1","mouseconsensus"
"Angptl4","Sdc3","mouseconsensus"
"Angptl4","Sdc1","mouseconsensus"
"Angptl4","Cdh5","mouseconsensus"
"Angptl4","Sdc2","mouseconsensus"
"Angptl4","Tie1","mouseconsensus"
"Angptl4","Cdh11","mouseconsensus"
"Pdgfd","Pdgfra_Pdgfrb","mouseconsensus"
"Wnt10a","Fzd9_Lrp5","mouseconsensus"
"Wnt10a","Fzd9_Lrp6","mouseconsensus"
"Wnt10a","Fzd6_Lrp5","mouseconsensus"
"Wnt10a","Fzd6_Lrp6","mouseconsensus"
"Wnt10a","Fzd7_Lrp5","mouseconsensus"
"Wnt10a","Fzd7_Lrp6","mouseconsensus"
"Wnt10a","Fzd5_Lrp5","mouseconsensus"
"Wnt10a","Fzd2_Lrp5","mouseconsensus"
"Wnt10a","Fzd8_Lrp5","mouseconsensus"
"Wnt10a","Fzd3_Lrp5","mouseconsensus"
"Wnt10a","Fzd4_Lrp5","mouseconsensus"
"Wnt10a","Fzd10_Lrp5","mouseconsensus"
"Wnt10a","Fzd1_Lrp5","mouseconsensus"
"Wnt10a","Fzd5_Lrp6","mouseconsensus"
"Wnt10a","Fzd2_Lrp6","mouseconsensus"
"Wnt10a","Fzd8_Lrp6","mouseconsensus"
"Wnt10a","Fzd3_Lrp6","mouseconsensus"
"Wnt10a","Fzd4_Lrp6","mouseconsensus"
"Wnt10a","Fzd10_Lrp6","mouseconsensus"
"Wnt10a","Fzd1_Lrp6","mouseconsensus"
"Fgf23","Fgfr1","mouseconsensus"
"Fgf23","Fgfr2","mouseconsensus"
"Fgf23","Fgfr4","mouseconsensus"
"Fgf23","Fgfr3","mouseconsensus"
"Wnt8a","Fzd9_Lrp5","mouseconsensus"
"Wnt8a","Fzd9_Lrp6","mouseconsensus"
"Wnt8a","Fzd6_Lrp5","mouseconsensus"
"Wnt8a","Fzd6_Lrp6","mouseconsensus"
"Wnt8a","Fzd7_Lrp5","mouseconsensus"
"Wnt8a","Fzd7_Lrp6","mouseconsensus"
"Wnt8a","Fzd5_Lrp5","mouseconsensus"
"Wnt8a","Fzd2_Lrp5","mouseconsensus"
"Wnt8a","Fzd8_Lrp5","mouseconsensus"
"Wnt8a","Fzd3_Lrp5","mouseconsensus"
"Wnt8a","Fzd4_Lrp5","mouseconsensus"
"Wnt8a","Fzd10_Lrp5","mouseconsensus"
"Wnt8a","Fzd1_Lrp5","mouseconsensus"
"Wnt8a","Fzd5_Lrp6","mouseconsensus"
"Wnt8a","Fzd2_Lrp6","mouseconsensus"
"Wnt8a","Fzd8_Lrp6","mouseconsensus"
"Wnt8a","Fzd3_Lrp6","mouseconsensus"
"Wnt8a","Fzd4_Lrp6","mouseconsensus"
"Wnt8a","Fzd10_Lrp6","mouseconsensus"
"Wnt8a","Fzd1_Lrp6","mouseconsensus"
"Wnt5b","Fzd9_Lrp5","mouseconsensus"
"Wnt5b","Fzd9_Lrp6","mouseconsensus"
"Wnt5b","Fzd6_Lrp5","mouseconsensus"
"Wnt5b","Fzd6_Lrp6","mouseconsensus"
"Wnt5b","Fzd7_Lrp5","mouseconsensus"
"Wnt5b","Fzd7_Lrp6","mouseconsensus"
"Wnt5b","Fzd5_Lrp5","mouseconsensus"
"Wnt5b","Fzd2_Lrp5","mouseconsensus"
"Wnt5b","Fzd8_Lrp5","mouseconsensus"
"Wnt5b","Fzd3_Lrp5","mouseconsensus"
"Wnt5b","Fzd10_Lrp5","mouseconsensus"
"Wnt5b","Fzd1_Lrp5","mouseconsensus"
"Wnt5b","Fzd5_Lrp6","mouseconsensus"
"Wnt5b","Fzd2_Lrp6","mouseconsensus"
"Wnt5b","Fzd8_Lrp6","mouseconsensus"
"Wnt5b","Fzd3_Lrp6","mouseconsensus"
"Wnt5b","Fzd10_Lrp6","mouseconsensus"
"Wnt5b","Fzd1_Lrp6","mouseconsensus"
"Wnt5b","Fzd4","mouseconsensus"
"Il25","Il17ra_Il17rb","mouseconsensus"
"Mmrn2","Clec14a","mouseconsensus"
"Mmrn2","Cd248","mouseconsensus"
"Mmrn2","Cd93","mouseconsensus"
"Ntn4","Dcc","mouseconsensus"
"Ntn4","Unc5a","mouseconsensus"
"Il21","Il21r_Il2rg","mouseconsensus"
"Prok2","Prokr2","mouseconsensus"
"Prok2","Prokr1","mouseconsensus"
"Crlf2","Crlf2_Il7r_Tslp","mouseconsensus"
"Spon1","App","mouseconsensus"
"Spon1","Lrp8","mouseconsensus"
"Npvf","Npffr1","mouseconsensus"
"Npvf","Npffr2","mouseconsensus"
"Fgf22","Fgfr1","mouseconsensus"
"Fgf22","Fgfr2","mouseconsensus"
"Fgf22","Fgfrl1","mouseconsensus"
"Retn","Gpr25","mouseconsensus"
"Retn","Tlr4","mouseconsensus"
"Ambn","Cd63","mouseconsensus"
"Fgf20","Fgfr1","mouseconsensus"
"Fgf20","Fgfr2","mouseconsensus"
"Fgf20","Fgfr4","mouseconsensus"
"Fgf20","Fgfr3","mouseconsensus"
"Il23a","Il12rb2","mouseconsensus"
"Gdf3","Acvr1b_Acvr2a_Cfc1","mouseconsensus"
"Gdf3","Acvr1c_Acvr2a_Cfc1","mouseconsensus"
"Gdf3","Acvr1b_Acvr2b_Cfc1","mouseconsensus"
"Gdf3","Acvr1b_Acvr2a","mouseconsensus"
"Gdf3","Acvr1c_Acvr2a","mouseconsensus"
"Gdf3","Acvr1b_Acvr2b","mouseconsensus"
"Gdf3","Acvr1c_Acvr2b","mouseconsensus"
"Ccl28","Adra2a","mouseconsensus"
"Ccl28","Ccr10","mouseconsensus"
"Ccl28","Mtnr1a","mouseconsensus"
"Ccl28","Ccr3","mouseconsensus"
"Ccl28","Grm7","mouseconsensus"
"Enam","Cd63","mouseconsensus"
"Cytl1","Ccr2","mouseconsensus"
"Ltbp3","Itgb5","mouseconsensus"
"Sema3g","Nrp2_Plxna2","mouseconsensus"
"Sema3g","Nrp2_Plxna3","mouseconsensus"
"Sema3g","Nrp2_Plxna4","mouseconsensus"
"Sema3g","Nrp2_Plxna1","mouseconsensus"
"Fgf21","Fgfr1","mouseconsensus"
"Fgf21","Fgfr2","mouseconsensus"
"Fgf21","Fgfr4","mouseconsensus"
"Fgf21","Fgfr3","mouseconsensus"
"Fgf21","Klb","mouseconsensus"
"Il20","Il20rb_Il22ra1","mouseconsensus"
"Il20","Il20ra_Il20rb","mouseconsensus"
"Il1f8","Il1rap_Il1rl2","mouseconsensus"
"Il1f9","Il1rap_Il1rl2","mouseconsensus"
"Il17c","Il17ra_Il17re","mouseconsensus"
"Ifnk","Ifnar1_Ifnar2","mouseconsensus"
"Col20a1","Itga10_Itgb1","mouseconsensus"
"Col20a1","Itga2_Itgb1","mouseconsensus"
"Col20a1","Itga1_Itgb1","mouseconsensus"
"Col20a1","Itga11_Itgb1","mouseconsensus"
"Cntn3","Ptprg","mouseconsensus"
"Galp","Galr2","mouseconsensus"
"Galp","Galr3","mouseconsensus"
"Galp","Galr1","mouseconsensus"
"Clcf1","Cntfr_Il6st_Lifr","mouseconsensus"
"Clcf1","Crlf1","mouseconsensus"
"Il1f5","Il1rap_Il1rl2","mouseconsensus"
"Dkk3","Kremen1","mouseconsensus"
"Dkk4","Lrp5","mouseconsensus"
"Dkk4","Lrp6","mouseconsensus"
"Dkk4","Kremen2","mouseconsensus"
"Dkk4","Kremen1","mouseconsensus"
"Dkk2","Lrp5","mouseconsensus"
"Dkk2","Lrp6","mouseconsensus"
"Dkk2","Kremen2","mouseconsensus"
"Dkk2","Kremen1","mouseconsensus"
"Ghrl","Gpr39","mouseconsensus"
"Ghrl","Tbxa2r","mouseconsensus"
"Ghrl","Ptger3","mouseconsensus"
"Ghrl","Ptgir","mouseconsensus"
"Ghrl","Ghrhr","mouseconsensus"
"Ghrl","Ghsr","mouseconsensus"
"Wnt16","Fzd9_Lrp5","mouseconsensus"
"Wnt16","Fzd9_Lrp6","mouseconsensus"
"Wnt16","Fzd6_Lrp5","mouseconsensus"
"Wnt16","Fzd6_Lrp6","mouseconsensus"
"Wnt16","Fzd7_Lrp5","mouseconsensus"
"Wnt16","Fzd7_Lrp6","mouseconsensus"
"Wnt16","Fzd5_Lrp5","mouseconsensus"
"Wnt16","Fzd2_Lrp5","mouseconsensus"
"Wnt16","Fzd8_Lrp5","mouseconsensus"
"Wnt16","Fzd3_Lrp5","mouseconsensus"
"Wnt16","Fzd4_Lrp5","mouseconsensus"
"Wnt16","Fzd10_Lrp5","mouseconsensus"
"Wnt16","Fzd1_Lrp5","mouseconsensus"
"Wnt16","Fzd5_Lrp6","mouseconsensus"
"Wnt16","Fzd2_Lrp6","mouseconsensus"
"Wnt16","Fzd8_Lrp6","mouseconsensus"
"Wnt16","Fzd3_Lrp6","mouseconsensus"
"Wnt16","Fzd4_Lrp6","mouseconsensus"
"Wnt16","Fzd10_Lrp6","mouseconsensus"
"Wnt16","Fzd1_Lrp6","mouseconsensus"
"Il1f6","Il1rap_Il1rl2","mouseconsensus"
"Il19","Il20ra_Il20rb","mouseconsensus"
"Tac2","Tacr2","mouseconsensus"
"Il17b","Il17rb","mouseconsensus"
"Pcsk1n","Gpr171","mouseconsensus"
"Gdf2","Acvr2a_Acvrl1","mouseconsensus"
"Gdf2","Acvr2b_Acvrl1","mouseconsensus"
"Gdf2","Acvrl1_Bmpr2","mouseconsensus"
"Gdf2","Acvr1","mouseconsensus"
"Angptl2","Itga5_Itgb1","mouseconsensus"
"Angptl2","Tlr4","mouseconsensus"
"Angptl2","Pirb","mouseconsensus"
"Angptl2","Tie1","mouseconsensus"
"Apln","Adra2a","mouseconsensus"
"Apln","Aplnr","mouseconsensus"
"Apln","Mtnr1a","mouseconsensus"
"Apln","Grm7","mouseconsensus"
"Clec11a","Itga10","mouseconsensus"
"Clec11a","Itgb1","mouseconsensus"
"Clec11a","Itga11","mouseconsensus"
"Angpt4","Tie1","mouseconsensus"
"Angpt4","Tek","mouseconsensus"
"Angptl3","Itgav_Itgb3","mouseconsensus"
"Angptl3","Itga5","mouseconsensus"
"Insl5","Adra2a","mouseconsensus"
"Insl5","Mtnr1a","mouseconsensus"
"Insl5","Grm7","mouseconsensus"
"Insl5","Rxfp4","mouseconsensus"
"Insl5","Rxfp2","mouseconsensus"
"Insl5","Rxfp1","mouseconsensus"
"Insl5","Rxfp3","mouseconsensus"
"Wif1","Ryk","mouseconsensus"
"Wnt6","Fzd9_Lrp5","mouseconsensus"
"Wnt6","Fzd9_Lrp6","mouseconsensus"
"Wnt6","Fzd6_Lrp5","mouseconsensus"
"Wnt6","Fzd6_Lrp6","mouseconsensus"
"Wnt6","Fzd7_Lrp5","mouseconsensus"
"Wnt6","Fzd7_Lrp6","mouseconsensus"
"Wnt6","Fzd5_Lrp5","mouseconsensus"
"Wnt6","Fzd2_Lrp5","mouseconsensus"
"Wnt6","Fzd8_Lrp5","mouseconsensus"
"Wnt6","Fzd3_Lrp5","mouseconsensus"
"Wnt6","Fzd4_Lrp5","mouseconsensus"
"Wnt6","Fzd10_Lrp5","mouseconsensus"
"Wnt6","Fzd1_Lrp5","mouseconsensus"
"Wnt6","Fzd5_Lrp6","mouseconsensus"
"Wnt6","Fzd2_Lrp6","mouseconsensus"
"Wnt6","Fzd8_Lrp6","mouseconsensus"
"Wnt6","Fzd3_Lrp6","mouseconsensus"
"Wnt6","Fzd4_Lrp6","mouseconsensus"
"Wnt6","Fzd10_Lrp6","mouseconsensus"
"Wnt6","Fzd1_Lrp6","mouseconsensus"
"Cd70","Cd27","mouseconsensus"
"Efna2","Epha2","mouseconsensus"
"Efna3","Epha3","mouseconsensus"
"Efna2","Epha7","mouseconsensus"
"Efna3","Epha7","mouseconsensus"
"Efna2","Epha8","mouseconsensus"
"Efna3","Epha8","mouseconsensus"
"Efna2","Epha5","mouseconsensus"
"Efna3","Epha5","mouseconsensus"
"Efna3","Epha4","mouseconsensus"
"Efna2","Epha4","mouseconsensus"
"Efna3","Epha2","mouseconsensus"
"Ccl11","Ackr2","mouseconsensus"
"Ccl2","Ackr2","mouseconsensus"
"Ccl12","Ackr2","mouseconsensus"
"Ccl4","Ackr2","mouseconsensus"
"Ccl5","Ackr2","mouseconsensus"
"Efna2","Epha3","mouseconsensus"
"Efna2","Epha1","mouseconsensus"
"Ccl22","Dpp4","mouseconsensus"
"Wnt5a","Fzd1","mouseconsensus"
"Ccl11","Dpp4","mouseconsensus"
"Cxcl10","Dpp4","mouseconsensus"
"Efna3","Epha1","mouseconsensus"
"Cxcl1","Dpp4","mouseconsensus"
"Cxcl12","Dpp4","mouseconsensus"
"Cxcl16","Cxcr6","mouseconsensus"
"C3","C3ar1","mouseconsensus"
"Tnfsf8","Tnfrsf8","mouseconsensus"
"Tnfsf4","Tnfrsf4","mouseconsensus"
"Plau","Plaur","mouseconsensus"
"C3","Cr2","mouseconsensus"
"Ccl17","Ackr2","mouseconsensus"
"Ccl22","Ackr2","mouseconsensus"
"Ccl24","Ackr2","mouseconsensus"
"Cd72","Cd5","mouseconsensus"
"Cntf","Il6st_Lifr","mouseconsensus"
"Cntf","Cntfr_Il6st","mouseconsensus"
"Il16","Cd9","mouseconsensus"
"Lgals1","Cd69","mouseconsensus"
"Sema4d","Cd72","mouseconsensus"
"Txlna","Stx3","mouseconsensus"
"Txlna","Stx4a","mouseconsensus"
"Txlna","Stx1a","mouseconsensus"
"Col8a1","Itga1_Itgb1","mouseconsensus"
"Col7a1","Itga1_Itgb1","mouseconsensus"
"Col5a3","Itga1_Itgb1","mouseconsensus"
"Col5a2","Itga1_Itgb1","mouseconsensus"
"Col5a1","Itga1_Itgb1","mouseconsensus"
"Col3a1","Itga1_Itgb1","mouseconsensus"
"Col18a1","Itga1_Itgb1","mouseconsensus"
"Col14a1","Itga1_Itgb1","mouseconsensus"
"Col11a1","Itga1_Itgb1","mouseconsensus"
"Col11a1","Itga2_Itgb1","mouseconsensus"
"Col14a1","Itga2_Itgb1","mouseconsensus"
"Col18a1","Itga2_Itgb1","mouseconsensus"
"Col3a1","Itga2_Itgb1","mouseconsensus"
"Col5a1","Itga2_Itgb1","mouseconsensus"
"Col5a2","Itga2_Itgb1","mouseconsensus"
"Col5a3","Itga2_Itgb1","mouseconsensus"
"Col7a1","Itga2_Itgb1","mouseconsensus"
"Col8a1","Itga2_Itgb1","mouseconsensus"
"Col11a1","Itga10_Itgb1","mouseconsensus"
"Col14a1","Itga10_Itgb1","mouseconsensus"
"Col18a1","Itga10_Itgb1","mouseconsensus"
"Col3a1","Itga10_Itgb1","mouseconsensus"
"Col5a1","Itga10_Itgb1","mouseconsensus"
"Col5a2","Itga10_Itgb1","mouseconsensus"
"Col5a3","Itga10_Itgb1","mouseconsensus"
"Col7a1","Itga10_Itgb1","mouseconsensus"
"Col8a1","Itga10_Itgb1","mouseconsensus"
"Col11a1","Itga11_Itgb1","mouseconsensus"
"Col14a1","Itga11_Itgb1","mouseconsensus"
"Col18a1","Itga11_Itgb1","mouseconsensus"
"Col3a1","Itga11_Itgb1","mouseconsensus"
"Col5a1","Itga11_Itgb1","mouseconsensus"
"Col5a2","Itga11_Itgb1","mouseconsensus"
"Col5a3","Itga11_Itgb1","mouseconsensus"
"Col7a1","Itga11_Itgb1","mouseconsensus"
"Col8a1","Itga11_Itgb1","mouseconsensus"
"Clec4g","Lag3","mouseconsensus"
"Gnai2","Mtnr1a","mouseconsensus"
"Gnrh1","Gnrhr","mouseconsensus"
"Shh","Hhip","mouseconsensus"
"Shh","Gas1","mouseconsensus"
"Psen1","Ncstn","mouseconsensus"
"Efna2","Epha6","mouseconsensus"
"Efna3","Epha6","mouseconsensus"
"Dhh","Hhip","mouseconsensus"
"Ihh","Hhip","mouseconsensus"
"Gnai2","Ccr5","mouseconsensus"
"Adm","Calcr","mouseconsensus"
"Adm2","Calcr","mouseconsensus"
"Iapp","Calcr","mouseconsensus"
"Calca","Calcr","mouseconsensus"
"Pros1","Axl","mouseconsensus"
"Hc","C5ar1","mouseconsensus"
"Rps19","C5ar1","mouseconsensus"
"Hc","C5ar2","mouseconsensus"
"Pomc","Oprd1","mouseconsensus"
"Pdyn","Oprd1","mouseconsensus"
"Penk","Oprd1","mouseconsensus"
"Camp","Fpr2","mouseconsensus"
"Psap","Gpr37","mouseconsensus"
"Psap","Gpr37l1","mouseconsensus"
"Tac1","Tacr1","mouseconsensus"
"Tac2","Tacr1","mouseconsensus"
"Tac1","Tacr3","mouseconsensus"
"Tac2","Tacr3","mouseconsensus"
"Arf1","Pld2","mouseconsensus"
"Pros1","Tyro3","mouseconsensus"
"Gnas","Adrb2","mouseconsensus"
"Fga","Itgb1","mouseconsensus"
"Rspo1","Znrf3","mouseconsensus"
"Liph","Lpar2","mouseconsensus"
"Fgf13","Scn5a","mouseconsensus"
"Fgf13","Scn8a","mouseconsensus"
"Ntng2","Lrrc4","mouseconsensus"
"Rspo3","Sdc4","mouseconsensus"
"Rtn4","Lingo1","mouseconsensus"
"Cntn6","Notch1","mouseconsensus"
"Ntng1","Lrrc4c","mouseconsensus"
"Gnas","Gcgr","mouseconsensus"
"Gnai2","Adcy1","mouseconsensus"
"Fga","Itgax","mouseconsensus"
"Gpi1","Amfr","mouseconsensus"
"Cd38","Pecam1","mouseconsensus"
"Serpinc1","Lrp1","mouseconsensus"
"Gnas","Tshr","mouseconsensus"
"Mfng","Notch1","mouseconsensus"
"Mfng","Notch2","mouseconsensus"
"Adam12","Sdc4","mouseconsensus"
"F2","F2rl2","mouseconsensus"
"F2","F2r","mouseconsensus"
"F2","F2rl1","mouseconsensus"
"F2","F2rl3","mouseconsensus"
"Ren1","Atp6ap2","mouseconsensus"
"Apoe","Sorl1","mouseconsensus"
"Tfpi","Vldlr","mouseconsensus"
"Edn3","Kel","mouseconsensus"
"Omg","Lingo1","mouseconsensus"
"Gnas","Avpr2","mouseconsensus"
"a","Atrn","mouseconsensus"
"a","Mc1r","mouseconsensus"
"Psen1","Notch1","mouseconsensus"
"Fstl1","Dip2a","mouseconsensus"
"Gnas","Ptgdr","mouseconsensus"
"Hras","Insr","mouseconsensus"
"Hras","Cav1","mouseconsensus"
"Arf1","Insr","mouseconsensus"
"Grn","Sort1","mouseconsensus"
"F9","Lrp1","mouseconsensus"
"Timp1","Cd63","mouseconsensus"
"Sfrp1","Fzd2","mouseconsensus"
"Sfrp1","Fzd6","mouseconsensus"
"Plat","Lrp1","mouseconsensus"
"Tgfb1","Eng","mouseconsensus"
"Hgf","St14","mouseconsensus"
"Serpine1","Lrp2","mouseconsensus"
"Serpine1","Lrp1","mouseconsensus"
"Efnb3","Rhbdl2","mouseconsensus"
"Hbegf","Cd9","mouseconsensus"
"Ltf","Lrp1","mouseconsensus"
"Tfpi","Lrp1","mouseconsensus"
"Proc","Thbd","mouseconsensus"
"Tgfb3","Eng","mouseconsensus"
"Inhba","Eng","mouseconsensus"
"Efnb2","Rhbdl2","mouseconsensus"
"C3","Itgam","mouseconsensus"
"C3","Cd19","mouseconsensus"
"C3","Cd46","mouseconsensus"
"C3","C5ar2","mouseconsensus"
"C3","Itgax","mouseconsensus"
"Vasp","Cxcr2","mouseconsensus"
"Slurp1","Chrna7","mouseconsensus"
"Omg","Rtn4rl1","mouseconsensus"
"Aanat","Mtnr1b","mouseconsensus"
"Aanat","Mtnr1a","mouseconsensus"
"Crp","Olr1","mouseconsensus"
"Nts","Sort1","mouseconsensus"
"Ccl21b","Ackr2","mouseconsensus"
"Mmp7","Cd44","mouseconsensus"
"Mmp7","Cd151","mouseconsensus"
"Mmp7","Erbb4","mouseconsensus"
"Thbs1","Sdc4","mouseconsensus"
"Timp2","Itgb1","mouseconsensus"
"Fgf2","Sdc4","mouseconsensus"
"F13a1","Itga4","mouseconsensus"
"F13a1","Itgb1","mouseconsensus"
"Timp3","Agtr2","mouseconsensus"
"Igfbp4","Fzd8","mouseconsensus"
"Rspo2","Znrf3","mouseconsensus"
"Scgb3a1","Marco","mouseconsensus"
"Shank1","Sstr2","mouseconsensus"
"Bmp10","Eng","mouseconsensus"
"Liph","Lpar1","mouseconsensus"
"Liph","Lpar4","mouseconsensus"
"Scgb3a2","Marco","mouseconsensus"
"Col14a1","Cd44","mouseconsensus"
"Il16","Kcnj15","mouseconsensus"
"Il16","Kcnj10","mouseconsensus"
"Col3a1","Ddr2","mouseconsensus"
"Col3a1","Mag","mouseconsensus"
"Col3a1","Ddr1","mouseconsensus"
"Cxcl10","Sdc4","mouseconsensus"
"Fgb","Itgam","mouseconsensus"
"Fgb","Itgb1","mouseconsensus"
"Fgb","Tlr4","mouseconsensus"
"Fga","Itgam","mouseconsensus"
"Fga","Itgb3","mouseconsensus"
"Fga","Tlr4","mouseconsensus"
"Has2","Hmmr","mouseconsensus"
"Has2","Cd44","mouseconsensus"
"Rgmb","Neo1","mouseconsensus"
"F2","Thbd","mouseconsensus"
"Gm2023","Ackr2","mouseconsensus"
"Lpl","Sdc1","mouseconsensus"
"Lpl","Vldlr","mouseconsensus"
"Gnai2","Lpar3","mouseconsensus"
"Gnai2","Ednra","mouseconsensus"
"Gnai2","Adora1","mouseconsensus"
"Gnai2","C5ar1","mouseconsensus"
"Gnai2","Adra2b","mouseconsensus"
"Gnai2","F2r","mouseconsensus"
"Gnai2","Fpr1","mouseconsensus"
"Gnai2","Oprm1","mouseconsensus"
"Gnai2","Cav1","mouseconsensus"
"Gnai2","Tbxa2r","mouseconsensus"
"Gnai2","Cxcr2","mouseconsensus"
"Gnai2","Tshr","mouseconsensus"
"Gnai2","Agtr2","mouseconsensus"
"Gnai2","Cnr1","mouseconsensus"
"Fbn1","Itgb3","mouseconsensus"
"Fbn1","Itgb1","mouseconsensus"
"Psen1","Notch4","mouseconsensus"
"Bgn","Tlr4","mouseconsensus"
"Cthrc1","Fzd5","mouseconsensus"
"Cthrc1","Fzd6","mouseconsensus"
"Cthrc1","Fzd3","mouseconsensus"
"Fgg","Itgb1","mouseconsensus"
"Fgg","Tlr4","mouseconsensus"
"Rtn4","Tnfrsf19","mouseconsensus"
"Col9a3","Mag","mouseconsensus"
"Slpi","Plscr4","mouseconsensus"
"Fn1","Mag","mouseconsensus"
"Col18a1","Gpc4","mouseconsensus"
"Col9a1","Mag","mouseconsensus"
"Gip","Dpp4","mouseconsensus"
"F8","Ldlr","mouseconsensus"
"Ccl28","Ackr2","mouseconsensus"
"Tgm2","Itgb1","mouseconsensus"
"Tgm2","Itgb3","mouseconsensus"
"Tgm2","Sdc4","mouseconsensus"
"Cntf","Il6ra","mouseconsensus"
"Tgfb2","Eng","mouseconsensus"
"Cfh","Itgam","mouseconsensus"
"Efna3","Ephb1","mouseconsensus"
"Ngf","Sorcs3","mouseconsensus"
"Col11a1","Ddr1","mouseconsensus"
"Gnas","Crhr1","mouseconsensus"
"Rbp4","Stra6","mouseconsensus"
"Cel","Cxcr4","mouseconsensus"
"Mmp9","Cd44","mouseconsensus"
"Mmp9","Ephb2","mouseconsensus"
"Col9a2","Mag","mouseconsensus"
"Col5a2","Ddr1","mouseconsensus"
"Anxa1","Dysf","mouseconsensus"
"Agrn","Atp1a3","mouseconsensus"
"Col2a1","Mag","mouseconsensus"
"Ccl25","Ackr2","mouseconsensus"
"Tctn1","Tmem67","mouseconsensus"
"Hras","Agtr1a","mouseconsensus"
"Lrpap1","Ldlr","mouseconsensus"
"Hsp90aa1","Cftr","mouseconsensus"
"Timp2","Itga3","mouseconsensus"
"Rtn4","Rtn4r","mouseconsensus"
"Omg","Rtn4r","mouseconsensus"
"Ltb","Tnfrsf1a","mouseconsensus"
"Pyy","Fap","mouseconsensus"
"Npy","Fap","mouseconsensus"
"Proc","Procr","mouseconsensus"
"Plg","Plgrkt","mouseconsensus"
"Hbegf","Cd82","mouseconsensus"
"Gnai2","Oprd1","mouseconsensus"
"A2m","Lrp1","mouseconsensus"
"Serpine2","Lrp1","mouseconsensus"
"Mmp13","Lrp1","mouseconsensus"
"Mmp9","Lrp1","mouseconsensus"
"Plau","Lrp1","mouseconsensus"
"Lrpap1","Lrp1","mouseconsensus"
"C3","Lrp1","mouseconsensus"
"C1qb","Lrp1","mouseconsensus"
"F8","Lrp1","mouseconsensus"
"Lpl","Lrp1","mouseconsensus"
"Lipc","Lrp1","mouseconsensus"
"Psap","Lrp1","mouseconsensus"
"a","Mc3r","mouseconsensus"
"Mbl2","Cd93","mouseconsensus"
"C1qa","Cd93","mouseconsensus"
"Kiss1","Mmp24","mouseconsensus"
"Pdgfb","Art1","mouseconsensus"
"Guca2b","Gucy2e","mouseconsensus"
"Arf1","Chrm3","mouseconsensus"
"Ngf","Sort1","mouseconsensus"
"Lrpap1","Sort1","mouseconsensus"
"Bdnf","Sort1","mouseconsensus"
"Psen1","Notch2","mouseconsensus"
"Gnai2","Mtnr1b","mouseconsensus"
"Fn1","Nt5e","mouseconsensus"
"Bgn","Tlr2","mouseconsensus"
"Lrpap1","Sorl1","mouseconsensus"
"Cp","Slc40a1","mouseconsensus"
"Igfbp4","Lrp6","mouseconsensus"
"F2","Itga2b","mouseconsensus"
"Fgg","Itga2b","mouseconsensus"
"Fga","Itga2b","mouseconsensus"
"Fgb","Itga2b","mouseconsensus"
"Il16","Grin2d","mouseconsensus"
"Psen1","Notch3","mouseconsensus"
"Gpc3","Cd81","mouseconsensus"
"Serping1","Selp","mouseconsensus"
"Plau","Lrp2","mouseconsensus"
"Lrpap1","Lrp2","mouseconsensus"
"Alb","Lrp2","mouseconsensus"
"Lpl","Lrp2","mouseconsensus"
"Lcn2","Lrp2","mouseconsensus"
"Timp3","Kdr","mouseconsensus"
"Col18a1","Kdr","mouseconsensus"
"Col18a1","Gpc1","mouseconsensus"
"Rtn4","Cntnap1","mouseconsensus"
"F13a1","Itga9","mouseconsensus"
"Gpc3","Igf1r","mouseconsensus"
"Gnai2","Igf1r","mouseconsensus"
"Gnai2","Egfr","mouseconsensus"
"Hsp90aa1","Egfr","mouseconsensus"
"Spink3","Egfr","mouseconsensus"
"Lin7c","Htr2c","mouseconsensus"
"Plau","St14","mouseconsensus"
"Gnai2","Adra2a","mouseconsensus"
"Matn1","Itga1","mouseconsensus"
"Pla2g10","Pla2r1","mouseconsensus"
"Fgg","Itga5","mouseconsensus"
"Fga","Itga5","mouseconsensus"
"Fgb","Itga5","mouseconsensus"
"Fbn1","Itga5","mouseconsensus"
"Col18a1","Itga5","mouseconsensus"
"Gnai2","Lhcgr","mouseconsensus"
"Gnas","Lhcgr","mouseconsensus"
"Pros1","Mertk","mouseconsensus"
"Gnai2","Cxcr1","mouseconsensus"
"Ltbp1","Itgb5","mouseconsensus"
"Mmp1a","Itga2","mouseconsensus"
"Fat4","Dchs1","mouseconsensus"
"a","Mc4r","mouseconsensus"
"Lrpap1","Lrp8","mouseconsensus"
"Ahsg","Insr","mouseconsensus"
"F2","Gp9","mouseconsensus"
"Gnai2","P2ry12","mouseconsensus"
"a","Mc5r","mouseconsensus"
"Gnas","Vipr1","mouseconsensus"
"Rtn4","Rtn4rl1","mouseconsensus"
"Ptgs2","Gpr44","mouseconsensus"
"a","Mc2r","mouseconsensus"
"F10","F3","mouseconsensus"
"F7","F3","mouseconsensus"
"Ptgs2","Cav1","mouseconsensus"
"Mmp12","Plaur","mouseconsensus"
"Col5a1","Sdc3","mouseconsensus"
"F8","Asgr2","mouseconsensus"
"Edn2","Kel","mouseconsensus"
"Edn1","Kel","mouseconsensus"
"Plau","Igf2r","mouseconsensus"
"Ltb","Cd40","mouseconsensus"
"Mdk","Sdc4","mouseconsensus"
"Ccl5","Sdc4","mouseconsensus"
"Bmp7","Eng","mouseconsensus"
"Gdf2","Eng","mouseconsensus"
"Bmp2","Eng","mouseconsensus"
"Colq","Musk","mouseconsensus"
"Pltp","Abca1","mouseconsensus"
"Mepe","Phex","mouseconsensus"
"Lrpap1","Vldlr","mouseconsensus"
"Vim","Cd44","mouseconsensus"
"Nampt","Insr","mouseconsensus"
"Bmp2","Rgmb","mouseconsensus"
"Bmp4","Cfc1","mouseconsensus"
"Bmp4","Rgmb","mouseconsensus"
"Bsg","Slc16a1","mouseconsensus"
"Bsg","Slc16a7","mouseconsensus"
"C3","Nrp1","mouseconsensus"
"Cadm3","Cadm1","mouseconsensus"
"Crtam","Cadm1","mouseconsensus"
"Cadm1","Crtam","mouseconsensus"
"L1cam","Cd9","mouseconsensus"
"Cirbp","Trem1","mouseconsensus"
"Col18a1","Ptprs","mouseconsensus"
"Col5a3","Sdc3","mouseconsensus"
"Cthrc1","Ror2","mouseconsensus"
"Dnajb11","Prtg","mouseconsensus"
"Epo","Crlf3","mouseconsensus"
"Inhbb","Cfc1","mouseconsensus"
"Lgi1","Adam22","mouseconsensus"
"Lgi2","Adam22","mouseconsensus"
"Lgi3","Adam22","mouseconsensus"
"Lgi3","Flot1","mouseconsensus"
"Lgi3","Stx1a","mouseconsensus"
"Lgi4","Adam22","mouseconsensus"
"Ltf","Lrp11","mouseconsensus"
"Ly86","Cd180","mouseconsensus"
"Matn1","Itgb1","mouseconsensus"
"Muc2","Agr2","mouseconsensus"
"Myl9","Cd69","mouseconsensus"
"Myoc","Fzd1","mouseconsensus"
"Omg","Tnfrsf1b","mouseconsensus"
"Pdcd1lg2","Rgmb","mouseconsensus"
"Proc","Tek","mouseconsensus"
"Ptdss1","Jmjd6","mouseconsensus"
"Ptdss1","Scarb1","mouseconsensus"
"Rtn4","S1pr2","mouseconsensus"
"Serpinf1","Plxdc1","mouseconsensus"
"Serping1","Lrp1","mouseconsensus"
"Sertad1","Ar","mouseconsensus"
"Slpi","Plscr1","mouseconsensus"
"Zp3","Chrna7","mouseconsensus"
"S100a10","Trpv6","mouseconsensus"
"Fadd","Fas","mouseconsensus"
"Fadd","Tradd","mouseconsensus"
"Mfap5","Notch1","mouseconsensus"
"Gnas","Adcy1","mouseconsensus"
"Irak4","Tlr4","mouseconsensus"
"Megf10","Abca1","mouseconsensus"
"Tln1","Itgb3","mouseconsensus"
"Tln1","Itgb5","mouseconsensus"
"C1qb","C1qbp","mouseconsensus"
"Gnas","Adrb3","mouseconsensus"
"Apoa1","Abca1","mouseconsensus"
"Gnas","Htr6","mouseconsensus"
"Apob","Mttp","mouseconsensus"
"Itgb3bp","Itgb5","mouseconsensus"
"Itgb3bp","Itgb3","mouseconsensus"
"Hebp1","Adra2a","mouseconsensus"
"Hebp1","Mtnr1a","mouseconsensus"
"Hebp1","Grm7","mouseconsensus"
"Vcl","Itgb5","mouseconsensus"
"Vcl","Alk","mouseconsensus"
"Efna2","Epha10","mouseconsensus"
"Tcn2","Lrp2","mouseconsensus"
"Tcn2","Cnr1","mouseconsensus"
"Timp1","Fgfr2","mouseconsensus"
"Mmp2","Pecam1","mouseconsensus"
"Mmp2","Ccr2","mouseconsensus"
"Mmp2","Fgfr1","mouseconsensus"
"Plat","Itgam","mouseconsensus"
"Tgfb1","Cav1","mouseconsensus"
"Nampt","Adora2a","mouseconsensus"
"Serpine1","Plaur","mouseconsensus"
"Serpine1","Itgb5","mouseconsensus"
"Hc","Adra2a","mouseconsensus"
"Hc","Mtnr1a","mouseconsensus"
"Hc","Grm7","mouseconsensus"
"Selplg","Esam","mouseconsensus"
"Fgf6","Sdc4","mouseconsensus"
"Gnb3","Tgfbr1","mouseconsensus"
"Gnb3","Gabbr2","mouseconsensus"
"Ltf","Tfrc","mouseconsensus"
"Tfpi","Sdc4","mouseconsensus"
"Tfpi","F3","mouseconsensus"
"Apob","Calcr","mouseconsensus"
"Proc","Itgam","mouseconsensus"
"Fgf23","Phex","mouseconsensus"
"Tnfsf10","Ripk1","mouseconsensus"
"Gstm7","Ryr2","mouseconsensus"
"Lypd3","Agr2","mouseconsensus"
"Pspn","Gfra3","mouseconsensus"
"Cd70","Tnfrsf13b","mouseconsensus"
"C3","Mtnr1a","mouseconsensus"
"C3","Grm7","mouseconsensus"
"C3","Adra2a","mouseconsensus"
"C3","Cd81","mouseconsensus"
"Tph1","Htr7","mouseconsensus"
"Tph1","Htr1a","mouseconsensus"
"Tph1","Htr1f","mouseconsensus"
"Tph1","Htr1d","mouseconsensus"
"Tph1","Htr2c","mouseconsensus"
"Tph1","Htr4","mouseconsensus"
"Tph1","Htr6","mouseconsensus"
"Tph1","Htr1b","mouseconsensus"
"Tph1","Htr2a","mouseconsensus"
"Tph1","Htr2b","mouseconsensus"
"Tph1","Htr5a","mouseconsensus"
"Lman1","Mcfd2","mouseconsensus"
"Apoe","Chrna4","mouseconsensus"
"Apoe","Abca1","mouseconsensus"
"Ncan","Cdh2","mouseconsensus"
"Ncan","Sdc3","mouseconsensus"
"Cfc1","Acvr1b","mouseconsensus"
"Tgs1","Rxra","mouseconsensus"
"Mmp7","Sdc1","mouseconsensus"
"Adam10","Gpnmb","mouseconsensus"
"Adam10","Tspan5","mouseconsensus"
"Adam10","Cadm1","mouseconsensus"
"Adam10","Tspan14","mouseconsensus"
"Rims2","Abca1","mouseconsensus"
"Timp2","Cd44","mouseconsensus"
"Farp2","Plxna3","mouseconsensus"
"Farp2","Plxna1","mouseconsensus"
"Farp2","Plxna2","mouseconsensus"
"Farp2","Plxna4","mouseconsensus"
"Lamc2","Cd151","mouseconsensus"
"Wnt5a","Vangl2","mouseconsensus"
"Icam1","Cav1","mouseconsensus"
"Bst1","Cav1","mouseconsensus"
"Tnc","Sdc4","mouseconsensus"
"Egf","Cav1","mouseconsensus"
"Egf","Rhbdl2","mouseconsensus"
"Nptx2","Nptxr","mouseconsensus"
"Adam2","Cd9","mouseconsensus"
"Timp3","Cd44","mouseconsensus"
"Timp3","Met","mouseconsensus"
"Hdc","Hrh1","mouseconsensus"
"Hdc","Hrh2","mouseconsensus"
"Hdc","Hrh3","mouseconsensus"
"Cgn","Tgfbr2","mouseconsensus"
"Cgn","Ocln","mouseconsensus"
"Cgn","Tgfbr1","mouseconsensus"
"Lin7c","Abca1","mouseconsensus"
"Lin7c","Kcnj4","mouseconsensus"
"Il18","Il18bp","mouseconsensus"
"Qdpr","Dysf","mouseconsensus"
"Pigf","Flt1","mouseconsensus"
"Adamts3","Ccbe1","mouseconsensus"
"Pip","Aqp5","mouseconsensus"
"Tff2","Muc6","mouseconsensus"
"Tff1","Muc5ac","mouseconsensus"
"S100b","Ager","mouseconsensus"
"S100a1","Trpm3","mouseconsensus"
"S100a1","Ryr2","mouseconsensus"
"S100a1","Ryr1","mouseconsensus"
"S100a1","Tlr4","mouseconsensus"
"S100a1","Ager","mouseconsensus"
"Cxcl16","Grm7","mouseconsensus"
"Cxcl16","Mtnr1a","mouseconsensus"
"Fgf11","Fgfr2","mouseconsensus"
"Fgf11","Fgfr1","mouseconsensus"
"Arpc5","Adrb2","mouseconsensus"
"Arpc5","Ldlr","mouseconsensus"
"Camp","P2rx7","mouseconsensus"
"Spink3","Nrsn1","mouseconsensus"
"Fabp5","Rxra","mouseconsensus"
"Shh","Scube2","mouseconsensus"
"Arf6","Pld1","mouseconsensus"
"Arf6","Smap1","mouseconsensus"
"Hsp90b1","Tlr9","mouseconsensus"
"Hsp90b1","Tlr7","mouseconsensus"
"Hsp90b1","Tlr4","mouseconsensus"
"Hsp90b1","Tlr1","mouseconsensus"
"Fadd","Abca1","mouseconsensus"
"Il16","Grin2b","mouseconsensus"
"Il16","Kcnj4","mouseconsensus"
"Il16","Grin2a","mouseconsensus"
"Hspa4","Tlr4","mouseconsensus"
"Fgb","Itgb3","mouseconsensus"
"Fga","Plaur","mouseconsensus"
"Fga","Cdh5","mouseconsensus"
"Fga","Itgad","mouseconsensus"
"Nptx1","Nptxr","mouseconsensus"
"Rgmb","Bmpr2","mouseconsensus"
"Rgmb","Bmpr1b","mouseconsensus"
"F2","Gp1bb","mouseconsensus"
"Lpl","Cd44","mouseconsensus"
"Efemp2","Aqp1","mouseconsensus"
"Efemp2","Plscr4","mouseconsensus"
"Gnai2","S1pr5","mouseconsensus"
"Gnai2","S1pr3","mouseconsensus"
"Gnai2","Unc5b","mouseconsensus"
"Gnai2","Ptpru","mouseconsensus"
"Gnai2","Cxcr3","mouseconsensus"
"Gnai2","Ednrb","mouseconsensus"
"Gnai2","Drd2","mouseconsensus"
"Gnai2","Adcy7","mouseconsensus"
"Pkm","Cd44","mouseconsensus"
"Mmp1a","Cd44","mouseconsensus"
"Wnt11","Klrg2","mouseconsensus"
"Psen1","Cd44","mouseconsensus"
"Bgn","Tlr1","mouseconsensus"
"Izumo1","Cd9","mouseconsensus"
"P4hb","Mttp","mouseconsensus"
"Hsp90aa1","Itgb3","mouseconsensus"
"Fgg","Itgb3","mouseconsensus"
"Rtn4","Gjb2","mouseconsensus"
"Dmp1","Phex","mouseconsensus"
"Wnt7b","Tmed5","mouseconsensus"
"Icam4","Rhag","mouseconsensus"
"Fn1","Dpp4","mouseconsensus"
"Col18a1","Itgb3","mouseconsensus"
"Sema4f","Nrp2","mouseconsensus"
"Gad1","Grm4","mouseconsensus"
"Itih2","Fcer1a","mouseconsensus"
"Pyy","Dpp4","mouseconsensus"
"Tgm2","Itga4","mouseconsensus"
"Tgm2","Tbxa2r","mouseconsensus"
"Ptgs2","Alox5","mouseconsensus"
"Efna3","Ephb6","mouseconsensus"
"Efna3","Epha10","mouseconsensus"
"Ngf","Trpv1","mouseconsensus"
"Ngf","Maged1","mouseconsensus"
"Cd40lg","Traf3","mouseconsensus"
"Gnas","Glp1r","mouseconsensus"
"Gnas","Adcy7","mouseconsensus"
"Mmp9","Itgam","mouseconsensus"
"Mmp9","Reck","mouseconsensus"
"Sptan1","Ptpra","mouseconsensus"
"Plau","Itgam","mouseconsensus"
"Plau","Vldlr","mouseconsensus"
"Plau","Itgb1","mouseconsensus"
"F10","Itgam","mouseconsensus"
"Fgf14","Fgfr2","mouseconsensus"
"Fgf14","Fgfr1","mouseconsensus"
"Actr2","Ldlr","mouseconsensus"
"Shbg","Cldn4","mouseconsensus"
"Lamb3","Cd151","mouseconsensus"
"Pdcd1lg2","Pdcd2","mouseconsensus"
"Dscam","Dcc","mouseconsensus"
"Trf","Hfe","mouseconsensus"
"Ptpn6","Cd300lf","mouseconsensus"
"C1qtnf5","Mfrp","mouseconsensus"
"Hspa8","Ldlr","mouseconsensus"
"S100a10","Cftr","mouseconsensus"
"Shank2","Cftr","mouseconsensus"
"Plau","Itga3","mouseconsensus"
"Lgals8","Itga3","mouseconsensus"
"Col18a1","Itga3","mouseconsensus"
"Slpi","Cd4","mouseconsensus"
"Cd70","Tnfrsf17","mouseconsensus"
"Calml3","Kcnq1","mouseconsensus"
"Rtn4","Ngfr","mouseconsensus"
"Omg","Ngfr","mouseconsensus"
"Fam3c","Glra2","mouseconsensus"
"Rims1","Slc17a7","mouseconsensus"
"Klk1b8","Epor","mouseconsensus"
"S100a8","Cd69","mouseconsensus"
"Cxcl13","Oprd1","mouseconsensus"
"Cfc1","Acvr2a","mouseconsensus"
"Gpc3","Lrp1","mouseconsensus"
"Hsp90b1","Lrp1","mouseconsensus"
"F12","Cd93","mouseconsensus"
"Gnai2","S1pr4","mouseconsensus"
"Tnfsf4","Traf2","mouseconsensus"
"Tnf","Traf2","mouseconsensus"
"Fadd","Traf2","mouseconsensus"
"Pcsk9","Sort1","mouseconsensus"
"Psap","Sort1","mouseconsensus"
"Ngf","Kidins220","mouseconsensus"
"Hdc","Hrh4","mouseconsensus"
"Lama1","Nt5e","mouseconsensus"
"Lta","Ripk1","mouseconsensus"
"Cd14","Ripk1","mouseconsensus"
"Hsp90b1","Tlr2","mouseconsensus"
"Mdk","Sorl1","mouseconsensus"
"a","Mgrn1","mouseconsensus"
"Egf","Pld2","mouseconsensus"
"Hspa1a","Grin2d","mouseconsensus"
"Arpc5","Lrp2","mouseconsensus"
"Gpc3","Lrp2","mouseconsensus"
"Cubn","Lrp2","mouseconsensus"
"Hspa8","Lrp2","mouseconsensus"
"Actr2","Lrp2","mouseconsensus"
"Serpinc1","Gpc1","mouseconsensus"
"Tgm2","Itga9","mouseconsensus"
"Agt","Enpep","mouseconsensus"
"Ncam1","Cacna1c","mouseconsensus"
"Rims1","Cacna1c","mouseconsensus"
"Scgb1a1","Lmbr1l","mouseconsensus"
"Camp","Igf1r","mouseconsensus"
"Hsp90b1","Asgr1","mouseconsensus"
"Hsp90b1","Erbb2","mouseconsensus"
"Hsp90aa1","Erbb2","mouseconsensus"
"Mmp9","Ifnar1","mouseconsensus"
"Nrtn","Gfra3","mouseconsensus"
"Gdnf","Gfra3","mouseconsensus"
"Camp","Egfr","mouseconsensus"
"Cntf","Egfr","mouseconsensus"
"Ntng2","Lrrc4c","mouseconsensus"
"Spint1","St14","mouseconsensus"
"Cxcl16","Adra2a","mouseconsensus"
"Sorbs1","Itga1","mouseconsensus"
"Fbn1","Itgb6","mouseconsensus"
"Sftpd","Ly96","mouseconsensus"
"Bgn","Ly96","mouseconsensus"
"Gnas","Adcy8","mouseconsensus"
"Gnai2","Adcy8","mouseconsensus"
"Mdk","Gpc2","mouseconsensus"
"Plau","Itga5","mouseconsensus"
"Gnas","Adcy9","mouseconsensus"
"Gnai2","Adcy9","mouseconsensus"
"Plau","Itgb5","mouseconsensus"
"Sorbs1","Itgb5","mouseconsensus"
"Col18a1","Itgb5","mouseconsensus"
"Nucb2","Erap1","mouseconsensus"
"Rims1","Slc18a2","mouseconsensus"
"Hspa8","Adrb2","mouseconsensus"
"Actr2","Adrb2","mouseconsensus"
"Gnai2","S1pr1","mouseconsensus"
"Gnai2","Chrm1","mouseconsensus"
"Crisp2","Catsper1","mouseconsensus"
"Shbg","Gprc6a","mouseconsensus"
"Pdx1","Slc2a2","mouseconsensus"
"Wnt5b","Klrg2","mouseconsensus"
"Tnf","Tradd","mouseconsensus"
"Shbg","Slc37a1","mouseconsensus"
"Ptpn6","Clec12a","mouseconsensus"
"Piga","Pigr","mouseconsensus"
"Mbl2","Calcr","mouseconsensus"
"Gsto1","Ryr1","mouseconsensus"
"Npy","Dpp4","mouseconsensus"
"Vip","Dpp4","mouseconsensus"
"Ada","Dpp4","mouseconsensus"
"Mmp9","Tlr9","mouseconsensus"
"Hras","Tlr9","mouseconsensus"
"Gnas","Adora1","mouseconsensus"
"Ceacam16","Tectb","mouseconsensus"
"Cxcl12","Sdc4","mouseconsensus"
"Lama1","Sdc4","mouseconsensus"
"Hspa1a","Tlr4","mouseconsensus"
"Rims1","Slc18a3","mouseconsensus"
"Psap","Ar","mouseconsensus"
"Col8a2","Slc4a11","mouseconsensus"
"Sptbn2","Ptpra","mouseconsensus"
"Ncam1","Ptpra","mouseconsensus"
"Irak4","Tlr7","mouseconsensus"
"Ceacam16","Tecta","mouseconsensus"
"Tnf","Trpm2","mouseconsensus"
"Irak4","Tlr6","mouseconsensus"
"Fgf12","Fgfr1","mouseconsensus"
"Vegfc","Ccbe1","mouseconsensus"
"Fgf12","Fgfr2","mouseconsensus"
"B2m","Hfe","mouseconsensus"
"Rgma","Hfe","mouseconsensus"
"Vegfa","Grin2b","mouseconsensus"
"Entpd1","Adora1","mouseconsensus"
"Entpd1","Adora2a","mouseconsensus"
"Entpd1","Adora2b","mouseconsensus"
"Alb","B2m_Fcgrt","mouseconsensus"
"Entpd1","Adora3","mouseconsensus"
"Gdf10","Bmpr2","mouseconsensus"
"Ptpn6","Egfr","mouseconsensus"
"Tpsb2","F2rl1","mouseconsensus"
"Pdap1","Pdgfrb","mouseconsensus"
"Il16","Kcna3","mouseconsensus"
"Il16","Kcnd2","mouseconsensus"
"Serpina7","Slc16a2","mouseconsensus"
"Il16","Kcnd1","mouseconsensus"
"Il16","Grin2c","mouseconsensus"
"Adcyap1","Dpp4","mouseconsensus"
"Retn","Cap1","mouseconsensus"
"Nampt","Itga5_Itgb1","mouseconsensus"
"Angptl4","Sdc4","mouseconsensus"
"Mdk","Ncl","mouseconsensus"
"Ptn","Sdc4","mouseconsensus"
"Ptn","Ncl","mouseconsensus"
"Klk1b8","Ntrk1","mouseconsensus"
"Slurp1","Chrnb2","mouseconsensus"
"Slurp1","Chrnb4","mouseconsensus"
"Slurp1","Chrna4","mouseconsensus"
"Slurp1","Chrna9","mouseconsensus"
"Slurp1","Chrna10","mouseconsensus"
"Gdf9","Fxyd6","mouseconsensus"
"Gdf9","Orai2","mouseconsensus"
"Lrp1b","Plaur","mouseconsensus"
"Psap","Celsr1","mouseconsensus"
"Ptn","Cdh10","mouseconsensus"
"Spp1","S1pr1","mouseconsensus"
"Il12b","Boc","mouseconsensus"
"Pcsk9","Cd81","mouseconsensus"
"Tac1","Dpp4","mouseconsensus"
"Sema3g","Fcgr3","mouseconsensus"
"Ltf","Treml2","mouseconsensus"
"F8","Lrp2","mouseconsensus"
"Prl","Erbb2","mouseconsensus"
"Ltf","Igdcc4","mouseconsensus"
"Pam","Dpp4","mouseconsensus"
"Fgf1","Itgb3","mouseconsensus"
"Tac1","Fap","mouseconsensus"
"Bdnf","Erbb2","mouseconsensus"
"Lep","Islr2","mouseconsensus"
"Nrg2","Mog","mouseconsensus"
"Cd40lg","Cd53","mouseconsensus"
"S100a4","Erbb3","mouseconsensus"
"Ado","Adora3","mouseconsensus"
"Sema3e","Nrp2","mouseconsensus"
"Fstl5","Ceacam19","mouseconsensus"
"Apoo","Il1rapl2","mouseconsensus"
"Amh","Grem2","mouseconsensus"
"Btn1a1","Tarm1","mouseconsensus"
"Cntn4","Aplp1","mouseconsensus"
"Npy","Adrb1","mouseconsensus"
"Rspo3","Znrf3","mouseconsensus"
"Btn1a1","Negr1","mouseconsensus"
"Ltf","Tnfrsf11b","mouseconsensus"
"Sema3g","Gp6","mouseconsensus"
"Wfikkn2","Igdcc4","mouseconsensus"
"F12","Gp5","mouseconsensus"
"Fgf2","Itgb3","mouseconsensus"
"Cd40lg","Cd9","mouseconsensus"
"Bmp15","Tgfbr1","mouseconsensus"
"Wfikkn2","Prtg","mouseconsensus"
"Adm","Dclk3","mouseconsensus"
"Angptl1","Itga1_Itgb1","mouseconsensus"
"Nr0b2","Fgfrl1","mouseconsensus"
"Grp","Fap","mouseconsensus"
"Vegfa","Cd44","mouseconsensus"
"Slitrk1","Tnfrsf11b","mouseconsensus"
"Timp3","Ddr1","mouseconsensus"
"Sparc","Fgfr1","mouseconsensus"
"Ngf","Erbb2","mouseconsensus"
"Slc6a8","Lifr","mouseconsensus"
"F11","Gp1bb","mouseconsensus"
"Sparc","Eng","mouseconsensus"
"Vwf","Itga4","mouseconsensus"
"Hapln1","Prtg","mouseconsensus"
"F11","Gp9","mouseconsensus"
"Lgals3","Eng","mouseconsensus"
"Nrg2","Nrp2","mouseconsensus"
"Hapln1","Treml2","mouseconsensus"
"Egf","Tnfrsf11b","mouseconsensus"
"Bmp4","Grem2","mouseconsensus"
"Nrg2","Lrrtm2","mouseconsensus"
"Rspo4","Znrf3","mouseconsensus"
"Cxcl10","Tlr4","mouseconsensus"
"Wfikkn2","Igdcc3","mouseconsensus"
"Pcsk9","Lrp8","mouseconsensus"
"F11","Gp5","mouseconsensus"
"Mia","Itgb1","mouseconsensus"
"Impg2","Prlr","mouseconsensus"
"Vwf","Itgb1","mouseconsensus"
"Il21","Il4ra","mouseconsensus"
"Igfbpl1","Dcc","mouseconsensus"
"Igsf10","Mag","mouseconsensus"
"S100a10","Htr1b","mouseconsensus"
"Adm2","Dclk3","mouseconsensus"
"Fgb","Cdh5","mouseconsensus"
"Pcsk9","Cd36","mouseconsensus"
"Slitrk1","Enpep","mouseconsensus"
"Il5","Csf2ra","mouseconsensus"
"Cd59b","Stab1","mouseconsensus"
"Fstl5","Cntn5","mouseconsensus"
"Kitl","Lrrn3","mouseconsensus"
"Il10","Cd27","mouseconsensus"
"Mia","Itga5","mouseconsensus"
"Vip","Adrb1","mouseconsensus"
"Rarres1","Nrp2","mouseconsensus"
"Bpi","Slamf9","mouseconsensus"
"Igsf1","Acvr1b","mouseconsensus"
"Frs3","Fgfr1","mouseconsensus"
"Socs2","Epor","mouseconsensus"
"Pi16","Mfap3l","mouseconsensus"
"Hapln1","Il1rl1","mouseconsensus"
"Il11","Il6ra","mouseconsensus"
"Vwf","Itga9","mouseconsensus"
"Tgfb1","Lpp","mouseconsensus"
"Adm","Ackr3","mouseconsensus"
"Hapln1","Igdcc4","mouseconsensus"
"Igsf10","Slamf9","mouseconsensus"
"Etv5","Erbb2","mouseconsensus"
"Ccl5","Dpp4","mouseconsensus"
"Gpc3","Flt1","mouseconsensus"
"Hapln1","Tnfrsf11b","mouseconsensus"
"Cntn6","Ptprg","mouseconsensus"
"Mbl2","C1qb","mouseconsensus"
"Ado","Adora2b","mouseconsensus"
"Scel","Eng","mouseconsensus"
"Apob","Trem2","mouseconsensus"
"Clcf1","Sorl1","mouseconsensus"
"Gpc3","Unc5c","mouseconsensus"
"F12","Gp9","mouseconsensus"
"Ghrh","Dpp4","mouseconsensus"
"Fstl5","Gp6","mouseconsensus"
"Ltf","Boc","mouseconsensus"
"Snx14","Htr6","mouseconsensus"
"Slit2","Plxna1","mouseconsensus"
"Ltf","Ager","mouseconsensus"
"Il10","Cd70","mouseconsensus"
"Ado","Adora1","mouseconsensus"
"F12","Gp1bb","mouseconsensus"
"Gdf11","Acvr1c","mouseconsensus"
"Gpc3","Vsig10l","mouseconsensus"
"Ifng","Mpl","mouseconsensus"
"Fstl5","Il6ra","mouseconsensus"
"Mbl2","Lrp1","mouseconsensus"
"Hapln1","Ager","mouseconsensus"
"Il6","Musk","mouseconsensus"
"Ntn1","Dscam","mouseconsensus"
"Agrp","Mc1r","mouseconsensus"
"Il4","Il21r","mouseconsensus"
"Gip","Fap","mouseconsensus"
"Gpc3","Unc5d","mouseconsensus"
"Agrp","Sdc1","mouseconsensus"
"Pi16","Tnfrsf21","mouseconsensus"
"Rspo1","Rnf43","mouseconsensus"
"Rspo4","Rnf43","mouseconsensus"
"Fstl5","Chl1","mouseconsensus"
"Pomc","Mrap","mouseconsensus"
"Gpc3","Tnfrsf11b","mouseconsensus"
"Tnfsf10","Ccr6","mouseconsensus"
"Il23a","Gp6","mouseconsensus"
"Npy","Adrb2","mouseconsensus"
"Il6","Fcgr4","mouseconsensus"
"Lgals3","Mcam","mouseconsensus"
"Ltf","Il1rl1","mouseconsensus"
"Pam","Fap","mouseconsensus"
"Fstl5","Sdk2","mouseconsensus"
"F8","Lrp4","mouseconsensus"
"Rspo3","Rnf43","mouseconsensus"
"Scube2","Kdr","mouseconsensus"
"Mfge8","Itgb5","mouseconsensus"
"Bmp7","Acvr1b","mouseconsensus"
"Il10","Ifnlr1","mouseconsensus"
"Ado","Adora2a","mouseconsensus"
"Lcn2","Fcgr3","mouseconsensus"
"Mia","Itga4","mouseconsensus"
"Cntf","Crlf1","mouseconsensus"
"Nrg3","Egfr","mouseconsensus"
"Csf1","Csf2ra","mouseconsensus"
"Csf3","Csf2ra","mouseconsensus"
"Bmp6","Amhr2","mouseconsensus"
"Gdf11","Actr2","mouseconsensus"
"Gdf1","Actr2","mouseconsensus"
"Inhba","Actr2","mouseconsensus"
"Bmp7","Actr2","mouseconsensus"
"Bmp2","Actr2","mouseconsensus"
"Bmp15","Actr2","mouseconsensus"
"Csf1","Csf3r","mouseconsensus"
"Il1f9","Ifnar1","mouseconsensus"
"Il1f9","Ifnar2","mouseconsensus"
"Adm","Mrgprb1","mouseconsensus"
"Adm","Mrgprx2","mouseconsensus"
"Apob","Eno1","mouseconsensus"
"Apob","Gm5506","mouseconsensus"
"C4a","C3ar1","mouseconsensus"
"C4b","C3ar1","mouseconsensus"
"C4a","C5ar2","mouseconsensus"
"C4b","C5ar2","mouseconsensus"
"C4a","Cd46","mouseconsensus"
"C4b","Cd46","mouseconsensus"
"C4a","Cr2","mouseconsensus"
"C4b","Cr2","mouseconsensus"
"C4a","Nrp1","mouseconsensus"
"C4b","Nrp1","mouseconsensus"
"Ccl27b","Ackr2","mouseconsensus"
"Gm13306","Ackr2","mouseconsensus"
"Gm2506","Ackr2","mouseconsensus"
"LOC100861978","Ackr2","mouseconsensus"
"Ccl27b","Adra2a","mouseconsensus"
"Gm13306","Adra2a","mouseconsensus"
"Gm2506","Adra2a","mouseconsensus"
"LOC100861978","Adra2a","mouseconsensus"
"Ccl27b","Ccr10","mouseconsensus"
"Gm13306","Ccr10","mouseconsensus"
"Gm2506","Ccr10","mouseconsensus"
"LOC100861978","Ccr10","mouseconsensus"
"Ccl27b","Ccr2","mouseconsensus"
"Gm13306","Ccr2","mouseconsensus"
"Gm2506","Ccr2","mouseconsensus"
"LOC100861978","Ccr2","mouseconsensus"
"Ccl27b","Ccr3","mouseconsensus"
"Gm13306","Ccr3","mouseconsensus"
"Gm2506","Ccr3","mouseconsensus"
"LOC100861978","Ccr3","mouseconsensus"
"Ccl27b","Grm7","mouseconsensus"
"Gm13306","Grm7","mouseconsensus"
"Gm2506","Grm7","mouseconsensus"
"LOC100861978","Grm7","mouseconsensus"
"Ccl27b","Mtnr1a","mouseconsensus"
"Gm13306","Mtnr1a","mouseconsensus"
"Gm2506","Mtnr1a","mouseconsensus"
"LOC100861978","Mtnr1a","mouseconsensus"
"Cd200","Cd200r2","mouseconsensus"
"Cd200","Cd200r4","mouseconsensus"
"Cd209e","Ceacam1","mouseconsensus"
"Cd209e","Ceacam2","mouseconsensus"
"Ceacam1","Egfr","mouseconsensus"
"Ceacam2","Egfr","mouseconsensus"
"Ceacam1","Havcr2","mouseconsensus"
"Ceacam2","Havcr2","mouseconsensus"
"Clec1b","Klrb1a","mouseconsensus"
"Clec1b","Klrb1b","mouseconsensus"
"Clec1b","Klrb1c","mouseconsensus"
"Clec3a","Clec10a","mouseconsensus"
"Clec3a","Mgl2","mouseconsensus"
"Cort","Mrgprb1","mouseconsensus"
"Cort","Mrgprx2","mouseconsensus"
"Dsg1a","Dsc3","mouseconsensus"
"Dsg1b","Dsc3","mouseconsensus"
"Gm3934","Egfr","mouseconsensus"
"Gstp1","Egfr","mouseconsensus"
"Gstp2","Egfr","mouseconsensus"
"Gm3934","Traf2","mouseconsensus"
"Gstp1","Traf2","mouseconsensus"
"Gstp2","Traf2","mouseconsensus"
"H2-DMb1","Cd4","mouseconsensus"
"H2-DMb2","Cd4","mouseconsensus"
"C920025E04Rik","Cd8a","mouseconsensus"
"H2-T23","Cd8a","mouseconsensus"
"C920025E04Rik","Cd8b1","mouseconsensus"
"H2-T23","Cd8b1","mouseconsensus"
"Gm11127","Cd8a","mouseconsensus"
"Gm7030","Cd8a","mouseconsensus"
"Gm11127","Cd8b1","mouseconsensus"
"Gm7030","Cd8b1","mouseconsensus"
"Igsf10","Cd200r2","mouseconsensus"
"Igsf10","Cd200r4","mouseconsensus"
"Gm13305","Cd40","mouseconsensus"
"Gm2002","Cd40","mouseconsensus"
"Il11ra1","Cd40","mouseconsensus"
"Il11ra2","Cd40","mouseconsensus"
"LOC100861969","Cd40","mouseconsensus"
"Il22","Il10ra","mouseconsensus"
"Iltifb","Il10ra","mouseconsensus"
"Il22","Il20ra","mouseconsensus"
"Iltifb","Il20ra","mouseconsensus"
"Il22","Il21r","mouseconsensus"
"Iltifb","Il21r","mouseconsensus"
"Il22","Il22ra2","mouseconsensus"
"Iltifb","Il22ra2","mouseconsensus"
"Kng1","Adra2a","mouseconsensus"
"Kng2","Adra2a","mouseconsensus"
"Kng1","Bdkrb1","mouseconsensus"
"Kng2","Bdkrb1","mouseconsensus"
"Kng1","Bdkrb2","mouseconsensus"
"Kng2","Bdkrb2","mouseconsensus"
"Kng1","Cd93","mouseconsensus"
"Kng2","Cd93","mouseconsensus"
"Kng1","Gp1ba","mouseconsensus"
"Kng2","Gp1ba","mouseconsensus"
"Kng1","Gpr135","mouseconsensus"
"Kng2","Gpr135","mouseconsensus"
"Kng1","Grm7","mouseconsensus"
"Kng2","Grm7","mouseconsensus"
"Kng1","Itgam","mouseconsensus"
"Kng2","Itgam","mouseconsensus"
"Kng1","Itgb2","mouseconsensus"
"Kng2","Itgb2","mouseconsensus"
"Kng1","Mtnr1a","mouseconsensus"
"Kng2","Mtnr1a","mouseconsensus"
"Kng1","Plaur","mouseconsensus"
"Kng2","Plaur","mouseconsensus"
"Kng1","Rxfp4","mouseconsensus"
"Kng2","Rxfp4","mouseconsensus"
"Kng1","Sdc2","mouseconsensus"
"Kng2","Sdc2","mouseconsensus"
"Gp49a","Lair1","mouseconsensus"
"Lilrb4","Lair1","mouseconsensus"
"Lyz1","Itgal","mouseconsensus"
"Lyz2","Itgal","mouseconsensus"
"Prn","Rpsa","mouseconsensus"
"Prnd","Rpsa","mouseconsensus"
"Try4","F2r","mouseconsensus"
"Try5","F2r","mouseconsensus"
"Try4","F2rl1","mouseconsensus"
"Try5","F2rl1","mouseconsensus"
"Try4","F2rl2","mouseconsensus"
"Try5","F2rl2","mouseconsensus"
"Try4","F2rl3","mouseconsensus"
"Try5","F2rl3","mouseconsensus"
"Try4","Pard3","mouseconsensus"
"Try5","Pard3","mouseconsensus"
"Ear11","Tlr2","mouseconsensus"
"Ear5","Tlr2","mouseconsensus"
"Saa1","Adra2a","mouseconsensus"
"Saa2","Adra2a","mouseconsensus"
"Saa1","Cd36","mouseconsensus"
"Saa2","Cd36","mouseconsensus"
"Saa1","Fpr1","mouseconsensus"
"Saa2","Fpr1","mouseconsensus"
"Saa1","Fpr2","mouseconsensus"
"Saa2","Fpr2","mouseconsensus"
"Saa1","Grm7","mouseconsensus"
"Saa2","Grm7","mouseconsensus"
"Saa1","Mtnr1a","mouseconsensus"
"Saa2","Mtnr1a","mouseconsensus"
"Saa1","Scarb1","mouseconsensus"
"Saa2","Scarb1","mouseconsensus"
"Saa1","Tlr2","mouseconsensus"
"Saa2","Tlr2","mouseconsensus"
"Sele","Ceacam1","mouseconsensus"
"Sele","Ceacam2","mouseconsensus"
"Serpina1a","Lrp1","mouseconsensus"
"Serpina1b","Lrp1","mouseconsensus"
"Serpina1c","Lrp1","mouseconsensus"
"Serpina1d","Lrp1","mouseconsensus"
"Serpina1e","Lrp1","mouseconsensus"
