dataset	sample	condition	config	cell_type	gene	raw_detection	corrected_detection_gt0	corrected_detection_ge1	raw_mean_count	corrected_mean_estimated_count	raw_mean_logcp10k	corrected_mean_logcp10k
GSE174574	GSM5319987	Sham	primary	Astrocyte	Slc1a2	0.8986301369862983	0.8986301369862983	0.7616438356164359	7.16712328767124	6.83880603260682	2.6968266436481154	2.675702617933232
GSE174574	GSM5319987	Sham	primary	Astrocyte	Slc1a3	0.9150684931506818	0.9150684931506818	0.8082191780821891	8.449315068493155	7.982015297993427	2.940164630922691	2.863656644232903
GSE174574	GSM5319987	Sham	primary	Astrocyte	Aldh1l1	0.3643835616438347	0.3643835616438347	0.0849315068493151	0.4986301369863005	0.4661513227453172	0.5842922720579496	0.584597595203867
GSE174574	GSM5319987	Sham	primary	Astrocyte	Pecam1	0.158904109589041	0.158904109589041	0.0410958904109589	0.2383561643835616	0.1430196681963283	0.2719449370444247	0.1798375807057184
GSE174574	GSM5319987	Sham	primary	Astrocyte	Cdh5	0.0958904109589041	0.0958904109589041	0.010958904109589	0.1287671232876712	0.0724333555201195	0.1410397372345982	0.1071915332991073
GSE174574	GSM5319987	Sham	primary	Astrocyte	Kdr	0.1178082191780822	0.1178082191780822	0.0136986301369863	0.1780821917808219	0.0995987120723433	0.184258908544497	0.1470914504597096
GSE174574	GSM5319987	Sham	primary	Astrocyte	Ptprc	0.0136986301369863	0.0136986301369863	0.0	0.0136986301369863	9.69122652480003e-05	0.018452470724646	0.0004045601716526
GSE174574	GSM5319987	Sham	primary	Astrocyte	Tyrobp	0.224657534246575	0.224657534246575	0.0054794520547945	0.4438356164383557	0.0907039358618173	0.3672702413480955	0.1418697138580487
GSE174574	GSM5319987	Sham	primary	Astrocyte	C1qa	0.5178082191780807	0.5178082191780807	0.0054794520547945	1.1643835616438365	0.1752160961299629	0.8924279995573534	0.124698382960664
GSE174574	GSM5319987	Sham	primary	Astrocyte	Lyz2	0.2547945205479447	0.2547945205479447	0.0136986301369863	0.4739726027397254	0.1841132267563224	0.3948746172532035	0.2169470989208431
GSE174574	GSM5319987	Sham	primary	Astrocyte	Spp1	0.0054794520547945	0.0054794520547945	0.0	0.0054794520547945	0.00127340732208	0.0091178935955286	0.0033361281539984
GSE174574	GSM5319987	Sham	primary	Astrocyte	Timp3	0.6164383561643817	0.6164383561643817	0.2438356164383557	1.161643835616438	0.9852954010914332	1.0960841384323363	1.098420553176263
GSE174574	GSM5319987	Sham	primary	Astrocyte	Ptn	0.9397260273972572	0.9397260273972572	0.8219178082191754	8.424657534246577	8.05708858287385	2.860204274727965	2.924944086878231
GSE174574	GSM5319987	Sham	primary	Astrocyte	Plat	0.1205479452054795	0.1205479452054795	0.0301369863013698	0.191780821917808	0.138879768883566	0.2078691792809019	0.1500896946272805
GSE174574	GSM5319987	Sham	primary	Astrocyte	Ptprz1	0.6904109589041074	0.6904109589041074	0.4383561643835604	1.7123287671232896	1.5902971826649075	1.3955223177726013	1.397155656491044
GSE174574	GSM5319987	Sham	primary	Astrocyte	Lrp1	0.2849315068493145	0.2849315068493145	0.0767123287671233	0.3726027397260267	0.3389289776776952	0.451183905480697	0.4540711771335236
GSE174574	GSM5319987	Sham	primary	Astrocyte	Itga5	0.0136986301369863	0.0136986301369863	0.0	0.0136986301369863	0.0107222259692408	0.0170594408238566	0.0178466220360464
GSE174574	GSM5319987	Sham	primary	Astrocyte	Itgb1	0.1945205479452052	0.1945205479452052	0.010958904109589	0.213698630136986	0.1465338851252758	0.2961888824234554	0.2678891849468494
GSE174574	GSM5319987	Sham	primary	Astrocyte	Col4a1	0.0712328767123288	0.0712328767123288	0.010958904109589	0.0876712328767123	0.0511284771955882	0.1047140696616293	0.0824892023081956
GSE174574	GSM5319987	Sham	primary	Astrocyte	Itga3	0.0082191780821917	0.0082191780821917	0.0	0.0082191780821917	0.005365873864171	0.0121219799788718	0.0093522807215419
GSE174574	GSM5319987	Sham	primary	Endothelial	Slc1a2	0.0491251682368774	0.0491251682368774	0.0006729475100942	0.0504710632570659	0.0278849161072726	0.0796004721090457	0.0594164008702909
GSE174574	GSM5319987	Sham	primary	Endothelial	Slc1a3	0.0524899057873485	0.0524899057873485	0.0	0.0538358008075369	0.0134672363180004	0.0799341872908668	0.0347352037235328
GSE174574	GSM5319987	Sham	primary	Endothelial	Aldh1l1	0.0013458950201884	0.0013458950201884	0.0	0.0013458950201884	0.0010796695903455	0.0020872226115444	0.0018975630489588
GSE174574	GSM5319987	Sham	primary	Endothelial	Pecam1	0.7913862718707808	0.7913862718707808	0.4145356662180395	1.5134589502018658	1.511988336004285	1.6153493752984158	1.648210236027337
GSE174574	GSM5319987	Sham	primary	Endothelial	Cdh5	0.6917900403768439	0.6917900403768439	0.2503364737550488	1.035666218034984	1.0352025249316263	1.2905398694611967	1.3183985723636378
GSE174574	GSM5319987	Sham	primary	Endothelial	Kdr	0.6675639300134538	0.6675639300134538	0.2866756393001369	1.1191117092866654	1.1182747874974015	1.2955581623616013	1.3222673850430111
GSE174574	GSM5319987	Sham	primary	Endothelial	Ptprc	0.0100942126514131	0.0100942126514131	0.0	0.0107671601615074	0.0003252291758857	0.0159803810789339	0.0012638335609713
GSE174574	GSM5319987	Sham	primary	Endothelial	Tyrobp	0.1850605652759091	0.1850605652759091	0.0	0.2059219380888297	1.0220318368654578e-06	0.3048238392463121	4.189875358055792e-06
GSE174574	GSM5319987	Sham	primary	Endothelial	C1qa	0.3903095558546474	0.3903095558546474	0.0	0.5329744279946196	5.3668833850798616e-08	0.6960104738528121	2.222845473228537e-07
GSE174574	GSM5319987	Sham	primary	Endothelial	Lyz2	0.1675639300134593	0.1675639300134593	0.0	0.1850605652759089	3.850590456880128e-06	0.2724434853185105	1.5391375158421075e-05
GSE174574	GSM5319987	Sham	primary	Endothelial	Spp1	0.0067294751009421	0.0067294751009421	0.0	0.0067294751009421	0.0035499432326188	0.0097782439439463	0.0069535796799249
GSE174574	GSM5319987	Sham	primary	Endothelial	Timp3	0.6278600269178979	0.6278600269178979	0.3755047106325745	1.7240915208613583	1.7034652653023257	1.3919339462056803	1.4121533836495628
GSE174574	GSM5319987	Sham	primary	Endothelial	Ptn	0.7213997308209873	0.7213997308209873	0.5100942126514184	2.3842530282637737	2.316959345904104	1.730894046693485	1.7424931238115369
GSE174574	GSM5319987	Sham	primary	Endothelial	Plat	0.4623149394347294	0.4623149394347294	0.1884253028263803	0.840511440107668	0.8364836980371343	0.8990659631358083	0.9156754638814076
GSE174574	GSM5319987	Sham	primary	Endothelial	Ptprz1	0.0121130551816958	0.0121130551816958	0.0	0.0121130551816958	0.0065542737698057	0.019035255363214	0.0139501719596878
GSE174574	GSM5319987	Sham	primary	Endothelial	Lrp1	0.0248990578734858	0.0248990578734858	0.0006729475100942	0.0255720053835801	0.0132152153756526	0.0400599051495907	0.0285699105263698
GSE174574	GSM5319987	Sham	primary	Endothelial	Itga5	0.0383580080753701	0.0383580080753701	0.0006729475100942	0.0390309555854643	0.0384597111814943	0.0593096649093407	0.0602158596481058
GSE174574	GSM5319987	Sham	primary	Endothelial	Itgb1	0.3748317631224803	0.3748317631224803	0.0881561238223416	0.4872139973082141	0.4694916352399257	0.646272272122367	0.6504376262005112
GSE174574	GSM5319987	Sham	primary	Endothelial	Col4a1	0.323014804845225	0.323014804845225	0.0908479138627185	0.4448183041722778	0.4408635425276746	0.5623157712219898	0.5723239651504161
GSE174574	GSM5319987	Sham	primary	Endothelial	Itga3	0.031628532974428	0.031628532974428	0.0013458950201884	0.0329744279946164	0.0321303703600531	0.0493845288207168	0.0500023178885633
GSE174574	GSM5319987	Sham	reference_singlet	Astrocyte	Slc1a2	0.9808429118773974	0.9808429118773974	0.9540229885057496	8.601532567049809	8.596643520876636	3.100307331248388	3.17982154947224
GSE174574	GSM5319987	Sham	reference_singlet	Astrocyte	Slc1a3	0.9961685823754818	0.9961685823754818	0.9923371647509608	10.080459770114947	10.064689728784112	3.352683142357699	3.4334692516378285
GSE174574	GSM5319987	Sham	reference_singlet	Astrocyte	Aldh1l1	0.3716475095785435	0.3716475095785435	0.1034482758620689	0.5402298850574708	0.5382834889893028	0.602416287032032	0.6270638155495948
GSE174574	GSM5319987	Sham	reference_singlet	Astrocyte	Pecam1	0.0651340996168582	0.0651340996168582	0.0	0.0689655172413793	4.459535855617638e-05	0.0907302429082629	0.0001536033889777
GSE174574	GSM5319987	Sham	reference_singlet	Astrocyte	Cdh5	0.053639846743295	0.053639846743295	0.0	0.053639846743295	0.0156884903759754	0.0684024346844873	0.0324451496634468
GSE174574	GSM5319987	Sham	reference_singlet	Astrocyte	Kdr	0.057471264367816	0.057471264367816	0.0	0.0613026819923371	0.0135912543064169	0.0812261468447142	0.0333229136694857
GSE174574	GSM5319987	Sham	reference_singlet	Astrocyte	Ptprc	0.003831417624521	0.003831417624521	0.0	0.003831417624521	9.29903189153012e-18	0.0048053386178815	2.902666450663325e-17
GSE174574	GSM5319987	Sham	reference_singlet	Astrocyte	Tyrobp	0.2260536398467434	0.2260536398467434	0.0	0.2835249042145593	0.0636969451990092	0.3312758279719887	0.1355908591143461
GSE174574	GSM5319987	Sham	reference_singlet	Astrocyte	C1qa	0.4980842911877381	0.4980842911877381	0.0	0.6666666666666666	0.0342312272543466	0.8014517084493675	0.1053477496083766
GSE174574	GSM5319987	Sham	reference_singlet	Astrocyte	Lyz2	0.252873563218391	0.252873563218391	0.0114942528735632	0.3026819923371647	0.1237736197437216	0.373159778784482	0.2323294443273225
GSE174574	GSM5319987	Sham	reference_singlet	Astrocyte	Spp1	0.003831417624521	0.003831417624521	0.0	0.003831417624521	4.022586923252704e-17	0.005974065320447	1.619951045207583e-16
GSE174574	GSM5319987	Sham	reference_singlet	Astrocyte	Timp3	0.5862068965517235	0.5862068965517235	0.2145593869731802	0.9731800766283524	0.8411119961180228	0.9898981676353532	0.9725183076162052
GSE174574	GSM5319987	Sham	reference_singlet	Astrocyte	Ptn	0.9578544061302708	0.9578544061302708	0.8888888888888908	9.44061302681992	9.256823161115074	3.0684934570534264	3.1297894836437
GSE174574	GSM5319987	Sham	reference_singlet	Astrocyte	Plat	0.057471264367816	0.057471264367816	0.0	0.0613026819923371	2.115762300038925e-06	0.0835715218523317	7.623979390154812e-06
GSE174574	GSM5319987	Sham	reference_singlet	Astrocyte	Ptprz1	0.8007662835249054	0.8007662835249054	0.5632183908045969	2.034482758620694	2.033229450696651	1.6494229581967992	1.7089504437490173
GSE174574	GSM5319987	Sham	reference_singlet	Astrocyte	Lrp1	0.333333333333333	0.333333333333333	0.0842911877394636	0.4291187739463597	0.4131540257094585	0.5317226713221885	0.5444742159218292
GSE174574	GSM5319987	Sham	reference_singlet	Astrocyte	Itga5	0.0114942528735632	0.0114942528735632	0.0	0.0114942528735632	0.0092002262821153	0.0148188609714654	0.0135955712260046
GSE174574	GSM5319987	Sham	reference_singlet	Astrocyte	Itgb1	0.1494252873563219	0.1494252873563219	0.0114942528735632	0.1685823754789273	0.1191085383768489	0.2310396689489856	0.2052034119093009
GSE174574	GSM5319987	Sham	reference_singlet	Astrocyte	Col4a1	0.0344827586206896	0.0344827586206896	0.0	0.0344827586206896	0.0108199761441541	0.047254489876543	0.0242766678020788
GSE174574	GSM5319987	Sham	reference_singlet	Astrocyte	Itga3	0.0	0.0	0.0	0.0	0.0	0.0	0.0
GSE174574	GSM5319987	Sham	reference_singlet	Endothelial	Slc1a2	0.0458181818181818	0.0458181818181818	0.0007272727272727	0.0465454545454545	0.0261319446590411	0.0728668985597887	0.0546189107042102
GSE174574	GSM5319987	Sham	reference_singlet	Endothelial	Slc1a3	0.0530909090909091	0.0530909090909091	0.0	0.0545454545454545	0.0136588844378608	0.0802573117200935	0.0348283689154985
GSE174574	GSM5319987	Sham	reference_singlet	Endothelial	Aldh1l1	0.0014545454545454	0.0014545454545454	0.0	0.0014545454545454	0.0011668283718207	0.0022557184005491	0.0020507481387293
GSE174574	GSM5319987	Sham	reference_singlet	Endothelial	Pecam1	0.7941818181818057	0.7941818181818057	0.4130909090909108	1.5134545454545305	1.5120395511677531	1.6132142828306189	1.6454209354276832
GSE174574	GSM5319987	Sham	reference_singlet	Endothelial	Cdh5	0.7083636363636285	0.7083636363636285	0.2589090909090892	1.0625454545454454	1.0620786800310482	1.3194533541902582	1.3474378687513155
GSE174574	GSM5319987	Sham	reference_singlet	Endothelial	Kdr	0.6661818181818127	0.6661818181818127	0.2894545454545444	1.1236363636363549	1.1228220552064927	1.2907094637835437	1.3167781452314278
GSE174574	GSM5319987	Sham	reference_singlet	Endothelial	Ptprc	0.0094545454545454	0.0094545454545454	0.0	0.0101818181818181	0.0003005992756556	0.0148513824320036	0.0011534702503689
GSE174574	GSM5319987	Sham	reference_singlet	Endothelial	Tyrobp	0.1883636363636355	0.1883636363636355	0.0	0.2087272727272718	1.0457460108111724e-06	0.3091202252522407	4.262595224065731e-06
GSE174574	GSM5319987	Sham	reference_singlet	Endothelial	C1qa	0.3970909090909104	0.3970909090909104	0.0	0.5338181818181821	5.5108170218788055e-08	0.7046370898402498	2.2627401740417086e-07
GSE174574	GSM5319987	Sham	reference_singlet	Endothelial	Lyz2	0.1723636363636358	0.1723636363636358	0.0	0.1912727272727266	4.008080449797145e-06	0.2802918564782605	1.5939032140030533e-05
GSE174574	GSM5319987	Sham	reference_singlet	Endothelial	Spp1	0.0065454545454545	0.0065454545454545	0.0	0.0065454545454545	0.0034835835665339	0.0091886943204073	0.0065290524868539
GSE174574	GSM5319987	Sham	reference_singlet	Endothelial	Timp3	0.632727272727269	0.632727272727269	0.3760000000000009	1.7229090909090794	1.702869431521823	1.3917712552742765	1.4116748390402003
GSE174574	GSM5319987	Sham	reference_singlet	Endothelial	Ptn	0.7221818181818096	0.7221818181818096	0.5178181818181844	2.431999999999982	2.3646529852119427	1.7384610302125243	1.7498536594059988
GSE174574	GSM5319987	Sham	reference_singlet	Endothelial	Plat	0.4683636363636392	0.4683636363636392	0.1927272727272718	0.8632727272727221	0.8591637030621666	0.910219472228738	0.9269497891711512
GSE174574	GSM5319987	Sham	reference_singlet	Endothelial	Ptprz1	0.0109090909090909	0.0109090909090909	0.0	0.0109090909090909	0.0060771041402646	0.0171764962626912	0.0127856817072818
GSE174574	GSM5319987	Sham	reference_singlet	Endothelial	Lrp1	0.0247272727272727	0.0247272727272727	0.0007272727272727	0.0254545454545454	0.0134513531041139	0.0397466230495355	0.0287729875457581
GSE174574	GSM5319987	Sham	reference_singlet	Endothelial	Itga5	0.0385454545454545	0.0385454545454545	0.0007272727272727	0.0392727272727272	0.0387001780355753	0.0593558692142994	0.0602614778612208
GSE174574	GSM5319987	Sham	reference_singlet	Endothelial	Itgb1	0.3694545454545462	0.3694545454545462	0.0850909090909092	0.4778181818181829	0.4608542717801089	0.6321386624347077	0.636143459113506
GSE174574	GSM5319987	Sham	reference_singlet	Endothelial	Col4a1	0.3236363636363634	0.3236363636363634	0.090909090909091	0.4378181818181824	0.4340190423893368	0.5584939893527152	0.5683344318542662
GSE174574	GSM5319987	Sham	reference_singlet	Endothelial	Itga3	0.0327272727272727	0.0327272727272727	0.0014545454545454	0.0341818181818181	0.0333197184858285	0.0508525725452034	0.0514804339962165
GSE174574	GSM5319988	Sham	primary	Astrocyte	Slc1a2	0.8810810810810746	0.8810810810810746	0.7594594594594543	7.0	6.740041021307963	2.612978312148309	2.613879505697812
GSE174574	GSM5319988	Sham	primary	Astrocyte	Slc1a3	0.8972972972972907	0.8972972972972907	0.8216216216216158	8.654054054054058	8.258303445410684	2.9113573760662588	2.897857992489796
GSE174574	GSM5319988	Sham	primary	Astrocyte	Aldh1l1	0.354054054054053	0.354054054054053	0.0864864864864864	0.4567567567567561	0.4304266523767437	0.5508820445767194	0.5557460665509718
GSE174574	GSM5319988	Sham	primary	Astrocyte	Pecam1	0.154054054054054	0.154054054054054	0.0432432432432432	0.2405405405405405	0.1799789749137477	0.2741000093424749	0.2387674847343327
GSE174574	GSM5319988	Sham	primary	Astrocyte	Cdh5	0.0891891891891892	0.0891891891891892	0.0135135135135135	0.1054054054054054	0.0709171365284828	0.1384162565240408	0.1143545914830581
GSE174574	GSM5319988	Sham	primary	Astrocyte	Kdr	0.0864864864864864	0.0864864864864864	0.0054054054054054	0.1054054054054054	0.0492100601109418	0.1262715242533156	0.0764583947993205
GSE174574	GSM5319988	Sham	primary	Astrocyte	Ptprc	0.0189189189189189	0.0189189189189189	0.0	0.0189189189189189	0.0065822846105061	0.0229921637843088	0.0129718748980858
GSE174574	GSM5319988	Sham	primary	Astrocyte	Tyrobp	0.3162162162162155	0.3162162162162155	0.0216216216216216	0.5702702702702691	0.2300827528655561	0.5172818563334642	0.3005689599124675
GSE174574	GSM5319988	Sham	primary	Astrocyte	C1qa	0.5945945945945911	0.5945945945945911	0.1378378378378378	1.6459459459459418	0.7848011328483401	1.0917202872815304	0.7306809149799488
GSE174574	GSM5319988	Sham	primary	Astrocyte	Lyz2	0.2837837837837834	0.2837837837837834	0.0162162162162162	0.4378378378378368	0.2013431372095398	0.4462040643360211	0.2596157066018741
GSE174574	GSM5319988	Sham	primary	Astrocyte	Spp1	0.0108108108108108	0.0108108108108108	0.0	0.0108108108108108	0.0006933806604447	0.0144811278710439	0.0016639759982371
GSE174574	GSM5319988	Sham	primary	Astrocyte	Timp3	0.6189189189189152	0.6189189189189152	0.262162162162162	1.1243243243243215	0.9669760140362272	1.097707325512867	1.0723338855763185
GSE174574	GSM5319988	Sham	primary	Astrocyte	Ptn	0.9216216216216148	0.9216216216216148	0.8216216216216158	8.178378378378383	7.789223391609279	2.8055381674256457	2.8359971751495063
GSE174574	GSM5319988	Sham	primary	Astrocyte	Plat	0.1162162162162162	0.1162162162162162	0.0297297297297297	0.2027027027027027	0.1621136241348696	0.2018624211910578	0.1772207601660172
GSE174574	GSM5319988	Sham	primary	Astrocyte	Ptprz1	0.686486486486482	0.686486486486482	0.4135135135135118	1.581081081081078	1.5377327491067423	1.344129178966841	1.3704169448509855
GSE174574	GSM5319988	Sham	primary	Astrocyte	Lrp1	0.3108108108108102	0.3108108108108102	0.0729729729729729	0.4108108108108101	0.3694803519779454	0.4777707793695618	0.4868181152443776
GSE174574	GSM5319988	Sham	primary	Astrocyte	Itga5	0.0108108108108108	0.0108108108108108	0.0	0.0108108108108108	0.0072179361229131	0.0160584460305546	0.0141797855976514
GSE174574	GSM5319988	Sham	primary	Astrocyte	Itgb1	0.1459459459459459	0.1459459459459459	0.0027027027027027	0.1567567567567567	0.0972776612127219	0.2039675726443429	0.1711310020065149
GSE174574	GSM5319988	Sham	primary	Astrocyte	Col4a1	0.0729729729729729	0.0729729729729729	0.0027027027027027	0.0756756756756756	0.0477816337235465	0.1089718586332444	0.0845987930299103
GSE174574	GSM5319988	Sham	primary	Astrocyte	Itga3	0.0135135135135135	0.0135135135135135	0.0	0.0135135135135135	0.0117913013884587	0.0220025509839431	0.0214099916966298
GSE174574	GSM5319988	Sham	primary	Endothelial	Slc1a2	0.0602941176470587	0.0602941176470587	0.0014705882352941	0.0617647058823528	0.0333803639060543	0.0906978913666326	0.0664951462914549
GSE174574	GSM5319988	Sham	primary	Endothelial	Slc1a3	0.064705882352941	0.064705882352941	0.0	0.0676470588235293	0.0172031673756643	0.1013389706927621	0.0457640134269566
GSE174574	GSM5319988	Sham	primary	Endothelial	Aldh1l1	0.0058823529411764	0.0058823529411764	0.0	0.0058823529411764	0.0041619762932994	0.0072999491810003	0.0061454623996424
GSE174574	GSM5319988	Sham	primary	Endothelial	Pecam1	0.8029411764705856	0.8029411764705856	0.4389705882352927	1.5272058823529362	1.5217310942603306	1.6094259644812778	1.648231632357794
GSE174574	GSM5319988	Sham	primary	Endothelial	Cdh5	0.6764705882352919	0.6764705882352919	0.2610294117647051	1.0360294117647026	1.0351472686454537	1.244839070081592	1.278719136650363
GSE174574	GSM5319988	Sham	primary	Endothelial	Kdr	0.6492647058823509	0.6492647058823509	0.2514705882352934	1.0691176470588202	1.066893702106324	1.2089856018501932	1.2405008323801223
GSE174574	GSM5319988	Sham	primary	Endothelial	Ptprc	0.0139705882352941	0.0139705882352941	0.0	0.0139705882352941	0.0043712804533334	0.020105520590516	0.0101040181081377
GSE174574	GSM5319988	Sham	primary	Endothelial	Tyrobp	0.2220588235294111	0.2220588235294111	0.0	0.2566176470588228	0.0303820529548675	0.3611089384506538	0.0925545933527276
GSE174574	GSM5319988	Sham	primary	Endothelial	C1qa	0.5102941176470572	0.5102941176470572	0.000735294117647	0.7492647058823506	0.1008208682425989	0.9181856903784444	0.2822541368950954
GSE174574	GSM5319988	Sham	primary	Endothelial	Lyz2	0.2499999999999992	0.2499999999999992	0.0	0.2970588235294109	0.0404966827002178	0.4106126457578923	0.1194430462391263
GSE174574	GSM5319988	Sham	primary	Endothelial	Spp1	0.0102941176470588	0.0102941176470588	0.0	0.0102941176470588	0.0016905238333966	0.0171905611828507	0.0057365482401781
GSE174574	GSM5319988	Sham	primary	Endothelial	Timp3	0.6227941176470568	0.6227941176470568	0.3676470588235282	1.7272058823529357	1.699500283071111	1.3488120142115168	1.3732425982094354
GSE174574	GSM5319988	Sham	primary	Endothelial	Ptn	0.730147058823527	0.730147058823527	0.5227941176470572	2.516176470588253	2.4237122821319814	1.7286784021448616	1.7433303486516731
GSE174574	GSM5319988	Sham	primary	Endothelial	Plat	0.4544117647058809	0.4544117647058809	0.1830882352941171	0.831617647058821	0.8261110440735961	0.8681708836500219	0.8879861003210977
GSE174574	GSM5319988	Sham	primary	Endothelial	Ptprz1	0.0139705882352941	0.0139705882352941	0.0	0.0139705882352941	0.0045977714890504	0.0209732843737053	0.0109453663803496
GSE174574	GSM5319988	Sham	primary	Endothelial	Lrp1	0.0264705882352941	0.0264705882352941	0.0	0.0264705882352941	0.0117964232408323	0.0396260267769949	0.0255581649825523
GSE174574	GSM5319988	Sham	primary	Endothelial	Itga5	0.0426470588235294	0.0426470588235294	0.000735294117647	0.0433823529411764	0.0423850838268008	0.062713751469736	0.0639149981155018
GSE174574	GSM5319988	Sham	primary	Endothelial	Itgb1	0.3735294117647047	0.3735294117647047	0.0992647058823527	0.4955882352941161	0.4746712305310635	0.6269039024458019	0.6311928432218331
GSE174574	GSM5319988	Sham	primary	Endothelial	Col4a1	0.3367647058823519	0.3367647058823519	0.0948529411764703	0.4499999999999987	0.4449602065001697	0.5614685923395318	0.574651775024351
GSE174574	GSM5319988	Sham	primary	Endothelial	Itga3	0.0294117647058823	0.0294117647058823	0.0036764705882352	0.0330882352941176	0.0321003446823617	0.0426645574812998	0.043353183500764
GSE174574	GSM5319988	Sham	reference_singlet	Astrocyte	Slc1a2	0.9813432835820848	0.9813432835820848	0.9440298507462644	8.54850746268657	8.542359275136821	3.040455248069953	3.122420910671217
GSE174574	GSM5319988	Sham	reference_singlet	Astrocyte	Slc1a3	0.996268656716413	0.996268656716413	0.9850746268656668	10.253731343283574	10.238928310509586	3.3468278096257063	3.429904901001457
GSE174574	GSM5319988	Sham	reference_singlet	Astrocyte	Aldh1l1	0.388059701492538	0.388059701492538	0.1194029850746268	0.5261194029850752	0.5241095706580944	0.604498972462862	0.6292397987171736
GSE174574	GSM5319988	Sham	reference_singlet	Astrocyte	Pecam1	0.0895522388059701	0.0895522388059701	0.0	0.1007462686567163	0.0367112972381331	0.1307298139263624	0.076554909477805
GSE174574	GSM5319988	Sham	reference_singlet	Astrocyte	Cdh5	0.0597014925373134	0.0597014925373134	0.0	0.0597014925373134	0.019538982370922	0.0800650850187599	0.0419310801122922
GSE174574	GSM5319988	Sham	reference_singlet	Astrocyte	Kdr	0.0373134328358208	0.0373134328358208	0.0	0.044776119402985	1.7767373786802097e-11	0.0493454027577681	4.74201765698964e-11
GSE174574	GSM5319988	Sham	reference_singlet	Astrocyte	Ptprc	0.0111940298507462	0.0111940298507462	0.0	0.0111940298507462	0.0021953019016453	0.0135740545672648	0.0045946974216446
GSE174574	GSM5319988	Sham	reference_singlet	Astrocyte	Tyrobp	0.2985074626865676	0.2985074626865676	0.0111940298507462	0.3619402985074631	0.1347191490191085	0.4503297872115381	0.2688972991098121
GSE174574	GSM5319988	Sham	reference_singlet	Astrocyte	C1qa	0.6007462686567162	0.6007462686567162	0.1343283582089551	0.9701492537313416	0.4592781646198579	1.0257565235522168	0.7197987448414238
GSE174574	GSM5319988	Sham	reference_singlet	Astrocyte	Lyz2	0.2835820895522392	0.2835820895522392	0.0111940298507462	0.3283582089552243	0.1289947917791605	0.431306231149157	0.2581197973887411
GSE174574	GSM5319988	Sham	reference_singlet	Astrocyte	Spp1	0.0111940298507462	0.0111940298507462	0.0	0.0111940298507462	3.7462749823536573e-16	0.0166986095663443	1.3806422918002988e-15
GSE174574	GSM5319988	Sham	reference_singlet	Astrocyte	Timp3	0.585820895522388	0.585820895522388	0.2500000000000003	0.977611940298506	0.865911961335903	0.997046893977829	0.9826710307927444
GSE174574	GSM5319988	Sham	reference_singlet	Astrocyte	Ptn	0.9738805970149208	0.9738805970149208	0.906716417910444	9.033582089552237	8.855566437011449	3.051404264672808	3.113717710327267
GSE174574	GSM5319988	Sham	reference_singlet	Astrocyte	Plat	0.0671641791044775	0.0671641791044775	0.0	0.0783582089552238	0.0296943807878728	0.0910601854185305	0.0521487539106997
GSE174574	GSM5319988	Sham	reference_singlet	Astrocyte	Ptprz1	0.7985074626865646	0.7985074626865646	0.503731343283583	1.891791044776119	1.8904469319074697	1.5833743923702763	1.6414041850651735
GSE174574	GSM5319988	Sham	reference_singlet	Astrocyte	Lrp1	0.3320895522388065	0.3320895522388065	0.0597014925373134	0.395522388059702	0.378633775575942	0.496697710129871	0.5104957801955861
GSE174574	GSM5319988	Sham	reference_singlet	Astrocyte	Itga5	0.0	0.0	0.0	0.0	0.0	0.0	0.0
GSE174574	GSM5319988	Sham	reference_singlet	Astrocyte	Itgb1	0.1044776119402984	0.1044776119402984	0.003731343283582	0.1119402985074626	0.0687820967865624	0.1413499042057732	0.1131123381499072
GSE174574	GSM5319988	Sham	reference_singlet	Astrocyte	Col4a1	0.0261194029850746	0.0261194029850746	0.0	0.0261194029850746	0.0089463933950147	0.0348290835454096	0.0181146699973323
GSE174574	GSM5319988	Sham	reference_singlet	Astrocyte	Itga3	0.0111940298507462	0.0111940298507462	0.0	0.0111940298507462	0.0091585063672655	0.0183038912179911	0.0172047753140737
GSE174574	GSM5319988	Sham	reference_singlet	Endothelial	Slc1a2	0.0609177215189872	0.0609177215189872	0.0015822784810126	0.0624999999999999	0.0340461999670356	0.0912677025944521	0.067175941376217
GSE174574	GSM5319988	Sham	reference_singlet	Endothelial	Slc1a3	0.0624999999999999	0.0624999999999999	0.0	0.0656645569620252	0.0167866600776995	0.0964408492236338	0.0434887447763631
GSE174574	GSM5319988	Sham	reference_singlet	Endothelial	Aldh1l1	0.0063291139240506	0.0063291139240506	0.0	0.0063291139240506	0.0044780757586133	0.0078543757010763	0.0066122063793621
GSE174574	GSM5319988	Sham	reference_singlet	Endothelial	Pecam1	0.8037974683544342	0.8037974683544342	0.4382911392405082	1.526107594936691	1.522923076115296	1.6023662445205011	1.6416948756447058
GSE174574	GSM5319988	Sham	reference_singlet	Endothelial	Cdh5	0.6827531645569652	0.6827531645569652	0.2642405063291149	1.0466772151898744	1.045806688392346	1.251176103575582	1.2845539145646014
GSE174574	GSM5319988	Sham	reference_singlet	Endothelial	Kdr	0.6511075949367119	0.6511075949367119	0.2507911392405072	1.0617088607594949	1.059545423422806	1.2037352766533869	1.2348927335092283
GSE174574	GSM5319988	Sham	reference_singlet	Endothelial	Ptprc	0.0142405063291139	0.0142405063291139	0.0	0.0142405063291139	0.0044850306662452	0.020205684864946	0.0101446501571911
GSE174574	GSM5319988	Sham	reference_singlet	Endothelial	Tyrobp	0.2223101265822792	0.2223101265822792	0.0	0.2563291139240514	0.0309662703457733	0.3598616147707401	0.0933446500631454
GSE174574	GSM5319988	Sham	reference_singlet	Endothelial	C1qa	0.5174050632911416	0.5174050632911416	0.0007911392405063	0.7547468354430414	0.102833493003644	0.9254158069032462	0.2856961563736989
GSE174574	GSM5319988	Sham	reference_singlet	Endothelial	Lyz2	0.2531645569620262	0.2531645569620262	0.0	0.3037974683544314	0.0418734512381131	0.4161183371910122	0.1223899484318231
GSE174574	GSM5319988	Sham	reference_singlet	Endothelial	Spp1	0.0102848101265822	0.0102848101265822	0.0	0.0102848101265822	0.0017264768725241	0.0170040971681588	0.0057451919618315
GSE174574	GSM5319988	Sham	reference_singlet	Endothelial	Timp3	0.6281645569620282	0.6281645569620282	0.3710443037974699	1.7262658227847938	1.7000412094756163	1.3531065146419676	1.3770506217927496
GSE174574	GSM5319988	Sham	reference_singlet	Endothelial	Ptn	0.7325949367088642	0.7325949367088642	0.5363924050632936	2.58148734177212	2.4888827790270014	1.7430767208636946	1.756424643052529
GSE174574	GSM5319988	Sham	reference_singlet	Endothelial	Plat	0.4628164556962045	0.4628164556962045	0.1875000000000005	0.8504746835443072	0.8448744651194453	0.8809621491458277	0.9008627226891882
GSE174574	GSM5319988	Sham	reference_singlet	Endothelial	Ptprz1	0.0142405063291139	0.0142405063291139	0.0	0.0142405063291139	0.0047666873574218	0.020980329372704	0.0110185466587208
GSE174574	GSM5319988	Sham	reference_singlet	Endothelial	Lrp1	0.0268987341772152	0.0268987341772152	0.0	0.0268987341772152	0.0119116704689071	0.0404361168886412	0.0260036560044488
GSE174574	GSM5319988	Sham	reference_singlet	Endothelial	Itga5	0.043512658227848	0.043512658227848	0.0007911392405063	0.0443037974683544	0.0432911997354435	0.0637731046019812	0.0649889461644065
GSE174574	GSM5319988	Sham	reference_singlet	Endothelial	Itgb1	0.3852848101265839	0.3852848101265839	0.1028481012658229	0.511867088607597	0.4903696864328591	0.6451614642518315	0.6495449528610685
GSE174574	GSM5319988	Sham	reference_singlet	Endothelial	Col4a1	0.3378164556962039	0.3378164556962039	0.0941455696202532	0.4469936708860777	0.442094825177984	0.559196913921575	0.5721099222870504
GSE174574	GSM5319988	Sham	reference_singlet	Endothelial	Itga3	0.0292721518987341	0.0292721518987341	0.0031645569620253	0.0324367088607595	0.0314907664924934	0.0418928367495412	0.0425653254825314
GSE174574	GSM5319989	Sham	primary	Astrocyte	Slc1a2	0.8920086393088598	0.8920086393088598	0.7753779697624228	7.650107991360687	7.164233932159199	2.6750059330905143	2.6618647673883538
GSE174574	GSM5319989	Sham	primary	Astrocyte	Slc1a3	0.8984881209503285	0.8984881209503285	0.8012958963282977	8.64578833693304	8.152223219954795	2.854605302941652	2.8153179240656145
GSE174574	GSM5319989	Sham	primary	Astrocyte	Aldh1l1	0.3218142548596123	0.3218142548596123	0.0583153347732181	0.390928725701945	0.3599700585847873	0.4768308040318786	0.4824310456495547
GSE174574	GSM5319989	Sham	primary	Astrocyte	Pecam1	0.1922246220302379	0.1922246220302379	0.0496760259179265	0.3261339092872576	0.2258193876751587	0.3266646157645533	0.2708735502741934
GSE174574	GSM5319989	Sham	primary	Astrocyte	Cdh5	0.1555075593952485	0.1555075593952485	0.0215982721382289	0.1900647948164149	0.1308198792396206	0.2282468535288337	0.1967278639799042
GSE174574	GSM5319989	Sham	primary	Astrocyte	Kdr	0.1231101511879049	0.1231101511879049	0.019438444924406	0.1706263498920088	0.1109097414951411	0.1900467834758891	0.1568076155761701
GSE174574	GSM5319989	Sham	primary	Astrocyte	Ptprc	0.0302375809935205	0.0302375809935205	0.0	0.0345572354211663	0.01934772719841	0.0452707418948025	0.0358243268110633
GSE174574	GSM5319989	Sham	primary	Astrocyte	Tyrobp	0.2958963282937374	0.2958963282937374	0.019438444924406	0.6069114470842345	0.215434305769523	0.4842217733323921	0.2285846680273921
GSE174574	GSM5319989	Sham	primary	Astrocyte	C1qa	0.6371490280777568	0.6371490280777568	0.0647948164146868	1.622030237580988	0.5759825459432972	1.1164392574182445	0.554930759182723
GSE174574	GSM5319989	Sham	primary	Astrocyte	Lyz2	0.3088552915766749	0.3088552915766749	0.0086393088552915	0.7170626349892024	0.376065185390835	0.4858182732712092	0.2100746765417137
GSE174574	GSM5319989	Sham	primary	Astrocyte	Spp1	0.0323974082073434	0.0323974082073434	0.0	0.0323974082073434	0.0128303036030842	0.0405914183047703	0.0238203298060241
GSE174574	GSM5319989	Sham	primary	Astrocyte	Timp3	0.5896328293736528	0.5896328293736528	0.2570194384449251	1.1468682505399583	0.9445329180867024	1.0284914229450692	1.0107109863660797
GSE174574	GSM5319989	Sham	primary	Astrocyte	Ptn	0.9200863930885576	0.9200863930885576	0.8272138228941726	8.140388768898477	7.693338017078402	2.779153785667983	2.830112262003741
GSE174574	GSM5319989	Sham	primary	Astrocyte	Plat	0.1727861771058317	0.1727861771058317	0.0280777537796976	0.23110151187905	0.1502375124376426	0.2640240691408453	0.2266847975257239
GSE174574	GSM5319989	Sham	primary	Astrocyte	Ptprz1	0.7278617710583188	0.7278617710583188	0.4060475161987057	1.695464362850969	1.5779943927031104	1.3774674979398749	1.3812884806772052
GSE174574	GSM5319989	Sham	primary	Astrocyte	Lrp1	0.2937365010799145	0.2937365010799145	0.0561555075593952	0.3736501079913616	0.3195274383676903	0.4220109033249935	0.4207219026667192
GSE174574	GSM5319989	Sham	primary	Astrocyte	Itga5	0.0151187904967602	0.0151187904967602	0.0	0.0172786177105831	0.0076026511201488	0.0178960093259628	0.0118973777372652
GSE174574	GSM5319989	Sham	primary	Astrocyte	Itgb1	0.1598272138228943	0.1598272138228943	0.0280777537796976	0.2073434125269981	0.1298890497780549	0.2309643706736463	0.2012803185322306
GSE174574	GSM5319989	Sham	primary	Astrocyte	Col4a1	0.079913606911447	0.079913606911447	0.0129589632829373	0.0950323974082073	0.0501228273915883	0.1176232941641481	0.0751426597103964
GSE174574	GSM5319989	Sham	primary	Astrocyte	Itga3	0.0064794816414686	0.0064794816414686	0.0	0.0064794816414686	0.002778184462249	0.0096953721560031	0.0067405966646482
GSE174574	GSM5319989	Sham	primary	Endothelial	Slc1a2	0.068986202759448	0.068986202759448	0.0017996400719856	0.0731853629274145	0.0357257172417478	0.1084777445774847	0.0758255801054082
GSE174574	GSM5319989	Sham	primary	Endothelial	Slc1a3	0.0671865626874624	0.0671865626874624	0.0	0.068986202759448	0.0191011053503044	0.1042486391337059	0.0492450418451983
GSE174574	GSM5319989	Sham	primary	Endothelial	Aldh1l1	0.0035992801439712	0.0035992801439712	0.0	0.0035992801439712	0.0025897770809893	0.0049000413953658	0.0042109527617915
GSE174574	GSM5319989	Sham	primary	Endothelial	Pecam1	0.8074385122975589	0.8074385122975589	0.4247150569885981	1.5380923815237164	1.536024172865561	1.6153697087685917	1.6583441869270248
GSE174574	GSM5319989	Sham	primary	Endothelial	Cdh5	0.6772645470905903	0.6772645470905903	0.2651469706058771	1.05398920215958	1.051972813830405	1.2525510305378822	1.287390166954196
GSE174574	GSM5319989	Sham	primary	Endothelial	Kdr	0.6628674265147043	0.6628674265147043	0.2501499700059973	1.074985002999412	1.0725748349828184	1.2331008703832558	1.266050121483485
GSE174574	GSM5319989	Sham	primary	Endothelial	Ptprc	0.0167966406718656	0.0167966406718656	0.0	0.0167966406718656	0.0051161554005054	0.0258722681609899	0.0129342836989857
GSE174574	GSM5319989	Sham	primary	Endothelial	Tyrobp	0.2267546490701848	0.2267546490701848	0.0	0.2723455308938201	0.0022765358021848	0.3743859584595866	0.0088139699155848
GSE174574	GSM5319989	Sham	primary	Endothelial	C1qa	0.5032993401319685	0.5032993401319685	0.0	0.7144571085782883	0.0001798182666268	0.8892931009905841	0.0008326470113048
GSE174574	GSM5319989	Sham	primary	Endothelial	Lyz2	0.2651469706058771	0.2651469706058771	0.0005998800239952	0.3173365326934594	0.0739073961091229	0.4336615361715624	0.1897036530630405
GSE174574	GSM5319989	Sham	primary	Endothelial	Spp1	0.0191961607678464	0.0191961607678464	0.0	0.0191961607678464	0.0062612600363202	0.029507780537213	0.0157110806124292
GSE174574	GSM5319989	Sham	primary	Endothelial	Timp3	0.5902819436112794	0.5902819436112794	0.3197360527894395	1.461307738452325	1.4313641021210533	1.2306671280451646	1.253992000336706
GSE174574	GSM5319989	Sham	primary	Endothelial	Ptn	0.7294541091781768	0.7294541091781768	0.509298140371921	2.425914817036612	2.318015602616976	1.706380573335671	1.7179163048617865
GSE174574	GSM5319989	Sham	primary	Endothelial	Plat	0.4403119376124731	0.4403119376124731	0.1847630473905213	0.790641871625678	0.7839091581215885	0.8350777279100481	0.8542775516701409
GSE174574	GSM5319989	Sham	primary	Endothelial	Ptprz1	0.0107978404319136	0.0107978404319136	0.0	0.0107978404319136	0.0034090220948202	0.0168218458096642	0.0087358888530763
GSE174574	GSM5319989	Sham	primary	Endothelial	Lrp1	0.0305938812237552	0.0305938812237552	0.0	0.0311937612477504	0.0117070304470168	0.0474690506021401	0.0277513068222071
GSE174574	GSM5319989	Sham	primary	Endothelial	Itga5	0.0395920815836832	0.0395920815836832	0.0017996400719856	0.0413917216556688	0.0404662327604732	0.0607962298507113	0.0620755713002431
GSE174574	GSM5319989	Sham	primary	Endothelial	Itgb1	0.3821235752849395	0.3821235752849395	0.1013797240551891	0.5110977804439072	0.4870822660881088	0.6455303456768562	0.6498806224680151
GSE174574	GSM5319989	Sham	primary	Endothelial	Col4a1	0.3443311337732424	0.3443311337732424	0.0803839232153569	0.4511097780443875	0.4444806911097502	0.5744203447457421	0.5878098480474088
GSE174574	GSM5319989	Sham	primary	Endothelial	Itga3	0.0305938812237552	0.0305938812237552	0.0005998800239952	0.0311937612477504	0.0300579705454648	0.0463168261518347	0.0471165465102521
GSE174574	GSM5319989	Sham	reference_singlet	Astrocyte	Slc1a2	0.9875776397515458	0.9875776397515458	0.9565217391304284	9.077639751552788	9.070025746710463	3.091271961961677	3.18508803321542
GSE174574	GSM5319989	Sham	reference_singlet	Astrocyte	Slc1a3	0.9937888198757692	0.9937888198757692	0.9782608695652104	10.316770186335408	10.29614189721483	3.3067267026024445	3.399946594389207
GSE174574	GSM5319989	Sham	reference_singlet	Astrocyte	Aldh1l1	0.3229813664596278	0.3229813664596278	0.0652173913043478	0.4037267080745347	0.4015910001910386	0.4735665887861133	0.4978929377121432
GSE174574	GSM5319989	Sham	reference_singlet	Astrocyte	Pecam1	0.1024844720496895	0.1024844720496895	0.0	0.1304347826086957	0.0251415409751328	0.1440238617485626	0.0577601203680706
GSE174574	GSM5319989	Sham	reference_singlet	Astrocyte	Cdh5	0.0869565217391304	0.0869565217391304	0.0	0.0900621118012422	0.0372890648858961	0.1170603600466964	0.074037563296419
GSE174574	GSM5319989	Sham	reference_singlet	Astrocyte	Kdr	0.0683229813664596	0.0683229813664596	0.0	0.077639751552795	0.0210973207208299	0.0907211201432671	0.0443926056100646
GSE174574	GSM5319989	Sham	reference_singlet	Astrocyte	Ptprc	0.0341614906832298	0.0341614906832298	0.0	0.0341614906832298	0.0225894674394314	0.0504750394768384	0.042327947866467
GSE174574	GSM5319989	Sham	reference_singlet	Astrocyte	Tyrobp	0.270186335403727	0.270186335403727	0.0031055900621118	0.3229813664596276	0.0996579416227214	0.4036521939592837	0.2053504680702522
GSE174574	GSM5319989	Sham	reference_singlet	Astrocyte	C1qa	0.6521739130434766	0.6521739130434766	0.0527950310559006	0.9813664596273272	0.3276027718443723	1.0693868987902804	0.603243413108963
GSE174574	GSM5319989	Sham	reference_singlet	Astrocyte	Lyz2	0.270186335403727	0.270186335403727	0.0062111801242236	0.3509316770186339	0.0792953297893842	0.4143029985467853	0.1816281968294215
GSE174574	GSM5319989	Sham	reference_singlet	Astrocyte	Spp1	0.0279503105590062	0.0279503105590062	0.0	0.0279503105590062	0.0124061332689309	0.0352880211442487	0.02332046665059
GSE174574	GSM5319989	Sham	reference_singlet	Astrocyte	Timp3	0.5683229813664593	0.5683229813664593	0.2360248447204972	0.9813664596273272	0.836459411297554	0.9556832389354328	0.9384590021064187
GSE174574	GSM5319989	Sham	reference_singlet	Astrocyte	Ptn	0.9627329192546518	0.9627329192546518	0.909937888198752	9.45031055900621	9.21666108524376	3.0508027076623647	3.11930102266251
GSE174574	GSM5319989	Sham	reference_singlet	Astrocyte	Plat	0.1086956521739131	0.1086956521739131	0.015527950310559	0.1366459627329193	0.0705621843687553	0.153038217328323	0.1121362168388293
GSE174574	GSM5319989	Sham	reference_singlet	Astrocyte	Ptprz1	0.8509316770186287	0.8509316770186287	0.5000000000000008	1.9534161490683168	1.951862846604	1.6248627638404545	1.6937085378320706
GSE174574	GSM5319989	Sham	reference_singlet	Astrocyte	Lrp1	0.3136645962732923	0.3136645962732923	0.0559006211180124	0.3757763975155284	0.3568282894511834	0.4622159807597684	0.4741532739235034
GSE174574	GSM5319989	Sham	reference_singlet	Astrocyte	Itga5	0.0062111801242236	0.0062111801242236	0.0	0.0062111801242236	0.0018106636702608	0.0088928118099019	0.004439492785759
GSE174574	GSM5319989	Sham	reference_singlet	Astrocyte	Itgb1	0.1086956521739131	0.1086956521739131	0.015527950310559	0.1242236024844721	0.0809147581351475	0.1549811628073551	0.127811445000332
GSE174574	GSM5319989	Sham	reference_singlet	Astrocyte	Col4a1	0.0403726708074534	0.0403726708074534	0.0	0.0403726708074534	0.0016152560329745	0.0506299011814178	0.0047198878843399
GSE174574	GSM5319989	Sham	reference_singlet	Astrocyte	Itga3	0.0031055900621118	0.0031055900621118	0.0	0.0031055900621118	0.0016990382695865	0.0060780637239719	0.0046850993390599
GSE174574	GSM5319989	Sham	reference_singlet	Endothelial	Slc1a2	0.0711053652230121	0.0711053652230121	0.0019392372333548	0.0756302521008402	0.0370106796475891	0.1112264365350592	0.0778747391059213
GSE174574	GSM5319989	Sham	reference_singlet	Endothelial	Slc1a3	0.0672268907563024	0.0672268907563024	0.0	0.0691661279896573	0.0194284637194467	0.1040134562675568	0.0495988119078308
GSE174574	GSM5319989	Sham	reference_singlet	Endothelial	Aldh1l1	0.0038784744667097	0.0038784744667097	0.0	0.0038784744667097	0.0027906647666511	0.0052801351041208	0.0045375942171341
GSE174574	GSM5319989	Sham	reference_singlet	Endothelial	Pecam1	0.8060762766645093	0.8060762766645093	0.4240465416935992	1.5294117647058774	1.5274188813552654	1.6045046354890409	1.6464293056185586
GSE174574	GSM5319989	Sham	reference_singlet	Endothelial	Cdh5	0.6923076923076901	0.6923076923076901	0.2714932126696824	1.0795087265675467	1.0780610954134904	1.2775208150314863	1.3127347416919473
GSE174574	GSM5319989	Sham	reference_singlet	Endothelial	Kdr	0.6599870717517755	0.6599870717517755	0.2521008403361337	1.0672268907562992	1.06547459638101	1.2220292388147054	1.2553929404025015
GSE174574	GSM5319989	Sham	reference_singlet	Endothelial	Ptprc	0.0161603102779573	0.0161603102779573	0.0	0.0161603102779573	0.0051341056431433	0.0243595771167169	0.0125143181211751
GSE174574	GSM5319989	Sham	reference_singlet	Endothelial	Tyrobp	0.2288299935358752	0.2288299935358752	0.0	0.2740788623141557	0.0023123125626829	0.3770232523470367	0.0089202154825992
GSE174574	GSM5319989	Sham	reference_singlet	Endothelial	C1qa	0.51454427925016	0.51454427925016	0.0	0.7349709114414973	0.0001849500492709	0.9090780064153942	0.0007206344209123
GSE174574	GSM5319989	Sham	reference_singlet	Endothelial	Lyz2	0.2669683257918544	0.2669683257918544	0.0006464124111182	0.3186813186813177	0.0751755036859403	0.4342403164685958	0.1905037317989845
GSE174574	GSM5319989	Sham	reference_singlet	Endothelial	Spp1	0.0206851971557853	0.0206851971557853	0.0	0.0206851971557853	0.0067469427799262	0.0317966840048701	0.0169297811124237
GSE174574	GSM5319989	Sham	reference_singlet	Endothelial	Timp3	0.5882352941176452	0.5882352941176452	0.3148028442146079	1.4098254686489935	1.3844125457880476	1.2101151381645157	1.2318736318881318
GSE174574	GSM5319989	Sham	reference_singlet	Endothelial	Ptn	0.7362637362637339	0.7362637362637339	0.5151906916612783	2.490627020038777	2.381555208548585	1.7256976623040283	1.7360820887470707
GSE174574	GSM5319989	Sham	reference_singlet	Endothelial	Plat	0.4466709760827393	0.4466709760827393	0.1900452488687777	0.8131868131868107	0.8063399115134195	0.8463705181513999	0.8655479246467785
GSE174574	GSM5319989	Sham	reference_singlet	Endothelial	Ptprz1	0.0109890109890109	0.0109890109890109	0.0	0.0109890109890109	0.0034709142325318	0.0171508936615605	0.0089126464250858
GSE174574	GSM5319989	Sham	reference_singlet	Endothelial	Lrp1	0.0297349709114415	0.0297349709114415	0.0	0.0303813833225598	0.0115874035524739	0.0459065946444016	0.0269950288729394
GSE174574	GSM5319989	Sham	reference_singlet	Endothelial	Itga5	0.0394311570782158	0.0394311570782158	0.0019392372333548	0.0413703943115707	0.0404999793329151	0.0605399334291789	0.0617404177653615
GSE174574	GSM5319989	Sham	reference_singlet	Endothelial	Itgb1	0.3813833225597919	0.3813833225597919	0.1008403361344535	0.5113122171945685	0.4876435668389262	0.6403364685531991	0.6446018225157985
GSE174574	GSM5319989	Sham	reference_singlet	Endothelial	Col4a1	0.3477698771816408	0.3477698771816408	0.0808015513897865	0.4557207498383955	0.4491828252670298	0.5769932642074983	0.5901414174795159
GSE174574	GSM5319989	Sham	reference_singlet	Endothelial	Itga3	0.0297349709114415	0.0297349709114415	0.0006464124111182	0.0303813833225598	0.0293410087674205	0.045025970611557	0.0457559564852857
GSE174574	GSM5319990	MCAO	primary	Astrocyte	Slc1a2	0.9591836734693996	0.9591836734693996	0.8698979591836824	9.136479591836736	8.577627522428608	2.947652893556125	2.9841328946426944
GSE174574	GSM5319990	MCAO	primary	Astrocyte	Slc1a3	0.9464285714285828	0.9464285714285828	0.8303571428571505	8.136479591836748	7.656663846917955	2.840860439594	2.8598885175965685
GSE174574	GSM5319990	MCAO	primary	Astrocyte	Aldh1l1	0.3877551020408138	0.3877551020408138	0.1135204081632654	0.5701530612244882	0.527210919606889	0.5843404400071126	0.6000329086522198
GSE174574	GSM5319990	MCAO	primary	Astrocyte	Pecam1	0.1543367346938773	0.1543367346938773	0.0293367346938775	0.2270408163265302	0.121035532346547	0.2313116485937424	0.1621277486409771
GSE174574	GSM5319990	MCAO	primary	Astrocyte	Cdh5	0.100765306122449	0.100765306122449	0.010204081632653	0.1262755102040817	0.0693511868441889	0.1391325001859533	0.1049694159698979
GSE174574	GSM5319990	MCAO	primary	Astrocyte	Kdr	0.0803571428571429	0.0803571428571429	0.0038265306122448	0.0880102040816327	0.0517592622795355	0.1043098132802192	0.0863634267040144
GSE174574	GSM5319990	MCAO	primary	Astrocyte	Ptprc	0.0510204081632653	0.0510204081632653	0.0	0.0586734693877551	0.0191595326251375	0.064307441568019	0.0397945081404915
GSE174574	GSM5319990	MCAO	primary	Astrocyte	Tyrobp	0.4426020408163235	0.4426020408163235	0.0204081632653061	0.968112244897962	0.2327533515959549	0.7213086845749799	0.3306648283329035
GSE174574	GSM5319990	MCAO	primary	Astrocyte	C1qa	0.7028061224489829	0.7028061224489829	0.1913265306122443	2.104591836734695	0.6656907910966323	1.3222415674782733	0.8730872586916499
GSE174574	GSM5319990	MCAO	primary	Astrocyte	Lyz2	0.5688775510204069	0.5688775510204069	0.024234693877551	1.4642857142857144	0.4127411426414791	0.9438160767864034	0.3739843785835131
GSE174574	GSM5319990	MCAO	primary	Astrocyte	Spp1	0.9464285714285828	0.9464285714285828	0.4566326530612213	5.088010204081637	2.155764422738431	2.2288112944326715	1.41793619225157
GSE174574	GSM5319990	MCAO	primary	Astrocyte	Timp3	0.4987244897959148	0.4987244897959148	0.1964285714285708	0.8584183673469397	0.6995434530338631	0.8074117758694621	0.796582348744741
GSE174574	GSM5319990	MCAO	primary	Astrocyte	Ptn	0.8915816326530709	0.8915816326530709	0.7448979591836782	6.678571428571433	6.334501534737494	2.432921939925932	2.4997003754386844
GSE174574	GSM5319990	MCAO	primary	Astrocyte	Plat	0.3354591836734674	0.3354591836734674	0.0994897959183674	0.790816326530612	0.4973224226132777	0.5909137235691918	0.502966298449926
GSE174574	GSM5319990	MCAO	primary	Astrocyte	Ptprz1	0.7334183673469431	0.7334183673469431	0.4438775510204051	1.7423469387755128	1.6152598796659496	1.3827387494851784	1.4170554029450877
GSE174574	GSM5319990	MCAO	primary	Astrocyte	Lrp1	0.3724489795918344	0.3724489795918344	0.1020408163265307	0.5153061224489774	0.4353423059337759	0.5571386054401842	0.5634713625748463
GSE174574	GSM5319990	MCAO	primary	Astrocyte	Itga5	0.0752551020408163	0.0752551020408163	0.0025510204081632	0.086734693877551	0.0459189993505403	0.0937262744368414	0.0779856988266871
GSE174574	GSM5319990	MCAO	primary	Astrocyte	Itgb1	0.2410714285714275	0.2410714285714275	0.0331632653061224	0.2997448979591826	0.182673813309947	0.3355390636304619	0.2897993883541417
GSE174574	GSM5319990	MCAO	primary	Astrocyte	Col4a1	0.1479591836734692	0.1479591836734692	0.0178571428571428	0.2130102040816323	0.108858267144548	0.2087734065206955	0.1531764647618531
GSE174574	GSM5319990	MCAO	primary	Astrocyte	Itga3	0.010204081632653	0.010204081632653	0.0	0.010204081632653	0.0068280398416096	0.0170310354921602	0.0143823105288348
GSE174574	GSM5319990	MCAO	primary	Endothelial	Slc1a2	0.1698113207547161	0.1698113207547161	0.0265170831208567	0.2100968893421714	0.1425882017635189	0.2705872471365276	0.2324181085313122
GSE174574	GSM5319990	MCAO	primary	Endothelial	Slc1a3	0.1121876593574702	0.1121876593574702	0.0071392146863845	0.1269760326364095	0.0682008496102107	0.1653702013559888	0.1215100209986862
GSE174574	GSM5319990	MCAO	primary	Endothelial	Aldh1l1	0.0096889342172361	0.0096889342172361	0.0	0.0096889342172361	0.0071151836639839	0.0135883389795147	0.0119046242082625
GSE174574	GSM5319990	MCAO	primary	Endothelial	Pecam1	0.8245792962774047	0.8245792962774047	0.5232024477307466	1.972463029066844	1.9651918281542284	1.7061992545386646	1.7524584164435912
GSE174574	GSM5319990	MCAO	primary	Endothelial	Cdh5	0.6675165731769467	0.6675165731769467	0.2616012238653734	1.101478837327898	1.095366921375143	1.1904001028944111	1.2268363817154009
GSE174574	GSM5319990	MCAO	primary	Endothelial	Kdr	0.533401325854153	0.533401325854153	0.1580826109127988	0.766955634880159	0.7631497571425381	0.9118560893450952	0.941224636498953
GSE174574	GSM5319990	MCAO	primary	Endothelial	Ptprc	0.0367159612442631	0.0367159612442631	0.0020397756246812	0.0392656807751147	0.0189937281860704	0.0521438180459305	0.0352619000886359
GSE174574	GSM5319990	MCAO	primary	Endothelial	Tyrobp	0.3472718001019869	0.3472718001019869	0.0086690464048954	0.4844467108618028	0.1442867914156935	0.5682363224491062	0.2909389858169187
GSE174574	GSM5319990	MCAO	primary	Endothelial	C1qa	0.6593574706782216	0.6593574706782216	0.1733809280979084	1.2085670576236731	0.5383375593901115	1.206901498615568	0.847270897302549
GSE174574	GSM5319990	MCAO	primary	Endothelial	Lyz2	0.4671086180520116	0.4671086180520116	0.0015298317185109	0.7021927587965288	0.0339998347068594	0.7861197306910147	0.0381084812209334
GSE174574	GSM5319990	MCAO	primary	Endothelial	Spp1	0.92911779704232	0.92911779704232	0.4681285058643523	3.350841407445241	1.143087375328608	2.1794289859044094	1.475767317288087
GSE174574	GSM5319990	MCAO	primary	Endothelial	Timp3	0.5410504844467078	0.5410504844467078	0.2911779704232519	1.4201937786843613	1.3981622552851476	1.1054484203075303	1.130656728546113
GSE174574	GSM5319990	MCAO	primary	Endothelial	Ptn	0.5089240183579777	0.5089240183579777	0.2906680265170815	1.266190719020915	1.1796948444645894	1.048103413892498	1.0472336685648431
GSE174574	GSM5319990	MCAO	primary	Endothelial	Plat	0.780214176440587	0.780214176440587	0.5721570627230972	2.973992860785353	2.9516263509663925	1.8737297849800023	1.9162073405982
GSE174574	GSM5319990	MCAO	primary	Endothelial	Ptprz1	0.0428352881183069	0.0428352881183069	0.0015298317185109	0.0443651198368178	0.0317337905523687	0.0635103633442168	0.054944001789484
GSE174574	GSM5319990	MCAO	primary	Endothelial	Lrp1	0.0836308006119323	0.0836308006119323	0.0035696073431922	0.0897501274859762	0.0641871919931605	0.1201779547796725	0.1050331411181506
GSE174574	GSM5319990	MCAO	primary	Endothelial	Itga5	0.1137174910759811	0.1137174910759811	0.0101988781234064	0.1269760326364094	0.1142677458190947	0.1586479635758611	0.1568794311321604
GSE174574	GSM5319990	MCAO	primary	Endothelial	Itgb1	0.4829168791432915	0.4829168791432915	0.1993880673125946	0.8072412034676142	0.7719664063427878	0.8363278210588506	0.8479798124638709
GSE174574	GSM5319990	MCAO	primary	Endothelial	Col4a1	0.5471698113207516	0.5471698113207516	0.273839877613461	1.1478837327893985	1.1368303445331376	1.0208969488664843	1.0489910604089046
GSE174574	GSM5319990	MCAO	primary	Endothelial	Itga3	0.0545639979602242	0.0545639979602242	0.0040795512493625	0.0591534931157571	0.0573269613475095	0.0739108741762807	0.0757228169520384
GSE174574	GSM5319990	MCAO	reference_singlet	Astrocyte	Slc1a2	0.9913644214162292	0.9913644214162292	0.9637305699481814	10.212435233160647	10.187294277013429	3.154111677433004	3.275413404309848
GSE174574	GSM5319990	MCAO	reference_singlet	Astrocyte	Slc1a3	0.9948186528497353	0.9948186528497353	0.9585492227979224	9.13644214162351	9.11344998317561	3.077645487917576	3.202198463442437
GSE174574	GSM5319990	MCAO	reference_singlet	Astrocyte	Aldh1l1	0.3972366148531969	0.3972366148531969	0.1364421416234886	0.6096718480138176	0.605921774369961	0.5943132994966391	0.6389672514117141
GSE174574	GSM5319990	MCAO	reference_singlet	Astrocyte	Pecam1	0.1018998272884282	0.1018998272884282	0.0	0.1174438687392054	0.0297177732142872	0.1353305588595684	0.0606319395230903
GSE174574	GSM5319990	MCAO	reference_singlet	Astrocyte	Cdh5	0.0639032815198617	0.0639032815198617	0.0	0.0639032815198617	0.0217614062542825	0.0811394213727813	0.0419496241519738
GSE174574	GSM5319990	MCAO	reference_singlet	Astrocyte	Kdr	0.0466321243523315	0.0466321243523315	0.001727115716753	0.0518134715025906	0.02340637703032	0.0600218717482921	0.0403850821847068
GSE174574	GSM5319990	MCAO	reference_singlet	Astrocyte	Ptprc	0.0414507772020725	0.0414507772020725	0.0	0.0431778929188255	0.0172484016660197	0.0527602262766486	0.0313473126710395
GSE174574	GSM5319990	MCAO	reference_singlet	Astrocyte	Tyrobp	0.4162348877374804	0.4162348877374804	0.0086355785837651	0.6424870466321247	0.1424746851816818	0.6297515861453373	0.2834250019803975
GSE174574	GSM5319990	MCAO	reference_singlet	Astrocyte	C1qa	0.6994818652849737	0.6994818652849737	0.2055267702936093	1.5405872193436994	0.6095264355009425	1.2431302675769458	0.852813810537147
GSE174574	GSM5319990	MCAO	reference_singlet	Astrocyte	Lyz2	0.5699481865284993	0.5699481865284993	0.0172711571675302	1.2366148531951673	0.2020950284310977	0.9167468740775572	0.3944151149354322
GSE174574	GSM5319990	MCAO	reference_singlet	Astrocyte	Spp1	0.9430051813471456	0.9430051813471456	0.5233160621761686	3.651122625215899	1.245773753853077	2.170664976007732	1.4275100969599623
GSE174574	GSM5319990	MCAO	reference_singlet	Astrocyte	Timp3	0.4680483592400718	0.4680483592400718	0.1692573402417959	0.7063903281519868	0.6023801374493882	0.7135304624108713	0.6990174802986505
GSE174574	GSM5319990	MCAO	reference_singlet	Astrocyte	Ptn	0.9326424870466276	0.9326424870466276	0.830742659758201	7.540587219343711	7.380475737941693	2.637115929106314	2.7253347053235006
GSE174574	GSM5319990	MCAO	reference_singlet	Astrocyte	Plat	0.2487046632124348	0.2487046632124348	0.0379965457685664	0.4628670120898104	0.2054915666593405	0.3807500136093344	0.2788772629601976
GSE174574	GSM5319990	MCAO	reference_singlet	Astrocyte	Ptprz1	0.7875647668393763	0.7875647668393763	0.5354058721934395	1.911917098445601	1.9057623683690803	1.502183576192939	1.5811103332067955
GSE174574	GSM5319990	MCAO	reference_singlet	Astrocyte	Lrp1	0.3937823834196908	0.3937823834196908	0.1191709844559584	0.5440414507772032	0.5047331166767578	0.5883338409170492	0.6072217060242896
GSE174574	GSM5319990	MCAO	reference_singlet	Astrocyte	Itga5	0.0535405872193436	0.0535405872193436	0.0	0.0604490500863557	0.0337404325523281	0.0667460021291123	0.0537037145143817
GSE174574	GSM5319990	MCAO	reference_singlet	Astrocyte	Itgb1	0.2020725388601033	0.2020725388601033	0.0207253886010362	0.2366148531951637	0.1453442402055581	0.2650431502781631	0.2173626353887202
GSE174574	GSM5319990	MCAO	reference_singlet	Astrocyte	Col4a1	0.0967184801381691	0.0967184801381691	0.001727115716753	0.1018998272884282	0.0415541648528176	0.1261535876404565	0.0778065753879842
GSE174574	GSM5319990	MCAO	reference_singlet	Astrocyte	Itga3	0.0086355785837651	0.0086355785837651	0.0	0.0086355785837651	0.0046657732274666	0.0141100834799262	0.0107630907887733
GSE174574	GSM5319990	MCAO	reference_singlet	Endothelial	Slc1a2	0.1587399629400866	0.1587399629400866	0.0259419394688078	0.1988882025941943	0.1369113778373995	0.2497108035700021	0.2141662217388202
GSE174574	GSM5319990	MCAO	reference_singlet	Endothelial	Slc1a3	0.111179740580605	0.111179740580605	0.0074119827053736	0.1247683755404567	0.0698138960081506	0.1620503825217177	0.1214776773690405
GSE174574	GSM5319990	MCAO	reference_singlet	Endothelial	Aldh1l1	0.0111179740580605	0.0111179740580605	0.0	0.0111179740580605	0.0081525193911203	0.0154408699028487	0.013510212446893
GSE174574	GSM5319990	MCAO	reference_singlet	Endothelial	Pecam1	0.8282890673255197	0.8282890673255197	0.5188387893761636	1.9672637430512463	1.964640947644088	1.6904534076192712	1.7386049668287695
GSE174574	GSM5319990	MCAO	reference_singlet	Endothelial	Cdh5	0.692402717727	0.692402717727	0.2662137121680066	1.129092032118593	1.127040711570246	1.2207227045289102	1.258801728519401
GSE174574	GSM5319990	MCAO	reference_singlet	Endothelial	Kdr	0.5256331068560895	0.5256331068560895	0.1593576281655344	0.7566399011735713	0.7545890415123339	0.889505885516654	0.9174729422763378
GSE174574	GSM5319990	MCAO	reference_singlet	Endothelial	Ptprc	0.0407659048795552	0.0407659048795552	0.0012353304508956	0.0426189005558987	0.020046027399679	0.058227526607886	0.0386132594193524
GSE174574	GSM5319990	MCAO	reference_singlet	Endothelial	Tyrobp	0.3545398394070444	0.3545398394070444	0.0080296479308214	0.4644842495367547	0.1378968615874084	0.5686143978453978	0.2922827807474286
GSE174574	GSM5319990	MCAO	reference_singlet	Endothelial	C1qa	0.6707844348363264	0.6707844348363264	0.1871525633106861	1.201358863495983	0.5541477046563367	1.2164485722130345	0.86045330709261
GSE174574	GSM5319990	MCAO	reference_singlet	Endothelial	Lyz2	0.4811612106238468	0.4811612106238468	0.0	0.703520691785059	0.0103599652438461	0.8007167763575755	0.0336575753379404
GSE174574	GSM5319990	MCAO	reference_singlet	Endothelial	Spp1	0.931439159975305	0.931439159975305	0.487337862878325	3.163681284743629	1.1687904854439095	2.1755647115238674	1.4824165817489612
GSE174574	GSM5319990	MCAO	reference_singlet	Endothelial	Timp3	0.557751698579376	0.557751698579376	0.2995676343421887	1.4675725756639808	1.4486386009611067	1.129703095641916	1.1549881320447706
GSE174574	GSM5319990	MCAO	reference_singlet	Endothelial	Ptn	0.5336627547869112	0.5336627547869112	0.3180975911056232	1.3755404570722627	1.2890768405961843	1.1106457729246384	1.1106189277712302
GSE174574	GSM5319990	MCAO	reference_singlet	Endothelial	Plat	0.8072884496602939	0.8072884496602939	0.6053119209388579	3.1451513279802024	3.1301034916680788	1.9491156092037285	1.9945456151817105
GSE174574	GSM5319990	MCAO	reference_singlet	Endothelial	Ptprz1	0.0413835701050031	0.0413835701050031	0.0006176652254478	0.0420012353304509	0.0304557799194676	0.0596792841308416	0.0518937378876317
GSE174574	GSM5319990	MCAO	reference_singlet	Endothelial	Lrp1	0.0827671402100061	0.0827671402100061	0.0043236565781346	0.0901791229153797	0.0650842845302423	0.1186160360620957	0.1040007941631613
GSE174574	GSM5319990	MCAO	reference_singlet	Endothelial	Itga5	0.1099444101297094	0.1099444101297094	0.0092649783817171	0.1198270537368743	0.1097247301509971	0.150613363747905	0.1493409372959356
GSE174574	GSM5319990	MCAO	reference_singlet	Endothelial	Itgb1	0.4725138974675774	0.4725138974675774	0.2032118591723294	0.8054354539839474	0.77473435946408	0.8138972231589969	0.825443336816363
GSE174574	GSM5319990	MCAO	reference_singlet	Endothelial	Col4a1	0.5367510809141502	0.5367510809141502	0.2730080296479326	1.1414453366275494	1.1313643023500357	0.9905439143916884	1.0172634970272034
GSE174574	GSM5319990	MCAO	reference_singlet	Endothelial	Itga3	0.0555898702903027	0.0555898702903027	0.0043236565781346	0.0605311920938851	0.05956688436495	0.0744146990272656	0.0769273718163724
GSE174574	GSM5319991	MCAO	primary	Astrocyte	Slc1a2	0.9597855227882044	0.9597855227882044	0.8632707774798932	8.758713136729193	7.98740645796931	2.9184689180564285	2.956544353514534
GSE174574	GSM5319991	MCAO	primary	Astrocyte	Slc1a3	0.9369973190348532	0.9369973190348532	0.8176943699731908	7.3887399463806736	6.775185892849834	2.738876928225981	2.7590350167443094
GSE174574	GSM5319991	MCAO	primary	Astrocyte	Aldh1l1	0.3565683646112602	0.3565683646112602	0.0844504021447721	0.4852546916890083	0.4283732753704712	0.5169467639044644	0.5256932677034345
GSE174574	GSM5319991	MCAO	primary	Astrocyte	Pecam1	0.1849865951742628	0.1849865951742628	0.0375335120643431	0.3029490616621985	0.1697843381523108	0.2894510244202276	0.2270701810013607
GSE174574	GSM5319991	MCAO	primary	Astrocyte	Cdh5	0.096514745308311	0.096514745308311	0.0107238605898123	0.128686327077748	0.0584762102853376	0.1311530723672782	0.0874953683630657
GSE174574	GSM5319991	MCAO	primary	Astrocyte	Kdr	0.0563002680965147	0.0563002680965147	0.0053619302949061	0.0697050938337802	0.0304350552218423	0.0718907553698548	0.0432807894760049
GSE174574	GSM5319991	MCAO	primary	Astrocyte	Ptprc	0.0723860589812332	0.0723860589812332	0.0013404825737265	0.0898123324396783	0.041013370495695	0.0975194916262622	0.0751123688515424
GSE174574	GSM5319991	MCAO	primary	Astrocyte	Tyrobp	0.4812332439678287	0.4812332439678287	0.032171581769437	1.176943699731899	0.3241504784235545	0.8061126240425329	0.4135108690722055
GSE174574	GSM5319991	MCAO	primary	Astrocyte	C1qa	0.6957104557640754	0.6957104557640754	0.1246648793565684	2.4209115281501186	0.6244708997162671	1.3276853699955056	0.7989622371149251
GSE174574	GSM5319991	MCAO	primary	Astrocyte	Lyz2	0.5348525469168903	0.5348525469168903	0.0160857908847185	1.5482573726541426	0.4874968408907821	0.8927139530383664	0.277774055676341
GSE174574	GSM5319991	MCAO	primary	Astrocyte	Spp1	0.9182305630026816	0.9182305630026816	0.3699731903485256	8.280160857908825	3.288966299328501	2.127203254394184	1.3274850669369644
GSE174574	GSM5319991	MCAO	primary	Astrocyte	Timp3	0.4624664879356571	0.4624664879356571	0.1809651474530832	0.8699731903485259	0.685133889519206	0.7740757973698853	0.7559381576248955
GSE174574	GSM5319991	MCAO	primary	Astrocyte	Ptn	0.8847184986595179	0.8847184986595179	0.746648793565684	5.835120643431614	5.4547920868120805	2.3622705837742104	2.425141996643627
GSE174574	GSM5319991	MCAO	primary	Astrocyte	Plat	0.365951742627346	0.365951742627346	0.1273458445040215	0.9008042895442364	0.6274512537164805	0.647719959199922	0.5695410425859622
GSE174574	GSM5319991	MCAO	primary	Astrocyte	Ptprz1	0.7104557640750674	0.7104557640750674	0.412868632707775	1.616621983914197	1.4955066405448243	1.3195239723202354	1.3626298028770902
GSE174574	GSM5319991	MCAO	primary	Astrocyte	Lrp1	0.3833780160857911	0.3833780160857911	0.0857908847184987	0.5361930294906169	0.4367715077500274	0.5831024050460615	0.5989504620687656
GSE174574	GSM5319991	MCAO	primary	Astrocyte	Itga5	0.0630026809651474	0.0630026809651474	0.0040214477211796	0.0790884718498659	0.0342869439260275	0.0714946682084258	0.0565181775773344
GSE174574	GSM5319991	MCAO	primary	Astrocyte	Itgb1	0.2453083109919572	0.2453083109919572	0.0227882037533512	0.301608579088472	0.1777674467493686	0.3306992772252858	0.2864437862878421
GSE174574	GSM5319991	MCAO	primary	Astrocyte	Col4a1	0.14343163538874	0.14343163538874	0.017426273458445	0.2184986595174264	0.1157855909750142	0.2134477888031426	0.1547211761866386
GSE174574	GSM5319991	MCAO	primary	Astrocyte	Itga3	0.0093833780160857	0.0093833780160857	0.0	0.0093833780160857	0.0057241002391222	0.012542985022912	0.0105752144455704
GSE174574	GSM5319991	MCAO	primary	Endothelial	Slc1a2	0.1622354856212709	0.1622354856212709	0.0179055887140531	0.1958762886597951	0.135704479978984	0.2528076739434115	0.2207570333909699
GSE174574	GSM5319991	MCAO	primary	Endothelial	Slc1a3	0.1144872490504618	0.1144872490504618	0.0103092783505154	0.1329354313619106	0.0777147819065054	0.1775667705829582	0.1415872969187166
GSE174574	GSM5319991	MCAO	primary	Endothelial	Aldh1l1	0.0054259359739555	0.0054259359739555	0.0	0.0054259359739555	0.0034121154240746	0.0080389590106358	0.0064332549541928
GSE174574	GSM5319991	MCAO	primary	Endothelial	Pecam1	0.8193163320672584	0.8193163320672584	0.5111231687466132	1.8817145957677397	1.8712316560682016	1.7029559469250517	1.7472929545428586
GSE174574	GSM5319991	MCAO	primary	Endothelial	Cdh5	0.6321215409658102	0.6321215409658102	0.2550189907759112	1.0374389582202794	1.0280497926859742	1.1460807416776058	1.177008908985843
GSE174574	GSM5319991	MCAO	primary	Endothelial	Kdr	0.5111231687466132	0.5111231687466132	0.1698317959848087	0.7476939772110628	0.7416879824596845	0.8920034745117138	0.9177066288944408
GSE174574	GSM5319991	MCAO	primary	Endothelial	Ptprc	0.0244167118827997	0.0244167118827997	0.0005425935973955	0.0265870862723819	0.0106624986568875	0.0365936663380979	0.0225210287520946
GSE174574	GSM5319991	MCAO	primary	Endothelial	Tyrobp	0.398806294085734	0.398806294085734	0.0092240911557243	0.53445469343462	0.1736460726537657	0.6631680779075741	0.3654020694397971
GSE174574	GSM5319991	MCAO	primary	Endothelial	C1qa	0.6581660336407943	0.6581660336407943	0.1394465545306575	1.1774281063483267	0.4891140983145778	1.2364753867436569	0.8362794564958903
GSE174574	GSM5319991	MCAO	primary	Endothelial	Lyz2	0.4818231144872543	0.4818231144872543	0.0010851871947911	0.6945198046662998	0.0138491289915684	0.8246781902237798	0.0040848911515911
GSE174574	GSM5319991	MCAO	primary	Endothelial	Spp1	0.9104720564297027	0.9104720564297027	0.3836136733586583	2.7883884970156885	0.9615110770923844	2.107022091495164	1.3674867643847093
GSE174574	GSM5319991	MCAO	primary	Endothelial	Timp3	0.5198046663049413	0.5198046663049413	0.2729245794899646	1.3836136733586408	1.3631514796804716	1.0750302897157766	1.099631998695726
GSE174574	GSM5319991	MCAO	primary	Endothelial	Ptn	0.4807379272924632	0.4807379272924632	0.2441671188280001	1.111774281063476	1.0453418216840693	0.9824565829003188	0.9844852049437616
GSE174574	GSM5319991	MCAO	primary	Endothelial	Plat	0.7661421595224992	0.7661421595224992	0.5567010309278354	2.851329354313592	2.822364437876419	1.862288606100209	1.9031768077678444
GSE174574	GSM5319991	MCAO	primary	Endothelial	Ptprz1	0.0293000542593597	0.0293000542593597	0.0005425935973955	0.0303852414541508	0.0194438305646756	0.0431031745524858	0.0394988177727055
GSE174574	GSM5319991	MCAO	primary	Endothelial	Lrp1	0.0716223548562128	0.0716223548562128	0.0016277807921866	0.0732501356483994	0.0506123282180762	0.1064561435986478	0.090605108060781
GSE174574	GSM5319991	MCAO	primary	Endothelial	Itga5	0.116657623440044	0.116657623440044	0.0135648399348887	0.1318502441671195	0.1214308013534511	0.1677865973392039	0.1668837846040085
GSE174574	GSM5319991	MCAO	primary	Endothelial	Itgb1	0.4839934888768365	0.4839934888768365	0.1828540423223021	0.7813347802495886	0.7481127549073555	0.8386696170176366	0.8507411461901223
GSE174574	GSM5319991	MCAO	primary	Endothelial	Col4a1	0.5241454150841053	0.5241454150841053	0.2729245794899646	1.1161150298426366	1.1042545730680111	0.996281757639606	1.0218896276057
GSE174574	GSM5319991	MCAO	primary	Endothelial	Itga3	0.0575149213239283	0.0575149213239283	0.0032555615843733	0.0613130765056972	0.0597235131048483	0.0801043161967579	0.0820345172572605
GSE174574	GSM5319991	MCAO	reference_singlet	Astrocyte	Slc1a2	0.9832402234637004	0.9832402234637004	0.949720670391074	9.463687150838004	9.440746349433612	3.108015248074921	3.2226978700225097
GSE174574	GSM5319991	MCAO	reference_singlet	Astrocyte	Slc1a3	0.9757914338920056	0.9757914338920056	0.9441340782123028	8.098696461824971	8.07819520837134	2.957438205750175	3.069091377870337
GSE174574	GSM5319991	MCAO	reference_singlet	Astrocyte	Aldh1l1	0.3724394785847296	0.3724394785847296	0.1080074487895716	0.5158286778398509	0.5133330195683102	0.5499703987576972	0.5856897632857847
GSE174574	GSM5319991	MCAO	reference_singlet	Astrocyte	Pecam1	0.1098696461824952	0.1098696461824952	0.0037243947858473	0.1340782122905027	0.0479577473248798	0.1559967169112401	0.0929093953301306
GSE174574	GSM5319991	MCAO	reference_singlet	Astrocyte	Cdh5	0.0502793296089385	0.0502793296089385	0.0	0.0558659217877094	0.0127523080404148	0.0713114113583519	0.0313250890071174
GSE174574	GSM5319991	MCAO	reference_singlet	Astrocyte	Kdr	0.0186219739292365	0.0186219739292365	0.0	0.0204841713221601	3.6553667568149134e-16	0.0237593192624794	1.0865225607131905e-15
GSE174574	GSM5319991	MCAO	reference_singlet	Astrocyte	Ptprc	0.0521415270018621	0.0521415270018621	0.0	0.0521415270018621	0.0348481350916411	0.0752619067617036	0.0631771008491919
GSE174574	GSM5319991	MCAO	reference_singlet	Astrocyte	Tyrobp	0.4357541899441337	0.4357541899441337	0.0111731843575419	0.6294227188081949	0.1756029757359733	0.6651356405451376	0.338075538612597
GSE174574	GSM5319991	MCAO	reference_singlet	Astrocyte	C1qa	0.6890130353817554	0.6890130353817554	0.1191806331471135	1.3649906890130397	0.4798719971682766	1.2280582028021032	0.7669021769451474
GSE174574	GSM5319991	MCAO	reference_singlet	Astrocyte	Lyz2	0.5195530726256984	0.5195530726256984	0.0	0.8193668528864082	0.1030206902796956	0.8295774107801782	0.2459125039971699
GSE174574	GSM5319991	MCAO	reference_singlet	Astrocyte	Spp1	0.9217877094972184	0.9217877094972184	0.4227188081936681	3.0111731843575584	1.0029911985363067	2.0502707229863755	1.308623045010464
GSE174574	GSM5319991	MCAO	reference_singlet	Astrocyte	Timp3	0.4320297951582864	0.4320297951582864	0.1545623836126628	0.6834264432029816	0.576098509311269	0.6945796708106181	0.6803258716907193
GSE174574	GSM5319991	MCAO	reference_singlet	Astrocyte	Ptn	0.9180633147113708	0.9180633147113708	0.8286778398510332	6.718808193668546	6.57614699462602	2.5684075132679767	2.653865225066651
GSE174574	GSM5319991	MCAO	reference_singlet	Astrocyte	Plat	0.2830540037243945	0.2830540037243945	0.0707635009310986	0.51024208566108	0.291172323029814	0.4463220404151818	0.3675325194623816
GSE174574	GSM5319991	MCAO	reference_singlet	Astrocyte	Ptprz1	0.7635009310987035	0.7635009310987035	0.5009310986964614	1.8026070763500996	1.7984383186530069	1.462448896684593	1.5389321595537604
GSE174574	GSM5319991	MCAO	reference_singlet	Astrocyte	Lrp1	0.3873370577281188	0.3873370577281188	0.0931098696461824	0.5195530726256983	0.4867693752312707	0.5950583715174322	0.6166908023409154
GSE174574	GSM5319991	MCAO	reference_singlet	Astrocyte	Itga5	0.0353817504655493	0.0353817504655493	0.0018621973929236	0.0409683426443202	0.0224696810769602	0.041875270824997	0.0323660080017548
GSE174574	GSM5319991	MCAO	reference_singlet	Astrocyte	Itgb1	0.2029795158286776	0.2029795158286776	0.0074487895716946	0.2253258845437614	0.1374233097394588	0.2700536834163756	0.2239564675188982
GSE174574	GSM5319991	MCAO	reference_singlet	Astrocyte	Col4a1	0.0931098696461824	0.0931098696461824	0.0055865921787709	0.1117318435754189	0.0438082438857197	0.1352627082145581	0.0848319285540419
GSE174574	GSM5319991	MCAO	reference_singlet	Astrocyte	Itga3	0.0074487895716946	0.0074487895716946	0.0	0.0074487895716946	0.0029024241014475	0.009566937341355	0.0056956188454817
GSE174574	GSM5319991	MCAO	reference_singlet	Endothelial	Slc1a2	0.1757123473541377	0.1757123473541377	0.0210312075983717	0.2164179104477605	0.149882593375532	0.27279103937615	0.2361770471643036
GSE174574	GSM5319991	MCAO	reference_singlet	Endothelial	Slc1a3	0.1153324287652642	0.1153324287652642	0.010854816824966	0.1350067842605152	0.0800264054582606	0.1781477115924454	0.1408163739933456
GSE174574	GSM5319991	MCAO	reference_singlet	Endothelial	Aldh1l1	0.0047489823609226	0.0047489823609226	0.0	0.0047489823609226	0.002956856840962	0.0062847493168275	0.0049016951593006
GSE174574	GSM5319991	MCAO	reference_singlet	Endothelial	Pecam1	0.8134328358209176	0.8134328358209176	0.5074626865671626	1.86770691994576	1.8658999136644283	1.6707415697873058	1.7197150550470788
GSE174574	GSM5319991	MCAO	reference_singlet	Endothelial	Cdh5	0.6499321573948534	0.6499321573948534	0.2645861601085471	1.071234735413857	1.0698810835173762	1.1693995404260524	1.2072847604257828
GSE174574	GSM5319991	MCAO	reference_singlet	Endothelial	Kdr	0.5128900949796461	0.5128900949796461	0.1818181818181811	0.7611940298507538	0.7593400258557533	0.889397675586617	0.9179970030010762
GSE174574	GSM5319991	MCAO	reference_singlet	Endothelial	Ptprc	0.0210312075983717	0.0210312075983717	0.0	0.0223880597014925	0.0081823779119882	0.0303640934641369	0.0177009341992528
GSE174574	GSM5319991	MCAO	reference_singlet	Endothelial	Tyrobp	0.4070556309362262	0.4070556309362262	0.0088195386702849	0.5373134328358208	0.1749626197202073	0.6721959202847038	0.3718902263156878
GSE174574	GSM5319991	MCAO	reference_singlet	Endothelial	C1qa	0.669606512890106	0.669606512890106	0.1411126187245585	1.181818181818203	0.501412170683758	1.244196416348996	0.8451534379282424
GSE174574	GSM5319991	MCAO	reference_singlet	Endothelial	Lyz2	0.4999999999999979	0.4999999999999979	0.0	0.7143826322930875	6.740269458009792e-09	0.8504058614718495	2.4523209951551275e-08
GSE174574	GSM5319991	MCAO	reference_singlet	Endothelial	Spp1	0.9138398914518616	0.9138398914518616	0.402985074626864	2.7211668928087307	0.9680345503284148	2.106667915234188	1.3720444825820453
GSE174574	GSM5319991	MCAO	reference_singlet	Endothelial	Timp3	0.5447761194029864	0.5447761194029864	0.2964721845318848	1.4762550881954035	1.4577172253683788	1.129400530428557	1.1559019262313548
GSE174574	GSM5319991	MCAO	reference_singlet	Endothelial	Ptn	0.5033921302578	0.5033921302578	0.2706919945725905	1.2150610583446524	1.1446055306840264	1.0401410210964948	1.042692948485444
GSE174574	GSM5319991	MCAO	reference_singlet	Endothelial	Plat	0.7862957937585003	0.7862957937585003	0.589552238805975	3.06037991858891	3.045777237065139	1.9306819005501843	1.9757455476059556
GSE174574	GSM5319991	MCAO	reference_singlet	Endothelial	Ptprz1	0.0264586160108548	0.0264586160108548	0.0	0.0271370420624152	0.0176566528619409	0.0389521829202833	0.0323176222035076
GSE174574	GSM5319991	MCAO	reference_singlet	Endothelial	Lrp1	0.0739484396200812	0.0739484396200812	0.0013568521031207	0.075305291723202	0.052712182570403	0.1091162963641555	0.0933657327270841
GSE174574	GSM5319991	MCAO	reference_singlet	Endothelial	Itga5	0.1194029850746264	0.1194029850746264	0.0142469470827679	0.1356852103120756	0.1257464413139075	0.1684398759714424	0.1680186285075257
GSE174574	GSM5319991	MCAO	reference_singlet	Endothelial	Itgb1	0.4843962008141092	0.4843962008141092	0.1913161465400264	0.7890094979647284	0.759431794790961	0.8314561944570706	0.8447543667893065
GSE174574	GSM5319991	MCAO	reference_singlet	Endothelial	Col4a1	0.5278154681139756	0.5278154681139756	0.278833107191315	1.1546811397557792	1.1459487756270126	0.9947025506095206	1.022307232138258
GSE174574	GSM5319991	MCAO	reference_singlet	Endothelial	Itga3	0.0563093622795114	0.0563093622795114	0.0027137042062415	0.0597014925373133	0.0587085920223203	0.0752599163054183	0.0775393599687608
GSE174574	GSM5319992	MCAO	primary	Astrocyte	Slc1a2	0.9727626459143937	0.9727626459143937	0.8910505836575846	11.268482490272342	10.720674561188645	2.9878796027769265	3.019197688079217
GSE174574	GSM5319992	MCAO	primary	Astrocyte	Slc1a3	0.9474708171206194	0.9474708171206194	0.8521400778210089	9.686770428015535	9.229762726745744	2.8346579130313527	2.848264197191657
GSE174574	GSM5319992	MCAO	primary	Astrocyte	Aldh1l1	0.4591439688715939	0.4591439688715939	0.1303501945525289	0.6595330739299594	0.6185062634656125	0.6318546676914618	0.642565265596818
GSE174574	GSM5319992	MCAO	primary	Astrocyte	Pecam1	0.1595330739299607	0.1595330739299607	0.0272373540856031	0.2840466926070035	0.1448506349888889	0.2331653925931518	0.1596491850250189
GSE174574	GSM5319992	MCAO	primary	Astrocyte	Cdh5	0.1011673151750971	0.1011673151750971	0.0116731517509727	0.1420233463035019	0.0642391395417414	0.1315287557138486	0.0893265882362318
GSE174574	GSM5319992	MCAO	primary	Astrocyte	Kdr	0.0758754863813229	0.0758754863813229	0.0058365758754863	0.1108949416342411	0.0475089671147285	0.1031244303119358	0.0691448275674468
GSE174574	GSM5319992	MCAO	primary	Astrocyte	Ptprc	0.0680933852140077	0.0680933852140077	0.0058365758754863	0.0739299610894941	0.0462566036346817	0.0811172736417674	0.0709709622895168
GSE174574	GSM5319992	MCAO	primary	Astrocyte	Tyrobp	0.4377431906614772	0.4377431906614772	0.083657587548638	1.0252918287937725	0.3685616097739939	0.6931014681966823	0.4441999956348975
GSE174574	GSM5319992	MCAO	primary	Astrocyte	C1qa	0.7198443579766514	0.7198443579766514	0.2217898832684819	2.303501945525288	0.9031991341332376	1.2459302894467312	0.8530646532785509
GSE174574	GSM5319992	MCAO	primary	Astrocyte	Lyz2	0.4533073929961075	0.4533073929961075	0.0214007782101167	0.7509727626459126	0.1757282710409475	0.6491981686282681	0.2603395094349894
GSE174574	GSM5319992	MCAO	primary	Astrocyte	Spp1	0.9124513618677011	0.9124513618677011	0.4416342412451348	5.789883268482482	1.561481226104355	1.846494318354744	1.2335501998527891
GSE174574	GSM5319992	MCAO	primary	Astrocyte	Timp3	0.5544747081712045	0.5544747081712045	0.2470817120622561	1.0194552529182854	0.8519764125404679	0.8661149517368019	0.837985572443321
GSE174574	GSM5319992	MCAO	primary	Astrocyte	Ptn	0.8715953307392967	0.8715953307392967	0.7490272373540832	7.058365758754844	6.69665885809917	2.304246138639069	2.3472275986414006
GSE174574	GSM5319992	MCAO	primary	Astrocyte	Plat	0.3424124513618667	0.3424124513618667	0.1284046692607001	0.9260700389105044	0.5492080262316906	0.5708895731296483	0.4808538743044368
GSE174574	GSM5319992	MCAO	primary	Astrocyte	Ptprz1	0.7879377431906589	0.7879377431906589	0.4883268482490257	2.099221789883263	1.9713093138981064	1.4253206436559964	1.4626111886030664
GSE174574	GSM5319992	MCAO	primary	Astrocyte	Lrp1	0.4182879377431894	0.4182879377431894	0.0992217898832683	0.6031128404669246	0.51794273308379	0.5814652708370942	0.5934027572817547
GSE174574	GSM5319992	MCAO	primary	Astrocyte	Itga5	0.0700389105058365	0.0700389105058365	0.0058365758754863	0.0817120622568092	0.0531617481709552	0.0840436890145321	0.0765477444144758
GSE174574	GSM5319992	MCAO	primary	Astrocyte	Itgb1	0.2315175097276258	0.2315175097276258	0.0486381322957198	0.3346303501945519	0.2055295648487421	0.3014350867044064	0.2545201575501204
GSE174574	GSM5319992	MCAO	primary	Astrocyte	Col4a1	0.1945525291828789	0.1945525291828789	0.0214007782101167	0.2587548638132291	0.1579273121230937	0.2537374659806088	0.212583924514073
GSE174574	GSM5319992	MCAO	primary	Astrocyte	Itga3	0.0136186770428015	0.0136186770428015	0.0	0.0136186770428015	0.0066949702358213	0.012127763021603	0.0087819207848426
GSE174574	GSM5319992	MCAO	primary	Endothelial	Slc1a2	0.1932989690721644	0.1932989690721644	0.0257731958762886	0.246134020618556	0.1615661136754503	0.2836227229248748	0.2392243600906053
GSE174574	GSM5319992	MCAO	primary	Endothelial	Slc1a3	0.0985824742268039	0.0985824742268039	0.0019329896907216	0.110824742268041	0.0468427281095252	0.1317277529339759	0.082989714841524
GSE174574	GSM5319992	MCAO	primary	Endothelial	Aldh1l1	0.0096649484536082	0.0096649484536082	0.0	0.0096649484536082	0.006212960935297	0.0119269023575869	0.0096382105601729
GSE174574	GSM5319992	MCAO	primary	Endothelial	Pecam1	0.8672680412371105	0.8672680412371105	0.6005154639175239	2.3775773195876466	2.3654149339426027	1.7788501920885884	1.8259589099507096
GSE174574	GSM5319992	MCAO	primary	Endothelial	Cdh5	0.6945876288659771	0.6945876288659771	0.2873711340206177	1.1771907216494808	1.1683494628073194	1.16103728733941	1.195472319904846
GSE174574	GSM5319992	MCAO	primary	Endothelial	Kdr	0.5405927835051529	0.5405927835051529	0.1920103092783499	0.8305412371133994	0.8210245584717478	0.8795617067877232	0.9043064558583293
GSE174574	GSM5319992	MCAO	primary	Endothelial	Ptprc	0.0393041237113402	0.0393041237113402	0.0	0.0393041237113402	0.0177139857529438	0.0519291865750519	0.0330964104603758
GSE174574	GSM5319992	MCAO	primary	Endothelial	Tyrobp	0.3898195876288647	0.3898195876288647	0.0083762886597938	0.5882731958762869	0.17785700593772	0.5977228948575133	0.2884380652054318
GSE174574	GSM5319992	MCAO	primary	Endothelial	C1qa	0.6443298969072144	0.6443298969072144	0.0818298969072163	1.197809278350512	0.4163130230522194	1.1138695536169378	0.6584897478785503
GSE174574	GSM5319992	MCAO	primary	Endothelial	Lyz2	0.4059278350515451	0.4059278350515451	0.0019329896907216	0.7519329896907199	0.1879175776269858	0.6237540031214669	0.0103755911059932
GSE174574	GSM5319992	MCAO	primary	Endothelial	Spp1	0.8795103092783476	0.8795103092783476	0.0728092783505153	2.548324742268077	0.4831088581497023	1.800467084368693	0.7974167438489727
GSE174574	GSM5319992	MCAO	primary	Endothelial	Timp3	0.6050257731958744	0.6050257731958744	0.3563144329896896	1.9529639175257676	1.9098566486354245	1.2393943511858805	1.2643081093803097
GSE174574	GSM5319992	MCAO	primary	Endothelial	Ptn	0.4735824742268026	0.4735824742268026	0.2712628865979373	1.222293814432986	1.156585473566862	0.937150208875371	0.939655616290707
GSE174574	GSM5319992	MCAO	primary	Endothelial	Plat	0.8195876288659767	0.8195876288659767	0.6230670103092764	3.641752577319648	3.60903942560522	1.9559818055066376	1.9951639642235257
GSE174574	GSM5319992	MCAO	primary	Endothelial	Ptprz1	0.0476804123711339	0.0476804123711339	0.0012886597938144	0.0502577319587628	0.0340024059185055	0.0658911060917659	0.0557865109436511
GSE174574	GSM5319992	MCAO	primary	Endothelial	Lrp1	0.0682989690721648	0.0682989690721648	0.0019329896907216	0.0740979381443297	0.0493067271554346	0.0919923053520922	0.0779689106262148
GSE174574	GSM5319992	MCAO	primary	Endothelial	Itga5	0.1249999999999997	0.1249999999999997	0.0148195876288659	0.1443298969072161	0.1278426247765027	0.1605505925309787	0.158510223205401
GSE174574	GSM5319992	MCAO	primary	Endothelial	Itgb1	0.5199742268041221	0.5199742268041221	0.213273195876288	0.9207474226804094	0.8824362631363579	0.8471237228271642	0.8587554470552214
GSE174574	GSM5319992	MCAO	primary	Endothelial	Col4a1	0.6076030927835032	0.6076030927835032	0.327319587628865	1.4168814432989647	1.3904267532260677	1.1126529357988388	1.138149643242227
GSE174574	GSM5319992	MCAO	primary	Endothelial	Itga3	0.0631443298969071	0.0631443298969071	0.0057989690721649	0.0695876288659793	0.0673604970610509	0.0793950929848772	0.0810782934719365
GSE174574	GSM5319992	MCAO	reference_singlet	Astrocyte	Slc1a2	0.9949622166246808	0.9949622166246808	0.9622166246851348	12.559193954659936	12.536505152689005	3.16339575442768	3.2551625010541634
GSE174574	GSM5319992	MCAO	reference_singlet	Astrocyte	Slc1a3	0.9773299748110792	0.9773299748110792	0.9546599496221624	10.743073047858926	10.724603275704425	3.0308406876738143	3.119850293775735
GSE174574	GSM5319992	MCAO	reference_singlet	Astrocyte	Aldh1l1	0.4836272040302286	0.4836272040302286	0.1511335012594457	0.7229219143576824	0.7199833322273099	0.6669180376283369	0.7038616553910538
GSE174574	GSM5319992	MCAO	reference_singlet	Astrocyte	Pecam1	0.0957178841309823	0.0957178841309823	0.0	0.1158690176322417	0.0350700965283174	0.1152612267069012	0.0559641737941117
GSE174574	GSM5319992	MCAO	reference_singlet	Astrocyte	Cdh5	0.052896725440806	0.052896725440806	0.0	0.0654911838790932	0.0151382090290092	0.0624674426014444	0.0249201898750851
GSE174574	GSM5319992	MCAO	reference_singlet	Astrocyte	Kdr	0.0403022670025188	0.0403022670025188	0.0	0.0453400503778337	0.0199405707731705	0.0488627530282392	0.031134967884328
GSE174574	GSM5319992	MCAO	reference_singlet	Astrocyte	Ptprc	0.0579345088161209	0.0579345088161209	0.0025188916876574	0.0604534005037783	0.0410765078280922	0.0656820496815026	0.0541209851479397
GSE174574	GSM5319992	MCAO	reference_singlet	Astrocyte	Tyrobp	0.4130982367758198	0.4130982367758198	0.0604534005037783	0.6423173803526452	0.2589809189573588	0.591047266898069	0.3688466557273975
GSE174574	GSM5319992	MCAO	reference_singlet	Astrocyte	C1qa	0.6977329974811078	0.6977329974811078	0.2292191435768259	1.4811083123425728	0.6517388412822431	1.1123241494648948	0.7808771471933453
GSE174574	GSM5319992	MCAO	reference_singlet	Astrocyte	Lyz2	0.4483627204030242	0.4483627204030242	0.0201511335012594	0.6523929471032751	0.1504847061287245	0.6118497901596177	0.2467534596547038
GSE174574	GSM5319992	MCAO	reference_singlet	Astrocyte	Spp1	0.9093198992443292	0.9093198992443292	0.4987405541561733	5.3879093198992205	1.241041763382497	1.782921341296513	1.2258729877112735
GSE174574	GSM5319992	MCAO	reference_singlet	Astrocyte	Timp3	0.5566750629722935	0.5566750629722935	0.2367758186397982	0.9773299748110827	0.863370501425995	0.8389189243825113	0.8266444807968835
GSE174574	GSM5319992	MCAO	reference_singlet	Astrocyte	Ptn	0.9118387909319868	0.9118387909319868	0.818639798488663	7.740554156171273	7.620151366117745	2.481261403967374	2.545267770366052
GSE174574	GSM5319992	MCAO	reference_singlet	Astrocyte	Plat	0.2770780856423173	0.2770780856423173	0.0906801007556674	0.566750629722922	0.3198197476654738	0.4098711510905267	0.3365399073631863
GSE174574	GSM5319992	MCAO	reference_singlet	Astrocyte	Ptprz1	0.83123425692695	0.83123425692695	0.5717884130982379	2.2695214105793484	2.2647758811493555	1.5252760991502334	1.5898579387418188
GSE174574	GSM5319992	MCAO	reference_singlet	Astrocyte	Lrp1	0.4231738035264497	0.4231738035264497	0.105793450881612	0.5869017632241819	0.5548381416731745	0.5836687399913878	0.5962451701708942
GSE174574	GSM5319992	MCAO	reference_singlet	Astrocyte	Itga5	0.0654911838790932	0.0654911838790932	0.0050377833753148	0.0780856423173803	0.0514445604099666	0.0796858962007633	0.0703459017680811
GSE174574	GSM5319992	MCAO	reference_singlet	Astrocyte	Itgb1	0.1763224181360199	0.1763224181360199	0.0327455919395465	0.2241813602015111	0.1464924538105715	0.2137989283425315	0.1749445039964191
GSE174574	GSM5319992	MCAO	reference_singlet	Astrocyte	Col4a1	0.141057934508816	0.141057934508816	0.0100755667506297	0.158690176322418	0.1043664208132178	0.1688288731892275	0.1375928227529106
GSE174574	GSM5319992	MCAO	reference_singlet	Astrocyte	Itga3	0.0151133501259445	0.0151133501259445	0.0	0.0151133501259445	0.0083906327955669	0.0145984253917077	0.0109730893473034
GSE174574	GSM5319992	MCAO	reference_singlet	Endothelial	Slc1a2	0.1913439635535311	0.1913439635535311	0.0258162490508732	0.2452543659832957	0.1637910408354082	0.2778467168551612	0.2350698334918441
GSE174574	GSM5319992	MCAO	reference_singlet	Endothelial	Slc1a3	0.0994684889901289	0.0994684889901289	0.0022779043280182	0.1116173120728927	0.0486278604504233	0.1326703617081231	0.0841362732732238
GSE174574	GSM5319992	MCAO	reference_singlet	Endothelial	Aldh1l1	0.0106302201974183	0.0106302201974183	0.0	0.0106302201974183	0.0068674281554631	0.0126775717422398	0.0102446239279292
GSE174574	GSM5319992	MCAO	reference_singlet	Endothelial	Pecam1	0.8709187547456464	0.8709187547456464	0.6112376613515565	2.4153378891420005	2.412590238434668	1.7833145430879895	1.8327631601898853
GSE174574	GSM5319992	MCAO	reference_singlet	Endothelial	Cdh5	0.708428246013672	0.708428246013672	0.298405466970387	1.203492786636305	1.2022928553682315	1.182890334298876	1.2196672387435197
GSE174574	GSM5319992	MCAO	reference_singlet	Endothelial	Kdr	0.5353075170842788	0.5353075170842788	0.2042520880789678	0.8397873955960524	0.8379347834855976	0.8720295896469467	0.8987537112249901
GSE174574	GSM5319992	MCAO	reference_singlet	Endothelial	Ptprc	0.0356871678056188	0.0356871678056188	0.0	0.0356871678056188	0.0160108893498946	0.0477090793065453	0.0301614218840345
GSE174574	GSM5319992	MCAO	reference_singlet	Endothelial	Tyrobp	0.3925588458618045	0.3925588458618045	0.0060744115413819	0.5231586940015166	0.1447753372339317	0.5889621593634538	0.2805045742316588
GSE174574	GSM5319992	MCAO	reference_singlet	Endothelial	C1qa	0.6537585421412321	0.6537585421412321	0.0858010630220196	1.176917236142757	0.4086258081165347	1.1264198309700373	0.66920525478544
GSE174574	GSM5319992	MCAO	reference_singlet	Endothelial	Lyz2	0.4168564920273316	0.4168564920273316	0.0	0.5763097949886102	2.917715384246008e-16	0.6351395983902604	8.717503213107976e-16
GSE174574	GSM5319992	MCAO	reference_singlet	Endothelial	Spp1	0.8800303720577197	0.8800303720577197	0.0744115413819286	2.491268033409272	0.4581733777241846	1.790899703338669	0.7943228172981229
GSE174574	GSM5319992	MCAO	reference_singlet	Endothelial	Timp3	0.609719058466211	0.609719058466211	0.366742596810932	1.952923310554306	1.928113855615444	1.2501494909736135	1.2772351397402188
GSE174574	GSM5319992	MCAO	reference_singlet	Endothelial	Ptn	0.5026575550493494	0.5026575550493494	0.3029612756264234	1.3257403189066146	1.257060056547092	1.003909926903228	1.0072702528882267
GSE174574	GSM5319992	MCAO	reference_singlet	Endothelial	Plat	0.8481397114654631	0.8481397114654631	0.6598329536826143	3.854214123006833	3.837736807849893	2.037915643594248	2.0834924838849296
GSE174574	GSM5319992	MCAO	reference_singlet	Endothelial	Ptprz1	0.0493545937737282	0.0493545937737282	0.0007593014426727	0.0508731966590737	0.0352995289742308	0.0670164573357103	0.0570946737075171
GSE174574	GSM5319992	MCAO	reference_singlet	Endothelial	Lrp1	0.0683371298405467	0.0683371298405467	0.0022779043280182	0.0751708428246013	0.0500533345345666	0.0930261151631536	0.0780848047702075
GSE174574	GSM5319992	MCAO	reference_singlet	Endothelial	Itga5	0.11921032649962	0.11921032649962	0.0136674259681093	0.1351556567957478	0.1222977300430753	0.1507726697067645	0.1486217280653729
GSE174574	GSM5319992	MCAO	reference_singlet	Endothelial	Itgb1	0.520880789673496	0.520880789673496	0.2148823082763863	0.9179954441913466	0.8855872107958407	0.8427894382334169	0.8553054071341447
GSE174574	GSM5319992	MCAO	reference_singlet	Endothelial	Col4a1	0.6006074411541377	0.6006074411541377	0.3181473044798778	1.3902809415338002	1.3779350801340386	1.084915180576201	1.1136235718583154
GSE174574	GSM5319992	MCAO	reference_singlet	Endothelial	Itga3	0.0615034168564921	0.0615034168564921	0.0060744115413819	0.067577828397874	0.0666550966862891	0.0764113703202121	0.0785884584617548
GSE245386	GSM7841720	Sham	primary	Astrocyte	Slc1a2	0.9585561497326238	0.9585561497326238	0.7179144385026763	41.26203208556146	38.99052085309268	3.815720754107191	3.4804970313265104
GSE245386	GSM7841720	Sham	primary	Astrocyte	Slc1a3	0.8930481283422492	0.8930481283422492	0.6590909090909114	15.192513368983953	14.385565523918489	2.8106055132073897	2.864629358109916
GSE245386	GSM7841720	Sham	primary	Astrocyte	Aldh1l1	0.3529411764705893	0.3529411764705893	0.1684491978609629	0.7780748663101624	0.7096181016956141	0.4941989698358635	0.4764619868089946
GSE245386	GSM7841720	Sham	primary	Astrocyte	Pecam1	0.1564171122994655	0.1564171122994655	0.0147058823529411	0.236631016042781	0.0503959560269776	0.2606788211248137	0.0917395661414962
GSE245386	GSM7841720	Sham	primary	Astrocyte	Cdh5	0.0735294117647058	0.0735294117647058	0.0026737967914438	0.0949197860962567	0.0222064861925055	0.1121490175695217	0.0476484414658106
GSE245386	GSM7841720	Sham	primary	Astrocyte	Kdr	0.0748663101604278	0.0748663101604278	0.0066844919786096	0.0949197860962567	0.0266571040758311	0.1248446377788396	0.045459956578703
GSE245386	GSM7841720	Sham	primary	Astrocyte	Ptprc	0.3729946524064182	0.3729946524064182	0.0775401069518716	1.148395721925133	0.5388386703792734	0.8037717646886632	0.3413792464072285
GSE245386	GSM7841720	Sham	primary	Astrocyte	Tyrobp	0.454545454545456	0.454545454545456	0.0721925133689839	0.931818181818184	0.3268496241041322	0.8478121480481058	0.3912862331663491
GSE245386	GSM7841720	Sham	primary	Astrocyte	C1qa	0.7379679144385053	0.7379679144385053	0.1029411764705883	2.973262032085549	1.0112903650647518	1.6910450263806085	0.4564805669415319
GSE245386	GSM7841720	Sham	primary	Astrocyte	Lyz2	0.1617647058823532	0.1617647058823532	0.0040106951871657	0.3235294117647064	0.0252077451296393	0.2981582320364087	0.0615380867830513
GSE245386	GSM7841720	Sham	primary	Astrocyte	Spp1	0.0066844919786096	0.0066844919786096	0.0	0.0066844919786096	0.0004822452316078	0.0113847617445215	0.0024889561090136
GSE245386	GSM7841720	Sham	primary	Astrocyte	Timp3	0.5334224598930499	0.5334224598930499	0.2887700534759366	1.671122994652401	1.4520136529503958	0.9213266941112164	0.8959273541722523
GSE245386	GSM7841720	Sham	primary	Astrocyte	Ptn	0.8475935828877036	0.8475935828877036	0.608288770053478	10.558823529411749	9.336299963734328	2.489741306790695	2.417348292341558
GSE245386	GSM7841720	Sham	primary	Astrocyte	Plat	0.1724598930481287	0.1724598930481287	0.0200534759358288	0.2540106951871662	0.1077417541725591	0.2584103842593517	0.1593254351305582
GSE245386	GSM7841720	Sham	primary	Astrocyte	Ptprz1	0.7807486631016071	0.7807486631016071	0.5347593582887719	8.946524064171104	8.483629651132679	2.134154348248559	2.069316642948435
GSE245386	GSM7841720	Sham	primary	Astrocyte	Lrp1	0.4064171122994665	0.4064171122994665	0.1844919786096261	0.8221925133689862	0.7271944127727445	0.5633235976860621	0.57308084962166
GSE245386	GSM7841720	Sham	primary	Astrocyte	Itga5	0.0307486631016042	0.0307486631016042	0.0	0.0334224598930481	0.0112394513729618	0.0411613172369665	0.02569115946397
GSE245386	GSM7841720	Sham	primary	Astrocyte	Itgb1	0.3128342245989314	0.3128342245989314	0.0775401069518716	0.5467914438502687	0.2939491135276739	0.4489124648452151	0.3682193457146772
GSE245386	GSM7841720	Sham	primary	Astrocyte	Col4a1	0.1229946524064173	0.1229946524064173	0.017379679144385	0.1510695187165777	0.0841148415006115	0.1560371320571391	0.112526726994415
GSE245386	GSM7841720	Sham	primary	Astrocyte	Itga3	0.017379679144385	0.017379679144385	0.0	0.017379679144385	0.0127524458885888	0.0174043585741935	0.0173151534765114
GSE245386	GSM7841720	Sham	primary	Endothelial	Slc1a2	0.165474974463738	0.165474974463738	0.0	0.2870275791624103	0.0001747376543196	0.2039580102259915	0.0026459054317956
GSE245386	GSM7841720	Sham	primary	Endothelial	Slc1a3	0.110827374872319	0.110827374872319	0.0030643513789581	0.1624106230847803	0.0070854938336774	0.1197940863021206	0.012849134474031
GSE245386	GSM7841720	Sham	primary	Endothelial	Aldh1l1	0.0056179775280898	0.0056179775280898	0.0	0.0076608784473953	0.0021455882680851	0.0042687495095774	0.0016724583701252
GSE245386	GSM7841720	Sham	primary	Endothelial	Pecam1	0.9177732379979308	0.9177732379979308	0.7696629213482996	8.148110316649623	8.030073923286423	2.1242362090870217	2.173243376978244
GSE245386	GSM7841720	Sham	primary	Endothelial	Cdh5	0.8237997957098889	0.8237997957098889	0.5909090909090896	3.3268641470888505	3.2597992036912675	1.4184809203215447	1.4527250794354227
GSE245386	GSM7841720	Sham	primary	Endothelial	Kdr	0.7696629213482996	0.7696629213482996	0.5413687436159371	3.1593462717058083	3.107956711549759	1.3019581550199444	1.330474941208669
GSE245386	GSM7841720	Sham	primary	Endothelial	Ptprc	0.2691521961184865	0.2691521961184865	0.0219611848825331	0.9974463738508644	0.3285166882570711	0.3938473372962372	0.0891391505939014
GSE245386	GSM7841720	Sham	primary	Endothelial	Tyrobp	0.3646578140960176	0.3646578140960176	0.0158324821246169	0.7170582226761976	0.1139967471827224	0.468484256727023	0.0559976478446987
GSE245386	GSM7841720	Sham	primary	Endothelial	C1qa	0.6807967313585209	0.6807967313585209	0.027579162410623	2.26710929519918	0.4398702833189843	1.0637039450174306	0.1069299133532429
GSE245386	GSM7841720	Sham	primary	Endothelial	Lyz2	0.1215526046986725	0.1215526046986725	0.001532175689479	0.2109295199182836	0.0226974122981571	0.1354368575056155	0.011399369028657
GSE245386	GSM7841720	Sham	primary	Endothelial	Spp1	0.0112359550561797	0.0112359550561797	0.0	0.0112359550561797	0.00504025111888	0.0104519071487088	0.0059648249184445
GSE245386	GSM7841720	Sham	primary	Endothelial	Timp3	0.6756894790602578	0.6756894790602578	0.4841675178753882	4.453013278855956	4.37948782514554	1.2199877108836896	1.2493454186173854
GSE245386	GSM7841720	Sham	primary	Endothelial	Ptn	0.8585291113380783	0.8585291113380783	0.7211440245147998	7.90296220633298	7.48107372141152	1.988321925361202	1.9812533916548536
GSE245386	GSM7841720	Sham	primary	Endothelial	Plat	0.7339121552604576	0.7339121552604576	0.5612870275791634	4.641981613891716	4.562924584722385	1.379884182971039	1.4083532794585694
GSE245386	GSM7841720	Sham	primary	Endothelial	Ptprz1	0.0561797752808989	0.0561797752808989	0.0005107252298263	0.0704800817160368	0.0009137935491511	0.0556007787958791	0.0017296719090143
GSE245386	GSM7841720	Sham	primary	Endothelial	Lrp1	0.0709908069458633	0.0709908069458633	0.0051072522982635	0.0934627170582228	0.0199890294598072	0.074813333484466	0.0176086899249392
GSE245386	GSM7841720	Sham	primary	Endothelial	Itga5	0.2017364657814083	0.2017364657814083	0.0658835546475997	0.3207354443309495	0.2954271218928855	0.1909800037839029	0.1928254819380094
GSE245386	GSM7841720	Sham	primary	Endothelial	Itgb1	0.7477017364657681	0.7477017364657681	0.552604698672116	2.796220633299276	2.6601154505636404	1.2033922681395202	1.224635600305666
GSE245386	GSM7841720	Sham	primary	Endothelial	Col4a1	0.7042900919305314	0.7042900919305314	0.4816138917262563	2.562308478038805	2.512394113624681	1.087229558382975	1.1179747454463298
GSE245386	GSM7841720	Sham	primary	Endothelial	Itga3	0.0750766087844741	0.0750766087844741	0.0097037793667007	0.0858018386108275	0.0828814150948912	0.0612889419829958	0.0628937880892754
GSE245386	GSM7841720	Sham	reference_singlet	Astrocyte	Slc1a2	1.0000000000000009	1.0000000000000009	0.9950495049504958	68.26237623762374	68.25101975997174	4.403708602215575	4.671509217820695
GSE245386	GSM7841720	Sham	reference_singlet	Astrocyte	Slc1a3	0.9777227722772284	0.9777227722772284	0.8960396039603967	24.549504950495034	24.477460160029647	3.3216266210060352	3.558484267540563
GSE245386	GSM7841720	Sham	reference_singlet	Astrocyte	Aldh1l1	0.4950495049504954	0.4950495049504954	0.3019801980198022	1.2425742574257437	1.2413997593239523	0.6502207754760009	0.7088633979769792
GSE245386	GSM7841720	Sham	reference_singlet	Astrocyte	Pecam1	0.103960396039604	0.103960396039604	0.0	0.1782178217821783	3.3193155725488864e-07	0.1374116929586381	5.646005837094391e-07
GSE245386	GSM7841720	Sham	reference_singlet	Astrocyte	Cdh5	0.0643564356435643	0.0643564356435643	0.0	0.0792079207920792	0.0130927325994998	0.0708532559437006	0.0161792814738994
GSE245386	GSM7841720	Sham	reference_singlet	Astrocyte	Kdr	0.0396039603960396	0.0396039603960396	0.0	0.0445544554455445	1.7749313384833507e-16	0.0473841800217318	2.73194857939727e-16
GSE245386	GSM7841720	Sham	reference_singlet	Astrocyte	Ptprc	0.2252475247524754	0.2252475247524754	0.0	0.477722772277228	4.3864832346025967e-17	0.3499167443582547	9.574801284562822e-17
GSE245386	GSM7841720	Sham	reference_singlet	Astrocyte	Tyrobp	0.373762376237624	0.373762376237624	0.0346534653465346	0.6732673267326738	0.1562847762738861	0.5266378880872151	0.1858620014061714
GSE245386	GSM7841720	Sham	reference_singlet	Astrocyte	C1qa	0.6881188118811886	0.6881188118811886	0.0	2.150990099009899	0.0267587501893336	1.2046892096711026	0.0393831936273413
GSE245386	GSM7841720	Sham	reference_singlet	Astrocyte	Lyz2	0.1386138613861386	0.1386138613861386	0.0	0.2772277227722773	0.0224134410108467	0.2226639202600291	0.0424978964983404
GSE245386	GSM7841720	Sham	reference_singlet	Astrocyte	Spp1	0.0049504950495049	0.0049504950495049	0.0	0.0049504950495049	1.1784409540999917e-17	0.0075645679318817	7.948697300028225e-17
GSE245386	GSM7841720	Sham	reference_singlet	Astrocyte	Timp3	0.6831683168316837	0.6831683168316837	0.4678217821782182	2.601485148514845	2.462266769741371	1.1264311254570014	1.1835176473562694
GSE245386	GSM7841720	Sham	reference_singlet	Astrocyte	Ptn	0.9356435643564364	0.9356435643564364	0.8465346534653472	16.59653465346533	16.001687010669354	2.8437678373734627	3.006189672045772
GSE245386	GSM7841720	Sham	reference_singlet	Astrocyte	Plat	0.155940594059406	0.155940594059406	0.0099009900990099	0.1930693069306931	0.0810502527213793	0.1614562158830786	0.0883421790054771
GSE245386	GSM7841720	Sham	reference_singlet	Astrocyte	Ptprz1	0.9306930693069314	0.9306930693069314	0.8341584158415848	14.49504950495048	14.47307889108076	2.7123567740045584	2.928177024948572
GSE245386	GSM7841720	Sham	reference_singlet	Astrocyte	Lrp1	0.5643564356435647	0.5643564356435647	0.3044554455445546	1.2673267326732682	1.1963390069998745	0.7153044170482592	0.746308198376606
GSE245386	GSM7841720	Sham	reference_singlet	Astrocyte	Itga5	0.0321782178217821	0.0321782178217821	0.0	0.0371287128712871	0.0116903946784987	0.0305748854173801	0.0122815914071435
GSE245386	GSM7841720	Sham	reference_singlet	Astrocyte	Itgb1	0.3316831683168319	0.3316831683168319	0.0965346534653465	0.5668316831683172	0.3382813681105938	0.3820308041259673	0.2987483693981404
GSE245386	GSM7841720	Sham	reference_singlet	Astrocyte	Col4a1	0.1336633663366337	0.1336633663366337	0.0247524752475247	0.1658415841584159	0.1099109736782863	0.1264528261231641	0.0955723995913063
GSE245386	GSM7841720	Sham	reference_singlet	Astrocyte	Itga3	0.0247524752475247	0.0247524752475247	0.0	0.0247524752475247	0.0204736465669892	0.0208115865953116	0.0202643569767853
GSE245386	GSM7841720	Sham	reference_singlet	Endothelial	Slc1a2	0.1664719626168221	0.1664719626168221	0.0	0.2844626168224292	9.61984994772007e-06	0.1872032368834482	1.4577336079992022e-05
GSE245386	GSM7841720	Sham	reference_singlet	Endothelial	Slc1a3	0.1051401869158873	0.1051401869158873	0.0	0.1512850467289716	4.487603111550158e-09	0.1023053965756898	5.740858983319148e-09
GSE245386	GSM7841720	Sham	reference_singlet	Endothelial	Aldh1l1	0.0064252336448598	0.0064252336448598	0.0	0.0087616822429906	0.0024538912552048	0.004882132908734	0.0019127765705053
GSE245386	GSM7841720	Sham	reference_singlet	Endothelial	Pecam1	0.9433411214953032	0.9433411214953032	0.8428738317756806	9.001168224299123	8.99317550613421	2.1804499549091187	2.2557437899348014
GSE245386	GSM7841720	Sham	reference_singlet	Endothelial	Cdh5	0.8650700934579229	0.8650700934579229	0.6588785046728834	3.640771028037329	3.640079340080904	1.465543503006419	1.5274923380622796
GSE245386	GSM7841720	Sham	reference_singlet	Endothelial	Kdr	0.8014018691588597	0.8014018691588597	0.6016355140186799	3.4310747663550987	3.4297217689033883	1.323348796540836	1.3768777832876162
GSE245386	GSM7841720	Sham	reference_singlet	Endothelial	Ptprc	0.24123831775701	0.24123831775701	0.0	0.6980140186915853	8.418287336879529e-17	0.2886982149000184	1.12301503530123e-16
GSE245386	GSM7841720	Sham	reference_singlet	Endothelial	Tyrobp	0.3528037383177541	0.3528037383177541	0.0	0.6267523364485934	0.0001100999287804	0.4005618789121534	0.0001557563706425
GSE245386	GSM7841720	Sham	reference_singlet	Endothelial	C1qa	0.6740654205607334	0.6740654205607334	0.0	1.8796728971962384	3.657372091202459e-09	0.922282448805036	4.996164055477141e-09
GSE245386	GSM7841720	Sham	reference_singlet	Endothelial	Lyz2	0.1179906542056068	0.1179906542056068	0.0	0.195093457943925	0.0004565870396721	0.118666268052931	0.000591468363038
GSE245386	GSM7841720	Sham	reference_singlet	Endothelial	Spp1	0.0116822429906542	0.0116822429906542	0.0	0.0116822429906542	0.0054496088184807	0.0102043584138951	0.0059269437920637
GSE245386	GSM7841720	Sham	reference_singlet	Endothelial	Timp3	0.7202102803738158	0.7202102803738158	0.5344626168224206	4.927570093457937	4.8934978253180565	1.2798018963905082	1.3224566863263882
GSE245386	GSM7841720	Sham	reference_singlet	Endothelial	Ptn	0.8820093457943708	0.8820093457943708	0.7885514018691405	8.743574766355191	8.418232177812623	2.0402439762521536	2.070937181106401
GSE245386	GSM7841720	Sham	reference_singlet	Endothelial	Plat	0.7797897196261502	0.7797897196261502	0.6203271028037259	5.16296728971964	5.14105047218168	1.454137495511019	1.5041526505873823
GSE245386	GSM7841720	Sham	reference_singlet	Endothelial	Ptprz1	0.0566588785046729	0.0566588785046729	0.0	0.0706775700934579	5.870281021408948e-05	0.0504615945894363	6.328564870751536e-05
GSE245386	GSM7841720	Sham	reference_singlet	Endothelial	Lrp1	0.0589953271028037	0.0589953271028037	0.0	0.0718457943925233	1.1561972883865795e-11	0.0544682915643607	1.6910963778230623e-11
GSE245386	GSM7841720	Sham	reference_singlet	Endothelial	Itga5	0.218457943925234	0.218457943925234	0.0735981308411213	0.3504672897196252	0.3260976885620952	0.2011309051327543	0.2019705518943345
GSE245386	GSM7841720	Sham	reference_singlet	Endothelial	Itgb1	0.8002336448597943	0.8002336448597943	0.6080607476635395	3.078271028037338	2.963040374585281	1.2716234529983188	1.295660474019176
GSE245386	GSM7841720	Sham	reference_singlet	Endothelial	Col4a1	0.7605140186915714	0.7605140186915714	0.535630841121486	2.820677570093421	2.800770158129445	1.1547837715322544	1.1976680264847936
GSE245386	GSM7841720	Sham	reference_singlet	Endothelial	Itga3	0.0829439252336446	0.0829439252336446	0.0110981308411214	0.0952102803738314	0.0936622403454285	0.0660999746328274	0.0689242832924365
GSE245386	GSM7841721	Sham	primary	Astrocyte	Slc1a2	0.9906890130353954	0.9906890130353954	0.9292364990689131	69.07262569832413	66.39613827075284	4.258530840582885	4.27548717366599
GSE245386	GSM7841721	Sham	primary	Astrocyte	Slc1a3	0.9273743016759894	0.9273743016759894	0.8603351955307361	24.135940409683418	23.57560785302541	3.068453157854649	3.1712254917442104
GSE245386	GSM7841721	Sham	primary	Astrocyte	Aldh1l1	0.5400372439478591	0.5400372439478591	0.2774674115456236	1.1675977653631326	1.1187428130200054	0.6717170163788183	0.7062299910248998
GSE245386	GSM7841721	Sham	primary	Astrocyte	Pecam1	0.1061452513966479	0.1061452513966479	0.0037243947858473	0.1396648044692736	0.0139240731987014	0.0940255542880886	0.0142302989687046
GSE245386	GSM7841721	Sham	primary	Astrocyte	Cdh5	0.0502793296089385	0.0502793296089385	0.0	0.0651769087523277	0.002064197268675	0.0381165306898511	0.0017773408965373
GSE245386	GSM7841721	Sham	primary	Astrocyte	Kdr	0.0446927374301675	0.0446927374301675	0.0018621973929236	0.0670391061452513	0.0093727937043342	0.0429389305341166	0.0100547545249094
GSE245386	GSM7841721	Sham	primary	Astrocyte	Ptprc	0.2234636871508378	0.2234636871508378	0.0297951582867784	0.9031657355679727	0.6043229326347437	0.2622703834754524	0.0914898956657517
GSE245386	GSM7841721	Sham	primary	Astrocyte	Tyrobp	0.3296089385474857	0.3296089385474857	0.0279329608938547	0.7709497206703938	0.3007822140117299	0.431992616999558	0.0749332089485119
GSE245386	GSM7841721	Sham	primary	Astrocyte	C1qa	0.6405959031657391	0.6405959031657391	0.031657355679702	2.567970204841724	1.088818185653814	0.9343714641699884	0.1232047319560599
GSE245386	GSM7841721	Sham	primary	Astrocyte	Lyz2	0.1042830540037243	0.1042830540037243	0.0037243947858473	0.1545623836126628	0.0091907197591938	0.1018102722890156	0.0065665780338416
GSE245386	GSM7841721	Sham	primary	Astrocyte	Spp1	0.0037243947858473	0.0037243947858473	0.0	0.0037243947858473	7.306332619844418e-14	0.0053978897203642	1.3979488868282692e-13
GSE245386	GSM7841721	Sham	primary	Astrocyte	Timp3	0.6927374301676028	0.6927374301676028	0.4823091247672249	2.703910614525146	2.45934125552003	1.0990422311479802	1.093100626986671
GSE245386	GSM7841721	Sham	primary	Astrocyte	Ptn	0.9404096834264554	0.9404096834264554	0.8249534450651858	17.40968342644322	16.574646001078822	2.8009835703420847	2.835894089145425
GSE245386	GSM7841721	Sham	primary	Astrocyte	Plat	0.1675977653631283	0.1675977653631283	0.0223463687150838	0.2364990689013033	0.1161513560470307	0.1478500547888143	0.095164575247172
GSE245386	GSM7841721	Sham	primary	Astrocyte	Ptprz1	0.8919925512104391	0.8919925512104391	0.785847299813788	16.625698324022355	16.08656744433482	2.671736809631489	2.7137009518983928
GSE245386	GSM7841721	Sham	primary	Astrocyte	Lrp1	0.6014897579143413	0.6014897579143413	0.3668528864059587	1.4078212290502832	1.3065922060712236	0.7419450837687241	0.7575266743883576
GSE245386	GSM7841721	Sham	primary	Astrocyte	Itga5	0.0540037243947858	0.0540037243947858	0.0	0.0540037243947858	0.0310573371127793	0.0359538472077633	0.0263712612030271
GSE245386	GSM7841721	Sham	primary	Astrocyte	Itgb1	0.4283054003724391	0.4283054003724391	0.1620111731843574	0.757914338919928	0.5502942680592446	0.4422822504426624	0.3903257320966152
GSE245386	GSM7841721	Sham	primary	Astrocyte	Col4a1	0.1489757914338919	0.1489757914338919	0.0279329608938547	0.1973929236499067	0.1291956745137774	0.1192485380116221	0.0957140597077146
GSE245386	GSM7841721	Sham	primary	Astrocyte	Itga3	0.0186219739292365	0.0186219739292365	0.0018621973929236	0.0204841713221601	0.0169645562142137	0.0121638811018349	0.0114813932051708
GSE245386	GSM7841721	Sham	primary	Endothelial	Slc1a2	0.2016129032258074	0.2016129032258074	0.0	0.2698924731182809	4.660200400925171e-05	0.1912429784384057	0.0009410336116007
GSE245386	GSM7841721	Sham	primary	Endothelial	Slc1a3	0.1354838709677416	0.1354838709677416	0.0026881720430107	0.174731182795699	0.0063881900151555	0.1189634747413582	0.0053607463278168
GSE245386	GSM7841721	Sham	primary	Endothelial	Aldh1l1	0.0048387096774193	0.0048387096774193	0.0	0.0048387096774193	1.686055733362482e-08	0.0032072345425433	1.6415270967867877e-08
GSE245386	GSM7841721	Sham	primary	Endothelial	Pecam1	0.9478494623655608	0.9478494623655608	0.8381720430107312	7.769354838709717	7.604441311578795	2.0882254111322585	2.122571234555449
GSE245386	GSM7841721	Sham	primary	Endothelial	Cdh5	0.872580645161266	0.872580645161266	0.6655913978494553	3.587096774193518	3.526097431812939	1.4554554875058674	1.4832837493710591
GSE245386	GSM7841721	Sham	primary	Endothelial	Kdr	0.8672043010752449	0.8672043010752449	0.6736559139784869	4.127956989247287	4.0426238839926345	1.5307885552476967	1.5556238711725172
GSE245386	GSM7841721	Sham	primary	Endothelial	Ptprc	0.2629032258064537	0.2629032258064537	0.0166666666666666	0.8204301075268792	0.357147327532578	0.2792840745533667	0.0503636826501162
GSE245386	GSM7841721	Sham	primary	Endothelial	Tyrobp	0.3413978494623693	0.3413978494623693	0.0155913978494623	0.7005376344086004	0.161570472908548	0.3626600840206656	0.0355086383763778
GSE245386	GSM7841721	Sham	primary	Endothelial	C1qa	0.65913978494623	0.65913978494623	0.0155913978494623	2.2607526881720124	0.6095197519021618	0.8661078256693265	0.0536450301286515
GSE245386	GSM7841721	Sham	primary	Endothelial	Lyz2	0.1225806451612897	0.1225806451612897	0.0016129032258064	0.209677419354839	0.0166215099539404	0.1125676828404693	0.0060637239375256
GSE245386	GSM7841721	Sham	primary	Endothelial	Spp1	0.0069892473118279	0.0069892473118279	0.0	0.0069892473118279	0.0026130387178698	0.0070631680861826	0.0038634859186885
GSE245386	GSM7841721	Sham	primary	Endothelial	Timp3	0.7639784946236406	0.7639784946236406	0.5779569892473121	6.584946236559175	6.48051205045477	1.462349007618993	1.4844208164072126
GSE245386	GSM7841721	Sham	primary	Endothelial	Ptn	0.8946236559139523	0.8946236559139523	0.7779569892472954	8.976344086021543	8.562747719885301	2.057249722735288	2.0589279735174566
GSE245386	GSM7841721	Sham	primary	Endothelial	Plat	0.7763440860214891	0.7763440860214891	0.5999999999999984	5.813978494623675	5.665903947273393	1.466673527308784	1.4851594371907195
GSE245386	GSM7841721	Sham	primary	Endothelial	Ptprz1	0.0510752688172041	0.0510752688172041	0.0	0.0548387096774192	5.481854706460911e-14	0.0437799710015126	7.548608839156026e-14
GSE245386	GSM7841721	Sham	primary	Endothelial	Lrp1	0.0655913978494621	0.0655913978494621	0.0096774193548387	0.0967741935483869	0.0320526400034702	0.0564457614062573	0.0136115494593699
GSE245386	GSM7841721	Sham	primary	Endothelial	Itga5	0.1962365591397858	0.1962365591397858	0.0618279569892471	0.299462365591399	0.2721766991820157	0.1739924294235081	0.1733388844737676
GSE245386	GSM7841721	Sham	primary	Endothelial	Itgb1	0.837096774193527	0.837096774193527	0.6344086021505332	3.3698924731182536	3.2215956594159163	1.3541914812875286	1.371213243429496
GSE245386	GSM7841721	Sham	primary	Endothelial	Col4a1	0.8026881720429923	0.8026881720429923	0.6043010752688153	3.1704301075268484	3.1137468007523874	1.2719844530277715	1.2989821678553526
GSE245386	GSM7841721	Sham	primary	Endothelial	Itga3	0.0956989247311824	0.0956989247311824	0.0129032258064516	0.1112903225806447	0.1086766609249167	0.0791723904275891	0.081858605714158
GSE245386	GSM7841721	Sham	reference_singlet	Astrocyte	Slc1a2	0.9977426636568796	0.9977426636568796	0.9887133182844192	77.67945823927764	77.67306052795924	4.373992145381641	4.51239986154741
GSE245386	GSM7841721	Sham	reference_singlet	Astrocyte	Slc1a3	0.9548532731376927	0.9548532731376927	0.911963882618506	27.426636568848743	27.363029925148048	3.2099180885795016	3.3228264381246726
GSE245386	GSM7841721	Sham	reference_singlet	Astrocyte	Aldh1l1	0.5733634311512424	0.5733634311512424	0.3205417607223478	1.2821670428893883	1.2809910200453898	0.6897296948125954	0.7380482171174743
GSE245386	GSM7841721	Sham	reference_singlet	Astrocyte	Pecam1	0.0970654627539502	0.0970654627539502	0.0	0.1038374717832956	6.828841601366423e-05	0.0795289263004255	8.029236073007782e-05
GSE245386	GSM7841721	Sham	reference_singlet	Astrocyte	Cdh5	0.0428893905191873	0.0428893905191873	0.0	0.0428893905191873	0.0002133452695762	0.0269914755866179	0.0001984626558429
GSE245386	GSM7841721	Sham	reference_singlet	Astrocyte	Kdr	0.0293453724604966	0.0293453724604966	0.0	0.0316027088036117	7.466095858735844e-15	0.0203317765900239	8.403323267939248e-15
GSE245386	GSM7841721	Sham	reference_singlet	Astrocyte	Ptprc	0.2144469525959364	0.2144469525959364	0.0	0.3160270880361174	7.818110427088692e-17	0.1897310242687281	8.961459186136936e-17
GSE245386	GSM7841721	Sham	reference_singlet	Astrocyte	Tyrobp	0.3340857787810387	0.3340857787810387	0.0	0.5079006772009036	0.00060110374594	0.3875634371354516	0.0008663585850009
GSE245386	GSM7841721	Sham	reference_singlet	Astrocyte	C1qa	0.6568848758465008	0.6568848758465008	0.0	1.5778781038374687	3.443113897929702e-08	0.8288194656375796	4.4016444613315915e-08
GSE245386	GSM7841721	Sham	reference_singlet	Astrocyte	Lyz2	0.1015801354401805	0.1015801354401805	0.0	0.1422121896162526	1.3502499113118288e-08	0.1011372593185728	1.813306037870702e-08
GSE245386	GSM7841721	Sham	reference_singlet	Astrocyte	Spp1	0.0045146726862302	0.0045146726862302	0.0	0.0045146726862302	8.856660534664678e-14	0.0065432658687033	1.694579124665419e-13
GSE245386	GSM7841721	Sham	reference_singlet	Astrocyte	Timp3	0.7291196388261837	0.7291196388261837	0.5530474040632066	2.9209932279909707	2.775150067710353	1.1327857001549906	1.157149450268679
GSE245386	GSM7841721	Sham	reference_singlet	Astrocyte	Ptn	0.9571106094808078	0.9571106094808078	0.8939051918735853	19.817155756207654	19.3536343690904	2.8827037472270334	2.9699813936524286
GSE245386	GSM7841721	Sham	reference_singlet	Astrocyte	Plat	0.169300225733634	0.169300225733634	0.0248306997742663	0.2144469525959365	0.1262808163504391	0.1272166047325918	0.0917075767927148
GSE245386	GSM7841721	Sham	reference_singlet	Astrocyte	Ptprz1	0.9390519187358872	0.9390519187358872	0.88713318284424	18.758465011286685	18.745271371233876	2.8593281175021312	2.965517448076762
GSE245386	GSM7841721	Sham	reference_singlet	Astrocyte	Lrp1	0.6501128668171555	0.6501128668171555	0.3972911963882628	1.498871331828439	1.4395001478172953	0.7910702544891349	0.81202397674498
GSE245386	GSM7841721	Sham	reference_singlet	Astrocyte	Itga5	0.0496613995485327	0.0496613995485327	0.0	0.0496613995485327	0.0298237054318873	0.0347136356363848	0.023798585229896
GSE245386	GSM7841721	Sham	reference_singlet	Astrocyte	Itgb1	0.4514672686230263	0.4514672686230263	0.1783295711060945	0.7787810383747176	0.601102621157037	0.4544665037965801	0.4065384668873558
GSE245386	GSM7841721	Sham	reference_singlet	Astrocyte	Col4a1	0.1602708803611736	0.1602708803611736	0.0316027088036117	0.2009029345372458	0.142410932894739	0.1233704756316824	0.1023051684696546
GSE245386	GSM7841721	Sham	reference_singlet	Astrocyte	Itga3	0.0203160270880361	0.0203160270880361	0.0022573363431151	0.0225733634311512	0.0197895287361734	0.0137231917316321	0.0131517299577863
GSE245386	GSM7841721	Sham	reference_singlet	Endothelial	Slc1a2	0.2005665722379587	0.2005665722379587	0.0	0.2691218130311602	7.394549194734027e-08	0.1903545714689927	1.0114206337956921e-07
GSE245386	GSM7841721	Sham	reference_singlet	Endothelial	Slc1a3	0.1252124645892344	0.1252124645892344	0.0	0.1507082152974496	2.105366664754462e-07	0.1095510243815661	2.766342212517292e-07
GSE245386	GSM7841721	Sham	reference_singlet	Endothelial	Aldh1l1	0.005099150141643	0.005099150141643	0.0	0.005099150141643	1.776806608529301e-08	0.0033798618975243	1.729881246472195e-08
GSE245386	GSM7841721	Sham	reference_singlet	Endothelial	Pecam1	0.9580736543909142	0.9580736543909142	0.8651558073654241	7.897450424929131	7.89063280051104	2.114299048197435	2.167233590081461
GSE245386	GSM7841721	Sham	reference_singlet	Endothelial	Cdh5	0.8832861189801539	0.8832861189801539	0.69065155807365	3.661756373937685	3.6614294635177855	1.4744564136328553	1.5194416971208493
GSE245386	GSM7841721	Sham	reference_singlet	Endothelial	Kdr	0.872521246458908	0.872521246458908	0.6968838526912133	4.168271954674219	4.167346421141938	1.5364919909027173	1.580877879796045
GSE245386	GSM7841721	Sham	reference_singlet	Endothelial	Ptprc	0.2487252124645871	0.2487252124645871	0.0	0.3518413597733713	8.694678461829894e-17	0.2259602123478599	1.074679832658406e-16
GSE245386	GSM7841721	Sham	reference_singlet	Endothelial	Tyrobp	0.3331444759206808	0.3331444759206808	0.0	0.5070821529745067	5.525822277506675e-06	0.3324125409148051	7.59218418942144e-06
GSE245386	GSM7841721	Sham	reference_singlet	Endothelial	C1qa	0.6634560906515553	0.6634560906515553	0.0	1.5325779036827274	1.348292370007939e-09	0.8266252976523182	1.8189548002782403e-09
GSE245386	GSM7841721	Sham	reference_singlet	Endothelial	Lyz2	0.1172804532577897	0.1172804532577897	0.0	0.1852691218130302	0.0013667788027123	0.1065700244492849	0.0018071169817079
GSE245386	GSM7841721	Sham	reference_singlet	Endothelial	Spp1	0.0073654390934844	0.0073654390934844	0.0	0.0073654390934844	0.0027536838613246	0.0074433386064021	0.0040714355857001
GSE245386	GSM7841721	Sham	reference_singlet	Endothelial	Timp3	0.7756373937676958	0.7756373937676958	0.5971671388101996	6.738243626062273	6.698274575268577	1.4932479643273495	1.5289324129715145
GSE245386	GSM7841721	Sham	reference_singlet	Endothelial	Ptn	0.9048158640226456	0.9048158640226456	0.8045325779036714	9.231728045325726	8.955890702545162	2.086573452617157	2.1092351293652603
GSE245386	GSM7841721	Sham	reference_singlet	Endothelial	Plat	0.790934844192624	0.790934844192624	0.6254957507082148	5.9422096317280095	5.92419749306608	1.5027740309247593	1.5401098929581167
GSE245386	GSM7841721	Sham	reference_singlet	Endothelial	Ptprz1	0.0526912181303116	0.0526912181303116	0.0	0.056657223796034	5.768018387706204e-14	0.044549028833763	7.855369968414082e-14
GSE245386	GSM7841721	Sham	reference_singlet	Endothelial	Lrp1	0.0521246458923512	0.0521246458923512	0.0	0.056657223796034	2.0815427409537195e-11	0.0453076372238041	3.051031720439319e-11
GSE245386	GSM7841721	Sham	reference_singlet	Endothelial	Itga5	0.1954674220963157	0.1954674220963157	0.0589235127478753	0.2832861189801693	0.2640192649101816	0.1734217660086516	0.17211096212986
GSE245386	GSM7841721	Sham	reference_singlet	Endothelial	Itgb1	0.8481586402266149	0.8481586402266149	0.6458923512747858	3.417563739376773	3.3210801445238416	1.3723779924963615	1.3930006376673427
GSE245386	GSM7841721	Sham	reference_singlet	Endothelial	Col4a1	0.8181303116147187	0.8181303116147187	0.6243626062322942	3.249291784702554	3.228997309572674	1.301800163209493	1.337433828519454
GSE245386	GSM7841721	Sham	reference_singlet	Endothelial	Itga3	0.0968838526912177	0.0968838526912177	0.0135977337110481	0.1133144475920675	0.1119364712182703	0.0800945968011288	0.0829718113047399
GSE245386	GSM7841722	Sham	primary	Astrocyte	Slc1a2	0.9708994708994784	0.9708994708994784	0.8730158730158795	53.93915343915344	51.72805933323624	3.871515222139625	3.806803977388721
GSE245386	GSM7841722	Sham	primary	Astrocyte	Slc1a3	0.8915343915343982	0.8915343915343982	0.812169312169318	23.07407407407408	22.38167569699874	2.9211244334902933	2.969670583138268
GSE245386	GSM7841722	Sham	primary	Astrocyte	Aldh1l1	0.5079365079365106	0.5079365079365106	0.2830687830687833	1.1164021164021165	1.0796565169561592	0.6465306283651696	0.6764651024454554
GSE245386	GSM7841722	Sham	primary	Astrocyte	Pecam1	0.1216931216931216	0.1216931216931216	0.0238095238095238	0.2566137566137566	0.1483706966219861	0.1705374417623323	0.0754614520683445
GSE245386	GSM7841722	Sham	primary	Astrocyte	Cdh5	0.0423280423280423	0.0423280423280423	0.0132275132275132	0.0582010582010582	0.0343855202673821	0.0557335272882827	0.0370579921124367
GSE245386	GSM7841722	Sham	primary	Astrocyte	Kdr	0.0634920634920634	0.0634920634920634	0.0105820105820105	0.0952380952380952	0.0450119167447859	0.0600186181636888	0.0290122413438825
GSE245386	GSM7841722	Sham	primary	Astrocyte	Ptprc	0.1825396825396825	0.1825396825396825	0.037037037037037	0.98941798941799	0.8034776579830872	0.231945002019086	0.1294751192859332
GSE245386	GSM7841722	Sham	primary	Astrocyte	Tyrobp	0.3068783068783074	0.3068783068783074	0.0396825396825396	0.9074074074074086	0.4771483703715698	0.434871119096766	0.1075614669179786
GSE245386	GSM7841722	Sham	primary	Astrocyte	C1qa	0.6243386243386282	0.6243386243386282	0.0423280423280423	3.140211640211641	1.7668235546055404	0.9982637692988944	0.1757404106396264
GSE245386	GSM7841722	Sham	primary	Astrocyte	Lyz2	0.1084656084656084	0.1084656084656084	0.0105820105820105	0.2116402116402116	0.0868938862917784	0.0997420278769802	0.0273195689735723
GSE245386	GSM7841722	Sham	primary	Astrocyte	Spp1	0.0079365079365079	0.0079365079365079	0.0	0.0105820105820105	0.0051367430844773	0.0064362585386253	0.0041232414166442
GSE245386	GSM7841722	Sham	primary	Astrocyte	Timp3	0.7222222222222271	0.7222222222222271	0.5555555555555587	3.1322751322751308	2.8959460068574407	1.2512550593321052	1.24704371046588
GSE245386	GSM7841722	Sham	primary	Astrocyte	Ptn	0.9100529100529168	0.9100529100529168	0.7804232804232859	18.21428571428572	17.14808382305614	2.693785611659243	2.671003561115318
GSE245386	GSM7841722	Sham	primary	Astrocyte	Plat	0.1851851851851851	0.1851851851851851	0.0476190476190476	0.3650793650793654	0.2547764823470332	0.1823024386678919	0.1344438729814123
GSE245386	GSM7841722	Sham	primary	Astrocyte	Ptprz1	0.8571428571428634	0.8571428571428634	0.7328042328042378	13.63756613756612	13.174033022708588	2.42264451693188	2.430528134805559
GSE245386	GSM7841722	Sham	primary	Astrocyte	Lrp1	0.5714285714285747	0.5714285714285747	0.3783068783068796	1.4338624338624346	1.3585390954228709	0.7348622287820985	0.7586373040196543
GSE245386	GSM7841722	Sham	primary	Astrocyte	Itga5	0.0449735449735449	0.0449735449735449	0.0105820105820105	0.0634920634920634	0.0360998750852688	0.0371639864806666	0.0309160797771113
GSE245386	GSM7841722	Sham	primary	Astrocyte	Itgb1	0.3703703703703715	0.3703703703703715	0.1428571428571428	0.6613756613756618	0.4784555556234575	0.3792591393952234	0.329908873878194
GSE245386	GSM7841722	Sham	primary	Astrocyte	Col4a1	0.1587301587301587	0.1587301587301587	0.0317460317460317	0.2116402116402116	0.1312620800202142	0.1536145100199565	0.1191849452879752
GSE245386	GSM7841722	Sham	primary	Astrocyte	Itga3	0.0211640211640211	0.0211640211640211	0.0026455026455026	0.0238095238095238	0.0192048634491891	0.0126260808267479	0.0113119988684234
GSE245386	GSM7841722	Sham	primary	Endothelial	Slc1a2	0.1215370866845403	0.1215370866845403	0.0	0.161751563896336	5.310502284105095e-09	0.1157092274385662	7.0393247799894715e-09
GSE245386	GSM7841722	Sham	primary	Endothelial	Slc1a3	0.1027703306523685	0.1027703306523685	0.000893655049151	0.1461126005361931	0.001234708959374	0.0931177340701603	0.0007452441603401
GSE245386	GSM7841722	Sham	primary	Endothelial	Aldh1l1	0.0071492403932082	0.0071492403932082	0.0	0.0071492403932082	0.0035184251051784	0.005743461921644	0.0035105974717415
GSE245386	GSM7841722	Sham	primary	Endothelial	Pecam1	0.9629133154602028	0.9629133154602028	0.8869526362823718	9.4101876675603	9.391428411266718	2.223163575869218	2.2730249085469154
GSE245386	GSM7841722	Sham	primary	Endothelial	Cdh5	0.8990169794459096	0.8990169794459096	0.7202859696157188	4.033512064343163	4.024333515549588	1.5069067522262405	1.5460584672874196
GSE245386	GSM7841722	Sham	primary	Endothelial	Kdr	0.8574620196603903	0.8574620196603903	0.6840929401251051	4.130026809651475	4.122952781895009	1.4611388795767362	1.499457188905353
GSE245386	GSM7841722	Sham	primary	Endothelial	Ptprc	0.219392314566576	0.219392314566576	0.001787310098302	0.3802502234137638	0.0628274136013409	0.1948733547313463	0.0063510884141973
GSE245386	GSM7841722	Sham	primary	Endothelial	Tyrobp	0.3302055406613062	0.3302055406613062	0.001787310098302	0.5241286863270801	0.0102155499787851	0.3268498877888159	0.0039249486233055
GSE245386	GSM7841722	Sham	primary	Endothelial	C1qa	0.6429848078641612	0.6429848078641612	0.001787310098302	1.4535299374441215	0.0382411781070338	0.761334062267385	0.0060320271180126
GSE245386	GSM7841722	Sham	primary	Endothelial	Lyz2	0.1126005361930299	0.1126005361930299	0.0	0.2028596961572831	0.0002289163463186	0.0980000050381756	0.0001408835536071
GSE245386	GSM7841722	Sham	primary	Endothelial	Spp1	0.0067024128686327	0.0067024128686327	0.0	0.0080428954423592	0.0011776304919386	0.0048086631921124	0.0011224588442519
GSE245386	GSM7841722	Sham	primary	Endothelial	Timp3	0.755138516532606	0.755138516532606	0.5915996425379814	7.073279714030368	7.022944727226006	1.4641708312451287	1.4939439598411284
GSE245386	GSM7841722	Sham	primary	Endothelial	Ptn	0.90884718498657	0.90884718498657	0.8159070598748709	9.948168007149215	9.71325524536802	2.111351991132802	2.1349192691793744
GSE245386	GSM7841722	Sham	primary	Endothelial	Plat	0.7984807864164273	0.7984807864164273	0.6126005361930288	5.869973190348523	5.842268370320244	1.4588023306466849	1.489983511082279
GSE245386	GSM7841722	Sham	primary	Endothelial	Ptprz1	0.0375335120643431	0.0375335120643431	0.0	0.0415549597855227	1.1489345761955674e-14	0.028612958227747	1.2579482110128318e-14
GSE245386	GSM7841722	Sham	primary	Endothelial	Lrp1	0.0571939231456657	0.0571939231456657	0.0004468275245755	0.0630026809651474	0.001596094171496	0.0469315277117942	0.0007822548594745
GSE245386	GSM7841722	Sham	primary	Endothelial	Itga5	0.218498659517425	0.218498659517425	0.0741733690795353	0.3489722966934772	0.3262733389435735	0.1922434866046352	0.1915072040862892
GSE245386	GSM7841722	Sham	primary	Endothelial	Itgb1	0.8266309204646823	0.8266309204646823	0.6586237712243029	3.523235031277927	3.415694706351533	1.3186484255907451	1.3325635234195408
GSE245386	GSM7841722	Sham	primary	Endothelial	Col4a1	0.8127792672028425	0.8127792672028425	0.6291331546023214	3.2140303842716635	3.185143275902476	1.2447266750763455	1.2744176146606732
GSE245386	GSM7841722	Sham	primary	Endothelial	Itga3	0.079088471849866	0.079088471849866	0.0147453083109919	0.1014298480786418	0.0991064562059991	0.0634263211963488	0.0646350973923043
GSE245386	GSM7841722	Sham	reference_singlet	Astrocyte	Slc1a2	0.9930313588850151	0.9930313588850151	0.9860627177700328	66.28222996515683	66.27608906340438	4.06191025749752	4.18163779626135
GSE245386	GSM7841722	Sham	reference_singlet	Astrocyte	Slc1a3	0.9442508710801376	0.9442508710801376	0.92334494773519	28.25087108013937	28.190430310197048	3.1795276686946603	3.270670299869005
GSE245386	GSM7841722	Sham	reference_singlet	Astrocyte	Aldh1l1	0.5853658536585378	0.5853658536585378	0.3588850174216036	1.3554006968641117	1.3544361911067213	0.7118851144885371	0.7523388199311204
GSE245386	GSM7841722	Sham	reference_singlet	Astrocyte	Pecam1	0.1080139372822299	0.1080139372822299	0.0	0.1149825783972125	1.1638175813772887e-16	0.1121146991936302	2.0537780611294542e-16
GSE245386	GSM7841722	Sham	reference_singlet	Astrocyte	Cdh5	0.024390243902439	0.024390243902439	0.0	0.024390243902439	2.175364691988853e-17	0.0222685540537802	4.1812790942104105e-17
GSE245386	GSM7841722	Sham	reference_singlet	Astrocyte	Kdr	0.048780487804878	0.048780487804878	0.0	0.048780487804878	9.205703005293276e-14	0.0285268687839395	7.819299021483238e-14
GSE245386	GSM7841722	Sham	reference_singlet	Astrocyte	Ptprc	0.156794425087108	0.156794425087108	0.0	0.1881533101045296	3.8084460853068e-17	0.1318566600230053	4.506034141355376e-17
GSE245386	GSM7841722	Sham	reference_singlet	Astrocyte	Tyrobp	0.2822299651567946	0.2822299651567946	0.0	0.4181184668989552	1.960457331689556e-07	0.3076801452526949	2.45846451590968e-07
GSE245386	GSM7841722	Sham	reference_singlet	Astrocyte	C1qa	0.6480836236933805	0.6480836236933805	0.0	1.421602787456445	7.193016989166845e-09	0.8260705887569081	9.609816751621176e-09
GSE245386	GSM7841722	Sham	reference_singlet	Astrocyte	Lyz2	0.1010452961672473	0.1010452961672473	0.0	0.1045296167247386	5.368757835600318e-06	0.0743937162840635	6.306801285993587e-06
GSE245386	GSM7841722	Sham	reference_singlet	Astrocyte	Spp1	0.0104529616724738	0.0104529616724738	0.0	0.0139372822299651	0.0067654665015068	0.0084770234411162	0.0054306106463119
GSE245386	GSM7841722	Sham	reference_singlet	Astrocyte	Timp3	0.8118466898954697	0.8118466898954697	0.6829268292682931	3.801393728223	3.640131825025583	1.385320516913786	1.4065911323070326
GSE245386	GSM7841722	Sham	reference_singlet	Astrocyte	Ptn	0.9337979094076638	0.9337979094076638	0.8606271777003474	22.181184668989538	21.78329196910232	2.7665373347330084	2.8440665237547047
GSE245386	GSM7841722	Sham	reference_singlet	Astrocyte	Plat	0.1916376306620208	0.1916376306620208	0.0383275261324041	0.2543554006968641	0.1448970738454568	0.1497011112535368	0.1024337920806296
GSE245386	GSM7841722	Sham	reference_singlet	Astrocyte	Ptprz1	0.9442508710801376	0.9442508710801376	0.8919860627177687	16.867595818815328	16.85507384615909	2.7415499765019824	2.8335198333419367
GSE245386	GSM7841722	Sham	reference_singlet	Astrocyte	Lrp1	0.6620209059233455	0.6620209059233455	0.4459930313588865	1.67595818815331	1.6119262893979465	0.8475605412618044	0.864701995525122
GSE245386	GSM7841722	Sham	reference_singlet	Astrocyte	Itga5	0.0383275261324041	0.0383275261324041	0.0104529616724738	0.0592334494773519	0.0299622495776488	0.0299260042329924	0.0199629026447936
GSE245386	GSM7841722	Sham	reference_singlet	Astrocyte	Itgb1	0.3937282229965168	0.3937282229965168	0.1602787456445993	0.6655052264808369	0.5119208203837021	0.3871416274594372	0.3391889300970377
GSE245386	GSM7841722	Sham	reference_singlet	Astrocyte	Col4a1	0.1637630662020905	0.1637630662020905	0.0278745644599303	0.1986062717770034	0.1155011631841514	0.1363334661978257	0.0952120656179807
GSE245386	GSM7841722	Sham	reference_singlet	Astrocyte	Itga3	0.024390243902439	0.024390243902439	0.0034843205574912	0.0278745644599303	0.0252075033619357	0.0151688279638181	0.0147494535720775
GSE245386	GSM7841722	Sham	reference_singlet	Endothelial	Slc1a2	0.1223727230266226	0.1223727230266226	0.0	0.1611396543671176	5.527222286715574e-09	0.1119880680952883	7.183013494713159e-09
GSE245386	GSM7841722	Sham	reference_singlet	Endothelial	Slc1a3	0.1032227930873421	0.1032227930873421	0.0	0.1415226529659034	8.812829394057361e-07	0.0923085702703433	1.0164431441456288e-06
GSE245386	GSM7841722	Sham	reference_singlet	Endothelial	Aldh1l1	0.0074731433909388	0.0074731433909388	0.0	0.0074731433909388	0.0036778306330637	0.0060036748158054	0.0036696483614001
GSE245386	GSM7841722	Sham	reference_singlet	Endothelial	Pecam1	0.9738439981317484	0.9738439981317484	0.9056515646894284	9.631947687996457	9.625811956680746	2.23961449117696	2.285855089288591
GSE245386	GSM7841722	Sham	reference_singlet	Endothelial	Cdh5	0.915460065390036	0.915460065390036	0.7417094815507	4.143858010275644	4.143628534439372	1.5262400468455832	1.5657398727506966
GSE245386	GSM7841722	Sham	reference_singlet	Endothelial	Kdr	0.8668846333489314	0.8668846333489314	0.7001401214386008	4.173750583839395	4.173419555398297	1.461248620566012	1.497067519127467
GSE245386	GSM7841722	Sham	reference_singlet	Endothelial	Ptprc	0.2185894441849589	0.2185894441849589	0.0	0.2755721625408683	7.991771290639892e-17	0.1795857156628876	8.986926079149113e-17
GSE245386	GSM7841722	Sham	reference_singlet	Endothelial	Tyrobp	0.3320878094348459	0.3320878094348459	0.0	0.4974311069593689	5.057593945528663e-06	0.316977047912183	6.122255267632571e-06
GSE245386	GSM7841722	Sham	reference_singlet	Endothelial	C1qa	0.6515646893974961	0.6515646893974961	0.0	1.3577767398412188	6.175569228656947e-11	0.746417656372585	7.329429411131646e-11
GSE245386	GSM7841722	Sham	reference_singlet	Endothelial	Lyz2	0.1134983652498828	0.1134983652498828	0.0	0.1662774404483879	3.872498183219545e-05	0.0960767550564137	4.361687786444988e-05
GSE245386	GSM7841722	Sham	reference_singlet	Endothelial	Spp1	0.0060719290051377	0.0060719290051377	0.0	0.0060719290051377	0.0012034992533953	0.0043799574928184	0.0011505888104232
GSE245386	GSM7841722	Sham	reference_singlet	Endothelial	Timp3	0.7664642690331861	0.7664642690331861	0.6062587575899273	7.178888369920681	7.13591286114883	1.4744690113195351	1.502665709543641
GSE245386	GSM7841722	Sham	reference_singlet	Endothelial	Ptn	0.918729565623572	0.918729565623572	0.8313872022419703	10.27884166277459	10.06045548875566	2.131602065535327	2.155807095251557
GSE245386	GSM7841722	Sham	reference_singlet	Endothelial	Plat	0.8113031293788212	0.8113031293788212	0.6286781877627449	6.052312003736645	6.036113029542726	1.4760846737315114	1.5074377148407994
GSE245386	GSM7841722	Sham	reference_singlet	Endothelial	Ptprz1	0.0378327884166277	0.0378327884166277	0.0	0.0420364315740308	1.1924238113793202e-14	0.0275117439980267	1.24179409644844e-14
GSE245386	GSM7841722	Sham	reference_singlet	Endothelial	Lrp1	0.0551144325081738	0.0551144325081738	0.0	0.0574497898178422	6.639733696336034e-15	0.0433615166620279	8.014594804925258e-15
GSE245386	GSM7841722	Sham	reference_singlet	Endothelial	Itga5	0.2209248014946273	0.2209248014946273	0.0733302195235871	0.348435310602523	0.3290206186926067	0.1892043424049222	0.1884130357215959
GSE245386	GSM7841722	Sham	reference_singlet	Endothelial	Itgb1	0.8444652031761138	0.8444652031761138	0.6791219056515844	3.618402615600248	3.5183785937600143	1.343396124738898	1.356942359755061
GSE245386	GSM7841722	Sham	reference_singlet	Endothelial	Col4a1	0.8267164876226333	0.8267164876226333	0.6450256889304243	3.283045305931863	3.2597799132891168	1.257273046546577	1.2858272327994922
GSE245386	GSM7841722	Sham	reference_singlet	Endothelial	Itga3	0.0803362914525922	0.0803362914525922	0.0144792153199439	0.1027557216254085	0.1009682600323582	0.0626107949063599	0.0643566163892541
GSE245386	GSM7841723	MCAO	primary	Astrocyte	Slc1a2	0.9374999999999972	0.9374999999999972	0.8402777777777753	66.80902777777777	63.86787359344828	3.9682236262718016	3.9779002244879904
GSE245386	GSM7841723	MCAO	primary	Astrocyte	Slc1a3	0.8576388888888864	0.8576388888888864	0.7430555555555535	23.07638888888888	22.26841695331553	2.7185399746402186	2.791762140901929
GSE245386	GSM7841723	MCAO	primary	Astrocyte	Aldh1l1	0.5729166666666652	0.5729166666666652	0.3749999999999991	2.000000000000001	1.916106170363469	0.8503749152610544	0.8931988878800647
GSE245386	GSM7841723	MCAO	primary	Astrocyte	Pecam1	0.2118055555555552	0.2118055555555552	0.0347222222222222	0.3402777777777775	0.1889948348859821	0.2393286772256797	0.1359760210738695
GSE245386	GSM7841723	MCAO	primary	Astrocyte	Cdh5	0.1145833333333333	0.1145833333333333	0.0069444444444444	0.1527777777777777	0.0604424441168075	0.1127108704402288	0.0461350213417273
GSE245386	GSM7841723	MCAO	primary	Astrocyte	Kdr	0.0555555555555555	0.0555555555555555	0.0069444444444444	0.0659722222222222	0.0245951434848276	0.0333512108915988	0.0179881675755576
GSE245386	GSM7841723	MCAO	primary	Astrocyte	Ptprc	0.2048611111111108	0.2048611111111108	0.0347222222222222	0.7673611111111104	0.5592243298493684	0.2462530966550929	0.1054291256657473
GSE245386	GSM7841723	MCAO	primary	Astrocyte	Tyrobp	0.4131944444444435	0.4131944444444435	0.0381944444444444	1.229166666666668	0.5440681835496723	0.5565456452312135	0.1177865825894025
GSE245386	GSM7841723	MCAO	primary	Astrocyte	C1qa	0.7291666666666646	0.7291666666666646	0.0381944444444444	5.656250000000016	2.8133320809480806	1.3730344880797576	0.2009613432861087
GSE245386	GSM7841723	MCAO	primary	Astrocyte	Lyz2	0.1145833333333333	0.1145833333333333	0.0173611111111111	0.173611111111111	0.0465883244520947	0.108859005720547	0.0220120946468146
GSE245386	GSM7841723	MCAO	primary	Astrocyte	Spp1	0.45486111111111	0.45486111111111	0.0868055555555555	1.8263888888888904	0.9643676446696656	0.5573032795147487	0.2643614833776994
GSE245386	GSM7841723	MCAO	primary	Astrocyte	Timp3	0.4895833333333321	0.4895833333333321	0.2534722222222218	1.2743055555555558	0.956661964772015	0.6562886252241626	0.6051062847668081
GSE245386	GSM7841723	MCAO	primary	Astrocyte	Ptn	0.7673611111111089	0.7673611111111089	0.6145833333333317	6.6736111111111205	6.16270506427325	1.7695600380448544	1.800213092952364
GSE245386	GSM7841723	MCAO	primary	Astrocyte	Plat	0.3576388888888881	0.3576388888888881	0.1180555555555556	0.9687499999999988	0.5541266527220435	0.4272921667716943	0.3360725152552306
GSE245386	GSM7841723	MCAO	primary	Astrocyte	Ptprz1	0.7708333333333311	0.7708333333333311	0.6423611111111094	10.246527777777771	9.819522812898189	1.9626572429514813	2.0233301980376237
GSE245386	GSM7841723	MCAO	primary	Astrocyte	Lrp1	0.5902777777777762	0.5902777777777762	0.4374999999999989	2.7986111111111147	2.555530203098033	0.9526829348690548	0.9443992712408646
GSE245386	GSM7841723	MCAO	primary	Astrocyte	Itga5	0.2013888888888886	0.2013888888888886	0.09375	0.5520833333333329	0.3161858378491656	0.2277890370634613	0.1831282747744456
GSE245386	GSM7841723	MCAO	primary	Astrocyte	Itgb1	0.5243055555555542	0.5243055555555542	0.2916666666666661	1.3506944444444438	0.9605639151489164	0.6170098094102919	0.5667939815160331
GSE245386	GSM7841723	MCAO	primary	Astrocyte	Col4a1	0.3298611111111104	0.3298611111111104	0.1215277777777778	0.7847222222222214	0.5175572570351769	0.3378409281788227	0.2819881356608519
GSE245386	GSM7841723	MCAO	primary	Astrocyte	Itga3	0.0277777777777777	0.0277777777777777	0.0034722222222222	0.0381944444444444	0.0300732883140881	0.018935172469636	0.0180416975247573
GSE245386	GSM7841723	MCAO	primary	Endothelial	Slc1a2	0.1683366733466935	0.1683366733466935	0.0	0.1988977955911825	0.0296358137248947	0.1364097419409152	0.031515050993734
GSE245386	GSM7841723	MCAO	primary	Endothelial	Slc1a3	0.0961923847695391	0.0961923847695391	0.001503006012024	0.1167334669338678	0.0054678295417379	0.0682870242895369	0.0043403183253568
GSE245386	GSM7841723	MCAO	primary	Endothelial	Aldh1l1	0.0060120240480961	0.0060120240480961	0.0	0.0060120240480961	5.45166430199574e-16	0.0029582513459394	3.726700282732288e-16
GSE245386	GSM7841723	MCAO	primary	Endothelial	Pecam1	0.9754509018036206	0.9754509018036206	0.8987975951903898	10.566633266533046	10.492161898120246	2.2715128749021987	2.326995441635594
GSE245386	GSM7841723	MCAO	primary	Endothelial	Cdh5	0.8827655310621324	0.8827655310621324	0.7169338677354697	5.03406813627255	4.995294655043009	1.5213343042241765	1.5661816183774848
GSE245386	GSM7841723	MCAO	primary	Endothelial	Kdr	0.7134268537074134	0.7134268537074134	0.4679358717434753	2.1938877755510755	2.1694407994354137	0.9000429397298673	0.9301807674059168
GSE245386	GSM7841723	MCAO	primary	Endothelial	Ptprc	0.1943887775551104	0.1943887775551104	0.0055110220440881	0.3341683366733448	0.0607489613573711	0.1559675175168954	0.0121313274371365
GSE245386	GSM7841723	MCAO	primary	Endothelial	Tyrobp	0.4669338677354593	0.4669338677354593	0.0060120240480961	0.8972945891783533	0.0439604297111213	0.4643063314443109	0.0132087337580923
GSE245386	GSM7841723	MCAO	primary	Endothelial	C1qa	0.8341683366733521	0.8341683366733521	0.0065130260521042	3.362725450901773	0.2057035070263353	1.192176089734435	0.0232834597368635
GSE245386	GSM7841723	MCAO	primary	Endothelial	Lyz2	0.1518036072144289	0.1518036072144289	0.001002004008016	0.2274549098196394	0.0396422922377934	0.1118784819750999	0.0033237320127596
GSE245386	GSM7841723	MCAO	primary	Endothelial	Spp1	0.5200400801603083	0.5200400801603083	0.0040080160320641	1.0290581162324597	0.1392537253935742	0.4942415647426191	0.0960506279529627
GSE245386	GSM7841723	MCAO	primary	Endothelial	Timp3	0.8386773547094245	0.8386773547094245	0.7004008016032043	10.149298597194395	9.9903212806345	1.7391472891643014	1.7821629934791348
GSE245386	GSM7841723	MCAO	primary	Endothelial	Ptn	0.3677354709418776	0.3677354709418776	0.1768537074148298	0.8416833667334626	0.6417501883662434	0.3797471629679168	0.3348720871013049
GSE245386	GSM7841723	MCAO	primary	Endothelial	Plat	0.90130260521043	0.90130260521043	0.7980961923847729	13.289078156312558	13.132221091453962	2.1438257965883447	2.187932399002084
GSE245386	GSM7841723	MCAO	primary	Endothelial	Ptprz1	0.0300601202404809	0.0300601202404809	0.0	0.031563126252505	8.178234731193855e-12	0.0238686543464964	9.962260099057511e-12
GSE245386	GSM7841723	MCAO	primary	Endothelial	Lrp1	0.0951903807615231	0.0951903807615231	0.0045090180360721	0.1252505010020041	0.0176030911100158	0.0666666370311776	0.0084731698741802
GSE245386	GSM7841723	MCAO	primary	Endothelial	Itga5	0.3321643286573104	0.3321643286573104	0.1392785571142285	0.6202404809619202	0.4922446428064317	0.298159292989233	0.269618848921589
GSE245386	GSM7841723	MCAO	primary	Endothelial	Itgb1	0.8532064128256578	0.8532064128256578	0.6898797595190354	4.35120240480961	4.1352173188667285	1.3862270720036154	1.4043461290609225
GSE245386	GSM7841723	MCAO	primary	Endothelial	Col4a1	0.922845691382776	0.922845691382776	0.8301603206412878	9.450400801603204	9.329014012378543	2.003405913505829	2.049755067649348
GSE245386	GSM7841723	MCAO	primary	Endothelial	Itga3	0.3061122244488949	0.3061122244488949	0.1042084168336674	0.5125250501001946	0.5069824427682271	0.2649822840058909	0.2754197888411174
GSE245386	GSM7841723	MCAO	reference_singlet	Astrocyte	Slc1a2	1.000000000000004	1.000000000000004	1.000000000000004	94.90502793296096	94.89780433784324	4.388392747999605	4.5815333755195295
GSE245386	GSM7841723	MCAO	reference_singlet	Astrocyte	Slc1a3	0.944134078212294	0.944134078212294	0.910614525139668	33.111731843575406	33.00615356875066	3.1111341593325106	3.255211361856152
GSE245386	GSM7841723	MCAO	reference_singlet	Astrocyte	Aldh1l1	0.715083798882683	0.715083798882683	0.558659217877095	2.815642458100561	2.8105419987624662	1.0242495731878671	1.0984787872502626
GSE245386	GSM7841723	MCAO	reference_singlet	Astrocyte	Pecam1	0.206703910614525	0.206703910614525	0.0167597765363128	0.2513966480446926	0.0912139296387651	0.1553214409149924	0.0686564928232898
GSE245386	GSM7841723	MCAO	reference_singlet	Astrocyte	Cdh5	0.1117318435754189	0.1117318435754189	0.0	0.1173184357541898	0.0129761108325309	0.0830591864693839	0.0152514867610849
GSE245386	GSM7841723	MCAO	reference_singlet	Astrocyte	Kdr	0.0558659217877095	0.0558659217877095	0.0	0.0558659217877095	9.439556286729462e-05	0.0261178702913918	6.8958223209513e-05
GSE245386	GSM7841723	MCAO	reference_singlet	Astrocyte	Ptprc	0.201117318435754	0.201117318435754	0.0	0.2458100558659216	1.560174920391348e-16	0.1539272206889162	1.652933714501723e-16
GSE245386	GSM7841723	MCAO	reference_singlet	Astrocyte	Tyrobp	0.4413407821229047	0.4413407821229047	0.0	0.7821229050279339	6.267115283116078e-05	0.4553545827861074	7.720243945666168e-05
GSE245386	GSM7841723	MCAO	reference_singlet	Astrocyte	C1qa	0.776536312849164	0.776536312849164	0.0	3.3184357541899505	0.0004559666682895	1.1640826464531049	0.0005136222532198
GSE245386	GSM7841723	MCAO	reference_singlet	Astrocyte	Lyz2	0.1173184357541898	0.1173184357541898	0.0	0.1284916201117318	0.0002338889032551	0.0931488188055497	0.0002083332796214
GSE245386	GSM7841723	MCAO	reference_singlet	Astrocyte	Spp1	0.513966480446927	0.513966480446927	0.0837988826815642	1.0446927374301689	0.3075363419776548	0.4813475284229097	0.223096968831791
GSE245386	GSM7841723	MCAO	reference_singlet	Astrocyte	Timp3	0.581005586592179	0.581005586592179	0.3463687150837986	1.6480446927374317	1.2702816385072389	0.7071366489811762	0.6530038900637901
GSE245386	GSM7841723	MCAO	reference_singlet	Astrocyte	Ptn	0.877094972067042	0.877094972067042	0.787709497206706	9.324022346368729	8.98004403106527	1.968217663803808	2.068901689188687
GSE245386	GSM7841723	MCAO	reference_singlet	Astrocyte	Plat	0.3743016759776533	0.3743016759776533	0.1340782122905027	0.893854748603353	0.4181215660067195	0.3448489740542124	0.2397554207708556
GSE245386	GSM7841723	MCAO	reference_singlet	Astrocyte	Ptprz1	0.905027932960897	0.905027932960897	0.854748603351958	14.687150837988844	14.677103587225504	2.359788787182121	2.481199553298271
GSE245386	GSM7841723	MCAO	reference_singlet	Astrocyte	Lrp1	0.69832402234637	0.69832402234637	0.581005586592179	3.6368715083798913	3.475431604883964	1.0608970035771077	1.1033842451199314
GSE245386	GSM7841723	MCAO	reference_singlet	Astrocyte	Itga5	0.1843575418994412	0.1843575418994412	0.0782122905027932	0.5027932960893854	0.2551888286333548	0.18938521317144	0.1440649358415167
GSE245386	GSM7841723	MCAO	reference_singlet	Astrocyte	Itgb1	0.620111731843576	0.620111731843576	0.3519553072625695	1.5251396648044708	1.1880869539522607	0.6459527662642617	0.5974564257875917
GSE245386	GSM7841723	MCAO	reference_singlet	Astrocyte	Col4a1	0.402234636871508	0.402234636871508	0.1620111731843574	0.849162011173185	0.5904299682614474	0.3716424444803202	0.3133141467940715
GSE245386	GSM7841723	MCAO	reference_singlet	Astrocyte	Itga3	0.0223463687150838	0.0223463687150838	0.0	0.0223463687150838	0.0161923046728444	0.0138737336182586	0.0109897286339279
GSE245386	GSM7841723	MCAO	reference_singlet	Endothelial	Slc1a2	0.1714752313554698	0.1714752313554698	0.0	0.2041371801850832	0.0316320452291263	0.1340857297286944	0.0319764555440082
GSE245386	GSM7841723	MCAO	reference_singlet	Endothelial	Slc1a3	0.0963527490473595	0.0963527490473595	0.0	0.1077844311377242	2.744070378004306e-13	0.0641247511412845	2.733922342445657e-13
GSE245386	GSM7841723	MCAO	reference_singlet	Endothelial	Aldh1l1	0.0065323897659227	0.0065323897659227	0.0	0.0065323897659227	5.923528550235981e-16	0.0032143003192679	4.0492617116677454e-16
GSE245386	GSM7841723	MCAO	reference_singlet	Endothelial	Pecam1	0.9825802939575298	0.9825802939575298	0.9346761023407638	11.154599891126738	11.14689444318307	2.2828319738777494	2.34345603526996
GSE245386	GSM7841723	MCAO	reference_singlet	Endothelial	Cdh5	0.9047359825802852	0.9047359825802852	0.7544910179640646	5.316276537833378	5.315591678030092	1.5435205459596613	1.593694770719584
GSE245386	GSM7841723	MCAO	reference_singlet	Endothelial	Kdr	0.7387044093630849	0.7387044093630849	0.4986390854654282	2.3064779531845203	2.3054803809288065	0.9162769004891173	0.9497893916809056
GSE245386	GSM7841723	MCAO	reference_singlet	Endothelial	Ptprc	0.1927054980947183	0.1927054980947183	0.0	0.2367991290146965	1.0667684785752228e-16	0.1377275702938855	1.0194517038727968e-16
GSE245386	GSM7841723	MCAO	reference_singlet	Endothelial	Tyrobp	0.475775721284699	0.475775721284699	0.0	0.8502994011975986	0.0001262517047405	0.4466165395517443	0.0001368389987336
GSE245386	GSM7841723	MCAO	reference_singlet	Endothelial	C1qa	0.8546543277082116	0.8546543277082116	0.0	3.1872618399564256	8.095540690705203e-07	1.1717456916675892	7.967605756471891e-07
GSE245386	GSM7841723	MCAO	reference_singlet	Endothelial	Lyz2	0.1524224278715288	0.1524224278715288	0.0	0.1720195971692968	2.8956660300407623e-08	0.1046298113652507	3.068007378079871e-08
GSE245386	GSM7841723	MCAO	reference_singlet	Endothelial	Spp1	0.5318454001088683	0.5318454001088683	0.0005443658138268	0.9575394665214954	0.0978888872166184	0.4844861939269425	0.0884452320005013
GSE245386	GSM7841723	MCAO	reference_singlet	Endothelial	Timp3	0.8568317909635191	0.8568317909635191	0.7316276537833354	10.706586826347234	10.621649574439354	1.765296210170548	1.8085713483423396
GSE245386	GSM7841723	MCAO	reference_singlet	Endothelial	Ptn	0.385410996189436	0.385410996189436	0.1899836690255839	0.8905824714207894	0.6882997798508951	0.3921746763221603	0.3484031065759147
GSE245386	GSM7841723	MCAO	reference_singlet	Endothelial	Plat	0.919433859553611	0.919433859553611	0.8328796951551362	14.069678824169728	14.025464324247174	2.183641393395067	2.2351301294659773
GSE245386	GSM7841723	MCAO	reference_singlet	Endothelial	Ptprz1	0.0304844855743059	0.0304844855743059	0.0	0.0321175830157866	8.499553054533645e-12	0.0223436119495623	9.5130520401002e-12
GSE245386	GSM7841723	MCAO	reference_singlet	Endothelial	Lrp1	0.0925421883505713	0.0925421883505713	0.0	0.1007076755579747	1.4312237878660878e-15	0.0611210463344779	1.4023513107547517e-15
GSE245386	GSM7841723	MCAO	reference_singlet	Endothelial	Itga5	0.3385955362003238	0.3385955362003238	0.1458900381056061	0.6276537833424021	0.5082801277028094	0.2950921097861728	0.2677170840870282
GSE245386	GSM7841723	MCAO	reference_singlet	Endothelial	Itgb1	0.8731627653783257	0.8731627653783257	0.7212847033206246	4.542732716385374	4.363297260972019	1.39822718119039	1.4155613227424932
GSE245386	GSM7841723	MCAO	reference_singlet	Endothelial	Col4a1	0.943385955361994	0.943385955361994	0.8660860097985762	9.999999999999911	9.949818873567429	2.0439325401755486	2.0957306077892937
GSE245386	GSM7841723	MCAO	reference_singlet	Endothelial	Itga3	0.3195427327163828	0.3195427327163828	0.1105062602068585	0.5383777898747926	0.5373577205910453	0.2713151169363746	0.282697115960128
GSE245386	GSM7841724	MCAO	primary	Astrocyte	Slc1a2	0.993016759776544	0.993016759776544	0.9455307262569904	84.60055865921782	82.62474462351985	4.435589888822508	4.459690640426334
GSE245386	GSM7841724	MCAO	primary	Astrocyte	Slc1a3	0.97067039106146	0.97067039106146	0.9092178770949788	27.413407821229036	26.5609431470208	3.286846608711536	3.3871999943406297
GSE245386	GSM7841724	MCAO	primary	Astrocyte	Aldh1l1	0.652234636871513	0.652234636871513	0.41201117318436	1.789106145251405	1.7362457460210288	0.8468271288402357	0.8872281984162989
GSE245386	GSM7841724	MCAO	primary	Astrocyte	Pecam1	0.1298882681564245	0.1298882681564245	0.0041899441340782	0.1927374301675979	0.0224342826931218	0.1166528809139381	0.0147988088396145
GSE245386	GSM7841724	MCAO	primary	Astrocyte	Cdh5	0.0418994413407821	0.0418994413407821	0.0041899441340782	0.0516759776536312	0.015502450120304	0.0455343927691022	0.0184481421471455
GSE245386	GSM7841724	MCAO	primary	Astrocyte	Kdr	0.0335195530726256	0.0335195530726256	0.0013966480446927	0.0418994413407821	0.0041728310846609	0.0318039134605591	0.0043790027505855
GSE245386	GSM7841724	MCAO	primary	Astrocyte	Ptprc	0.2122905027932967	0.2122905027932967	0.0125698324022346	0.5600558659217889	0.0907470573797083	0.2049797304872611	0.0351436513074841
GSE245386	GSM7841724	MCAO	primary	Astrocyte	Tyrobp	0.2974860335195545	0.2974860335195545	0.0111731843575419	0.6773743016759801	0.135111243363893	0.3238647651509225	0.0329569264413784
GSE245386	GSM7841724	MCAO	primary	Astrocyte	C1qa	0.674581005586597	0.674581005586597	0.0139664804469273	2.789106145251408	0.5730718170581499	0.942639526235892	0.0618814822500518
GSE245386	GSM7841724	MCAO	primary	Astrocyte	Lyz2	0.074022346368715	0.074022346368715	0.0013966480446927	0.1033519553072625	0.0050645266963043	0.0698532251368231	0.0040860088490578
GSE245386	GSM7841724	MCAO	primary	Astrocyte	Spp1	0.1019553072625697	0.1019553072625697	0.0027932960893854	0.1703910614525141	0.0496249143076043	0.1016663006721646	0.0324621888613387
GSE245386	GSM7841724	MCAO	primary	Astrocyte	Timp3	0.6717877094972114	0.6717877094972114	0.4259776536312875	2.256983240223474	1.901739071103988	0.9474668199030404	0.9190345319974824
GSE245386	GSM7841724	MCAO	primary	Astrocyte	Ptn	0.9217877094972136	0.9217877094972136	0.8058659217877154	11.970670391061422	10.98259564289275	2.3695741766546448	2.41477162806689
GSE245386	GSM7841724	MCAO	primary	Astrocyte	Plat	0.216480446927375	0.216480446927375	0.0125698324022346	0.3994413407821237	0.1138978710950834	0.2344499049697308	0.0982163631441959
GSE245386	GSM7841724	MCAO	primary	Astrocyte	Ptprz1	0.9162011173184428	0.9162011173184428	0.8379888268156487	14.505586592178735	14.15193244897345	2.578376735139418	2.662130920098791
GSE245386	GSM7841724	MCAO	primary	Astrocyte	Lrp1	0.6675977653631332	0.6675977653631332	0.4357541899441367	1.716480446927383	1.602612140055692	0.857607433178152	0.8915786873998295
GSE245386	GSM7841724	MCAO	primary	Astrocyte	Itga5	0.0544692737430167	0.0544692737430167	0.0	0.074022346368715	0.0139563158429586	0.0387216192105942	0.0141150579449405
GSE245386	GSM7841724	MCAO	primary	Astrocyte	Itgb1	0.417597765363131	0.417597765363131	0.1745810055865925	0.8589385474860364	0.5748857987116234	0.4272500967625205	0.3738411986218528
GSE245386	GSM7841724	MCAO	primary	Astrocyte	Col4a1	0.3756983240223485	0.3756983240223485	0.1522346368715085	0.7569832402234659	0.6120472017009319	0.4036202211346016	0.3868892796894425
GSE245386	GSM7841724	MCAO	primary	Astrocyte	Itga3	0.020949720670391	0.020949720670391	0.0027932960893854	0.0237430167597765	0.0142139186561995	0.0154121110879693	0.0131478567799096
GSE245386	GSM7841724	MCAO	primary	Endothelial	Slc1a2	0.3060083837913346	0.3060083837913346	0.0	0.4354913833255658	2.60794536951746e-07	0.3276060008226145	4.176189681879042e-07
GSE245386	GSM7841724	MCAO	primary	Endothelial	Slc1a3	0.1513740102468566	0.1513740102468566	0.0027945971122496	0.1932929669306014	0.0100505784853831	0.1345928315172391	0.0050481591823803
GSE245386	GSM7841724	MCAO	primary	Endothelial	Aldh1l1	0.0083837913367489	0.0083837913367489	0.0	0.0083837913367489	1.9319778117487628e-16	0.0078805339657586	3.1797573533927396e-16
GSE245386	GSM7841724	MCAO	primary	Endothelial	Pecam1	0.9347927340475234	0.9347927340475234	0.8211457848160303	7.275267815556513	7.213367923765098	2.095390301654262	2.1555117544409
GSE245386	GSM7841724	MCAO	primary	Endothelial	Cdh5	0.7890079180251572	0.7890079180251572	0.528644620400548	2.5975780158360244	2.572640459523349	1.2140270657913046	1.2590582353307131
GSE245386	GSM7841724	MCAO	primary	Endothelial	Kdr	0.6394969725197913	0.6394969725197913	0.3837913367489456	1.6721006054960228	1.6500278121877752	0.883549483847966	0.9153874233618148
GSE245386	GSM7841724	MCAO	primary	Endothelial	Ptprc	0.1858407079646024	0.1858407079646024	0.0083837913367489	0.3758733115975753	0.1032336673648742	0.176812323781976	0.0202012163318521
GSE245386	GSM7841724	MCAO	primary	Endothelial	Tyrobp	0.2799254774103393	0.2799254774103393	0.007918025151374	0.4816022356776849	0.0806633314888816	0.2997560307488937	0.0190389696473348
GSE245386	GSM7841724	MCAO	primary	Endothelial	C1qa	0.6753609687936641	0.6753609687936641	0.0088495575221238	2.156497438285953	0.3860076336826921	0.9138178218175508	0.0311910961511557
GSE245386	GSM7841724	MCAO	primary	Endothelial	Lyz2	0.0768514205868655	0.0768514205868655	0.0018630647414997	0.0945505356311133	0.0089816578347362	0.0658965967160074	0.0039630784613361
GSE245386	GSM7841724	MCAO	primary	Endothelial	Spp1	0.089892873777364	0.089892873777364	0.0032603632976245	0.1117838844899863	0.0474922741079787	0.0789528310014961	0.0481031443544132
GSE245386	GSM7841724	MCAO	primary	Endothelial	Timp3	0.8407079646017791	0.8407079646017791	0.7168141592920366	9.366557987889989	9.205964741056489	1.9294027224054275	1.9730953589950693
GSE245386	GSM7841724	MCAO	primary	Endothelial	Ptn	0.5076851420586743	0.5076851420586743	0.2622263623660925	1.2421984163949602	0.8958770388780769	0.6695303467021628	0.5808081615373756
GSE245386	GSM7841724	MCAO	primary	Endothelial	Plat	0.8737773637634021	0.8737773637634021	0.7447601304145349	8.904517931998056	8.799035555265702	2.0427917936282998	2.094390448411572
GSE245386	GSM7841724	MCAO	primary	Endothelial	Ptprz1	0.0940847694457385	0.0940847694457385	0.0	0.1029343269678624	5.606043767582535e-07	0.0858343446446374	8.496663111314989e-07
GSE245386	GSM7841724	MCAO	primary	Endothelial	Lrp1	0.0610153702841174	0.0610153702841174	0.0041918956683744	0.0880298090358641	0.0142215530751028	0.0537077970555495	0.0080661583955512
GSE245386	GSM7841724	MCAO	primary	Endothelial	Itga5	0.2012109920819756	0.2012109920819756	0.0535631113181183	0.3008849557522119	0.2692379841683293	0.1810842094759007	0.1793146860072668
GSE245386	GSM7841724	MCAO	primary	Endothelial	Itgb1	0.7526781555659094	0.7526781555659094	0.5263157894736732	2.587796925943154	2.4480051228352795	1.157500512891951	1.1765726932352532
GSE245386	GSM7841724	MCAO	primary	Endothelial	Col4a1	0.8481602235677786	0.8481602235677786	0.6874708896134134	4.63809967396363	4.548466537919827	1.624673688515591	1.6680313704092424
GSE245386	GSM7841724	MCAO	primary	Endothelial	Itga3	0.2240335351653478	0.2240335351653478	0.0591523055426177	0.3176525384257093	0.3141821617750183	0.2200854493998468	0.2297082754518208
GSE245386	GSM7841724	MCAO	reference_singlet	Astrocyte	Slc1a2	1.000000000000005	1.000000000000005	0.9965694682675866	95.7581475128644	95.74360510057426	4.577367671976636	4.71519664034848
GSE245386	GSM7841724	MCAO	reference_singlet	Astrocyte	Slc1a3	0.993138936535168	0.993138936535168	0.9656946826758194	30.44253859348204	30.32855616917677	3.4246268923878973	3.553931068626301
GSE245386	GSM7841724	MCAO	reference_singlet	Astrocyte	Aldh1l1	0.7221269296740999	0.7221269296740999	0.4802744425385903	2.025728987993134	2.019591662606792	0.9362867542567376	0.9904891348240684
GSE245386	GSM7841724	MCAO	reference_singlet	Astrocyte	Pecam1	0.1149228130360206	0.1149228130360206	0.0	0.1457975986277874	3.0211007799724335e-07	0.0985686975312559	3.6670849650452843e-07
GSE245386	GSM7841724	MCAO	reference_singlet	Astrocyte	Cdh5	0.0308747855917667	0.0308747855917667	0.0	0.0325900514579759	1.6263462754982835e-16	0.027433352359474	2.22958368122328e-16
GSE245386	GSM7841724	MCAO	reference_singlet	Astrocyte	Kdr	0.0274442538593481	0.0274442538593481	0.0	0.0291595197255574	2.195301076971497e-07	0.0211282685551827	2.502227804586624e-07
GSE245386	GSM7841724	MCAO	reference_singlet	Astrocyte	Ptprc	0.1921097770154375	0.1921097770154375	0.0	0.2933104631217835	1.1378463145599503e-16	0.1513266561137708	1.2115315191261704e-16
GSE245386	GSM7841724	MCAO	reference_singlet	Astrocyte	Tyrobp	0.2795883361921096	0.2795883361921096	0.0	0.4699828473413371	0.0001262817890698	0.2572791544397523	0.0001489699894358
GSE245386	GSM7841724	MCAO	reference_singlet	Astrocyte	C1qa	0.6912521440823326	0.6912521440823326	0.0	1.897084048027439	7.429305342557067e-08	0.8541254692385767	8.820134324797944e-08
GSE245386	GSM7841724	MCAO	reference_singlet	Astrocyte	Lyz2	0.0754716981132075	0.0754716981132075	0.0	0.104631217838765	2.7913006908762325e-10	0.073109402359368	4.044882024891141e-10
GSE245386	GSM7841724	MCAO	reference_singlet	Astrocyte	Spp1	0.1012006861063465	0.1012006861063465	0.0	0.1492281303602059	0.0244563619883999	0.0851876316141919	0.0246811591502729
GSE245386	GSM7841724	MCAO	reference_singlet	Astrocyte	Timp3	0.7324185248713556	0.7324185248713556	0.4922813036020549	2.457975986277868	2.1714250187962065	1.0272629846410957	1.0163087463490703
GSE245386	GSM7841724	MCAO	reference_singlet	Astrocyte	Ptn	0.93996569468268	0.93996569468268	0.8559176672384247	13.210977701543726	12.656097799661358	2.4056828504459014	2.4817484775686416
GSE245386	GSM7841724	MCAO	reference_singlet	Astrocyte	Plat	0.1955403087478561	0.1955403087478561	0.0051457975986277	0.3224699828473411	0.0688032653841297	0.1703118474378641	0.0631789514878862
GSE245386	GSM7841724	MCAO	reference_singlet	Astrocyte	Ptprz1	0.9656946826758194	0.9656946826758194	0.9228130360205872	15.840480274442513	15.799416010053347	2.744007327289165	2.8596794770818463
GSE245386	GSM7841724	MCAO	reference_singlet	Astrocyte	Lrp1	0.7324185248713556	0.7324185248713556	0.4922813036020549	1.8730703259005093	1.8016801521132424	0.938584982487529	0.9754246428693591
GSE245386	GSM7841724	MCAO	reference_singlet	Astrocyte	Itga5	0.0445969125214408	0.0445969125214408	0.0	0.0480274442538593	0.0105140905706215	0.031195753806868	0.0099791254840046
GSE245386	GSM7841724	MCAO	reference_singlet	Astrocyte	Itgb1	0.4219554030874762	0.4219554030874762	0.1680960548885078	0.735849056603773	0.5229212844056329	0.4075881461092845	0.3542442402161335
GSE245386	GSM7841724	MCAO	reference_singlet	Astrocyte	Col4a1	0.41337907375643	0.41337907375643	0.1715265866209264	0.8044596912521441	0.6656262586161089	0.4304884028251591	0.4093990683281779
GSE245386	GSM7841724	MCAO	reference_singlet	Astrocyte	Itga3	0.0188679245283018	0.0188679245283018	0.0017152658662092	0.0205831903945111	0.0132597469776911	0.0146782422367943	0.0117851074044949
GSE245386	GSM7841724	MCAO	reference_singlet	Endothelial	Slc1a2	0.3116490166414546	0.3116490166414546	0.0	0.4412506303580463	2.74911589116696e-07	0.3246253981263275	4.1436613161634884e-07
GSE245386	GSM7841724	MCAO	reference_singlet	Endothelial	Slc1a3	0.1477559253656084	0.1477559253656084	0.0	0.1684316691880996	3.064990930364196e-12	0.1287996099093906	4.205009498851952e-12
GSE245386	GSM7841724	MCAO	reference_singlet	Endothelial	Aldh1l1	0.0085728693898134	0.0085728693898134	0.0	0.0085728693898134	2.0576797476195332e-16	0.0071820000595571	2.8620273267207847e-16
GSE245386	GSM7841724	MCAO	reference_singlet	Endothelial	Pecam1	0.9460413514876534	0.9460413514876534	0.851739788199705	7.573373676248171	7.570334357173968	2.121345424315269	2.1896257175388447
GSE245386	GSM7841724	MCAO	reference_singlet	Endothelial	Cdh5	0.8124054462935019	0.8124054462935019	0.5567322239031817	2.7170953101361786	2.716855645283575	1.2470387171042774	1.2980229913993144
GSE245386	GSM7841724	MCAO	reference_singlet	Endothelial	Kdr	0.6545637922339945	0.6545637922339945	0.4054462934947082	1.7387796268280518	1.738140289043386	0.8978404569129149	0.9349543552798958
GSE245386	GSM7841724	MCAO	reference_singlet	Endothelial	Ptprc	0.1810388300554725	0.1810388300554725	0.0	0.2022188603126586	1.0404242910874836e-16	0.1553893313662771	1.3943799453797972e-16
GSE245386	GSM7841724	MCAO	reference_singlet	Endothelial	Tyrobp	0.275340393343421	0.275340393343421	0.0	0.373676248108928	1.6344613143408607e-06	0.2749203028315402	2.353449425249768e-06
GSE245386	GSM7841724	MCAO	reference_singlet	Endothelial	C1qa	0.6883509833585536	0.6883509833585536	0.0	1.598587997982866	1.498617836863426e-08	0.8870614243698673	2.0468307174011332e-08
GSE245386	GSM7841724	MCAO	reference_singlet	Endothelial	Lyz2	0.0736258194654564	0.0736258194654564	0.0	0.0801815431164902	2.857212734227832e-07	0.0632605491978314	3.8873386419780236e-07
GSE245386	GSM7841724	MCAO	reference_singlet	Endothelial	Spp1	0.0937972768532528	0.0937972768532528	0.0030257186081694	0.1124558749369644	0.049692605737875	0.0816889871792438	0.0500338850287899
GSE245386	GSM7841724	MCAO	reference_singlet	Endothelial	Timp3	0.8542612203731795	0.8542612203731795	0.7423096318709091	9.76500252143212	9.687533637661604	1.9579097958482827	2.011274533552844
GSE245386	GSM7841724	MCAO	reference_singlet	Endothelial	Ptn	0.5219364599092328	0.5219364599092328	0.2783661119515905	1.297528996470004	0.953050697792292	0.6828015412294615	0.5962708736577392
GSE245386	GSM7841724	MCAO	reference_singlet	Endothelial	Plat	0.8890569843671284	0.8890569843671284	0.7725668179526038	9.320221886031222	9.268732315327536	2.0792339883004494	2.137415887510907
GSE245386	GSM7841724	MCAO	reference_singlet	Endothelial	Ptprz1	0.0973272818961172	0.0973272818961172	0.0	0.1059001512859306	5.998258672475356e-07	0.0872216362698969	8.782929813978233e-07
GSE245386	GSM7841724	MCAO	reference_singlet	Endothelial	Lrp1	0.0499243570347957	0.0499243570347957	0.0	0.0569843671205244	3.1050602112734924e-11	0.0422193517944236	4.2594293486225587e-11
GSE245386	GSM7841724	MCAO	reference_singlet	Endothelial	Itga5	0.2052445789208283	0.2052445789208283	0.0529500756429651	0.2970247100353015	0.270920305255688	0.1799639173840602	0.1779255761934559
GSE245386	GSM7841724	MCAO	reference_singlet	Endothelial	Itgb1	0.7700453857791293	0.7700453857791293	0.5370650529500801	2.646495209278892	2.537791723243715	1.1711340653408324	1.1901558566332573
GSE245386	GSM7841724	MCAO	reference_singlet	Endothelial	Col4a1	0.8673726676752472	0.8673726676752472	0.7175995965708585	4.830055471507856	4.796045741540257	1.6568257204930303	1.7100372953440142
GSE245386	GSM7841724	MCAO	reference_singlet	Endothelial	Itga3	0.2279374684820993	0.2279374684820993	0.0615229450327785	0.3257690368129113	0.3247221220510267	0.2195822553457787	0.2300391759843722
