dataset	sample	condition	distribution	bin_left	bin_right	n_scores	total_scores	fraction_per_bin
GSE174574	GSM5319987	Sham	Observed	0.0	0.0125	787	8753	0.08991203016108763
GSE174574	GSM5319987	Sham	Observed	0.0125	0.025	1265	8753	0.14452187821318405
GSE174574	GSM5319987	Sham	Observed	0.025	0.037500000000000006	1659	8753	0.1895350165657489
GSE174574	GSM5319987	Sham	Observed	0.037500000000000006	0.05	1383	8753	0.1580029704101451
GSE174574	GSM5319987	Sham	Observed	0.05	0.0625	1078	8753	0.12315777447732205
GSE174574	GSM5319987	Sham	Observed	0.0625	0.07500000000000001	671	8753	0.07665943105221067
GSE174574	GSM5319987	Sham	Observed	0.07500000000000001	0.08750000000000001	638	8753	0.07288929509882326
GSE174574	GSM5319987	Sham	Observed	0.08750000000000001	0.1	325	8753	0.037130126813663886
GSE174574	GSM5319987	Sham	Observed	0.1	0.1125	246	8753	0.02810464983434251
GSE174574	GSM5319987	Sham	Observed	0.1125	0.125	125	8753	0.01428081800525534
GSE174574	GSM5319987	Sham	Observed	0.125	0.1375	112	8753	0.012795612932708785
GSE174574	GSM5319987	Sham	Observed	0.1375	0.15000000000000002	82	8753	0.009368216611447504
GSE174574	GSM5319987	Sham	Observed	0.15000000000000002	0.1625	25	8753	0.0028561636010510684
GSE174574	GSM5319987	Sham	Observed	0.1625	0.17500000000000002	51	8753	0.005826573746144179
GSE174574	GSM5319987	Sham	Observed	0.17500000000000002	0.1875	17	8753	0.0019421912487147263
GSE174574	GSM5319987	Sham	Observed	0.1875	0.2	13	8753	0.0014852050725465554
GSE174574	GSM5319987	Sham	Observed	0.2	0.21250000000000002	15	8753	0.001713698160630641
GSE174574	GSM5319987	Sham	Observed	0.21250000000000002	0.225	10	8753	0.0011424654404204272
GSE174574	GSM5319987	Sham	Observed	0.225	0.23750000000000002	0	8753	0.0
GSE174574	GSM5319987	Sham	Observed	0.23750000000000002	0.25	11	8753	0.00125671198446247
GSE174574	GSM5319987	Sham	Observed	0.25	0.2625	12	8753	0.0013709585285045128
GSE174574	GSM5319987	Sham	Observed	0.2625	0.275	0	8753	0.0
GSE174574	GSM5319987	Sham	Observed	0.275	0.28750000000000003	21	8753	0.0023991774248828973
GSE174574	GSM5319987	Sham	Observed	0.28750000000000003	0.30000000000000004	0	8753	0.0
GSE174574	GSM5319987	Sham	Observed	0.30000000000000004	0.3125	21	8753	0.0023991774248828973
GSE174574	GSM5319987	Sham	Observed	0.3125	0.325	0	8753	0.0
GSE174574	GSM5319987	Sham	Observed	0.325	0.3375	0	8753	0.0
GSE174574	GSM5319987	Sham	Observed	0.3375	0.35000000000000003	35	8753	0.003998629041471496
GSE174574	GSM5319987	Sham	Observed	0.35000000000000003	0.36250000000000004	0	8753	0.0
GSE174574	GSM5319987	Sham	Observed	0.36250000000000004	0.375	0	8753	0.0
GSE174574	GSM5319987	Sham	Observed	0.375	0.3875	45	8753	0.005141094481891923
GSE174574	GSM5319987	Sham	Observed	0.3875	0.4	0	8753	0.0
GSE174574	GSM5319987	Sham	Observed	0.4	0.41250000000000003	0	8753	0.0
GSE174574	GSM5319987	Sham	Observed	0.41250000000000003	0.42500000000000004	50	8753	0.005712327202102137
GSE174574	GSM5319987	Sham	Observed	0.42500000000000004	0.4375	0	8753	0.0
GSE174574	GSM5319987	Sham	Observed	0.4375	0.45	0	8753	0.0
GSE174574	GSM5319987	Sham	Observed	0.45	0.4625	0	8753	0.0
GSE174574	GSM5319987	Sham	Observed	0.4625	0.47500000000000003	0	8753	0.0
GSE174574	GSM5319987	Sham	Observed	0.47500000000000003	0.48750000000000004	27	8753	0.0030846566891351537
GSE174574	GSM5319987	Sham	Observed	0.48750000000000004	0.5	0	8753	0.0
GSE174574	GSM5319987	Sham	Observed	0.5	0.5125000000000001	0	8753	0.0
GSE174574	GSM5319987	Sham	Observed	0.5125000000000001	0.525	0	8753	0.0
GSE174574	GSM5319987	Sham	Observed	0.525	0.5375	0	8753	0.0
GSE174574	GSM5319987	Sham	Observed	0.5375	0.55	0	8753	0.0
GSE174574	GSM5319987	Sham	Observed	0.55	0.5625	17	8753	0.0019421912487147263
GSE174574	GSM5319987	Sham	Observed	0.5625	0.5750000000000001	0	8753	0.0
GSE174574	GSM5319987	Sham	Observed	0.5750000000000001	0.5875	0	8753	0.0
GSE174574	GSM5319987	Sham	Observed	0.5875	0.6000000000000001	0	8753	0.0
GSE174574	GSM5319987	Sham	Observed	0.6000000000000001	0.6125	0	8753	0.0
GSE174574	GSM5319987	Sham	Observed	0.6125	0.625	0	8753	0.0
GSE174574	GSM5319987	Sham	Observed	0.625	0.6375000000000001	0	8753	0.0
GSE174574	GSM5319987	Sham	Observed	0.6375000000000001	0.65	12	8753	0.0013709585285045128
GSE174574	GSM5319987	Sham	Observed	0.65	0.6625000000000001	0	8753	0.0
GSE174574	GSM5319987	Sham	Observed	0.6625000000000001	0.675	0	8753	0.0
GSE174574	GSM5319987	Sham	Observed	0.675	0.6875	0	8753	0.0
GSE174574	GSM5319987	Sham	Observed	0.6875	0.7000000000000001	0	8753	0.0
GSE174574	GSM5319987	Sham	Observed	0.7000000000000001	0.7125	0	8753	0.0
GSE174574	GSM5319987	Sham	Observed	0.7125	0.7250000000000001	0	8753	0.0
GSE174574	GSM5319987	Sham	Observed	0.7250000000000001	0.7375	0	8753	0.0
GSE174574	GSM5319987	Sham	Observed	0.7375	0.75	0	8753	0.0
GSE174574	GSM5319987	Sham	Simulated	0.0	0.0125	70	17506	0.003998629041471496
GSE174574	GSM5319987	Sham	Simulated	0.0125	0.025	253	17506	0.014452187821318406
GSE174574	GSM5319987	Sham	Simulated	0.025	0.037500000000000006	531	17506	0.030332457443162344
GSE174574	GSM5319987	Sham	Simulated	0.037500000000000006	0.05	794	17506	0.045355877984690963
GSE174574	GSM5319987	Sham	Simulated	0.05	0.0625	964	17506	0.0550668342282646
GSE174574	GSM5319987	Sham	Simulated	0.0625	0.07500000000000001	869	17506	0.04964012338626757
GSE174574	GSM5319987	Sham	Simulated	0.07500000000000001	0.08750000000000001	1028	17506	0.05872272363760996
GSE174574	GSM5319987	Sham	Simulated	0.08750000000000001	0.1	677	17506	0.038672455158231464
GSE174574	GSM5319987	Sham	Simulated	0.1	0.1125	824	17506	0.047069576145321604
GSE174574	GSM5319987	Sham	Simulated	0.1125	0.125	461	17506	0.026333828401690847
GSE174574	GSM5319987	Sham	Simulated	0.125	0.1375	522	17506	0.02981834799497315
GSE174574	GSM5319987	Sham	Simulated	0.1375	0.15000000000000002	443	17506	0.025305609505312465
GSE174574	GSM5319987	Sham	Simulated	0.15000000000000002	0.1625	227	17506	0.01296698274877185
GSE174574	GSM5319987	Sham	Simulated	0.1625	0.17500000000000002	438	17506	0.025019993145207357
GSE174574	GSM5319987	Sham	Simulated	0.17500000000000002	0.1875	184	17506	0.01051068205186793
GSE174574	GSM5319987	Sham	Simulated	0.1875	0.2	190	17506	0.01085342168399406
GSE174574	GSM5319987	Sham	Simulated	0.2	0.21250000000000002	191	17506	0.01091054495601508
GSE174574	GSM5319987	Sham	Simulated	0.21250000000000002	0.225	201	17506	0.011481777676225295
GSE174574	GSM5319987	Sham	Simulated	0.225	0.23750000000000002	0	17506	0.0
GSE174574	GSM5319987	Sham	Simulated	0.23750000000000002	0.25	224	17506	0.012795612932708785
GSE174574	GSM5319987	Sham	Simulated	0.25	0.2625	352	17506	0.02010739175139952
GSE174574	GSM5319987	Sham	Simulated	0.2625	0.275	0	17506	0.0
GSE174574	GSM5319987	Sham	Simulated	0.275	0.28750000000000003	470	17506	0.02684793784988004
GSE174574	GSM5319987	Sham	Simulated	0.28750000000000003	0.30000000000000004	0	17506	0.0
GSE174574	GSM5319987	Sham	Simulated	0.30000000000000004	0.3125	657	17506	0.03752998971781104
GSE174574	GSM5319987	Sham	Simulated	0.3125	0.325	0	17506	0.0
GSE174574	GSM5319987	Sham	Simulated	0.325	0.3375	0	17506	0.0
GSE174574	GSM5319987	Sham	Simulated	0.3375	0.35000000000000003	1070	17506	0.06112190106249286
GSE174574	GSM5319987	Sham	Simulated	0.35000000000000003	0.36250000000000004	0	17506	0.0
GSE174574	GSM5319987	Sham	Simulated	0.36250000000000004	0.375	0	17506	0.0
GSE174574	GSM5319987	Sham	Simulated	0.375	0.3875	1286	17506	0.07346052781903348
GSE174574	GSM5319987	Sham	Simulated	0.3875	0.4	0	17506	0.0
GSE174574	GSM5319987	Sham	Simulated	0.4	0.41250000000000003	0	17506	0.0
GSE174574	GSM5319987	Sham	Simulated	0.41250000000000003	0.42500000000000004	1647	17506	0.09408202901862218
GSE174574	GSM5319987	Sham	Simulated	0.42500000000000004	0.4375	0	17506	0.0
GSE174574	GSM5319987	Sham	Simulated	0.4375	0.45	0	17506	0.0
GSE174574	GSM5319987	Sham	Simulated	0.45	0.4625	0	17506	0.0
GSE174574	GSM5319987	Sham	Simulated	0.4625	0.47500000000000003	0	17506	0.0
GSE174574	GSM5319987	Sham	Simulated	0.47500000000000003	0.48750000000000004	1314	17506	0.07505997943562208
GSE174574	GSM5319987	Sham	Simulated	0.48750000000000004	0.5	0	17506	0.0
GSE174574	GSM5319987	Sham	Simulated	0.5	0.5125000000000001	0	17506	0.0
GSE174574	GSM5319987	Sham	Simulated	0.5125000000000001	0.525	0	17506	0.0
GSE174574	GSM5319987	Sham	Simulated	0.525	0.5375	0	17506	0.0
GSE174574	GSM5319987	Sham	Simulated	0.5375	0.55	0	17506	0.0
GSE174574	GSM5319987	Sham	Simulated	0.55	0.5625	1117	17506	0.06380669484748086
GSE174574	GSM5319987	Sham	Simulated	0.5625	0.5750000000000001	0	17506	0.0
GSE174574	GSM5319987	Sham	Simulated	0.5750000000000001	0.5875	0	17506	0.0
GSE174574	GSM5319987	Sham	Simulated	0.5875	0.6000000000000001	0	17506	0.0
GSE174574	GSM5319987	Sham	Simulated	0.6000000000000001	0.6125	0	17506	0.0
GSE174574	GSM5319987	Sham	Simulated	0.6125	0.625	0	17506	0.0
GSE174574	GSM5319987	Sham	Simulated	0.625	0.6375000000000001	0	17506	0.0
GSE174574	GSM5319987	Sham	Simulated	0.6375000000000001	0.65	502	17506	0.028675882554552726
GSE174574	GSM5319987	Sham	Simulated	0.65	0.6625000000000001	0	17506	0.0
GSE174574	GSM5319987	Sham	Simulated	0.6625000000000001	0.675	0	17506	0.0
GSE174574	GSM5319987	Sham	Simulated	0.675	0.6875	0	17506	0.0
GSE174574	GSM5319987	Sham	Simulated	0.6875	0.7000000000000001	0	17506	0.0
GSE174574	GSM5319987	Sham	Simulated	0.7000000000000001	0.7125	0	17506	0.0
GSE174574	GSM5319987	Sham	Simulated	0.7125	0.7250000000000001	0	17506	0.0
GSE174574	GSM5319987	Sham	Simulated	0.7250000000000001	0.7375	0	17506	0.0
GSE174574	GSM5319987	Sham	Simulated	0.7375	0.75	0	17506	0.0
GSE174574	GSM5319988	Sham	Observed	0.0	0.0125	768	8512	0.09022556390977443
GSE174574	GSM5319988	Sham	Observed	0.0125	0.025	1158	8512	0.13604323308270677
GSE174574	GSM5319988	Sham	Observed	0.025	0.037500000000000006	1408	8512	0.16541353383458646
GSE174574	GSM5319988	Sham	Observed	0.037500000000000006	0.05	1409	8512	0.165531015037594
GSE174574	GSM5319988	Sham	Observed	0.05	0.0625	953	8512	0.11195958646616541
GSE174574	GSM5319988	Sham	Observed	0.0625	0.07500000000000001	737	8512	0.08658364661654136
GSE174574	GSM5319988	Sham	Observed	0.07500000000000001	0.08750000000000001	575	8512	0.06755169172932331
GSE174574	GSM5319988	Sham	Observed	0.08750000000000001	0.1	468	8512	0.0549812030075188
GSE174574	GSM5319988	Sham	Observed	0.1	0.1125	201	8512	0.023613721804511278
GSE174574	GSM5319988	Sham	Observed	0.1125	0.125	222	8512	0.026080827067669173
GSE174574	GSM5319988	Sham	Observed	0.125	0.1375	100	8512	0.011748120300751879
GSE174574	GSM5319988	Sham	Observed	0.1375	0.15000000000000002	46	8512	0.005404135338345864
GSE174574	GSM5319988	Sham	Observed	0.15000000000000002	0.1625	70	8512	0.008223684210526315
GSE174574	GSM5319988	Sham	Observed	0.1625	0.17500000000000002	27	8512	0.0031719924812030073
GSE174574	GSM5319988	Sham	Observed	0.17500000000000002	0.1875	25	8512	0.0029370300751879698
GSE174574	GSM5319988	Sham	Observed	0.1875	0.2	27	8512	0.0031719924812030073
GSE174574	GSM5319988	Sham	Observed	0.2	0.21250000000000002	15	8512	0.0017622180451127819
GSE174574	GSM5319988	Sham	Observed	0.21250000000000002	0.225	13	8512	0.0015272556390977443
GSE174574	GSM5319988	Sham	Observed	0.225	0.23750000000000002	19	8512	0.002232142857142857
GSE174574	GSM5319988	Sham	Observed	0.23750000000000002	0.25	0	8512	0.0
GSE174574	GSM5319988	Sham	Observed	0.25	0.2625	23	8512	0.002702067669172932
GSE174574	GSM5319988	Sham	Observed	0.2625	0.275	0	8512	0.0
GSE174574	GSM5319988	Sham	Observed	0.275	0.28750000000000003	34	8512	0.003994360902255639
GSE174574	GSM5319988	Sham	Observed	0.28750000000000003	0.30000000000000004	0	8512	0.0
GSE174574	GSM5319988	Sham	Observed	0.30000000000000004	0.3125	45	8512	0.005286654135338346
GSE174574	GSM5319988	Sham	Observed	0.3125	0.325	0	8512	0.0
GSE174574	GSM5319988	Sham	Observed	0.325	0.3375	49	8512	0.005756578947368421
GSE174574	GSM5319988	Sham	Observed	0.3375	0.35000000000000003	0	8512	0.0
GSE174574	GSM5319988	Sham	Observed	0.35000000000000003	0.36250000000000004	0	8512	0.0
GSE174574	GSM5319988	Sham	Observed	0.36250000000000004	0.375	51	8512	0.005991541353383458
GSE174574	GSM5319988	Sham	Observed	0.375	0.3875	0	8512	0.0
GSE174574	GSM5319988	Sham	Observed	0.3875	0.4	0	8512	0.0
GSE174574	GSM5319988	Sham	Observed	0.4	0.41250000000000003	0	8512	0.0
GSE174574	GSM5319988	Sham	Observed	0.41250000000000003	0.42500000000000004	33	8512	0.00387687969924812
GSE174574	GSM5319988	Sham	Observed	0.42500000000000004	0.4375	0	8512	0.0
GSE174574	GSM5319988	Sham	Observed	0.4375	0.45	0	8512	0.0
GSE174574	GSM5319988	Sham	Observed	0.45	0.4625	0	8512	0.0
GSE174574	GSM5319988	Sham	Observed	0.4625	0.47500000000000003	23	8512	0.002702067669172932
GSE174574	GSM5319988	Sham	Observed	0.47500000000000003	0.48750000000000004	0	8512	0.0
GSE174574	GSM5319988	Sham	Observed	0.48750000000000004	0.5	0	8512	0.0
GSE174574	GSM5319988	Sham	Observed	0.5	0.5125000000000001	0	8512	0.0
GSE174574	GSM5319988	Sham	Observed	0.5125000000000001	0.525	0	8512	0.0
GSE174574	GSM5319988	Sham	Observed	0.525	0.5375	0	8512	0.0
GSE174574	GSM5319988	Sham	Observed	0.5375	0.55	11	8512	0.0012922932330827067
GSE174574	GSM5319988	Sham	Observed	0.55	0.5625	0	8512	0.0
GSE174574	GSM5319988	Sham	Observed	0.5625	0.5750000000000001	0	8512	0.0
GSE174574	GSM5319988	Sham	Observed	0.5750000000000001	0.5875	0	8512	0.0
GSE174574	GSM5319988	Sham	Observed	0.5875	0.6000000000000001	0	8512	0.0
GSE174574	GSM5319988	Sham	Observed	0.6000000000000001	0.6125	0	8512	0.0
GSE174574	GSM5319988	Sham	Observed	0.6125	0.625	0	8512	0.0
GSE174574	GSM5319988	Sham	Observed	0.625	0.6375000000000001	0	8512	0.0
GSE174574	GSM5319988	Sham	Observed	0.6375000000000001	0.65	2	8512	0.00023496240601503758
GSE174574	GSM5319988	Sham	Observed	0.65	0.6625000000000001	0	8512	0.0
GSE174574	GSM5319988	Sham	Observed	0.6625000000000001	0.675	0	8512	0.0
GSE174574	GSM5319988	Sham	Observed	0.675	0.6875	0	8512	0.0
GSE174574	GSM5319988	Sham	Observed	0.6875	0.7000000000000001	0	8512	0.0
GSE174574	GSM5319988	Sham	Observed	0.7000000000000001	0.7125	0	8512	0.0
GSE174574	GSM5319988	Sham	Observed	0.7125	0.7250000000000001	0	8512	0.0
GSE174574	GSM5319988	Sham	Observed	0.7250000000000001	0.7375	0	8512	0.0
GSE174574	GSM5319988	Sham	Observed	0.7375	0.75	0	8512	0.0
GSE174574	GSM5319988	Sham	Simulated	0.0	0.0125	63	17024	0.003700657894736842
GSE174574	GSM5319988	Sham	Simulated	0.0125	0.025	245	17024	0.014391447368421052
GSE174574	GSM5319988	Sham	Simulated	0.025	0.037500000000000006	468	17024	0.0274906015037594
GSE174574	GSM5319988	Sham	Simulated	0.037500000000000006	0.05	723	17024	0.042469454887218046
GSE174574	GSM5319988	Sham	Simulated	0.05	0.0625	847	17024	0.04975328947368421
GSE174574	GSM5319988	Sham	Simulated	0.0625	0.07500000000000001	858	17024	0.05039943609022556
GSE174574	GSM5319988	Sham	Simulated	0.07500000000000001	0.08750000000000001	805	17024	0.047286184210526314
GSE174574	GSM5319988	Sham	Simulated	0.08750000000000001	0.1	1015	17024	0.05962171052631579
GSE174574	GSM5319988	Sham	Simulated	0.1	0.1125	440	17024	0.025845864661654134
GSE174574	GSM5319988	Sham	Simulated	0.1125	0.125	752	17024	0.044172932330827065
GSE174574	GSM5319988	Sham	Simulated	0.125	0.1375	487	17024	0.028606672932330827
GSE174574	GSM5319988	Sham	Simulated	0.1375	0.15000000000000002	230	17024	0.013510338345864662
GSE174574	GSM5319988	Sham	Simulated	0.15000000000000002	0.1625	504	17024	0.029605263157894735
GSE174574	GSM5319988	Sham	Simulated	0.1625	0.17500000000000002	248	17024	0.01456766917293233
GSE174574	GSM5319988	Sham	Simulated	0.17500000000000002	0.1875	270	17024	0.01585996240601504
GSE174574	GSM5319988	Sham	Simulated	0.1875	0.2	280	17024	0.01644736842105263
GSE174574	GSM5319988	Sham	Simulated	0.2	0.21250000000000002	247	17024	0.014508928571428572
GSE174574	GSM5319988	Sham	Simulated	0.21250000000000002	0.225	265	17024	0.01556625939849624
GSE174574	GSM5319988	Sham	Simulated	0.225	0.23750000000000002	341	17024	0.020030545112781954
GSE174574	GSM5319988	Sham	Simulated	0.23750000000000002	0.25	0	17024	0.0
GSE174574	GSM5319988	Sham	Simulated	0.25	0.2625	480	17024	0.02819548872180451
GSE174574	GSM5319988	Sham	Simulated	0.2625	0.275	0	17024	0.0
GSE174574	GSM5319988	Sham	Simulated	0.275	0.28750000000000003	739	17024	0.043409304511278196
GSE174574	GSM5319988	Sham	Simulated	0.28750000000000003	0.30000000000000004	0	17024	0.0
GSE174574	GSM5319988	Sham	Simulated	0.30000000000000004	0.3125	944	17024	0.05545112781954887
GSE174574	GSM5319988	Sham	Simulated	0.3125	0.325	0	17024	0.0
GSE174574	GSM5319988	Sham	Simulated	0.325	0.3375	1328	17024	0.07800751879699248
GSE174574	GSM5319988	Sham	Simulated	0.3375	0.35000000000000003	0	17024	0.0
GSE174574	GSM5319988	Sham	Simulated	0.35000000000000003	0.36250000000000004	0	17024	0.0
GSE174574	GSM5319988	Sham	Simulated	0.36250000000000004	0.375	1373	17024	0.08065084586466166
GSE174574	GSM5319988	Sham	Simulated	0.375	0.3875	0	17024	0.0
GSE174574	GSM5319988	Sham	Simulated	0.3875	0.4	0	17024	0.0
GSE174574	GSM5319988	Sham	Simulated	0.4	0.41250000000000003	0	17024	0.0
GSE174574	GSM5319988	Sham	Simulated	0.41250000000000003	0.42500000000000004	1241	17024	0.07289708646616541
GSE174574	GSM5319988	Sham	Simulated	0.42500000000000004	0.4375	0	17024	0.0
GSE174574	GSM5319988	Sham	Simulated	0.4375	0.45	0	17024	0.0
GSE174574	GSM5319988	Sham	Simulated	0.45	0.4625	0	17024	0.0
GSE174574	GSM5319988	Sham	Simulated	0.4625	0.47500000000000003	941	17024	0.055274906015037595
GSE174574	GSM5319988	Sham	Simulated	0.47500000000000003	0.48750000000000004	0	17024	0.0
GSE174574	GSM5319988	Sham	Simulated	0.48750000000000004	0.5	0	17024	0.0
GSE174574	GSM5319988	Sham	Simulated	0.5	0.5125000000000001	0	17024	0.0
GSE174574	GSM5319988	Sham	Simulated	0.5125000000000001	0.525	0	17024	0.0
GSE174574	GSM5319988	Sham	Simulated	0.525	0.5375	0	17024	0.0
GSE174574	GSM5319988	Sham	Simulated	0.5375	0.55	578	17024	0.033952067669172935
GSE174574	GSM5319988	Sham	Simulated	0.55	0.5625	0	17024	0.0
GSE174574	GSM5319988	Sham	Simulated	0.5625	0.5750000000000001	0	17024	0.0
GSE174574	GSM5319988	Sham	Simulated	0.5750000000000001	0.5875	0	17024	0.0
GSE174574	GSM5319988	Sham	Simulated	0.5875	0.6000000000000001	0	17024	0.0
GSE174574	GSM5319988	Sham	Simulated	0.6000000000000001	0.6125	0	17024	0.0
GSE174574	GSM5319988	Sham	Simulated	0.6125	0.625	0	17024	0.0
GSE174574	GSM5319988	Sham	Simulated	0.625	0.6375000000000001	0	17024	0.0
GSE174574	GSM5319988	Sham	Simulated	0.6375000000000001	0.65	312	17024	0.01832706766917293
GSE174574	GSM5319988	Sham	Simulated	0.65	0.6625000000000001	0	17024	0.0
GSE174574	GSM5319988	Sham	Simulated	0.6625000000000001	0.675	0	17024	0.0
GSE174574	GSM5319988	Sham	Simulated	0.675	0.6875	0	17024	0.0
GSE174574	GSM5319988	Sham	Simulated	0.6875	0.7000000000000001	0	17024	0.0
GSE174574	GSM5319988	Sham	Simulated	0.7000000000000001	0.7125	0	17024	0.0
GSE174574	GSM5319988	Sham	Simulated	0.7125	0.7250000000000001	0	17024	0.0
GSE174574	GSM5319988	Sham	Simulated	0.7250000000000001	0.7375	0	17024	0.0
GSE174574	GSM5319988	Sham	Simulated	0.7375	0.75	0	17024	0.0
GSE174574	GSM5319989	Sham	Observed	0.0	0.0125	1011	9951	0.10159782936388302
GSE174574	GSM5319989	Sham	Observed	0.0125	0.025	1519	9951	0.1526479750778816
GSE174574	GSM5319989	Sham	Observed	0.025	0.037500000000000006	1831	9951	0.18400160787860517
GSE174574	GSM5319989	Sham	Observed	0.037500000000000006	0.05	1508	9951	0.15154255853683046
GSE174574	GSM5319989	Sham	Observed	0.05	0.0625	1009	9951	0.10139684453823736
GSE174574	GSM5319989	Sham	Observed	0.0625	0.07500000000000001	800	9951	0.0803939302582655
GSE174574	GSM5319989	Sham	Observed	0.07500000000000001	0.08750000000000001	706	9951	0.0709476434529193
GSE174574	GSM5319989	Sham	Observed	0.08750000000000001	0.1	387	9951	0.03889056376243594
GSE174574	GSM5319989	Sham	Observed	0.1	0.1125	256	9951	0.02572605768264496
GSE174574	GSM5319989	Sham	Observed	0.1125	0.125	194	9951	0.019495528087629384
GSE174574	GSM5319989	Sham	Observed	0.125	0.1375	114	9951	0.011456135061802835
GSE174574	GSM5319989	Sham	Observed	0.1375	0.15000000000000002	86	9951	0.00864234750276354
GSE174574	GSM5319989	Sham	Observed	0.15000000000000002	0.1625	43	9951	0.00432117375138177
GSE174574	GSM5319989	Sham	Observed	0.1625	0.17500000000000002	63	9951	0.006331022007838408
GSE174574	GSM5319989	Sham	Observed	0.17500000000000002	0.1875	31	9951	0.003115264797507788
GSE174574	GSM5319989	Sham	Observed	0.1875	0.2	21	9951	0.0021103406692794696
GSE174574	GSM5319989	Sham	Observed	0.2	0.21250000000000002	19	9951	0.0019093558436338056
GSE174574	GSM5319989	Sham	Observed	0.21250000000000002	0.225	15	9951	0.0015073861923424782
GSE174574	GSM5319989	Sham	Observed	0.225	0.23750000000000002	12	9951	0.0012059089538739825
GSE174574	GSM5319989	Sham	Observed	0.23750000000000002	0.25	0	9951	0.0
GSE174574	GSM5319989	Sham	Observed	0.25	0.2625	17	9951	0.001708371017988142
GSE174574	GSM5319989	Sham	Observed	0.2625	0.275	17	9951	0.001708371017988142
GSE174574	GSM5319989	Sham	Observed	0.275	0.28750000000000003	0	9951	0.0
GSE174574	GSM5319989	Sham	Observed	0.28750000000000003	0.30000000000000004	28	9951	0.0028137875590392926
GSE174574	GSM5319989	Sham	Observed	0.30000000000000004	0.3125	0	9951	0.0
GSE174574	GSM5319989	Sham	Observed	0.3125	0.325	33	9951	0.003316249623153452
GSE174574	GSM5319989	Sham	Observed	0.325	0.3375	0	9951	0.0
GSE174574	GSM5319989	Sham	Observed	0.3375	0.35000000000000003	0	9951	0.0
GSE174574	GSM5319989	Sham	Observed	0.35000000000000003	0.36250000000000004	53	9951	0.00532609787961009
GSE174574	GSM5319989	Sham	Observed	0.36250000000000004	0.375	0	9951	0.0
GSE174574	GSM5319989	Sham	Observed	0.375	0.3875	0	9951	0.0
GSE174574	GSM5319989	Sham	Observed	0.3875	0.4	54	9951	0.005426590292432921
GSE174574	GSM5319989	Sham	Observed	0.4	0.41250000000000003	0	9951	0.0
GSE174574	GSM5319989	Sham	Observed	0.41250000000000003	0.42500000000000004	0	9951	0.0
GSE174574	GSM5319989	Sham	Observed	0.42500000000000004	0.4375	60	9951	0.006029544769369913
GSE174574	GSM5319989	Sham	Observed	0.4375	0.45	0	9951	0.0
GSE174574	GSM5319989	Sham	Observed	0.45	0.4625	0	9951	0.0
GSE174574	GSM5319989	Sham	Observed	0.4625	0.47500000000000003	0	9951	0.0
GSE174574	GSM5319989	Sham	Observed	0.47500000000000003	0.48750000000000004	0	9951	0.0
GSE174574	GSM5319989	Sham	Observed	0.48750000000000004	0.5	43	9951	0.00432117375138177
GSE174574	GSM5319989	Sham	Observed	0.5	0.5125000000000001	0	9951	0.0
GSE174574	GSM5319989	Sham	Observed	0.5125000000000001	0.525	0	9951	0.0
GSE174574	GSM5319989	Sham	Observed	0.525	0.5375	0	9951	0.0
GSE174574	GSM5319989	Sham	Observed	0.5375	0.55	0	9951	0.0
GSE174574	GSM5319989	Sham	Observed	0.55	0.5625	0	9951	0.0
GSE174574	GSM5319989	Sham	Observed	0.5625	0.5750000000000001	15	9951	0.0015073861923424782
GSE174574	GSM5319989	Sham	Observed	0.5750000000000001	0.5875	0	9951	0.0
GSE174574	GSM5319989	Sham	Observed	0.5875	0.6000000000000001	0	9951	0.0
GSE174574	GSM5319989	Sham	Observed	0.6000000000000001	0.6125	0	9951	0.0
GSE174574	GSM5319989	Sham	Observed	0.6125	0.625	0	9951	0.0
GSE174574	GSM5319989	Sham	Observed	0.625	0.6375000000000001	0	9951	0.0
GSE174574	GSM5319989	Sham	Observed	0.6375000000000001	0.65	0	9951	0.0
GSE174574	GSM5319989	Sham	Observed	0.65	0.6625000000000001	0	9951	0.0
GSE174574	GSM5319989	Sham	Observed	0.6625000000000001	0.675	6	9951	0.0006029544769369913
GSE174574	GSM5319989	Sham	Observed	0.675	0.6875	0	9951	0.0
GSE174574	GSM5319989	Sham	Observed	0.6875	0.7000000000000001	0	9951	0.0
GSE174574	GSM5319989	Sham	Observed	0.7000000000000001	0.7125	0	9951	0.0
GSE174574	GSM5319989	Sham	Observed	0.7125	0.7250000000000001	0	9951	0.0
GSE174574	GSM5319989	Sham	Observed	0.7250000000000001	0.7375	0	9951	0.0
GSE174574	GSM5319989	Sham	Observed	0.7375	0.75	0	9951	0.0
GSE174574	GSM5319989	Sham	Simulated	0.0	0.0125	107	19902	0.005376344086021506
GSE174574	GSM5319989	Sham	Simulated	0.0125	0.025	261	19902	0.01311425987337956
GSE174574	GSM5319989	Sham	Simulated	0.025	0.037500000000000006	545	19902	0.027384182494221688
GSE174574	GSM5319989	Sham	Simulated	0.037500000000000006	0.05	878	19902	0.04411616922922319
GSE174574	GSM5319989	Sham	Simulated	0.05	0.0625	865	19902	0.04346296854587479
GSE174574	GSM5319989	Sham	Simulated	0.0625	0.07500000000000001	964	19902	0.04843734298060497
GSE174574	GSM5319989	Sham	Simulated	0.07500000000000001	0.08750000000000001	1033	19902	0.051904331222992664
GSE174574	GSM5319989	Sham	Simulated	0.08750000000000001	0.1	720	19902	0.03617726861621948
GSE174574	GSM5319989	Sham	Simulated	0.1	0.1125	791	19902	0.039744749271430006
GSE174574	GSM5319989	Sham	Simulated	0.1125	0.125	811	19902	0.04074967339965833
GSE174574	GSM5319989	Sham	Simulated	0.125	0.1375	543	19902	0.027283690081398856
GSE174574	GSM5319989	Sham	Simulated	0.1375	0.15000000000000002	571	19902	0.028690583860918502
GSE174574	GSM5319989	Sham	Simulated	0.15000000000000002	0.1625	262	19902	0.013164506079790975
GSE174574	GSM5319989	Sham	Simulated	0.1625	0.17500000000000002	517	19902	0.02597728871470204
GSE174574	GSM5319989	Sham	Simulated	0.17500000000000002	0.1875	249	19902	0.012511305396442568
GSE174574	GSM5319989	Sham	Simulated	0.1875	0.2	247	19902	0.012410812983619736
GSE174574	GSM5319989	Sham	Simulated	0.2	0.21250000000000002	246	19902	0.01236056677720832
GSE174574	GSM5319989	Sham	Simulated	0.21250000000000002	0.225	232	19902	0.011657119887448497
GSE174574	GSM5319989	Sham	Simulated	0.225	0.23750000000000002	256	19902	0.01286302884132248
GSE174574	GSM5319989	Sham	Simulated	0.23750000000000002	0.25	0	19902	0.0
GSE174574	GSM5319989	Sham	Simulated	0.25	0.2625	296	19902	0.014872877097779118
GSE174574	GSM5319989	Sham	Simulated	0.2625	0.275	441	19902	0.02215857702743443
GSE174574	GSM5319989	Sham	Simulated	0.275	0.28750000000000003	0	19902	0.0
GSE174574	GSM5319989	Sham	Simulated	0.28750000000000003	0.30000000000000004	718	19902	0.036076776203396645
GSE174574	GSM5319989	Sham	Simulated	0.30000000000000004	0.3125	0	19902	0.0
GSE174574	GSM5319989	Sham	Simulated	0.3125	0.325	1219	19902	0.06125012561551603
GSE174574	GSM5319989	Sham	Simulated	0.325	0.3375	0	19902	0.0
GSE174574	GSM5319989	Sham	Simulated	0.3375	0.35000000000000003	0	19902	0.0
GSE174574	GSM5319989	Sham	Simulated	0.35000000000000003	0.36250000000000004	1651	19902	0.08295648678524771
GSE174574	GSM5319989	Sham	Simulated	0.36250000000000004	0.375	0	19902	0.0
GSE174574	GSM5319989	Sham	Simulated	0.375	0.3875	0	19902	0.0
GSE174574	GSM5319989	Sham	Simulated	0.3875	0.4	1865	19902	0.09370917495729073
GSE174574	GSM5319989	Sham	Simulated	0.4	0.41250000000000003	0	19902	0.0
GSE174574	GSM5319989	Sham	Simulated	0.41250000000000003	0.42500000000000004	0	19902	0.0
GSE174574	GSM5319989	Sham	Simulated	0.42500000000000004	0.4375	1809	19902	0.09089538739825143
GSE174574	GSM5319989	Sham	Simulated	0.4375	0.45	0	19902	0.0
GSE174574	GSM5319989	Sham	Simulated	0.45	0.4625	0	19902	0.0
GSE174574	GSM5319989	Sham	Simulated	0.4625	0.47500000000000003	0	19902	0.0
GSE174574	GSM5319989	Sham	Simulated	0.47500000000000003	0.48750000000000004	0	19902	0.0
GSE174574	GSM5319989	Sham	Simulated	0.48750000000000004	0.5	1197	19902	0.060144709074464876
GSE174574	GSM5319989	Sham	Simulated	0.5	0.5125000000000001	0	19902	0.0
GSE174574	GSM5319989	Sham	Simulated	0.5125000000000001	0.525	0	19902	0.0
GSE174574	GSM5319989	Sham	Simulated	0.525	0.5375	0	19902	0.0
GSE174574	GSM5319989	Sham	Simulated	0.5375	0.55	0	19902	0.0
GSE174574	GSM5319989	Sham	Simulated	0.55	0.5625	0	19902	0.0
GSE174574	GSM5319989	Sham	Simulated	0.5625	0.5750000000000001	504	19902	0.025324088031353633
GSE174574	GSM5319989	Sham	Simulated	0.5750000000000001	0.5875	0	19902	0.0
GSE174574	GSM5319989	Sham	Simulated	0.5875	0.6000000000000001	0	19902	0.0
GSE174574	GSM5319989	Sham	Simulated	0.6000000000000001	0.6125	0	19902	0.0
GSE174574	GSM5319989	Sham	Simulated	0.6125	0.625	0	19902	0.0
GSE174574	GSM5319989	Sham	Simulated	0.625	0.6375000000000001	0	19902	0.0
GSE174574	GSM5319989	Sham	Simulated	0.6375000000000001	0.65	0	19902	0.0
GSE174574	GSM5319989	Sham	Simulated	0.65	0.6625000000000001	0	19902	0.0
GSE174574	GSM5319989	Sham	Simulated	0.6625000000000001	0.675	104	19902	0.005225605466787258
GSE174574	GSM5319989	Sham	Simulated	0.675	0.6875	0	19902	0.0
GSE174574	GSM5319989	Sham	Simulated	0.6875	0.7000000000000001	0	19902	0.0
GSE174574	GSM5319989	Sham	Simulated	0.7000000000000001	0.7125	0	19902	0.0
GSE174574	GSM5319989	Sham	Simulated	0.7125	0.7250000000000001	0	19902	0.0
GSE174574	GSM5319989	Sham	Simulated	0.7250000000000001	0.7375	0	19902	0.0
GSE174574	GSM5319989	Sham	Simulated	0.7375	0.75	0	19902	0.0
GSE174574	GSM5319990	MCAO	Observed	0.0	0.0125	2790	11717	0.2381155585900828
GSE174574	GSM5319990	MCAO	Observed	0.0125	0.025	2532	11717	0.21609627037637621
GSE174574	GSM5319990	MCAO	Observed	0.025	0.037500000000000006	2069	11717	0.17658103610139114
GSE174574	GSM5319990	MCAO	Observed	0.037500000000000006	0.05	1417	11717	0.12093539301869079
GSE174574	GSM5319990	MCAO	Observed	0.05	0.0625	818	11717	0.06981309208841854
GSE174574	GSM5319990	MCAO	Observed	0.0625	0.07500000000000001	499	11717	0.04258769309550226
GSE174574	GSM5319990	MCAO	Observed	0.07500000000000001	0.08750000000000001	423	11717	0.03610139114107707
GSE174574	GSM5319990	MCAO	Observed	0.08750000000000001	0.1	208	11717	0.017751984296321584
GSE174574	GSM5319990	MCAO	Observed	0.1	0.1125	120	11717	0.01024152940172399
GSE174574	GSM5319990	MCAO	Observed	0.1125	0.125	116	11717	0.00990014508833319
GSE174574	GSM5319990	MCAO	Observed	0.125	0.1375	65	11717	0.005547495092600495
GSE174574	GSM5319990	MCAO	Observed	0.1375	0.15000000000000002	54	11717	0.004608688230775796
GSE174574	GSM5319990	MCAO	Observed	0.15000000000000002	0.1625	55	11717	0.004694034309123496
GSE174574	GSM5319990	MCAO	Observed	0.1625	0.17500000000000002	21	11717	0.0017922676453016983
GSE174574	GSM5319990	MCAO	Observed	0.17500000000000002	0.1875	60	11717	0.005120764700861995
GSE174574	GSM5319990	MCAO	Observed	0.1875	0.2	40	11717	0.003413843133907997
GSE174574	GSM5319990	MCAO	Observed	0.2	0.21250000000000002	26	11717	0.002218998037040198
GSE174574	GSM5319990	MCAO	Observed	0.21250000000000002	0.225	28	11717	0.0023896901937355977
GSE174574	GSM5319990	MCAO	Observed	0.225	0.23750000000000002	35	11717	0.0029871127421694974
GSE174574	GSM5319990	MCAO	Observed	0.23750000000000002	0.25	0	11717	0.0
GSE174574	GSM5319990	MCAO	Observed	0.25	0.2625	37	11717	0.003157804898864897
GSE174574	GSM5319990	MCAO	Observed	0.2625	0.275	46	11717	0.003925919603994197
GSE174574	GSM5319990	MCAO	Observed	0.275	0.28750000000000003	0	11717	0.0
GSE174574	GSM5319990	MCAO	Observed	0.28750000000000003	0.30000000000000004	48	11717	0.004096611760689596
GSE174574	GSM5319990	MCAO	Observed	0.30000000000000004	0.3125	67	11717	0.005718187249295895
GSE174574	GSM5319990	MCAO	Observed	0.3125	0.325	0	11717	0.0
GSE174574	GSM5319990	MCAO	Observed	0.325	0.3375	0	11717	0.0
GSE174574	GSM5319990	MCAO	Observed	0.3375	0.35000000000000003	52	11717	0.004437996074080396
GSE174574	GSM5319990	MCAO	Observed	0.35000000000000003	0.36250000000000004	0	11717	0.0
GSE174574	GSM5319990	MCAO	Observed	0.36250000000000004	0.375	38	11717	0.003243150977212597
GSE174574	GSM5319990	MCAO	Observed	0.375	0.3875	0	11717	0.0
GSE174574	GSM5319990	MCAO	Observed	0.3875	0.4	0	11717	0.0
GSE174574	GSM5319990	MCAO	Observed	0.4	0.41250000000000003	32	11717	0.0027310745071263977
GSE174574	GSM5319990	MCAO	Observed	0.41250000000000003	0.42500000000000004	0	11717	0.0
GSE174574	GSM5319990	MCAO	Observed	0.42500000000000004	0.4375	0	11717	0.0
GSE174574	GSM5319990	MCAO	Observed	0.4375	0.45	0	11717	0.0
GSE174574	GSM5319990	MCAO	Observed	0.45	0.4625	14	11717	0.0011948450968677989
GSE174574	GSM5319990	MCAO	Observed	0.4625	0.47500000000000003	0	11717	0.0
GSE174574	GSM5319990	MCAO	Observed	0.47500000000000003	0.48750000000000004	0	11717	0.0
GSE174574	GSM5319990	MCAO	Observed	0.48750000000000004	0.5	0	11717	0.0
GSE174574	GSM5319990	MCAO	Observed	0.5	0.5125000000000001	0	11717	0.0
GSE174574	GSM5319990	MCAO	Observed	0.5125000000000001	0.525	6	11717	0.0005120764700861995
GSE174574	GSM5319990	MCAO	Observed	0.525	0.5375	0	11717	0.0
GSE174574	GSM5319990	MCAO	Observed	0.5375	0.55	0	11717	0.0
GSE174574	GSM5319990	MCAO	Observed	0.55	0.5625	0	11717	0.0
GSE174574	GSM5319990	MCAO	Observed	0.5625	0.5750000000000001	0	11717	0.0
GSE174574	GSM5319990	MCAO	Observed	0.5750000000000001	0.5875	1	11717	8.534607834769993e-05
GSE174574	GSM5319990	MCAO	Observed	0.5875	0.6000000000000001	0	11717	0.0
GSE174574	GSM5319990	MCAO	Observed	0.6000000000000001	0.6125	0	11717	0.0
GSE174574	GSM5319990	MCAO	Observed	0.6125	0.625	0	11717	0.0
GSE174574	GSM5319990	MCAO	Observed	0.625	0.6375000000000001	0	11717	0.0
GSE174574	GSM5319990	MCAO	Observed	0.6375000000000001	0.65	0	11717	0.0
GSE174574	GSM5319990	MCAO	Observed	0.65	0.6625000000000001	0	11717	0.0
GSE174574	GSM5319990	MCAO	Observed	0.6625000000000001	0.675	0	11717	0.0
GSE174574	GSM5319990	MCAO	Observed	0.675	0.6875	0	11717	0.0
GSE174574	GSM5319990	MCAO	Observed	0.6875	0.7000000000000001	0	11717	0.0
GSE174574	GSM5319990	MCAO	Observed	0.7000000000000001	0.7125	0	11717	0.0
GSE174574	GSM5319990	MCAO	Observed	0.7125	0.7250000000000001	0	11717	0.0
GSE174574	GSM5319990	MCAO	Observed	0.7250000000000001	0.7375	0	11717	0.0
GSE174574	GSM5319990	MCAO	Observed	0.7375	0.75	0	11717	0.0
GSE174574	GSM5319990	MCAO	Simulated	0.0	0.0125	349	23434	0.014892890671673636
GSE174574	GSM5319990	MCAO	Simulated	0.0125	0.025	745	23434	0.031791414184518224
GSE174574	GSM5319990	MCAO	Simulated	0.025	0.037500000000000006	1136	23434	0.04847657250149356
GSE174574	GSM5319990	MCAO	Simulated	0.037500000000000006	0.05	1451	23434	0.061918579841256295
GSE174574	GSM5319990	MCAO	Simulated	0.05	0.0625	1397	23434	0.059614235725868395
GSE174574	GSM5319990	MCAO	Simulated	0.0625	0.07500000000000001	1223	23434	0.0521891269096185
GSE174574	GSM5319990	MCAO	Simulated	0.07500000000000001	0.08750000000000001	1258	23434	0.053682683280703254
GSE174574	GSM5319990	MCAO	Simulated	0.08750000000000001	0.1	991	23434	0.042288981821285314
GSE174574	GSM5319990	MCAO	Simulated	0.1	0.1125	727	23434	0.03102329947938892
GSE174574	GSM5319990	MCAO	Simulated	0.1125	0.125	845	23434	0.03605871810190322
GSE174574	GSM5319990	MCAO	Simulated	0.125	0.1375	601	23434	0.02564649654348383
GSE174574	GSM5319990	MCAO	Simulated	0.1375	0.15000000000000002	590	23434	0.025177093112571478
GSE174574	GSM5319990	MCAO	Simulated	0.15000000000000002	0.1625	649	23434	0.027694802423828626
GSE174574	GSM5319990	MCAO	Simulated	0.1625	0.17500000000000002	360	23434	0.015362294102585987
GSE174574	GSM5319990	MCAO	Simulated	0.17500000000000002	0.1875	778	23434	0.03319962447725527
GSE174574	GSM5319990	MCAO	Simulated	0.1875	0.2	423	23434	0.018050695570538535
GSE174574	GSM5319990	MCAO	Simulated	0.2	0.21250000000000002	446	23434	0.019032175471537082
GSE174574	GSM5319990	MCAO	Simulated	0.21250000000000002	0.225	592	23434	0.025262439190919177
GSE174574	GSM5319990	MCAO	Simulated	0.225	0.23750000000000002	693	23434	0.029572416147478024
GSE174574	GSM5319990	MCAO	Simulated	0.23750000000000002	0.25	0	23434	0.0
GSE174574	GSM5319990	MCAO	Simulated	0.25	0.2625	785	23434	0.03349833575147222
GSE174574	GSM5319990	MCAO	Simulated	0.2625	0.275	992	23434	0.04233165486045916
GSE174574	GSM5319990	MCAO	Simulated	0.275	0.28750000000000003	0	23434	0.0
GSE174574	GSM5319990	MCAO	Simulated	0.28750000000000003	0.30000000000000004	1169	23434	0.04988478279423061
GSE174574	GSM5319990	MCAO	Simulated	0.30000000000000004	0.3125	1283	23434	0.0547495092600495
GSE174574	GSM5319990	MCAO	Simulated	0.3125	0.325	0	23434	0.0
GSE174574	GSM5319990	MCAO	Simulated	0.325	0.3375	0	23434	0.0
GSE174574	GSM5319990	MCAO	Simulated	0.3375	0.35000000000000003	1273	23434	0.054322778868311
GSE174574	GSM5319990	MCAO	Simulated	0.35000000000000003	0.36250000000000004	0	23434	0.0
GSE174574	GSM5319990	MCAO	Simulated	0.36250000000000004	0.375	1060	23434	0.04523342152428096
GSE174574	GSM5319990	MCAO	Simulated	0.375	0.3875	0	23434	0.0
GSE174574	GSM5319990	MCAO	Simulated	0.3875	0.4	0	23434	0.0
GSE174574	GSM5319990	MCAO	Simulated	0.4	0.41250000000000003	816	23434	0.03482119996586157
GSE174574	GSM5319990	MCAO	Simulated	0.41250000000000003	0.42500000000000004	0	23434	0.0
GSE174574	GSM5319990	MCAO	Simulated	0.42500000000000004	0.4375	0	23434	0.0
GSE174574	GSM5319990	MCAO	Simulated	0.4375	0.45	0	23434	0.0
GSE174574	GSM5319990	MCAO	Simulated	0.45	0.4625	477	23434	0.020355039685926432
GSE174574	GSM5319990	MCAO	Simulated	0.4625	0.47500000000000003	0	23434	0.0
GSE174574	GSM5319990	MCAO	Simulated	0.47500000000000003	0.48750000000000004	0	23434	0.0
GSE174574	GSM5319990	MCAO	Simulated	0.48750000000000004	0.5	0	23434	0.0
GSE174574	GSM5319990	MCAO	Simulated	0.5	0.5125000000000001	0	23434	0.0
GSE174574	GSM5319990	MCAO	Simulated	0.5125000000000001	0.525	247	23434	0.01054024067594094
GSE174574	GSM5319990	MCAO	Simulated	0.525	0.5375	0	23434	0.0
GSE174574	GSM5319990	MCAO	Simulated	0.5375	0.55	0	23434	0.0
GSE174574	GSM5319990	MCAO	Simulated	0.55	0.5625	0	23434	0.0
GSE174574	GSM5319990	MCAO	Simulated	0.5625	0.5750000000000001	0	23434	0.0
GSE174574	GSM5319990	MCAO	Simulated	0.5750000000000001	0.5875	71	23434	0.0030297857813433473
GSE174574	GSM5319990	MCAO	Simulated	0.5875	0.6000000000000001	0	23434	0.0
GSE174574	GSM5319990	MCAO	Simulated	0.6000000000000001	0.6125	0	23434	0.0
GSE174574	GSM5319990	MCAO	Simulated	0.6125	0.625	0	23434	0.0
GSE174574	GSM5319990	MCAO	Simulated	0.625	0.6375000000000001	0	23434	0.0
GSE174574	GSM5319990	MCAO	Simulated	0.6375000000000001	0.65	0	23434	0.0
GSE174574	GSM5319990	MCAO	Simulated	0.65	0.6625000000000001	0	23434	0.0
GSE174574	GSM5319990	MCAO	Simulated	0.6625000000000001	0.675	0	23434	0.0
GSE174574	GSM5319990	MCAO	Simulated	0.675	0.6875	7	23434	0.0002987112742169497
GSE174574	GSM5319990	MCAO	Simulated	0.6875	0.7000000000000001	0	23434	0.0
GSE174574	GSM5319990	MCAO	Simulated	0.7000000000000001	0.7125	0	23434	0.0
GSE174574	GSM5319990	MCAO	Simulated	0.7125	0.7250000000000001	0	23434	0.0
GSE174574	GSM5319990	MCAO	Simulated	0.7250000000000001	0.7375	0	23434	0.0
GSE174574	GSM5319990	MCAO	Simulated	0.7375	0.75	0	23434	0.0
GSE174574	GSM5319991	MCAO	Observed	0.0	0.0125	2625	11320	0.2318904593639576
GSE174574	GSM5319991	MCAO	Observed	0.0125	0.025	2669	11320	0.2357773851590106
GSE174574	GSM5319991	MCAO	Observed	0.025	0.037500000000000006	2150	11320	0.18992932862190812
GSE174574	GSM5319991	MCAO	Observed	0.037500000000000006	0.05	1137	11320	0.1004416961130742
GSE174574	GSM5319991	MCAO	Observed	0.05	0.0625	776	11320	0.0685512367491166
GSE174574	GSM5319991	MCAO	Observed	0.0625	0.07500000000000001	492	11320	0.043462897526501766
GSE174574	GSM5319991	MCAO	Observed	0.07500000000000001	0.08750000000000001	315	11320	0.02782685512367491
GSE174574	GSM5319991	MCAO	Observed	0.08750000000000001	0.1	238	11320	0.021024734982332156
GSE174574	GSM5319991	MCAO	Observed	0.1	0.1125	114	11320	0.010070671378091874
GSE174574	GSM5319991	MCAO	Observed	0.1125	0.125	71	11320	0.00627208480565371
GSE174574	GSM5319991	MCAO	Observed	0.125	0.1375	78	11320	0.006890459363957597
GSE174574	GSM5319991	MCAO	Observed	0.1375	0.15000000000000002	70	11320	0.006183745583038869
GSE174574	GSM5319991	MCAO	Observed	0.15000000000000002	0.1625	17	11320	0.0015017667844522968
GSE174574	GSM5319991	MCAO	Observed	0.1625	0.17500000000000002	52	11320	0.004593639575971731
GSE174574	GSM5319991	MCAO	Observed	0.17500000000000002	0.1875	18	11320	0.0015901060070671379
GSE174574	GSM5319991	MCAO	Observed	0.1875	0.2	26	11320	0.0022968197879858657
GSE174574	GSM5319991	MCAO	Observed	0.2	0.21250000000000002	23	11320	0.0020318021201413427
GSE174574	GSM5319991	MCAO	Observed	0.21250000000000002	0.225	28	11320	0.0024734982332155478
GSE174574	GSM5319991	MCAO	Observed	0.225	0.23750000000000002	33	11320	0.002915194346289753
GSE174574	GSM5319991	MCAO	Observed	0.23750000000000002	0.25	52	11320	0.004593639575971731
GSE174574	GSM5319991	MCAO	Observed	0.25	0.2625	0	11320	0.0
GSE174574	GSM5319991	MCAO	Observed	0.2625	0.275	53	11320	0.004681978798586573
GSE174574	GSM5319991	MCAO	Observed	0.275	0.28750000000000003	66	11320	0.005830388692579506
GSE174574	GSM5319991	MCAO	Observed	0.28750000000000003	0.30000000000000004	0	11320	0.0
GSE174574	GSM5319991	MCAO	Observed	0.30000000000000004	0.3125	64	11320	0.005653710247349823
GSE174574	GSM5319991	MCAO	Observed	0.3125	0.325	0	11320	0.0
GSE174574	GSM5319991	MCAO	Observed	0.325	0.3375	47	11320	0.004151943462897527
GSE174574	GSM5319991	MCAO	Observed	0.3375	0.35000000000000003	0	11320	0.0
GSE174574	GSM5319991	MCAO	Observed	0.35000000000000003	0.36250000000000004	0	11320	0.0
GSE174574	GSM5319991	MCAO	Observed	0.36250000000000004	0.375	42	11320	0.0037102473498233216
GSE174574	GSM5319991	MCAO	Observed	0.375	0.3875	0	11320	0.0
GSE174574	GSM5319991	MCAO	Observed	0.3875	0.4	0	11320	0.0
GSE174574	GSM5319991	MCAO	Observed	0.4	0.41250000000000003	35	11320	0.0030918727915194345
GSE174574	GSM5319991	MCAO	Observed	0.41250000000000003	0.42500000000000004	0	11320	0.0
GSE174574	GSM5319991	MCAO	Observed	0.42500000000000004	0.4375	0	11320	0.0
GSE174574	GSM5319991	MCAO	Observed	0.4375	0.45	0	11320	0.0
GSE174574	GSM5319991	MCAO	Observed	0.45	0.4625	21	11320	0.0018551236749116608
GSE174574	GSM5319991	MCAO	Observed	0.4625	0.47500000000000003	0	11320	0.0
GSE174574	GSM5319991	MCAO	Observed	0.47500000000000003	0.48750000000000004	0	11320	0.0
GSE174574	GSM5319991	MCAO	Observed	0.48750000000000004	0.5	0	11320	0.0
GSE174574	GSM5319991	MCAO	Observed	0.5	0.5125000000000001	5	11320	0.00044169611307420494
GSE174574	GSM5319991	MCAO	Observed	0.5125000000000001	0.525	0	11320	0.0
GSE174574	GSM5319991	MCAO	Observed	0.525	0.5375	0	11320	0.0
GSE174574	GSM5319991	MCAO	Observed	0.5375	0.55	0	11320	0.0
GSE174574	GSM5319991	MCAO	Observed	0.55	0.5625	0	11320	0.0
GSE174574	GSM5319991	MCAO	Observed	0.5625	0.5750000000000001	0	11320	0.0
GSE174574	GSM5319991	MCAO	Observed	0.5750000000000001	0.5875	2	11320	0.00017667844522968197
GSE174574	GSM5319991	MCAO	Observed	0.5875	0.6000000000000001	0	11320	0.0
GSE174574	GSM5319991	MCAO	Observed	0.6000000000000001	0.6125	0	11320	0.0
GSE174574	GSM5319991	MCAO	Observed	0.6125	0.625	0	11320	0.0
GSE174574	GSM5319991	MCAO	Observed	0.625	0.6375000000000001	0	11320	0.0
GSE174574	GSM5319991	MCAO	Observed	0.6375000000000001	0.65	0	11320	0.0
GSE174574	GSM5319991	MCAO	Observed	0.65	0.6625000000000001	0	11320	0.0
GSE174574	GSM5319991	MCAO	Observed	0.6625000000000001	0.675	0	11320	0.0
GSE174574	GSM5319991	MCAO	Observed	0.675	0.6875	1	11320	8.833922261484099e-05
GSE174574	GSM5319991	MCAO	Observed	0.6875	0.7000000000000001	0	11320	0.0
GSE174574	GSM5319991	MCAO	Observed	0.7000000000000001	0.7125	0	11320	0.0
GSE174574	GSM5319991	MCAO	Observed	0.7125	0.7250000000000001	0	11320	0.0
GSE174574	GSM5319991	MCAO	Observed	0.7250000000000001	0.7375	0	11320	0.0
GSE174574	GSM5319991	MCAO	Observed	0.7375	0.75	0	11320	0.0
GSE174574	GSM5319991	MCAO	Simulated	0.0	0.0125	288	22640	0.012720848056537103
GSE174574	GSM5319991	MCAO	Simulated	0.0125	0.025	809	22640	0.03573321554770318
GSE174574	GSM5319991	MCAO	Simulated	0.025	0.037500000000000006	1242	22640	0.05485865724381626
GSE174574	GSM5319991	MCAO	Simulated	0.037500000000000006	0.05	1349	22640	0.05958480565371025
GSE174574	GSM5319991	MCAO	Simulated	0.05	0.0625	1340	22640	0.05918727915194346
GSE174574	GSM5319991	MCAO	Simulated	0.0625	0.07500000000000001	1215	22640	0.0536660777385159
GSE174574	GSM5319991	MCAO	Simulated	0.07500000000000001	0.08750000000000001	1091	22640	0.04818904593639576
GSE174574	GSM5319991	MCAO	Simulated	0.08750000000000001	0.1	963	22640	0.04253533568904594
GSE174574	GSM5319991	MCAO	Simulated	0.1	0.1125	828	22640	0.03657243816254417
GSE174574	GSM5319991	MCAO	Simulated	0.1125	0.125	610	22640	0.026943462897526502
GSE174574	GSM5319991	MCAO	Simulated	0.125	0.1375	942	22640	0.041607773851590105
GSE174574	GSM5319991	MCAO	Simulated	0.1375	0.15000000000000002	683	22640	0.0301678445229682
GSE174574	GSM5319991	MCAO	Simulated	0.15000000000000002	0.1625	323	22640	0.01426678445229682
GSE174574	GSM5319991	MCAO	Simulated	0.1625	0.17500000000000002	726	22640	0.03206713780918728
GSE174574	GSM5319991	MCAO	Simulated	0.17500000000000002	0.1875	375	22640	0.016563604240282685
GSE174574	GSM5319991	MCAO	Simulated	0.1875	0.2	383	22640	0.01691696113074205
GSE174574	GSM5319991	MCAO	Simulated	0.2	0.21250000000000002	408	22640	0.01802120141342756
GSE174574	GSM5319991	MCAO	Simulated	0.21250000000000002	0.225	508	22640	0.02243816254416961
GSE174574	GSM5319991	MCAO	Simulated	0.225	0.23750000000000002	612	22640	0.027031802120141342
GSE174574	GSM5319991	MCAO	Simulated	0.23750000000000002	0.25	796	22640	0.03515901060070671
GSE174574	GSM5319991	MCAO	Simulated	0.25	0.2625	0	22640	0.0
GSE174574	GSM5319991	MCAO	Simulated	0.2625	0.275	915	22640	0.040415194346289755
GSE174574	GSM5319991	MCAO	Simulated	0.275	0.28750000000000003	1116	22640	0.04929328621908127
GSE174574	GSM5319991	MCAO	Simulated	0.28750000000000003	0.30000000000000004	0	22640	0.0
GSE174574	GSM5319991	MCAO	Simulated	0.30000000000000004	0.3125	1217	22640	0.053754416961130744
GSE174574	GSM5319991	MCAO	Simulated	0.3125	0.325	0	22640	0.0
GSE174574	GSM5319991	MCAO	Simulated	0.325	0.3375	1254	22640	0.0553886925795053
GSE174574	GSM5319991	MCAO	Simulated	0.3375	0.35000000000000003	0	22640	0.0
GSE174574	GSM5319991	MCAO	Simulated	0.35000000000000003	0.36250000000000004	0	22640	0.0
GSE174574	GSM5319991	MCAO	Simulated	0.36250000000000004	0.375	1135	22640	0.050132508833922264
GSE174574	GSM5319991	MCAO	Simulated	0.375	0.3875	0	22640	0.0
GSE174574	GSM5319991	MCAO	Simulated	0.3875	0.4	0	22640	0.0
GSE174574	GSM5319991	MCAO	Simulated	0.4	0.41250000000000003	856	22640	0.037809187279151946
GSE174574	GSM5319991	MCAO	Simulated	0.41250000000000003	0.42500000000000004	0	22640	0.0
GSE174574	GSM5319991	MCAO	Simulated	0.42500000000000004	0.4375	0	22640	0.0
GSE174574	GSM5319991	MCAO	Simulated	0.4375	0.45	0	22640	0.0
GSE174574	GSM5319991	MCAO	Simulated	0.45	0.4625	431	22640	0.019037102473498234
GSE174574	GSM5319991	MCAO	Simulated	0.4625	0.47500000000000003	0	22640	0.0
GSE174574	GSM5319991	MCAO	Simulated	0.47500000000000003	0.48750000000000004	0	22640	0.0
GSE174574	GSM5319991	MCAO	Simulated	0.48750000000000004	0.5	0	22640	0.0
GSE174574	GSM5319991	MCAO	Simulated	0.5	0.5125000000000001	173	22640	0.007641342756183746
GSE174574	GSM5319991	MCAO	Simulated	0.5125000000000001	0.525	0	22640	0.0
GSE174574	GSM5319991	MCAO	Simulated	0.525	0.5375	0	22640	0.0
GSE174574	GSM5319991	MCAO	Simulated	0.5375	0.55	0	22640	0.0
GSE174574	GSM5319991	MCAO	Simulated	0.55	0.5625	0	22640	0.0
GSE174574	GSM5319991	MCAO	Simulated	0.5625	0.5750000000000001	0	22640	0.0
GSE174574	GSM5319991	MCAO	Simulated	0.5750000000000001	0.5875	46	22640	0.0020318021201413427
GSE174574	GSM5319991	MCAO	Simulated	0.5875	0.6000000000000001	0	22640	0.0
GSE174574	GSM5319991	MCAO	Simulated	0.6000000000000001	0.6125	0	22640	0.0
GSE174574	GSM5319991	MCAO	Simulated	0.6125	0.625	0	22640	0.0
GSE174574	GSM5319991	MCAO	Simulated	0.625	0.6375000000000001	0	22640	0.0
GSE174574	GSM5319991	MCAO	Simulated	0.6375000000000001	0.65	0	22640	0.0
GSE174574	GSM5319991	MCAO	Simulated	0.65	0.6625000000000001	0	22640	0.0
GSE174574	GSM5319991	MCAO	Simulated	0.6625000000000001	0.675	0	22640	0.0
GSE174574	GSM5319991	MCAO	Simulated	0.675	0.6875	6	22640	0.00026501766784452294
GSE174574	GSM5319991	MCAO	Simulated	0.6875	0.7000000000000001	0	22640	0.0
GSE174574	GSM5319991	MCAO	Simulated	0.7000000000000001	0.7125	0	22640	0.0
GSE174574	GSM5319991	MCAO	Simulated	0.7125	0.7250000000000001	0	22640	0.0
GSE174574	GSM5319991	MCAO	Simulated	0.7250000000000001	0.7375	0	22640	0.0
GSE174574	GSM5319991	MCAO	Simulated	0.7375	0.75	0	22640	0.0
GSE174574	GSM5319992	MCAO	Observed	0.0	0.0125	1800	8080	0.22277227722772278
GSE174574	GSM5319992	MCAO	Observed	0.0125	0.025	2120	8080	0.2623762376237624
GSE174574	GSM5319992	MCAO	Observed	0.025	0.037500000000000006	1368	8080	0.16930693069306932
GSE174574	GSM5319992	MCAO	Observed	0.037500000000000006	0.05	1027	8080	0.1271039603960396
GSE174574	GSM5319992	MCAO	Observed	0.05	0.0625	608	8080	0.07524752475247524
GSE174574	GSM5319992	MCAO	Observed	0.0625	0.07500000000000001	313	8080	0.03873762376237624
GSE174574	GSM5319992	MCAO	Observed	0.07500000000000001	0.08750000000000001	168	8080	0.020792079207920793
GSE174574	GSM5319992	MCAO	Observed	0.08750000000000001	0.1	119	8080	0.014727722772277227
GSE174574	GSM5319992	MCAO	Observed	0.1	0.1125	68	8080	0.008415841584158416
GSE174574	GSM5319992	MCAO	Observed	0.1125	0.125	47	8080	0.005816831683168317
GSE174574	GSM5319992	MCAO	Observed	0.125	0.1375	40	8080	0.0049504950495049506
GSE174574	GSM5319992	MCAO	Observed	0.1375	0.15000000000000002	39	8080	0.004826732673267327
GSE174574	GSM5319992	MCAO	Observed	0.15000000000000002	0.1625	14	8080	0.0017326732673267327
GSE174574	GSM5319992	MCAO	Observed	0.1625	0.17500000000000002	20	8080	0.0024752475247524753
GSE174574	GSM5319992	MCAO	Observed	0.17500000000000002	0.1875	17	8080	0.002103960396039604
GSE174574	GSM5319992	MCAO	Observed	0.1875	0.2	17	8080	0.002103960396039604
GSE174574	GSM5319992	MCAO	Observed	0.2	0.21250000000000002	20	8080	0.0024752475247524753
GSE174574	GSM5319992	MCAO	Observed	0.21250000000000002	0.225	21	8080	0.002599009900990099
GSE174574	GSM5319992	MCAO	Observed	0.225	0.23750000000000002	25	8080	0.003094059405940594
GSE174574	GSM5319992	MCAO	Observed	0.23750000000000002	0.25	0	8080	0.0
GSE174574	GSM5319992	MCAO	Observed	0.25	0.2625	27	8080	0.0033415841584158415
GSE174574	GSM5319992	MCAO	Observed	0.2625	0.275	33	8080	0.004084158415841584
GSE174574	GSM5319992	MCAO	Observed	0.275	0.28750000000000003	0	8080	0.0
GSE174574	GSM5319992	MCAO	Observed	0.28750000000000003	0.30000000000000004	30	8080	0.0037128712871287127
GSE174574	GSM5319992	MCAO	Observed	0.30000000000000004	0.3125	0	8080	0.0
GSE174574	GSM5319992	MCAO	Observed	0.3125	0.325	0	8080	0.0
GSE174574	GSM5319992	MCAO	Observed	0.325	0.3375	37	8080	0.004579207920792079
GSE174574	GSM5319992	MCAO	Observed	0.3375	0.35000000000000003	0	8080	0.0
GSE174574	GSM5319992	MCAO	Observed	0.35000000000000003	0.36250000000000004	0	8080	0.0
GSE174574	GSM5319992	MCAO	Observed	0.36250000000000004	0.375	41	8080	0.005074257425742574
GSE174574	GSM5319992	MCAO	Observed	0.375	0.3875	0	8080	0.0
GSE174574	GSM5319992	MCAO	Observed	0.3875	0.4	0	8080	0.0
GSE174574	GSM5319992	MCAO	Observed	0.4	0.41250000000000003	31	8080	0.0038366336633663366
GSE174574	GSM5319992	MCAO	Observed	0.41250000000000003	0.42500000000000004	0	8080	0.0
GSE174574	GSM5319992	MCAO	Observed	0.42500000000000004	0.4375	0	8080	0.0
GSE174574	GSM5319992	MCAO	Observed	0.4375	0.45	0	8080	0.0
GSE174574	GSM5319992	MCAO	Observed	0.45	0.4625	0	8080	0.0
GSE174574	GSM5319992	MCAO	Observed	0.4625	0.47500000000000003	17	8080	0.002103960396039604
GSE174574	GSM5319992	MCAO	Observed	0.47500000000000003	0.48750000000000004	0	8080	0.0
GSE174574	GSM5319992	MCAO	Observed	0.48750000000000004	0.5	0	8080	0.0
GSE174574	GSM5319992	MCAO	Observed	0.5	0.5125000000000001	0	8080	0.0
GSE174574	GSM5319992	MCAO	Observed	0.5125000000000001	0.525	0	8080	0.0
GSE174574	GSM5319992	MCAO	Observed	0.525	0.5375	0	8080	0.0
GSE174574	GSM5319992	MCAO	Observed	0.5375	0.55	10	8080	0.0012376237623762376
GSE174574	GSM5319992	MCAO	Observed	0.55	0.5625	0	8080	0.0
GSE174574	GSM5319992	MCAO	Observed	0.5625	0.5750000000000001	0	8080	0.0
GSE174574	GSM5319992	MCAO	Observed	0.5750000000000001	0.5875	0	8080	0.0
GSE174574	GSM5319992	MCAO	Observed	0.5875	0.6000000000000001	0	8080	0.0
GSE174574	GSM5319992	MCAO	Observed	0.6000000000000001	0.6125	0	8080	0.0
GSE174574	GSM5319992	MCAO	Observed	0.6125	0.625	0	8080	0.0
GSE174574	GSM5319992	MCAO	Observed	0.625	0.6375000000000001	0	8080	0.0
GSE174574	GSM5319992	MCAO	Observed	0.6375000000000001	0.65	3	8080	0.0003712871287128713
GSE174574	GSM5319992	MCAO	Observed	0.65	0.6625000000000001	0	8080	0.0
GSE174574	GSM5319992	MCAO	Observed	0.6625000000000001	0.675	0	8080	0.0
GSE174574	GSM5319992	MCAO	Observed	0.675	0.6875	0	8080	0.0
GSE174574	GSM5319992	MCAO	Observed	0.6875	0.7000000000000001	0	8080	0.0
GSE174574	GSM5319992	MCAO	Observed	0.7000000000000001	0.7125	0	8080	0.0
GSE174574	GSM5319992	MCAO	Observed	0.7125	0.7250000000000001	0	8080	0.0
GSE174574	GSM5319992	MCAO	Observed	0.7250000000000001	0.7375	0	8080	0.0
GSE174574	GSM5319992	MCAO	Observed	0.7375	0.75	0	8080	0.0
GSE174574	GSM5319992	MCAO	Simulated	0.0	0.0125	227	16160	0.014047029702970297
GSE174574	GSM5319992	MCAO	Simulated	0.0125	0.025	655	16160	0.040532178217821783
GSE174574	GSM5319992	MCAO	Simulated	0.025	0.037500000000000006	854	16160	0.052846534653465345
GSE174574	GSM5319992	MCAO	Simulated	0.037500000000000006	0.05	1138	16160	0.07042079207920791
GSE174574	GSM5319992	MCAO	Simulated	0.05	0.0625	1108	16160	0.06856435643564357
GSE174574	GSM5319992	MCAO	Simulated	0.0625	0.07500000000000001	900	16160	0.055693069306930694
GSE174574	GSM5319992	MCAO	Simulated	0.07500000000000001	0.08750000000000001	847	16160	0.05241336633663366
GSE174574	GSM5319992	MCAO	Simulated	0.08750000000000001	0.1	621	16160	0.03842821782178218
GSE174574	GSM5319992	MCAO	Simulated	0.1	0.1125	647	16160	0.04003712871287129
GSE174574	GSM5319992	MCAO	Simulated	0.1125	0.125	473	16160	0.02926980198019802
GSE174574	GSM5319992	MCAO	Simulated	0.125	0.1375	480	16160	0.0297029702970297
GSE174574	GSM5319992	MCAO	Simulated	0.1375	0.15000000000000002	522	16160	0.0323019801980198
GSE174574	GSM5319992	MCAO	Simulated	0.15000000000000002	0.1625	262	16160	0.016212871287128713
GSE174574	GSM5319992	MCAO	Simulated	0.1625	0.17500000000000002	294	16160	0.018193069306930692
GSE174574	GSM5319992	MCAO	Simulated	0.17500000000000002	0.1875	263	16160	0.016274752475247525
GSE174574	GSM5319992	MCAO	Simulated	0.1875	0.2	307	16160	0.018997524752475247
GSE174574	GSM5319992	MCAO	Simulated	0.2	0.21250000000000002	349	16160	0.021596534653465345
GSE174574	GSM5319992	MCAO	Simulated	0.21250000000000002	0.225	413	16160	0.025556930693069305
GSE174574	GSM5319992	MCAO	Simulated	0.225	0.23750000000000002	462	16160	0.02858910891089109
GSE174574	GSM5319992	MCAO	Simulated	0.23750000000000002	0.25	0	16160	0.0
GSE174574	GSM5319992	MCAO	Simulated	0.25	0.2625	564	16160	0.034900990099009904
GSE174574	GSM5319992	MCAO	Simulated	0.2625	0.275	768	16160	0.047524752475247525
GSE174574	GSM5319992	MCAO	Simulated	0.275	0.28750000000000003	0	16160	0.0
GSE174574	GSM5319992	MCAO	Simulated	0.28750000000000003	0.30000000000000004	862	16160	0.05334158415841584
GSE174574	GSM5319992	MCAO	Simulated	0.30000000000000004	0.3125	0	16160	0.0
GSE174574	GSM5319992	MCAO	Simulated	0.3125	0.325	0	16160	0.0
GSE174574	GSM5319992	MCAO	Simulated	0.325	0.3375	937	16160	0.057982673267326736
GSE174574	GSM5319992	MCAO	Simulated	0.3375	0.35000000000000003	0	16160	0.0
GSE174574	GSM5319992	MCAO	Simulated	0.35000000000000003	0.36250000000000004	0	16160	0.0
GSE174574	GSM5319992	MCAO	Simulated	0.36250000000000004	0.375	901	16160	0.055754950495049506
GSE174574	GSM5319992	MCAO	Simulated	0.375	0.3875	0	16160	0.0
GSE174574	GSM5319992	MCAO	Simulated	0.3875	0.4	0	16160	0.0
GSE174574	GSM5319992	MCAO	Simulated	0.4	0.41250000000000003	732	16160	0.045297029702970296
GSE174574	GSM5319992	MCAO	Simulated	0.41250000000000003	0.42500000000000004	0	16160	0.0
GSE174574	GSM5319992	MCAO	Simulated	0.42500000000000004	0.4375	0	16160	0.0
GSE174574	GSM5319992	MCAO	Simulated	0.4375	0.45	0	16160	0.0
GSE174574	GSM5319992	MCAO	Simulated	0.45	0.4625	0	16160	0.0
GSE174574	GSM5319992	MCAO	Simulated	0.4625	0.47500000000000003	391	16160	0.024195544554455446
GSE174574	GSM5319992	MCAO	Simulated	0.47500000000000003	0.48750000000000004	0	16160	0.0
GSE174574	GSM5319992	MCAO	Simulated	0.48750000000000004	0.5	0	16160	0.0
GSE174574	GSM5319992	MCAO	Simulated	0.5	0.5125000000000001	0	16160	0.0
GSE174574	GSM5319992	MCAO	Simulated	0.5125000000000001	0.525	0	16160	0.0
GSE174574	GSM5319992	MCAO	Simulated	0.525	0.5375	0	16160	0.0
GSE174574	GSM5319992	MCAO	Simulated	0.5375	0.55	144	16160	0.00891089108910891
GSE174574	GSM5319992	MCAO	Simulated	0.55	0.5625	0	16160	0.0
GSE174574	GSM5319992	MCAO	Simulated	0.5625	0.5750000000000001	0	16160	0.0
GSE174574	GSM5319992	MCAO	Simulated	0.5750000000000001	0.5875	0	16160	0.0
GSE174574	GSM5319992	MCAO	Simulated	0.5875	0.6000000000000001	0	16160	0.0
GSE174574	GSM5319992	MCAO	Simulated	0.6000000000000001	0.6125	0	16160	0.0
GSE174574	GSM5319992	MCAO	Simulated	0.6125	0.625	0	16160	0.0
GSE174574	GSM5319992	MCAO	Simulated	0.625	0.6375000000000001	0	16160	0.0
GSE174574	GSM5319992	MCAO	Simulated	0.6375000000000001	0.65	39	16160	0.0024133663366336633
GSE174574	GSM5319992	MCAO	Simulated	0.65	0.6625000000000001	0	16160	0.0
GSE174574	GSM5319992	MCAO	Simulated	0.6625000000000001	0.675	0	16160	0.0
GSE174574	GSM5319992	MCAO	Simulated	0.675	0.6875	0	16160	0.0
GSE174574	GSM5319992	MCAO	Simulated	0.6875	0.7000000000000001	0	16160	0.0
GSE174574	GSM5319992	MCAO	Simulated	0.7000000000000001	0.7125	0	16160	0.0
GSE174574	GSM5319992	MCAO	Simulated	0.7125	0.7250000000000001	0	16160	0.0
GSE174574	GSM5319992	MCAO	Simulated	0.7250000000000001	0.7375	0	16160	0.0
GSE174574	GSM5319992	MCAO	Simulated	0.7375	0.75	0	16160	0.0
GSE245386	GSM7841720	Sham	Observed	0.0	0.0125	72	15206	0.0047349730369590955
GSE245386	GSM7841720	Sham	Observed	0.0125	0.025	1476	15206	0.09706694725766145
GSE245386	GSM7841720	Sham	Observed	0.025	0.037500000000000006	3087	15206	0.2030119689596212
GSE245386	GSM7841720	Sham	Observed	0.037500000000000006	0.05	3164	15206	0.20807575956859134
GSE245386	GSM7841720	Sham	Observed	0.05	0.0625	2146	15206	0.1411285019071419
GSE245386	GSM7841720	Sham	Observed	0.0625	0.07500000000000001	1441	15206	0.09476522425358411
GSE245386	GSM7841720	Sham	Observed	0.07500000000000001	0.08750000000000001	1056	15206	0.0694462712087334
GSE245386	GSM7841720	Sham	Observed	0.08750000000000001	0.1	589	15206	0.03873470998290149
GSE245386	GSM7841720	Sham	Observed	0.1	0.1125	504	15206	0.033144811258713665
GSE245386	GSM7841720	Sham	Observed	0.1125	0.125	347	15206	0.02281993949756675
GSE245386	GSM7841720	Sham	Observed	0.125	0.1375	310	15206	0.02038668946468499
GSE245386	GSM7841720	Sham	Observed	0.1375	0.15000000000000002	192	15206	0.012626594765224253
GSE245386	GSM7841720	Sham	Observed	0.15000000000000002	0.1625	159	15206	0.010456398789951336
GSE245386	GSM7841720	Sham	Observed	0.1625	0.17500000000000002	163	15206	0.010719452847560174
GSE245386	GSM7841720	Sham	Observed	0.17500000000000002	0.1875	78	15206	0.005129554123372353
GSE245386	GSM7841720	Sham	Observed	0.1875	0.2	102	15206	0.006707878469025385
GSE245386	GSM7841720	Sham	Observed	0.2	0.21250000000000002	40	15206	0.002630540576088386
GSE245386	GSM7841720	Sham	Observed	0.21250000000000002	0.225	33	15206	0.0021701959752729186
GSE245386	GSM7841720	Sham	Observed	0.225	0.23750000000000002	39	15206	0.0025647770616861764
GSE245386	GSM7841720	Sham	Observed	0.23750000000000002	0.25	25	15206	0.0016440878600552415
GSE245386	GSM7841720	Sham	Observed	0.25	0.2625	34	15206	0.002235959489675128
GSE245386	GSM7841720	Sham	Observed	0.2625	0.275	0	15206	0.0
GSE245386	GSM7841720	Sham	Observed	0.275	0.28750000000000003	42	15206	0.0027620676048928055
GSE245386	GSM7841720	Sham	Observed	0.28750000000000003	0.30000000000000004	25	15206	0.0016440878600552415
GSE245386	GSM7841720	Sham	Observed	0.30000000000000004	0.3125	0	15206	0.0
GSE245386	GSM7841720	Sham	Observed	0.3125	0.325	25	15206	0.0016440878600552415
GSE245386	GSM7841720	Sham	Observed	0.325	0.3375	0	15206	0.0
GSE245386	GSM7841720	Sham	Observed	0.3375	0.35000000000000003	11	15206	0.0007233986584243062
GSE245386	GSM7841720	Sham	Observed	0.35000000000000003	0.36250000000000004	0	15206	0.0
GSE245386	GSM7841720	Sham	Observed	0.36250000000000004	0.375	10	15206	0.0006576351440220965
GSE245386	GSM7841720	Sham	Observed	0.375	0.3875	0	15206	0.0
GSE245386	GSM7841720	Sham	Observed	0.3875	0.4	0	15206	0.0
GSE245386	GSM7841720	Sham	Observed	0.4	0.41250000000000003	19	15206	0.0012495067736419834
GSE245386	GSM7841720	Sham	Observed	0.41250000000000003	0.42500000000000004	0	15206	0.0
GSE245386	GSM7841720	Sham	Observed	0.42500000000000004	0.4375	0	15206	0.0
GSE245386	GSM7841720	Sham	Observed	0.4375	0.45	8	15206	0.0005261081152176773
GSE245386	GSM7841720	Sham	Observed	0.45	0.4625	0	15206	0.0
GSE245386	GSM7841720	Sham	Observed	0.4625	0.47500000000000003	0	15206	0.0
GSE245386	GSM7841720	Sham	Observed	0.47500000000000003	0.48750000000000004	0	15206	0.0
GSE245386	GSM7841720	Sham	Observed	0.48750000000000004	0.5	7	15206	0.0004603446008154676
GSE245386	GSM7841720	Sham	Observed	0.5	0.5125000000000001	0	15206	0.0
GSE245386	GSM7841720	Sham	Observed	0.5125000000000001	0.525	0	15206	0.0
GSE245386	GSM7841720	Sham	Observed	0.525	0.5375	0	15206	0.0
GSE245386	GSM7841720	Sham	Observed	0.5375	0.55	2	15206	0.00013152702880441932
GSE245386	GSM7841720	Sham	Observed	0.55	0.5625	0	15206	0.0
GSE245386	GSM7841720	Sham	Observed	0.5625	0.5750000000000001	0	15206	0.0
GSE245386	GSM7841720	Sham	Observed	0.5750000000000001	0.5875	0	15206	0.0
GSE245386	GSM7841720	Sham	Observed	0.5875	0.6000000000000001	0	15206	0.0
GSE245386	GSM7841720	Sham	Observed	0.6000000000000001	0.6125	0	15206	0.0
GSE245386	GSM7841720	Sham	Observed	0.6125	0.625	0	15206	0.0
GSE245386	GSM7841720	Sham	Observed	0.625	0.6375000000000001	0	15206	0.0
GSE245386	GSM7841720	Sham	Observed	0.6375000000000001	0.65	0	15206	0.0
GSE245386	GSM7841720	Sham	Observed	0.65	0.6625000000000001	0	15206	0.0
GSE245386	GSM7841720	Sham	Observed	0.6625000000000001	0.675	0	15206	0.0
GSE245386	GSM7841720	Sham	Observed	0.675	0.6875	0	15206	0.0
GSE245386	GSM7841720	Sham	Observed	0.6875	0.7000000000000001	0	15206	0.0
GSE245386	GSM7841720	Sham	Observed	0.7000000000000001	0.7125	0	15206	0.0
GSE245386	GSM7841720	Sham	Observed	0.7125	0.7250000000000001	0	15206	0.0
GSE245386	GSM7841720	Sham	Observed	0.7250000000000001	0.7375	0	15206	0.0
GSE245386	GSM7841720	Sham	Observed	0.7375	0.75	0	15206	0.0
GSE245386	GSM7841720	Sham	Simulated	0.0	0.0125	12	30412	0.0003945810864132579
GSE245386	GSM7841720	Sham	Simulated	0.0125	0.025	347	30412	0.011409969748783375
GSE245386	GSM7841720	Sham	Simulated	0.025	0.037500000000000006	1981	30412	0.06513876101538867
GSE245386	GSM7841720	Sham	Simulated	0.037500000000000006	0.05	3626	30412	0.11922925161120611
GSE245386	GSM7841720	Sham	Simulated	0.05	0.0625	3824	30412	0.12573983953702486
GSE245386	GSM7841720	Sham	Simulated	0.0625	0.07500000000000001	3436	30412	0.11298171774299619
GSE245386	GSM7841720	Sham	Simulated	0.07500000000000001	0.08750000000000001	3134	30412	0.10305142706826252
GSE245386	GSM7841720	Sham	Simulated	0.08750000000000001	0.1	2064	30412	0.06786794686308037
GSE245386	GSM7841720	Sham	Simulated	0.1	0.1125	1925	30412	0.06329738261212679
GSE245386	GSM7841720	Sham	Simulated	0.1125	0.125	1403	30412	0.04613310535315007
GSE245386	GSM7841720	Sham	Simulated	0.125	0.1375	1329	30412	0.043699855320268315
GSE245386	GSM7841720	Sham	Simulated	0.1375	0.15000000000000002	963	30412	0.03166513218466395
GSE245386	GSM7841720	Sham	Simulated	0.15000000000000002	0.1625	932	30412	0.0306457977114297
GSE245386	GSM7841720	Sham	Simulated	0.1625	0.17500000000000002	923	30412	0.030349861896619756
GSE245386	GSM7841720	Sham	Simulated	0.17500000000000002	0.1875	418	30412	0.013744574510061818
GSE245386	GSM7841720	Sham	Simulated	0.1875	0.2	629	30412	0.020682625279494937
GSE245386	GSM7841720	Sham	Simulated	0.2	0.21250000000000002	258	30412	0.008483493357885046
GSE245386	GSM7841720	Sham	Simulated	0.21250000000000002	0.225	226	30412	0.007431277127449691
GSE245386	GSM7841720	Sham	Simulated	0.225	0.23750000000000002	266	30412	0.008746547415493884
GSE245386	GSM7841720	Sham	Simulated	0.23750000000000002	0.25	217	30412	0.007135341312639747
GSE245386	GSM7841720	Sham	Simulated	0.25	0.2625	238	30412	0.00782585821386295
GSE245386	GSM7841720	Sham	Simulated	0.2625	0.275	0	30412	0.0
GSE245386	GSM7841720	Sham	Simulated	0.275	0.28750000000000003	239	30412	0.007858739971064054
GSE245386	GSM7841720	Sham	Simulated	0.28750000000000003	0.30000000000000004	292	30412	0.00960147310272261
GSE245386	GSM7841720	Sham	Simulated	0.30000000000000004	0.3125	0	30412	0.0
GSE245386	GSM7841720	Sham	Simulated	0.3125	0.325	241	30412	0.007924503485466264
GSE245386	GSM7841720	Sham	Simulated	0.325	0.3375	0	30412	0.0
GSE245386	GSM7841720	Sham	Simulated	0.3375	0.35000000000000003	270	30412	0.008878074444298303
GSE245386	GSM7841720	Sham	Simulated	0.35000000000000003	0.36250000000000004	0	30412	0.0
GSE245386	GSM7841720	Sham	Simulated	0.36250000000000004	0.375	260	30412	0.008549256872287254
GSE245386	GSM7841720	Sham	Simulated	0.375	0.3875	0	30412	0.0
GSE245386	GSM7841720	Sham	Simulated	0.3875	0.4	0	30412	0.0
GSE245386	GSM7841720	Sham	Simulated	0.4	0.41250000000000003	290	30412	0.0095357095883204
GSE245386	GSM7841720	Sham	Simulated	0.41250000000000003	0.42500000000000004	0	30412	0.0
GSE245386	GSM7841720	Sham	Simulated	0.42500000000000004	0.4375	0	30412	0.0
GSE245386	GSM7841720	Sham	Simulated	0.4375	0.45	273	30412	0.008976719715901619
GSE245386	GSM7841720	Sham	Simulated	0.45	0.4625	0	30412	0.0
GSE245386	GSM7841720	Sham	Simulated	0.4625	0.47500000000000003	0	30412	0.0
GSE245386	GSM7841720	Sham	Simulated	0.47500000000000003	0.48750000000000004	0	30412	0.0
GSE245386	GSM7841720	Sham	Simulated	0.48750000000000004	0.5	223	30412	0.0073326318558463765
GSE245386	GSM7841720	Sham	Simulated	0.5	0.5125000000000001	0	30412	0.0
GSE245386	GSM7841720	Sham	Simulated	0.5125000000000001	0.525	0	30412	0.0
GSE245386	GSM7841720	Sham	Simulated	0.525	0.5375	0	30412	0.0
GSE245386	GSM7841720	Sham	Simulated	0.5375	0.55	103	30412	0.003386820991713797
GSE245386	GSM7841720	Sham	Simulated	0.55	0.5625	0	30412	0.0
GSE245386	GSM7841720	Sham	Simulated	0.5625	0.5750000000000001	0	30412	0.0
GSE245386	GSM7841720	Sham	Simulated	0.5750000000000001	0.5875	0	30412	0.0
GSE245386	GSM7841720	Sham	Simulated	0.5875	0.6000000000000001	0	30412	0.0
GSE245386	GSM7841720	Sham	Simulated	0.6000000000000001	0.6125	0	30412	0.0
GSE245386	GSM7841720	Sham	Simulated	0.6125	0.625	51	30412	0.0016769696172563462
GSE245386	GSM7841720	Sham	Simulated	0.625	0.6375000000000001	0	30412	0.0
GSE245386	GSM7841720	Sham	Simulated	0.6375000000000001	0.65	0	30412	0.0
GSE245386	GSM7841720	Sham	Simulated	0.65	0.6625000000000001	0	30412	0.0
GSE245386	GSM7841720	Sham	Simulated	0.6625000000000001	0.675	0	30412	0.0
GSE245386	GSM7841720	Sham	Simulated	0.675	0.6875	0	30412	0.0
GSE245386	GSM7841720	Sham	Simulated	0.6875	0.7000000000000001	0	30412	0.0
GSE245386	GSM7841720	Sham	Simulated	0.7000000000000001	0.7125	19	30412	0.0006247533868209917
GSE245386	GSM7841720	Sham	Simulated	0.7125	0.7250000000000001	0	30412	0.0
GSE245386	GSM7841720	Sham	Simulated	0.7250000000000001	0.7375	0	30412	0.0
GSE245386	GSM7841720	Sham	Simulated	0.7375	0.75	0	30412	0.0
GSE245386	GSM7841721	Sham	Observed	0.0	0.0125	878	10017	0.08765099331137068
GSE245386	GSM7841721	Sham	Observed	0.0125	0.025	2632	10017	0.26275331935709295
GSE245386	GSM7841721	Sham	Observed	0.025	0.037500000000000006	1912	10017	0.19087551163022862
GSE245386	GSM7841721	Sham	Observed	0.037500000000000006	0.05	1280	10017	0.12778276929220325
GSE245386	GSM7841721	Sham	Observed	0.05	0.0625	742	10017	0.07407407407407407
GSE245386	GSM7841721	Sham	Observed	0.0625	0.07500000000000001	750	10017	0.07487271638215034
GSE245386	GSM7841721	Sham	Observed	0.07500000000000001	0.08750000000000001	579	10017	0.05780173704702007
GSE245386	GSM7841721	Sham	Observed	0.08750000000000001	0.1	257	10017	0.025656384146950185
GSE245386	GSM7841721	Sham	Observed	0.1	0.1125	210	10017	0.020964360587002098
GSE245386	GSM7841721	Sham	Observed	0.1125	0.125	156	10017	0.015573525007487272
GSE245386	GSM7841721	Sham	Observed	0.125	0.1375	94	10017	0.009384047119896176
GSE245386	GSM7841721	Sham	Observed	0.1375	0.15000000000000002	58	10017	0.00579015673355296
GSE245386	GSM7841721	Sham	Observed	0.15000000000000002	0.1625	33	10017	0.0032943995208146153
GSE245386	GSM7841721	Sham	Observed	0.1625	0.17500000000000002	52	10017	0.005191175002495757
GSE245386	GSM7841721	Sham	Observed	0.17500000000000002	0.1875	27	10017	0.0026954177897574125
GSE245386	GSM7841721	Sham	Observed	0.1875	0.2	25	10017	0.0024957572127383447
GSE245386	GSM7841721	Sham	Observed	0.2	0.21250000000000002	16	10017	0.0015972846161525407
GSE245386	GSM7841721	Sham	Observed	0.21250000000000002	0.225	22	10017	0.0021962663472097433
GSE245386	GSM7841721	Sham	Observed	0.225	0.23750000000000002	32	10017	0.0031945692323050814
GSE245386	GSM7841721	Sham	Observed	0.23750000000000002	0.25	0	10017	0.0
GSE245386	GSM7841721	Sham	Observed	0.25	0.2625	25	10017	0.0024957572127383447
GSE245386	GSM7841721	Sham	Observed	0.2625	0.275	35	10017	0.0034940600978336828
GSE245386	GSM7841721	Sham	Observed	0.275	0.28750000000000003	0	10017	0.0
GSE245386	GSM7841721	Sham	Observed	0.28750000000000003	0.30000000000000004	28	10017	0.002795248078266946
GSE245386	GSM7841721	Sham	Observed	0.30000000000000004	0.3125	0	10017	0.0
GSE245386	GSM7841721	Sham	Observed	0.3125	0.325	31	10017	0.0030947389437955474
GSE245386	GSM7841721	Sham	Observed	0.325	0.3375	0	10017	0.0
GSE245386	GSM7841721	Sham	Observed	0.3375	0.35000000000000003	0	10017	0.0
GSE245386	GSM7841721	Sham	Observed	0.35000000000000003	0.36250000000000004	37	10017	0.0036937206748527502
GSE245386	GSM7841721	Sham	Observed	0.36250000000000004	0.375	0	10017	0.0
GSE245386	GSM7841721	Sham	Observed	0.375	0.3875	0	10017	0.0
GSE245386	GSM7841721	Sham	Observed	0.3875	0.4	35	10017	0.0034940600978336828
GSE245386	GSM7841721	Sham	Observed	0.4	0.41250000000000003	0	10017	0.0
GSE245386	GSM7841721	Sham	Observed	0.41250000000000003	0.42500000000000004	0	10017	0.0
GSE245386	GSM7841721	Sham	Observed	0.42500000000000004	0.4375	33	10017	0.0032943995208146153
GSE245386	GSM7841721	Sham	Observed	0.4375	0.45	0	10017	0.0
GSE245386	GSM7841721	Sham	Observed	0.45	0.4625	0	10017	0.0
GSE245386	GSM7841721	Sham	Observed	0.4625	0.47500000000000003	0	10017	0.0
GSE245386	GSM7841721	Sham	Observed	0.47500000000000003	0.48750000000000004	0	10017	0.0
GSE245386	GSM7841721	Sham	Observed	0.48750000000000004	0.5	16	10017	0.0015972846161525407
GSE245386	GSM7841721	Sham	Observed	0.5	0.5125000000000001	0	10017	0.0
GSE245386	GSM7841721	Sham	Observed	0.5125000000000001	0.525	0	10017	0.0
GSE245386	GSM7841721	Sham	Observed	0.525	0.5375	0	10017	0.0
GSE245386	GSM7841721	Sham	Observed	0.5375	0.55	0	10017	0.0
GSE245386	GSM7841721	Sham	Observed	0.55	0.5625	0	10017	0.0
GSE245386	GSM7841721	Sham	Observed	0.5625	0.5750000000000001	17	10017	0.0016971149046620744
GSE245386	GSM7841721	Sham	Observed	0.5750000000000001	0.5875	0	10017	0.0
GSE245386	GSM7841721	Sham	Observed	0.5875	0.6000000000000001	0	10017	0.0
GSE245386	GSM7841721	Sham	Observed	0.6000000000000001	0.6125	0	10017	0.0
GSE245386	GSM7841721	Sham	Observed	0.6125	0.625	0	10017	0.0
GSE245386	GSM7841721	Sham	Observed	0.625	0.6375000000000001	0	10017	0.0
GSE245386	GSM7841721	Sham	Observed	0.6375000000000001	0.65	0	10017	0.0
GSE245386	GSM7841721	Sham	Observed	0.65	0.6625000000000001	0	10017	0.0
GSE245386	GSM7841721	Sham	Observed	0.6625000000000001	0.675	5	10017	0.000499151442547669
GSE245386	GSM7841721	Sham	Observed	0.675	0.6875	0	10017	0.0
GSE245386	GSM7841721	Sham	Observed	0.6875	0.7000000000000001	0	10017	0.0
GSE245386	GSM7841721	Sham	Observed	0.7000000000000001	0.7125	0	10017	0.0
GSE245386	GSM7841721	Sham	Observed	0.7125	0.7250000000000001	0	10017	0.0
GSE245386	GSM7841721	Sham	Observed	0.7250000000000001	0.7375	0	10017	0.0
GSE245386	GSM7841721	Sham	Observed	0.7375	0.75	0	10017	0.0
GSE245386	GSM7841721	Sham	Simulated	0.0	0.0125	99	20034	0.004941599281221923
GSE245386	GSM7841721	Sham	Simulated	0.0125	0.025	1107	20034	0.05525606469002695
GSE245386	GSM7841721	Sham	Simulated	0.025	0.037500000000000006	1473	20034	0.07352500748727164
GSE245386	GSM7841721	Sham	Simulated	0.037500000000000006	0.05	1430	20034	0.07137865628431667
GSE245386	GSM7841721	Sham	Simulated	0.05	0.0625	1065	20034	0.05315962863132674
GSE245386	GSM7841721	Sham	Simulated	0.0625	0.07500000000000001	1134	20034	0.05660377358490566
GSE245386	GSM7841721	Sham	Simulated	0.07500000000000001	0.08750000000000001	1075	20034	0.05365878007387442
GSE245386	GSM7841721	Sham	Simulated	0.08750000000000001	0.1	673	20034	0.03359289208345812
GSE245386	GSM7841721	Sham	Simulated	0.1	0.1125	679	20034	0.03389238294898672
GSE245386	GSM7841721	Sham	Simulated	0.1125	0.125	715	20034	0.03568932814215833
GSE245386	GSM7841721	Sham	Simulated	0.125	0.1375	408	20034	0.020365378855944895
GSE245386	GSM7841721	Sham	Simulated	0.1375	0.15000000000000002	449	20034	0.022411899770390337
GSE245386	GSM7841721	Sham	Simulated	0.15000000000000002	0.1625	192	20034	0.009583707696915245
GSE245386	GSM7841721	Sham	Simulated	0.1625	0.17500000000000002	437	20034	0.021812918039333135
GSE245386	GSM7841721	Sham	Simulated	0.17500000000000002	0.1875	216	20034	0.01078167115902965
GSE245386	GSM7841721	Sham	Simulated	0.1875	0.2	232	20034	0.01158031346710592
GSE245386	GSM7841721	Sham	Simulated	0.2	0.21250000000000002	241	20034	0.012029549765398821
GSE245386	GSM7841721	Sham	Simulated	0.21250000000000002	0.225	312	20034	0.015573525007487272
GSE245386	GSM7841721	Sham	Simulated	0.225	0.23750000000000002	364	20034	0.01816911250873515
GSE245386	GSM7841721	Sham	Simulated	0.23750000000000002	0.25	0	20034	0.0
GSE245386	GSM7841721	Sham	Simulated	0.25	0.2625	471	20034	0.02351003294399521
GSE245386	GSM7841721	Sham	Simulated	0.2625	0.275	602	20034	0.03004891684136967
GSE245386	GSM7841721	Sham	Simulated	0.275	0.28750000000000003	0	20034	0.0
GSE245386	GSM7841721	Sham	Simulated	0.28750000000000003	0.30000000000000004	710	20034	0.0354397524208845
GSE245386	GSM7841721	Sham	Simulated	0.30000000000000004	0.3125	0	20034	0.0
GSE245386	GSM7841721	Sham	Simulated	0.3125	0.325	877	20034	0.043775581511430565
GSE245386	GSM7841721	Sham	Simulated	0.325	0.3375	0	20034	0.0
GSE245386	GSM7841721	Sham	Simulated	0.3375	0.35000000000000003	0	20034	0.0
GSE245386	GSM7841721	Sham	Simulated	0.35000000000000003	0.36250000000000004	1033	20034	0.051562344015174205
GSE245386	GSM7841721	Sham	Simulated	0.36250000000000004	0.375	0	20034	0.0
GSE245386	GSM7841721	Sham	Simulated	0.375	0.3875	0	20034	0.0
GSE245386	GSM7841721	Sham	Simulated	0.3875	0.4	1119	20034	0.05585504642108416
GSE245386	GSM7841721	Sham	Simulated	0.4	0.41250000000000003	0	20034	0.0
GSE245386	GSM7841721	Sham	Simulated	0.41250000000000003	0.42500000000000004	0	20034	0.0
GSE245386	GSM7841721	Sham	Simulated	0.42500000000000004	0.4375	1087	20034	0.054257761804931616
GSE245386	GSM7841721	Sham	Simulated	0.4375	0.45	0	20034	0.0
GSE245386	GSM7841721	Sham	Simulated	0.45	0.4625	0	20034	0.0
GSE245386	GSM7841721	Sham	Simulated	0.4625	0.47500000000000003	0	20034	0.0
GSE245386	GSM7841721	Sham	Simulated	0.47500000000000003	0.48750000000000004	0	20034	0.0
GSE245386	GSM7841721	Sham	Simulated	0.48750000000000004	0.5	1032	20034	0.05151242887091944
GSE245386	GSM7841721	Sham	Simulated	0.5	0.5125000000000001	0	20034	0.0
GSE245386	GSM7841721	Sham	Simulated	0.5125000000000001	0.525	0	20034	0.0
GSE245386	GSM7841721	Sham	Simulated	0.525	0.5375	0	20034	0.0
GSE245386	GSM7841721	Sham	Simulated	0.5375	0.55	0	20034	0.0
GSE245386	GSM7841721	Sham	Simulated	0.55	0.5625	0	20034	0.0
GSE245386	GSM7841721	Sham	Simulated	0.5625	0.5750000000000001	670	20034	0.03344314665069382
GSE245386	GSM7841721	Sham	Simulated	0.5750000000000001	0.5875	0	20034	0.0
GSE245386	GSM7841721	Sham	Simulated	0.5875	0.6000000000000001	0	20034	0.0
GSE245386	GSM7841721	Sham	Simulated	0.6000000000000001	0.6125	0	20034	0.0
GSE245386	GSM7841721	Sham	Simulated	0.6125	0.625	0	20034	0.0
GSE245386	GSM7841721	Sham	Simulated	0.625	0.6375000000000001	0	20034	0.0
GSE245386	GSM7841721	Sham	Simulated	0.6375000000000001	0.65	0	20034	0.0
GSE245386	GSM7841721	Sham	Simulated	0.65	0.6625000000000001	0	20034	0.0
GSE245386	GSM7841721	Sham	Simulated	0.6625000000000001	0.675	132	20034	0.006588799041629231
GSE245386	GSM7841721	Sham	Simulated	0.675	0.6875	0	20034	0.0
GSE245386	GSM7841721	Sham	Simulated	0.6875	0.7000000000000001	0	20034	0.0
GSE245386	GSM7841721	Sham	Simulated	0.7000000000000001	0.7125	0	20034	0.0
GSE245386	GSM7841721	Sham	Simulated	0.7125	0.7250000000000001	0	20034	0.0
GSE245386	GSM7841721	Sham	Simulated	0.7250000000000001	0.7375	0	20034	0.0
GSE245386	GSM7841721	Sham	Simulated	0.7375	0.75	0	20034	0.0
GSE245386	GSM7841722	Sham	Observed	0.0	0.0125	494	9625	0.05132467532467532
GSE245386	GSM7841722	Sham	Observed	0.0125	0.025	2368	9625	0.24602597402597404
GSE245386	GSM7841722	Sham	Observed	0.025	0.037500000000000006	2003	9625	0.2081038961038961
GSE245386	GSM7841722	Sham	Observed	0.037500000000000006	0.05	1273	9625	0.13225974025974027
GSE245386	GSM7841722	Sham	Observed	0.05	0.0625	770	9625	0.08
GSE245386	GSM7841722	Sham	Observed	0.0625	0.07500000000000001	802	9625	0.08332467532467533
GSE245386	GSM7841722	Sham	Observed	0.07500000000000001	0.08750000000000001	521	9625	0.05412987012987013
GSE245386	GSM7841722	Sham	Observed	0.08750000000000001	0.1	432	9625	0.044883116883116886
GSE245386	GSM7841722	Sham	Observed	0.1	0.1125	252	9625	0.02618181818181818
GSE245386	GSM7841722	Sham	Observed	0.1125	0.125	118	9625	0.01225974025974026
GSE245386	GSM7841722	Sham	Observed	0.125	0.1375	103	9625	0.010701298701298701
GSE245386	GSM7841722	Sham	Observed	0.1375	0.15000000000000002	71	9625	0.007376623376623376
GSE245386	GSM7841722	Sham	Observed	0.15000000000000002	0.1625	52	9625	0.005402597402597403
GSE245386	GSM7841722	Sham	Observed	0.1625	0.17500000000000002	17	9625	0.0017662337662337662
GSE245386	GSM7841722	Sham	Observed	0.17500000000000002	0.1875	13	9625	0.0013506493506493507
GSE245386	GSM7841722	Sham	Observed	0.1875	0.2	24	9625	0.0024935064935064934
GSE245386	GSM7841722	Sham	Observed	0.2	0.21250000000000002	18	9625	0.0018701298701298702
GSE245386	GSM7841722	Sham	Observed	0.21250000000000002	0.225	14	9625	0.0014545454545454545
GSE245386	GSM7841722	Sham	Observed	0.225	0.23750000000000002	19	9625	0.001974025974025974
GSE245386	GSM7841722	Sham	Observed	0.23750000000000002	0.25	21	9625	0.002181818181818182
GSE245386	GSM7841722	Sham	Observed	0.25	0.2625	0	9625	0.0
GSE245386	GSM7841722	Sham	Observed	0.2625	0.275	23	9625	0.0023896103896103894
GSE245386	GSM7841722	Sham	Observed	0.275	0.28750000000000003	0	9625	0.0
GSE245386	GSM7841722	Sham	Observed	0.28750000000000003	0.30000000000000004	16	9625	0.0016623376623376624
GSE245386	GSM7841722	Sham	Observed	0.30000000000000004	0.3125	0	9625	0.0
GSE245386	GSM7841722	Sham	Observed	0.3125	0.325	33	9625	0.0034285714285714284
GSE245386	GSM7841722	Sham	Observed	0.325	0.3375	0	9625	0.0
GSE245386	GSM7841722	Sham	Observed	0.3375	0.35000000000000003	34	9625	0.0035324675324675324
GSE245386	GSM7841722	Sham	Observed	0.35000000000000003	0.36250000000000004	0	9625	0.0
GSE245386	GSM7841722	Sham	Observed	0.36250000000000004	0.375	0	9625	0.0
GSE245386	GSM7841722	Sham	Observed	0.375	0.3875	49	9625	0.005090909090909091
GSE245386	GSM7841722	Sham	Observed	0.3875	0.4	0	9625	0.0
GSE245386	GSM7841722	Sham	Observed	0.4	0.41250000000000003	0	9625	0.0
GSE245386	GSM7841722	Sham	Observed	0.41250000000000003	0.42500000000000004	0	9625	0.0
GSE245386	GSM7841722	Sham	Observed	0.42500000000000004	0.4375	37	9625	0.0038441558441558443
GSE245386	GSM7841722	Sham	Observed	0.4375	0.45	0	9625	0.0
GSE245386	GSM7841722	Sham	Observed	0.45	0.4625	0	9625	0.0
GSE245386	GSM7841722	Sham	Observed	0.4625	0.47500000000000003	0	9625	0.0
GSE245386	GSM7841722	Sham	Observed	0.47500000000000003	0.48750000000000004	0	9625	0.0
GSE245386	GSM7841722	Sham	Observed	0.48750000000000004	0.5	33	9625	0.0034285714285714284
GSE245386	GSM7841722	Sham	Observed	0.5	0.5125000000000001	0	9625	0.0
GSE245386	GSM7841722	Sham	Observed	0.5125000000000001	0.525	0	9625	0.0
GSE245386	GSM7841722	Sham	Observed	0.525	0.5375	0	9625	0.0
GSE245386	GSM7841722	Sham	Observed	0.5375	0.55	0	9625	0.0
GSE245386	GSM7841722	Sham	Observed	0.55	0.5625	10	9625	0.001038961038961039
GSE245386	GSM7841722	Sham	Observed	0.5625	0.5750000000000001	0	9625	0.0
GSE245386	GSM7841722	Sham	Observed	0.5750000000000001	0.5875	0	9625	0.0
GSE245386	GSM7841722	Sham	Observed	0.5875	0.6000000000000001	0	9625	0.0
GSE245386	GSM7841722	Sham	Observed	0.6000000000000001	0.6125	0	9625	0.0
GSE245386	GSM7841722	Sham	Observed	0.6125	0.625	0	9625	0.0
GSE245386	GSM7841722	Sham	Observed	0.625	0.6375000000000001	0	9625	0.0
GSE245386	GSM7841722	Sham	Observed	0.6375000000000001	0.65	0	9625	0.0
GSE245386	GSM7841722	Sham	Observed	0.65	0.6625000000000001	5	9625	0.0005194805194805195
GSE245386	GSM7841722	Sham	Observed	0.6625000000000001	0.675	0	9625	0.0
GSE245386	GSM7841722	Sham	Observed	0.675	0.6875	0	9625	0.0
GSE245386	GSM7841722	Sham	Observed	0.6875	0.7000000000000001	0	9625	0.0
GSE245386	GSM7841722	Sham	Observed	0.7000000000000001	0.7125	0	9625	0.0
GSE245386	GSM7841722	Sham	Observed	0.7125	0.7250000000000001	0	9625	0.0
GSE245386	GSM7841722	Sham	Observed	0.7250000000000001	0.7375	0	9625	0.0
GSE245386	GSM7841722	Sham	Observed	0.7375	0.75	0	9625	0.0
GSE245386	GSM7841722	Sham	Simulated	0.0	0.0125	71	19250	0.003688311688311688
GSE245386	GSM7841722	Sham	Simulated	0.0125	0.025	878	19250	0.04561038961038961
GSE245386	GSM7841722	Sham	Simulated	0.025	0.037500000000000006	1554	19250	0.08072727272727273
GSE245386	GSM7841722	Sham	Simulated	0.037500000000000006	0.05	1370	19250	0.07116883116883117
GSE245386	GSM7841722	Sham	Simulated	0.05	0.0625	1022	19250	0.05309090909090909
GSE245386	GSM7841722	Sham	Simulated	0.0625	0.07500000000000001	1026	19250	0.0532987012987013
GSE245386	GSM7841722	Sham	Simulated	0.07500000000000001	0.08750000000000001	844	19250	0.043844155844155845
GSE245386	GSM7841722	Sham	Simulated	0.08750000000000001	0.1	937	19250	0.04867532467532468
GSE245386	GSM7841722	Sham	Simulated	0.1	0.1125	758	19250	0.03937662337662338
GSE245386	GSM7841722	Sham	Simulated	0.1125	0.125	537	19250	0.027896103896103894
GSE245386	GSM7841722	Sham	Simulated	0.125	0.1375	461	19250	0.023948051948051947
GSE245386	GSM7841722	Sham	Simulated	0.1375	0.15000000000000002	412	19250	0.021402597402597402
GSE245386	GSM7841722	Sham	Simulated	0.15000000000000002	0.1625	417	19250	0.02166233766233766
GSE245386	GSM7841722	Sham	Simulated	0.1625	0.17500000000000002	211	19250	0.010961038961038961
GSE245386	GSM7841722	Sham	Simulated	0.17500000000000002	0.1875	171	19250	0.008883116883116883
GSE245386	GSM7841722	Sham	Simulated	0.1875	0.2	180	19250	0.00935064935064935
GSE245386	GSM7841722	Sham	Simulated	0.2	0.21250000000000002	195	19250	0.01012987012987013
GSE245386	GSM7841722	Sham	Simulated	0.21250000000000002	0.225	224	19250	0.011636363636363636
GSE245386	GSM7841722	Sham	Simulated	0.225	0.23750000000000002	274	19250	0.014233766233766234
GSE245386	GSM7841722	Sham	Simulated	0.23750000000000002	0.25	360	19250	0.0187012987012987
GSE245386	GSM7841722	Sham	Simulated	0.25	0.2625	0	19250	0.0
GSE245386	GSM7841722	Sham	Simulated	0.2625	0.275	420	19250	0.02181818181818182
GSE245386	GSM7841722	Sham	Simulated	0.275	0.28750000000000003	0	19250	0.0
GSE245386	GSM7841722	Sham	Simulated	0.28750000000000003	0.30000000000000004	598	19250	0.031064935064935066
GSE245386	GSM7841722	Sham	Simulated	0.30000000000000004	0.3125	0	19250	0.0
GSE245386	GSM7841722	Sham	Simulated	0.3125	0.325	773	19250	0.04015584415584415
GSE245386	GSM7841722	Sham	Simulated	0.325	0.3375	0	19250	0.0
GSE245386	GSM7841722	Sham	Simulated	0.3375	0.35000000000000003	996	19250	0.05174025974025974
GSE245386	GSM7841722	Sham	Simulated	0.35000000000000003	0.36250000000000004	0	19250	0.0
GSE245386	GSM7841722	Sham	Simulated	0.36250000000000004	0.375	0	19250	0.0
GSE245386	GSM7841722	Sham	Simulated	0.375	0.3875	1260	19250	0.06545454545454546
GSE245386	GSM7841722	Sham	Simulated	0.3875	0.4	0	19250	0.0
GSE245386	GSM7841722	Sham	Simulated	0.4	0.41250000000000003	0	19250	0.0
GSE245386	GSM7841722	Sham	Simulated	0.41250000000000003	0.42500000000000004	0	19250	0.0
GSE245386	GSM7841722	Sham	Simulated	0.42500000000000004	0.4375	1310	19250	0.06805194805194806
GSE245386	GSM7841722	Sham	Simulated	0.4375	0.45	0	19250	0.0
GSE245386	GSM7841722	Sham	Simulated	0.45	0.4625	0	19250	0.0
GSE245386	GSM7841722	Sham	Simulated	0.4625	0.47500000000000003	0	19250	0.0
GSE245386	GSM7841722	Sham	Simulated	0.47500000000000003	0.48750000000000004	0	19250	0.0
GSE245386	GSM7841722	Sham	Simulated	0.48750000000000004	0.5	1168	19250	0.060675324675324674
GSE245386	GSM7841722	Sham	Simulated	0.5	0.5125000000000001	0	19250	0.0
GSE245386	GSM7841722	Sham	Simulated	0.5125000000000001	0.525	0	19250	0.0
GSE245386	GSM7841722	Sham	Simulated	0.525	0.5375	0	19250	0.0
GSE245386	GSM7841722	Sham	Simulated	0.5375	0.55	0	19250	0.0
GSE245386	GSM7841722	Sham	Simulated	0.55	0.5625	633	19250	0.03288311688311688
GSE245386	GSM7841722	Sham	Simulated	0.5625	0.5750000000000001	0	19250	0.0
GSE245386	GSM7841722	Sham	Simulated	0.5750000000000001	0.5875	0	19250	0.0
GSE245386	GSM7841722	Sham	Simulated	0.5875	0.6000000000000001	0	19250	0.0
GSE245386	GSM7841722	Sham	Simulated	0.6000000000000001	0.6125	0	19250	0.0
GSE245386	GSM7841722	Sham	Simulated	0.6125	0.625	0	19250	0.0
GSE245386	GSM7841722	Sham	Simulated	0.625	0.6375000000000001	0	19250	0.0
GSE245386	GSM7841722	Sham	Simulated	0.6375000000000001	0.65	0	19250	0.0
GSE245386	GSM7841722	Sham	Simulated	0.65	0.6625000000000001	190	19250	0.009870129870129871
GSE245386	GSM7841722	Sham	Simulated	0.6625000000000001	0.675	0	19250	0.0
GSE245386	GSM7841722	Sham	Simulated	0.675	0.6875	0	19250	0.0
GSE245386	GSM7841722	Sham	Simulated	0.6875	0.7000000000000001	0	19250	0.0
GSE245386	GSM7841722	Sham	Simulated	0.7000000000000001	0.7125	0	19250	0.0
GSE245386	GSM7841722	Sham	Simulated	0.7125	0.7250000000000001	0	19250	0.0
GSE245386	GSM7841722	Sham	Simulated	0.7250000000000001	0.7375	0	19250	0.0
GSE245386	GSM7841722	Sham	Simulated	0.7375	0.75	0	19250	0.0
GSE245386	GSM7841723	MCAO	Observed	0.0	0.0125	800	9852	0.08120178643930166
GSE245386	GSM7841723	MCAO	Observed	0.0125	0.025	2299	9852	0.23335363377994317
GSE245386	GSM7841723	MCAO	Observed	0.025	0.037500000000000006	2251	9852	0.22848152659358506
GSE245386	GSM7841723	MCAO	Observed	0.037500000000000006	0.05	1735	9852	0.1761063743402355
GSE245386	GSM7841723	MCAO	Observed	0.05	0.0625	848	9852	0.08607389362565976
GSE245386	GSM7841723	MCAO	Observed	0.0625	0.07500000000000001	575	9852	0.05836378400324807
GSE245386	GSM7841723	MCAO	Observed	0.07500000000000001	0.08750000000000001	417	9852	0.04232643118148599
GSE245386	GSM7841723	MCAO	Observed	0.08750000000000001	0.1	177	9852	0.017965895249695493
GSE245386	GSM7841723	MCAO	Observed	0.1	0.1125	142	9852	0.014413317092976045
GSE245386	GSM7841723	MCAO	Observed	0.1125	0.125	91	9852	0.009236703207470564
GSE245386	GSM7841723	MCAO	Observed	0.125	0.1375	63	9852	0.006394640682095006
GSE245386	GSM7841723	MCAO	Observed	0.1375	0.15000000000000002	50	9852	0.005075111652456354
GSE245386	GSM7841723	MCAO	Observed	0.15000000000000002	0.1625	21	9852	0.002131546894031669
GSE245386	GSM7841723	MCAO	Observed	0.1625	0.17500000000000002	34	9852	0.003451075923670321
GSE245386	GSM7841723	MCAO	Observed	0.17500000000000002	0.1875	14	9852	0.0014210312626877792
GSE245386	GSM7841723	MCAO	Observed	0.1875	0.2	21	9852	0.002131546894031669
GSE245386	GSM7841723	MCAO	Observed	0.2	0.21250000000000002	26	9852	0.002639058059277304
GSE245386	GSM7841723	MCAO	Observed	0.21250000000000002	0.225	20	9852	0.0020300446609825416
GSE245386	GSM7841723	MCAO	Observed	0.225	0.23750000000000002	23	9852	0.0023345513601299227
GSE245386	GSM7841723	MCAO	Observed	0.23750000000000002	0.25	0	9852	0.0
GSE245386	GSM7841723	MCAO	Observed	0.25	0.2625	25	9852	0.002537555826228177
GSE245386	GSM7841723	MCAO	Observed	0.2625	0.275	22	9852	0.002233049127080796
GSE245386	GSM7841723	MCAO	Observed	0.275	0.28750000000000003	0	9852	0.0
GSE245386	GSM7841723	MCAO	Observed	0.28750000000000003	0.30000000000000004	26	9852	0.002639058059277304
GSE245386	GSM7841723	MCAO	Observed	0.30000000000000004	0.3125	0	9852	0.0
GSE245386	GSM7841723	MCAO	Observed	0.3125	0.325	32	9852	0.0032480714575720666
GSE245386	GSM7841723	MCAO	Observed	0.325	0.3375	0	9852	0.0
GSE245386	GSM7841723	MCAO	Observed	0.3375	0.35000000000000003	0	9852	0.0
GSE245386	GSM7841723	MCAO	Observed	0.35000000000000003	0.36250000000000004	52	9852	0.005278116118554608
GSE245386	GSM7841723	MCAO	Observed	0.36250000000000004	0.375	0	9852	0.0
GSE245386	GSM7841723	MCAO	Observed	0.375	0.3875	0	9852	0.0
GSE245386	GSM7841723	MCAO	Observed	0.3875	0.4	44	9852	0.004466098254161592
GSE245386	GSM7841723	MCAO	Observed	0.4	0.41250000000000003	0	9852	0.0
GSE245386	GSM7841723	MCAO	Observed	0.41250000000000003	0.42500000000000004	0	9852	0.0
GSE245386	GSM7841723	MCAO	Observed	0.42500000000000004	0.4375	22	9852	0.002233049127080796
GSE245386	GSM7841723	MCAO	Observed	0.4375	0.45	0	9852	0.0
GSE245386	GSM7841723	MCAO	Observed	0.45	0.4625	0	9852	0.0
GSE245386	GSM7841723	MCAO	Observed	0.4625	0.47500000000000003	0	9852	0.0
GSE245386	GSM7841723	MCAO	Observed	0.47500000000000003	0.48750000000000004	0	9852	0.0
GSE245386	GSM7841723	MCAO	Observed	0.48750000000000004	0.5	12	9852	0.001218026796589525
GSE245386	GSM7841723	MCAO	Observed	0.5	0.5125000000000001	0	9852	0.0
GSE245386	GSM7841723	MCAO	Observed	0.5125000000000001	0.525	0	9852	0.0
GSE245386	GSM7841723	MCAO	Observed	0.525	0.5375	0	9852	0.0
GSE245386	GSM7841723	MCAO	Observed	0.5375	0.55	0	9852	0.0
GSE245386	GSM7841723	MCAO	Observed	0.55	0.5625	0	9852	0.0
GSE245386	GSM7841723	MCAO	Observed	0.5625	0.5750000000000001	10	9852	0.0010150223304912708
GSE245386	GSM7841723	MCAO	Observed	0.5750000000000001	0.5875	0	9852	0.0
GSE245386	GSM7841723	MCAO	Observed	0.5875	0.6000000000000001	0	9852	0.0
GSE245386	GSM7841723	MCAO	Observed	0.6000000000000001	0.6125	0	9852	0.0
GSE245386	GSM7841723	MCAO	Observed	0.6125	0.625	0	9852	0.0
GSE245386	GSM7841723	MCAO	Observed	0.625	0.6375000000000001	0	9852	0.0
GSE245386	GSM7841723	MCAO	Observed	0.6375000000000001	0.65	0	9852	0.0
GSE245386	GSM7841723	MCAO	Observed	0.65	0.6625000000000001	0	9852	0.0
GSE245386	GSM7841723	MCAO	Observed	0.6625000000000001	0.675	0	9852	0.0
GSE245386	GSM7841723	MCAO	Observed	0.675	0.6875	0	9852	0.0
GSE245386	GSM7841723	MCAO	Observed	0.6875	0.7000000000000001	0	9852	0.0
GSE245386	GSM7841723	MCAO	Observed	0.7000000000000001	0.7125	0	9852	0.0
GSE245386	GSM7841723	MCAO	Observed	0.7125	0.7250000000000001	0	9852	0.0
GSE245386	GSM7841723	MCAO	Observed	0.7250000000000001	0.7375	0	9852	0.0
GSE245386	GSM7841723	MCAO	Observed	0.7375	0.75	0	9852	0.0
GSE245386	GSM7841723	MCAO	Simulated	0.0	0.0125	94	19704	0.004770604953308973
GSE245386	GSM7841723	MCAO	Simulated	0.0125	0.025	933	19704	0.04735079171741778
GSE245386	GSM7841723	MCAO	Simulated	0.025	0.037500000000000006	1696	19704	0.08607389362565976
GSE245386	GSM7841723	MCAO	Simulated	0.037500000000000006	0.05	1993	19704	0.10114697523345513
GSE245386	GSM7841723	MCAO	Simulated	0.05	0.0625	1414	19704	0.07176207876573285
GSE245386	GSM7841723	MCAO	Simulated	0.0625	0.07500000000000001	1309	19704	0.06643321153065368
GSE245386	GSM7841723	MCAO	Simulated	0.07500000000000001	0.08750000000000001	1076	19704	0.05460820138043037
GSE245386	GSM7841723	MCAO	Simulated	0.08750000000000001	0.1	663	19704	0.033647990255785624
GSE245386	GSM7841723	MCAO	Simulated	0.1	0.1125	640	19704	0.032480714575720666
GSE245386	GSM7841723	MCAO	Simulated	0.1125	0.125	543	19704	0.027557856272838
GSE245386	GSM7841723	MCAO	Simulated	0.125	0.1375	375	19704	0.01903166869671133
GSE245386	GSM7841723	MCAO	Simulated	0.1375	0.15000000000000002	426	19704	0.021619975639464068
GSE245386	GSM7841723	MCAO	Simulated	0.15000000000000002	0.1625	194	19704	0.009845716605765328
GSE245386	GSM7841723	MCAO	Simulated	0.1625	0.17500000000000002	374	19704	0.018980917580186763
GSE245386	GSM7841723	MCAO	Simulated	0.17500000000000002	0.1875	208	19704	0.010556232237109216
GSE245386	GSM7841723	MCAO	Simulated	0.1875	0.2	242	19704	0.012281770198944377
GSE245386	GSM7841723	MCAO	Simulated	0.2	0.21250000000000002	262	19704	0.013296792529435648
GSE245386	GSM7841723	MCAO	Simulated	0.21250000000000002	0.225	289	19704	0.014667072675598863
GSE245386	GSM7841723	MCAO	Simulated	0.225	0.23750000000000002	343	19704	0.017407632967925295
GSE245386	GSM7841723	MCAO	Simulated	0.23750000000000002	0.25	0	19704	0.0
GSE245386	GSM7841723	MCAO	Simulated	0.25	0.2625	426	19704	0.021619975639464068
GSE245386	GSM7841723	MCAO	Simulated	0.2625	0.275	483	19704	0.02451278928136419
GSE245386	GSM7841723	MCAO	Simulated	0.275	0.28750000000000003	0	19704	0.0
GSE245386	GSM7841723	MCAO	Simulated	0.28750000000000003	0.30000000000000004	702	19704	0.0356272838002436
GSE245386	GSM7841723	MCAO	Simulated	0.30000000000000004	0.3125	0	19704	0.0
GSE245386	GSM7841723	MCAO	Simulated	0.3125	0.325	932	19704	0.04730004060089322
GSE245386	GSM7841723	MCAO	Simulated	0.325	0.3375	0	19704	0.0
GSE245386	GSM7841723	MCAO	Simulated	0.3375	0.35000000000000003	0	19704	0.0
GSE245386	GSM7841723	MCAO	Simulated	0.35000000000000003	0.36250000000000004	1126	19704	0.05714575720665855
GSE245386	GSM7841723	MCAO	Simulated	0.36250000000000004	0.375	0	19704	0.0
GSE245386	GSM7841723	MCAO	Simulated	0.375	0.3875	0	19704	0.0
GSE245386	GSM7841723	MCAO	Simulated	0.3875	0.4	992	19704	0.05034510759236703
GSE245386	GSM7841723	MCAO	Simulated	0.4	0.41250000000000003	0	19704	0.0
GSE245386	GSM7841723	MCAO	Simulated	0.41250000000000003	0.42500000000000004	0	19704	0.0
GSE245386	GSM7841723	MCAO	Simulated	0.42500000000000004	0.4375	886	19704	0.044965489240763296
GSE245386	GSM7841723	MCAO	Simulated	0.4375	0.45	0	19704	0.0
GSE245386	GSM7841723	MCAO	Simulated	0.45	0.4625	0	19704	0.0
GSE245386	GSM7841723	MCAO	Simulated	0.4625	0.47500000000000003	0	19704	0.0
GSE245386	GSM7841723	MCAO	Simulated	0.47500000000000003	0.48750000000000004	0	19704	0.0
GSE245386	GSM7841723	MCAO	Simulated	0.48750000000000004	0.5	653	19704	0.03314047909053999
GSE245386	GSM7841723	MCAO	Simulated	0.5	0.5125000000000001	0	19704	0.0
GSE245386	GSM7841723	MCAO	Simulated	0.5125000000000001	0.525	0	19704	0.0
GSE245386	GSM7841723	MCAO	Simulated	0.525	0.5375	0	19704	0.0
GSE245386	GSM7841723	MCAO	Simulated	0.5375	0.55	0	19704	0.0
GSE245386	GSM7841723	MCAO	Simulated	0.55	0.5625	0	19704	0.0
GSE245386	GSM7841723	MCAO	Simulated	0.5625	0.5750000000000001	370	19704	0.01877791311408851
GSE245386	GSM7841723	MCAO	Simulated	0.5750000000000001	0.5875	0	19704	0.0
GSE245386	GSM7841723	MCAO	Simulated	0.5875	0.6000000000000001	0	19704	0.0
GSE245386	GSM7841723	MCAO	Simulated	0.6000000000000001	0.6125	0	19704	0.0
GSE245386	GSM7841723	MCAO	Simulated	0.6125	0.625	0	19704	0.0
GSE245386	GSM7841723	MCAO	Simulated	0.625	0.6375000000000001	0	19704	0.0
GSE245386	GSM7841723	MCAO	Simulated	0.6375000000000001	0.65	0	19704	0.0
GSE245386	GSM7841723	MCAO	Simulated	0.65	0.6625000000000001	0	19704	0.0
GSE245386	GSM7841723	MCAO	Simulated	0.6625000000000001	0.675	60	19704	0.0030450669914738123
GSE245386	GSM7841723	MCAO	Simulated	0.675	0.6875	0	19704	0.0
GSE245386	GSM7841723	MCAO	Simulated	0.6875	0.7000000000000001	0	19704	0.0
GSE245386	GSM7841723	MCAO	Simulated	0.7000000000000001	0.7125	0	19704	0.0
GSE245386	GSM7841723	MCAO	Simulated	0.7125	0.7250000000000001	0	19704	0.0
GSE245386	GSM7841723	MCAO	Simulated	0.7250000000000001	0.7375	0	19704	0.0
GSE245386	GSM7841723	MCAO	Simulated	0.7375	0.75	0	19704	0.0
GSE245386	GSM7841724	MCAO	Observed	0.0	0.0125	1488	12322	0.12075961694530109
GSE245386	GSM7841724	MCAO	Observed	0.0125	0.025	4104	12322	0.33306281447816916
GSE245386	GSM7841724	MCAO	Observed	0.025	0.037500000000000006	2319	12322	0.18819996753773738
GSE245386	GSM7841724	MCAO	Observed	0.037500000000000006	0.05	1242	12322	0.10079532543418276
GSE245386	GSM7841724	MCAO	Observed	0.05	0.0625	817	12322	0.06630417140074663
GSE245386	GSM7841724	MCAO	Observed	0.0625	0.07500000000000001	743	12322	0.060298652816101285
GSE245386	GSM7841724	MCAO	Observed	0.07500000000000001	0.08750000000000001	478	12322	0.03879240383054699
GSE245386	GSM7841724	MCAO	Observed	0.08750000000000001	0.1	272	12322	0.022074338581399122
GSE245386	GSM7841724	MCAO	Observed	0.1	0.1125	114	12322	0.00925174484661581
GSE245386	GSM7841724	MCAO	Observed	0.1125	0.125	80	12322	0.0064924525239409185
GSE245386	GSM7841724	MCAO	Observed	0.125	0.1375	41	12322	0.0033273819185197207
GSE245386	GSM7841724	MCAO	Observed	0.1375	0.15000000000000002	30	12322	0.0024346696964778446
GSE245386	GSM7841724	MCAO	Observed	0.15000000000000002	0.1625	32	12322	0.0025969810095763674
GSE245386	GSM7841724	MCAO	Observed	0.1625	0.17500000000000002	19	12322	0.0015419574744359682
GSE245386	GSM7841724	MCAO	Observed	0.17500000000000002	0.1875	17	12322	0.0013796461613374451
GSE245386	GSM7841724	MCAO	Observed	0.1875	0.2	9	12322	0.0007304009089433534
GSE245386	GSM7841724	MCAO	Observed	0.2	0.21250000000000002	7	12322	0.0005680895958448304
GSE245386	GSM7841724	MCAO	Observed	0.21250000000000002	0.225	12	12322	0.0009738678785911378
GSE245386	GSM7841724	MCAO	Observed	0.225	0.23750000000000002	30	12322	0.0024346696964778446
GSE245386	GSM7841724	MCAO	Observed	0.23750000000000002	0.25	20	12322	0.0016231131309852296
GSE245386	GSM7841724	MCAO	Observed	0.25	0.2625	25	12322	0.002028891413731537
GSE245386	GSM7841724	MCAO	Observed	0.2625	0.275	0	12322	0.0
GSE245386	GSM7841724	MCAO	Observed	0.275	0.28750000000000003	47	12322	0.0038143158578152897
GSE245386	GSM7841724	MCAO	Observed	0.28750000000000003	0.30000000000000004	50	12322	0.004057782827463074
GSE245386	GSM7841724	MCAO	Observed	0.30000000000000004	0.3125	0	12322	0.0
GSE245386	GSM7841724	MCAO	Observed	0.3125	0.325	65	12322	0.005275117675701996
GSE245386	GSM7841724	MCAO	Observed	0.325	0.3375	0	12322	0.0
GSE245386	GSM7841724	MCAO	Observed	0.3375	0.35000000000000003	61	12322	0.0049504950495049506
GSE245386	GSM7841724	MCAO	Observed	0.35000000000000003	0.36250000000000004	0	12322	0.0
GSE245386	GSM7841724	MCAO	Observed	0.36250000000000004	0.375	0	12322	0.0
GSE245386	GSM7841724	MCAO	Observed	0.375	0.3875	69	12322	0.005599740301899042
GSE245386	GSM7841724	MCAO	Observed	0.3875	0.4	0	12322	0.0
GSE245386	GSM7841724	MCAO	Observed	0.4	0.41250000000000003	0	12322	0.0
GSE245386	GSM7841724	MCAO	Observed	0.41250000000000003	0.42500000000000004	65	12322	0.005275117675701996
GSE245386	GSM7841724	MCAO	Observed	0.42500000000000004	0.4375	0	12322	0.0
GSE245386	GSM7841724	MCAO	Observed	0.4375	0.45	0	12322	0.0
GSE245386	GSM7841724	MCAO	Observed	0.45	0.4625	0	12322	0.0
GSE245386	GSM7841724	MCAO	Observed	0.4625	0.47500000000000003	40	12322	0.0032462262619704593
GSE245386	GSM7841724	MCAO	Observed	0.47500000000000003	0.48750000000000004	0	12322	0.0
GSE245386	GSM7841724	MCAO	Observed	0.48750000000000004	0.5	0	12322	0.0
GSE245386	GSM7841724	MCAO	Observed	0.5	0.5125000000000001	0	12322	0.0
GSE245386	GSM7841724	MCAO	Observed	0.5125000000000001	0.525	19	12322	0.0015419574744359682
GSE245386	GSM7841724	MCAO	Observed	0.525	0.5375	0	12322	0.0
GSE245386	GSM7841724	MCAO	Observed	0.5375	0.55	0	12322	0.0
GSE245386	GSM7841724	MCAO	Observed	0.55	0.5625	0	12322	0.0
GSE245386	GSM7841724	MCAO	Observed	0.5625	0.5750000000000001	0	12322	0.0
GSE245386	GSM7841724	MCAO	Observed	0.5750000000000001	0.5875	0	12322	0.0
GSE245386	GSM7841724	MCAO	Observed	0.5875	0.6000000000000001	6	12322	0.0004869339392955689
GSE245386	GSM7841724	MCAO	Observed	0.6000000000000001	0.6125	0	12322	0.0
GSE245386	GSM7841724	MCAO	Observed	0.6125	0.625	0	12322	0.0
GSE245386	GSM7841724	MCAO	Observed	0.625	0.6375000000000001	0	12322	0.0
GSE245386	GSM7841724	MCAO	Observed	0.6375000000000001	0.65	0	12322	0.0
GSE245386	GSM7841724	MCAO	Observed	0.65	0.6625000000000001	0	12322	0.0
GSE245386	GSM7841724	MCAO	Observed	0.6625000000000001	0.675	0	12322	0.0
GSE245386	GSM7841724	MCAO	Observed	0.675	0.6875	0	12322	0.0
GSE245386	GSM7841724	MCAO	Observed	0.6875	0.7000000000000001	1	12322	8.115565654926148e-05
GSE245386	GSM7841724	MCAO	Observed	0.7000000000000001	0.7125	0	12322	0.0
GSE245386	GSM7841724	MCAO	Observed	0.7125	0.7250000000000001	0	12322	0.0
GSE245386	GSM7841724	MCAO	Observed	0.7250000000000001	0.7375	0	12322	0.0
GSE245386	GSM7841724	MCAO	Observed	0.7375	0.75	0	12322	0.0
GSE245386	GSM7841724	MCAO	Simulated	0.0	0.0125	232	24644	0.009414056159714333
GSE245386	GSM7841724	MCAO	Simulated	0.0125	0.025	1739	24644	0.07056484336958287
GSE245386	GSM7841724	MCAO	Simulated	0.025	0.037500000000000006	1938	24644	0.07863983119623438
GSE245386	GSM7841724	MCAO	Simulated	0.037500000000000006	0.05	1282	24644	0.052020775848076614
GSE245386	GSM7841724	MCAO	Simulated	0.05	0.0625	1093	24644	0.0443515663041714
GSE245386	GSM7841724	MCAO	Simulated	0.0625	0.07500000000000001	1103	24644	0.044757344586917706
GSE245386	GSM7841724	MCAO	Simulated	0.07500000000000001	0.08750000000000001	905	24644	0.03672293458854082
GSE245386	GSM7841724	MCAO	Simulated	0.08750000000000001	0.1	812	24644	0.032949196559000166
GSE245386	GSM7841724	MCAO	Simulated	0.1	0.1125	518	24644	0.021019315046258723
GSE245386	GSM7841724	MCAO	Simulated	0.1125	0.125	460	24644	0.01866580100633014
GSE245386	GSM7841724	MCAO	Simulated	0.125	0.1375	279	24644	0.011321214088621977
GSE245386	GSM7841724	MCAO	Simulated	0.1375	0.15000000000000002	266	24644	0.010793702321051778
GSE245386	GSM7841724	MCAO	Simulated	0.15000000000000002	0.1625	253	24644	0.010266190553481578
GSE245386	GSM7841724	MCAO	Simulated	0.1625	0.17500000000000002	260	24644	0.010550235351403993
GSE245386	GSM7841724	MCAO	Simulated	0.17500000000000002	0.1875	120	24644	0.004869339392955689
GSE245386	GSM7841724	MCAO	Simulated	0.1875	0.2	182	24644	0.007385164745982795
GSE245386	GSM7841724	MCAO	Simulated	0.2	0.21250000000000002	167	24644	0.006776497321863334
GSE245386	GSM7841724	MCAO	Simulated	0.21250000000000002	0.225	239	24644	0.009698100957636747
GSE245386	GSM7841724	MCAO	Simulated	0.225	0.23750000000000002	306	24644	0.012416815452037006
GSE245386	GSM7841724	MCAO	Simulated	0.23750000000000002	0.25	444	24644	0.01801655575393605
GSE245386	GSM7841724	MCAO	Simulated	0.25	0.2625	617	24644	0.025036520045447166
GSE245386	GSM7841724	MCAO	Simulated	0.2625	0.275	0	24644	0.0
GSE245386	GSM7841724	MCAO	Simulated	0.275	0.28750000000000003	897	24644	0.03639831196234378
GSE245386	GSM7841724	MCAO	Simulated	0.28750000000000003	0.30000000000000004	1210	24644	0.0490991722123032
GSE245386	GSM7841724	MCAO	Simulated	0.30000000000000004	0.3125	0	24644	0.0
GSE245386	GSM7841724	MCAO	Simulated	0.3125	0.325	1590	24644	0.06451874695666288
GSE245386	GSM7841724	MCAO	Simulated	0.325	0.3375	0	24644	0.0
GSE245386	GSM7841724	MCAO	Simulated	0.3375	0.35000000000000003	1888	24644	0.07661093978250284
GSE245386	GSM7841724	MCAO	Simulated	0.35000000000000003	0.36250000000000004	0	24644	0.0
GSE245386	GSM7841724	MCAO	Simulated	0.36250000000000004	0.375	0	24644	0.0
GSE245386	GSM7841724	MCAO	Simulated	0.375	0.3875	1803	24644	0.07316182437915923
GSE245386	GSM7841724	MCAO	Simulated	0.3875	0.4	0	24644	0.0
GSE245386	GSM7841724	MCAO	Simulated	0.4	0.41250000000000003	0	24644	0.0
GSE245386	GSM7841724	MCAO	Simulated	0.41250000000000003	0.42500000000000004	1535	24644	0.06228696640155819
GSE245386	GSM7841724	MCAO	Simulated	0.42500000000000004	0.4375	0	24644	0.0
GSE245386	GSM7841724	MCAO	Simulated	0.4375	0.45	0	24644	0.0
GSE245386	GSM7841724	MCAO	Simulated	0.45	0.4625	0	24644	0.0
GSE245386	GSM7841724	MCAO	Simulated	0.4625	0.47500000000000003	1140	24644	0.04625872423307904
GSE245386	GSM7841724	MCAO	Simulated	0.47500000000000003	0.48750000000000004	0	24644	0.0
GSE245386	GSM7841724	MCAO	Simulated	0.48750000000000004	0.5	0	24644	0.0
GSE245386	GSM7841724	MCAO	Simulated	0.5	0.5125000000000001	0	24644	0.0
GSE245386	GSM7841724	MCAO	Simulated	0.5125000000000001	0.525	857	24644	0.034775198831358545
GSE245386	GSM7841724	MCAO	Simulated	0.525	0.5375	0	24644	0.0
GSE245386	GSM7841724	MCAO	Simulated	0.5375	0.55	0	24644	0.0
GSE245386	GSM7841724	MCAO	Simulated	0.55	0.5625	0	24644	0.0
GSE245386	GSM7841724	MCAO	Simulated	0.5625	0.5750000000000001	0	24644	0.0
GSE245386	GSM7841724	MCAO	Simulated	0.5750000000000001	0.5875	0	24644	0.0
GSE245386	GSM7841724	MCAO	Simulated	0.5875	0.6000000000000001	390	24644	0.015825353027105988
GSE245386	GSM7841724	MCAO	Simulated	0.6000000000000001	0.6125	0	24644	0.0
GSE245386	GSM7841724	MCAO	Simulated	0.6125	0.625	0	24644	0.0
GSE245386	GSM7841724	MCAO	Simulated	0.625	0.6375000000000001	0	24644	0.0
GSE245386	GSM7841724	MCAO	Simulated	0.6375000000000001	0.65	0	24644	0.0
GSE245386	GSM7841724	MCAO	Simulated	0.65	0.6625000000000001	0	24644	0.0
GSE245386	GSM7841724	MCAO	Simulated	0.6625000000000001	0.675	0	24644	0.0
GSE245386	GSM7841724	MCAO	Simulated	0.675	0.6875	0	24644	0.0
GSE245386	GSM7841724	MCAO	Simulated	0.6875	0.7000000000000001	119	24644	0.004828761564681058
GSE245386	GSM7841724	MCAO	Simulated	0.7000000000000001	0.7125	0	24644	0.0
GSE245386	GSM7841724	MCAO	Simulated	0.7125	0.7250000000000001	0	24644	0.0
GSE245386	GSM7841724	MCAO	Simulated	0.7250000000000001	0.7375	0	24644	0.0
GSE245386	GSM7841724	MCAO	Simulated	0.7375	0.75	0	24644	0.0
