dataset	sample	condition	sample_alias	reference	original_label	reference_label	n_cells
GSE174574	GSM5319987	Sham	Sham1	whole_brain	Astrocyte	Astrocyte	293
GSE174574	GSM5319987	Sham	Sham1	whole_brain	Astrocyte	Astroependymal	4
GSE174574	GSM5319987	Sham	Sham1	whole_brain	Astrocyte	Endothelial	60
GSE174574	GSM5319987	Sham	Sham1	whole_brain	Astrocyte	Fibroblast	1
GSE174574	GSM5319987	Sham	Sham1	whole_brain	Astrocyte	Macrophage	1
GSE174574	GSM5319987	Sham	Sham1	whole_brain	Astrocyte	Microglia	1
GSE174574	GSM5319987	Sham	Sham1	whole_brain	Astrocyte	Neuron/Other	1
GSE174574	GSM5319987	Sham	Sham1	whole_brain	Astrocyte	OEC	1
GSE174574	GSM5319987	Sham	Sham1	whole_brain	Astrocyte	Tanycyte	3
GSE174574	GSM5319987	Sham	Sham1	whole_brain	Choroid	Astrocyte	3
GSE174574	GSM5319987	Sham	Sham1	whole_brain	Choroid	Choroid	376
GSE174574	GSM5319987	Sham	Sham1	whole_brain	Choroid	Endothelial	44
GSE174574	GSM5319987	Sham	Sham1	whole_brain	Choroid	Microglia	2
GSE174574	GSM5319987	Sham	Sham1	whole_brain	Choroid	Neuron/Other	4
GSE174574	GSM5319987	Sham	Sham1	whole_brain	Choroid	OEC	2
GSE174574	GSM5319987	Sham	Sham1	whole_brain	Choroid	Oligodendrocyte	1
GSE174574	GSM5319987	Sham	Sham1	whole_brain	Endothelial	Endothelial	1486
GSE174574	GSM5319987	Sham	Sham1	whole_brain	Ependymal	Astroependymal	2
GSE174574	GSM5319987	Sham	Sham1	whole_brain	Ependymal	Choroid	9
GSE174574	GSM5319987	Sham	Sham1	whole_brain	Ependymal	Dendritic	2
GSE174574	GSM5319987	Sham	Sham1	whole_brain	Ependymal	Endothelial	1
GSE174574	GSM5319987	Sham	Sham1	whole_brain	Ependymal	Ependymal	31
GSE174574	GSM5319987	Sham	Sham1	whole_brain	Ependymal	Hypendymal	2
GSE174574	GSM5319987	Sham	Sham1	whole_brain	Ependymal	Tanycyte	15
GSE174574	GSM5319987	Sham	Sham1	whole_brain	Erythroid	Endothelial	7
GSE174574	GSM5319987	Sham	Sham1	whole_brain	Erythroid	Fibroblast	1
GSE174574	GSM5319987	Sham	Sham1	whole_brain	Erythroid	Microglia	3
GSE174574	GSM5319987	Sham	Sham1	whole_brain	Fibroblast	ABC	11
GSE174574	GSM5319987	Sham	Sham1	whole_brain	Fibroblast	Endothelial	2
GSE174574	GSM5319987	Sham	Sham1	whole_brain	Fibroblast	Fibroblast	36
GSE174574	GSM5319987	Sham	Sham1	whole_brain	Fibroblast	Pericyte	1
GSE174574	GSM5319987	Sham	Sham1	whole_brain	Fibroblast	Smooth_muscle	1
GSE174574	GSM5319987	Sham	Sham1	whole_brain	Lymphocyte	Endothelial	6
GSE174574	GSM5319987	Sham	Sham1	whole_brain	Lymphocyte	Lymphocyte	11
GSE174574	GSM5319987	Sham	Sham1	whole_brain	Lymphocyte	Microglia	1
GSE174574	GSM5319987	Sham	Sham1	whole_brain	Microglia	Endothelial	64
GSE174574	GSM5319987	Sham	Sham1	whole_brain	Microglia	Microglia	1224
GSE174574	GSM5319987	Sham	Sham1	whole_brain	Microglia	Neuron/Other	2
GSE174574	GSM5319987	Sham	Sham1	whole_brain	Microglia	Oligodendrocyte	1
GSE174574	GSM5319987	Sham	Sham1	whole_brain	Myeloid	Astrocyte	4
GSE174574	GSM5319987	Sham	Sham1	whole_brain	Myeloid	Astroependymal	1
GSE174574	GSM5319987	Sham	Sham1	whole_brain	Myeloid	Dendritic	63
GSE174574	GSM5319987	Sham	Sham1	whole_brain	Myeloid	Endothelial	26
GSE174574	GSM5319987	Sham	Sham1	whole_brain	Myeloid	Fibroblast	1
GSE174574	GSM5319987	Sham	Sham1	whole_brain	Myeloid	Macrophage	226
GSE174574	GSM5319987	Sham	Sham1	whole_brain	Myeloid	Microglia	65
GSE174574	GSM5319987	Sham	Sham1	whole_brain	Myeloid	Neuron/Other	3
GSE174574	GSM5319987	Sham	Sham1	whole_brain	Myeloid	Tanycyte	1
GSE174574	GSM5319987	Sham	Sham1	whole_brain	Neuron	Microglia	1
GSE174574	GSM5319987	Sham	Sham1	whole_brain	Neuron	Neuron/Other	3
GSE174574	GSM5319987	Sham	Sham1	whole_brain	Neutrophil	Astrocyte	2
GSE174574	GSM5319987	Sham	Sham1	whole_brain	Neutrophil	Dendritic	2
GSE174574	GSM5319987	Sham	Sham1	whole_brain	Neutrophil	Endothelial	67
GSE174574	GSM5319987	Sham	Sham1	whole_brain	Neutrophil	Microglia	5
GSE174574	GSM5319987	Sham	Sham1	whole_brain	Neutrophil	Monocytes	49
GSE174574	GSM5319987	Sham	Sham1	whole_brain	Neutrophil	Neuron/Other	1
GSE174574	GSM5319987	Sham	Sham1	whole_brain	OPC	Endothelial	1
GSE174574	GSM5319987	Sham	Sham1	whole_brain	Oligodendrocyte	Endothelial	47
GSE174574	GSM5319987	Sham	Sham1	whole_brain	Oligodendrocyte	Macrophage	1
GSE174574	GSM5319987	Sham	Sham1	whole_brain	Oligodendrocyte	Oligodendrocyte	187
GSE174574	GSM5319987	Sham	Sham1	whole_brain	Pericyte	Endothelial	35
GSE174574	GSM5319987	Sham	Sham1	whole_brain	Pericyte	Fibroblast	2
GSE174574	GSM5319987	Sham	Sham1	whole_brain	Pericyte	Macrophage	1
GSE174574	GSM5319987	Sham	Sham1	whole_brain	Pericyte	Microglia	1
GSE174574	GSM5319987	Sham	Sham1	whole_brain	Pericyte	Pericyte	45
GSE174574	GSM5319987	Sham	Sham1	whole_brain	Pericyte	Smooth_muscle	26
GSE174574	GSM5319987	Sham	Sham1	whole_brain	Smooth_muscle	ABC	1
GSE174574	GSM5319987	Sham	Sham1	whole_brain	Smooth_muscle	Astrocyte	1
GSE174574	GSM5319987	Sham	Sham1	whole_brain	Smooth_muscle	Endothelial	25
GSE174574	GSM5319987	Sham	Sham1	whole_brain	Smooth_muscle	Lymphocyte	1
GSE174574	GSM5319987	Sham	Sham1	whole_brain	Smooth_muscle	Microglia	3
GSE174574	GSM5319987	Sham	Sham1	whole_brain	Smooth_muscle	Smooth_muscle	338
GSE174574	GSM5319987	Sham	Sham1	whole_brain	Smooth_muscle	Tanycyte	1
GSE174574	GSM5319987	Sham	Sham1	whole_brain	Unassigned	ABC	5
GSE174574	GSM5319987	Sham	Sham1	whole_brain	Unassigned	Astrocyte	2
GSE174574	GSM5319987	Sham	Sham1	whole_brain	Unassigned	Choroid	23
GSE174574	GSM5319987	Sham	Sham1	whole_brain	Unassigned	Dendritic	31
GSE174574	GSM5319987	Sham	Sham1	whole_brain	Unassigned	Endothelial	2945
GSE174574	GSM5319987	Sham	Sham1	whole_brain	Unassigned	Fibroblast	2
GSE174574	GSM5319987	Sham	Sham1	whole_brain	Unassigned	Lymphocyte	13
GSE174574	GSM5319987	Sham	Sham1	whole_brain	Unassigned	Macrophage	11
GSE174574	GSM5319987	Sham	Sham1	whole_brain	Unassigned	Microglia	732
GSE174574	GSM5319987	Sham	Sham1	whole_brain	Unassigned	Monocytes	1
GSE174574	GSM5319987	Sham	Sham1	whole_brain	Unassigned	Neuron/Other	4
GSE174574	GSM5319987	Sham	Sham1	whole_brain	Unassigned	OEC	3
GSE174574	GSM5319987	Sham	Sham1	whole_brain	Unassigned	OPC	1
GSE174574	GSM5319987	Sham	Sham1	whole_brain	Unassigned	Smooth_muscle	26
GSE174574	GSM5319987	Sham	Sham1	whole_brain	Unassigned	Tanycyte	2
GSE174574	GSM5319987	Sham	Sham1	cortex_hippocampus	Astrocyte	Astrocyte	318
GSE174574	GSM5319987	Sham	Sham1	cortex_hippocampus	Astrocyte	Endothelial	46
GSE174574	GSM5319987	Sham	Sham1	cortex_hippocampus	Astrocyte	Oligodendrocyte	1
GSE174574	GSM5319987	Sham	Sham1	cortex_hippocampus	Choroid	Astrocyte	324
GSE174574	GSM5319987	Sham	Sham1	cortex_hippocampus	Choroid	Endothelial	45
GSE174574	GSM5319987	Sham	Sham1	cortex_hippocampus	Choroid	Fibroblast	3
GSE174574	GSM5319987	Sham	Sham1	cortex_hippocampus	Choroid	Microglia/Macrophage	36
GSE174574	GSM5319987	Sham	Sham1	cortex_hippocampus	Choroid	Mural	1
GSE174574	GSM5319987	Sham	Sham1	cortex_hippocampus	Choroid	Oligodendrocyte	23
GSE174574	GSM5319987	Sham	Sham1	cortex_hippocampus	Endothelial	Endothelial	1483
GSE174574	GSM5319987	Sham	Sham1	cortex_hippocampus	Endothelial	Microglia/Macrophage	2
GSE174574	GSM5319987	Sham	Sham1	cortex_hippocampus	Endothelial	Oligodendrocyte	1
GSE174574	GSM5319987	Sham	Sham1	cortex_hippocampus	Ependymal	Astrocyte	56
GSE174574	GSM5319987	Sham	Sham1	cortex_hippocampus	Ependymal	Endothelial	3
GSE174574	GSM5319987	Sham	Sham1	cortex_hippocampus	Ependymal	Microglia/Macrophage	2
GSE174574	GSM5319987	Sham	Sham1	cortex_hippocampus	Ependymal	Oligodendrocyte	1
GSE174574	GSM5319987	Sham	Sham1	cortex_hippocampus	Erythroid	Astrocyte	1
GSE174574	GSM5319987	Sham	Sham1	cortex_hippocampus	Erythroid	Endothelial	4
GSE174574	GSM5319987	Sham	Sham1	cortex_hippocampus	Erythroid	Microglia/Macrophage	6
GSE174574	GSM5319987	Sham	Sham1	cortex_hippocampus	Fibroblast	Astrocyte	4
GSE174574	GSM5319987	Sham	Sham1	cortex_hippocampus	Fibroblast	Endothelial	1
GSE174574	GSM5319987	Sham	Sham1	cortex_hippocampus	Fibroblast	Fibroblast	41
GSE174574	GSM5319987	Sham	Sham1	cortex_hippocampus	Fibroblast	Microglia/Macrophage	2
GSE174574	GSM5319987	Sham	Sham1	cortex_hippocampus	Fibroblast	Mural	3
GSE174574	GSM5319987	Sham	Sham1	cortex_hippocampus	Lymphocyte	Endothelial	6
GSE174574	GSM5319987	Sham	Sham1	cortex_hippocampus	Lymphocyte	Microglia/Macrophage	12
GSE174574	GSM5319987	Sham	Sham1	cortex_hippocampus	Microglia	Astrocyte	1
GSE174574	GSM5319987	Sham	Sham1	cortex_hippocampus	Microglia	Endothelial	18
GSE174574	GSM5319987	Sham	Sham1	cortex_hippocampus	Microglia	Microglia/Macrophage	1272
GSE174574	GSM5319987	Sham	Sham1	cortex_hippocampus	Myeloid	Endothelial	6
GSE174574	GSM5319987	Sham	Sham1	cortex_hippocampus	Myeloid	Microglia/Macrophage	383
GSE174574	GSM5319987	Sham	Sham1	cortex_hippocampus	Myeloid	Oligodendrocyte	1
GSE174574	GSM5319987	Sham	Sham1	cortex_hippocampus	Neuron	Endothelial	1
GSE174574	GSM5319987	Sham	Sham1	cortex_hippocampus	Neuron	Microglia/Macrophage	2
GSE174574	GSM5319987	Sham	Sham1	cortex_hippocampus	Neuron	Neuron/Other	1
GSE174574	GSM5319987	Sham	Sham1	cortex_hippocampus	Neutrophil	Astrocyte	2
GSE174574	GSM5319987	Sham	Sham1	cortex_hippocampus	Neutrophil	Endothelial	63
GSE174574	GSM5319987	Sham	Sham1	cortex_hippocampus	Neutrophil	Microglia/Macrophage	57
GSE174574	GSM5319987	Sham	Sham1	cortex_hippocampus	Neutrophil	Oligodendrocyte	4
GSE174574	GSM5319987	Sham	Sham1	cortex_hippocampus	OPC	Endothelial	1
GSE174574	GSM5319987	Sham	Sham1	cortex_hippocampus	Oligodendrocyte	Astrocyte	1
GSE174574	GSM5319987	Sham	Sham1	cortex_hippocampus	Oligodendrocyte	Endothelial	44
GSE174574	GSM5319987	Sham	Sham1	cortex_hippocampus	Oligodendrocyte	Microglia/Macrophage	2
GSE174574	GSM5319987	Sham	Sham1	cortex_hippocampus	Oligodendrocyte	Oligodendrocyte	188
GSE174574	GSM5319987	Sham	Sham1	cortex_hippocampus	Pericyte	Endothelial	33
GSE174574	GSM5319987	Sham	Sham1	cortex_hippocampus	Pericyte	Microglia/Macrophage	4
GSE174574	GSM5319987	Sham	Sham1	cortex_hippocampus	Pericyte	Mural	70
GSE174574	GSM5319987	Sham	Sham1	cortex_hippocampus	Pericyte	Neuron/Other	1
GSE174574	GSM5319987	Sham	Sham1	cortex_hippocampus	Pericyte	Oligodendrocyte	2
GSE174574	GSM5319987	Sham	Sham1	cortex_hippocampus	Smooth_muscle	Astrocyte	2
GSE174574	GSM5319987	Sham	Sham1	cortex_hippocampus	Smooth_muscle	Endothelial	21
GSE174574	GSM5319987	Sham	Sham1	cortex_hippocampus	Smooth_muscle	Fibroblast	1
GSE174574	GSM5319987	Sham	Sham1	cortex_hippocampus	Smooth_muscle	Microglia/Macrophage	8
GSE174574	GSM5319987	Sham	Sham1	cortex_hippocampus	Smooth_muscle	Mural	335
GSE174574	GSM5319987	Sham	Sham1	cortex_hippocampus	Smooth_muscle	Neuron/Other	1
GSE174574	GSM5319987	Sham	Sham1	cortex_hippocampus	Smooth_muscle	Oligodendrocyte	2
GSE174574	GSM5319987	Sham	Sham1	cortex_hippocampus	Unassigned	Astrocyte	31
GSE174574	GSM5319987	Sham	Sham1	cortex_hippocampus	Unassigned	Endothelial	2875
GSE174574	GSM5319987	Sham	Sham1	cortex_hippocampus	Unassigned	Fibroblast	4
GSE174574	GSM5319987	Sham	Sham1	cortex_hippocampus	Unassigned	Microglia/Macrophage	851
GSE174574	GSM5319987	Sham	Sham1	cortex_hippocampus	Unassigned	Mural	24
GSE174574	GSM5319987	Sham	Sham1	cortex_hippocampus	Unassigned	Neuron/Other	4
GSE174574	GSM5319987	Sham	Sham1	cortex_hippocampus	Unassigned	Oligodendrocyte	12
GSE174574	GSM5319988	Sham	Sham2	whole_brain	Astrocyte	Astrocyte	299
GSE174574	GSM5319988	Sham	Sham2	whole_brain	Astrocyte	Endothelial	54
GSE174574	GSM5319988	Sham	Sham2	whole_brain	Astrocyte	Macrophage	2
GSE174574	GSM5319988	Sham	Sham2	whole_brain	Astrocyte	Microglia	3
GSE174574	GSM5319988	Sham	Sham2	whole_brain	Astrocyte	Neuron/Other	2
GSE174574	GSM5319988	Sham	Sham2	whole_brain	Astrocyte	OEC	1
GSE174574	GSM5319988	Sham	Sham2	whole_brain	Astrocyte	Oligodendrocyte	1
GSE174574	GSM5319988	Sham	Sham2	whole_brain	Astrocyte	Tanycyte	8
GSE174574	GSM5319988	Sham	Sham2	whole_brain	Choroid	Astrocyte	6
GSE174574	GSM5319988	Sham	Sham2	whole_brain	Choroid	Choroid	322
GSE174574	GSM5319988	Sham	Sham2	whole_brain	Choroid	Dendritic	2
GSE174574	GSM5319988	Sham	Sham2	whole_brain	Choroid	Endothelial	89
GSE174574	GSM5319988	Sham	Sham2	whole_brain	Choroid	Neuron/Other	2
GSE174574	GSM5319988	Sham	Sham2	whole_brain	Choroid	OEC	2
GSE174574	GSM5319988	Sham	Sham2	whole_brain	Choroid	Smooth_muscle	2
GSE174574	GSM5319988	Sham	Sham2	whole_brain	Endothelial	Astrocyte	1
GSE174574	GSM5319988	Sham	Sham2	whole_brain	Endothelial	Endothelial	1359
GSE174574	GSM5319988	Sham	Sham2	whole_brain	Ependymal	Choroid	8
GSE174574	GSM5319988	Sham	Sham2	whole_brain	Ependymal	Dendritic	1
GSE174574	GSM5319988	Sham	Sham2	whole_brain	Ependymal	Endothelial	4
GSE174574	GSM5319988	Sham	Sham2	whole_brain	Ependymal	Ependymal	34
GSE174574	GSM5319988	Sham	Sham2	whole_brain	Ependymal	Hypendymal	4
GSE174574	GSM5319988	Sham	Sham2	whole_brain	Ependymal	Tanycyte	8
GSE174574	GSM5319988	Sham	Sham2	whole_brain	Erythroid	Astrocyte	2
GSE174574	GSM5319988	Sham	Sham2	whole_brain	Erythroid	Choroid	1
GSE174574	GSM5319988	Sham	Sham2	whole_brain	Erythroid	Endothelial	9
GSE174574	GSM5319988	Sham	Sham2	whole_brain	Erythroid	Microglia	4
GSE174574	GSM5319988	Sham	Sham2	whole_brain	Fibroblast	ABC	21
GSE174574	GSM5319988	Sham	Sham2	whole_brain	Fibroblast	Endothelial	1
GSE174574	GSM5319988	Sham	Sham2	whole_brain	Fibroblast	Fibroblast	43
GSE174574	GSM5319988	Sham	Sham2	whole_brain	Fibroblast	Microglia	1
GSE174574	GSM5319988	Sham	Sham2	whole_brain	Fibroblast	Neuron/Other	2
GSE174574	GSM5319988	Sham	Sham2	whole_brain	Fibroblast	Smooth_muscle	1
GSE174574	GSM5319988	Sham	Sham2	whole_brain	Lymphocyte	Endothelial	3
GSE174574	GSM5319988	Sham	Sham2	whole_brain	Lymphocyte	Lymphocyte	21
GSE174574	GSM5319988	Sham	Sham2	whole_brain	Lymphocyte	Macrophage	1
GSE174574	GSM5319988	Sham	Sham2	whole_brain	Lymphocyte	Microglia	1
GSE174574	GSM5319988	Sham	Sham2	whole_brain	Lymphocyte	Neuron/Other	1
GSE174574	GSM5319988	Sham	Sham2	whole_brain	Microglia	Endothelial	101
GSE174574	GSM5319988	Sham	Sham2	whole_brain	Microglia	Fibroblast	1
GSE174574	GSM5319988	Sham	Sham2	whole_brain	Microglia	Macrophage	1
GSE174574	GSM5319988	Sham	Sham2	whole_brain	Microglia	Microglia	1171
GSE174574	GSM5319988	Sham	Sham2	whole_brain	Microglia	Oligodendrocyte	1
GSE174574	GSM5319988	Sham	Sham2	whole_brain	Myeloid	Astrocyte	2
GSE174574	GSM5319988	Sham	Sham2	whole_brain	Myeloid	Dendritic	68
GSE174574	GSM5319988	Sham	Sham2	whole_brain	Myeloid	Endothelial	23
GSE174574	GSM5319988	Sham	Sham2	whole_brain	Myeloid	Fibroblast	1
GSE174574	GSM5319988	Sham	Sham2	whole_brain	Myeloid	Macrophage	252
GSE174574	GSM5319988	Sham	Sham2	whole_brain	Myeloid	Microglia	51
GSE174574	GSM5319988	Sham	Sham2	whole_brain	Myeloid	Neuron/Other	3
GSE174574	GSM5319988	Sham	Sham2	whole_brain	Myeloid	Pericyte	2
GSE174574	GSM5319988	Sham	Sham2	whole_brain	Myeloid	Tanycyte	1
GSE174574	GSM5319988	Sham	Sham2	whole_brain	Neuron	Neuron/Other	2
GSE174574	GSM5319988	Sham	Sham2	whole_brain	Neutrophil	Dendritic	2
GSE174574	GSM5319988	Sham	Sham2	whole_brain	Neutrophil	Endothelial	65
GSE174574	GSM5319988	Sham	Sham2	whole_brain	Neutrophil	Macrophage	1
GSE174574	GSM5319988	Sham	Sham2	whole_brain	Neutrophil	Monocytes	41
GSE174574	GSM5319988	Sham	Sham2	whole_brain	Neutrophil	Oligodendrocyte	1
GSE174574	GSM5319988	Sham	Sham2	whole_brain	OPC	Astrocyte	1
GSE174574	GSM5319988	Sham	Sham2	whole_brain	Oligodendrocyte	Endothelial	59
GSE174574	GSM5319988	Sham	Sham2	whole_brain	Oligodendrocyte	Ependymal	1
GSE174574	GSM5319988	Sham	Sham2	whole_brain	Oligodendrocyte	OEC	1
GSE174574	GSM5319988	Sham	Sham2	whole_brain	Oligodendrocyte	Oligodendrocyte	173
GSE174574	GSM5319988	Sham	Sham2	whole_brain	Pericyte	Astrocyte	1
GSE174574	GSM5319988	Sham	Sham2	whole_brain	Pericyte	Endothelial	30
GSE174574	GSM5319988	Sham	Sham2	whole_brain	Pericyte	Fibroblast	1
GSE174574	GSM5319988	Sham	Sham2	whole_brain	Pericyte	Macrophage	1
GSE174574	GSM5319988	Sham	Sham2	whole_brain	Pericyte	Neuron/Other	2
GSE174574	GSM5319988	Sham	Sham2	whole_brain	Pericyte	Pericyte	50
GSE174574	GSM5319988	Sham	Sham2	whole_brain	Pericyte	Smooth_muscle	30
GSE174574	GSM5319988	Sham	Sham2	whole_brain	Smooth_muscle	Astrocyte	1
GSE174574	GSM5319988	Sham	Sham2	whole_brain	Smooth_muscle	Endothelial	42
GSE174574	GSM5319988	Sham	Sham2	whole_brain	Smooth_muscle	Macrophage	1
GSE174574	GSM5319988	Sham	Sham2	whole_brain	Smooth_muscle	Microglia	2
GSE174574	GSM5319988	Sham	Sham2	whole_brain	Smooth_muscle	Neuron/Other	1
GSE174574	GSM5319988	Sham	Sham2	whole_brain	Smooth_muscle	Smooth_muscle	327
GSE174574	GSM5319988	Sham	Sham2	whole_brain	Unassigned	ABC	3
GSE174574	GSM5319988	Sham	Sham2	whole_brain	Unassigned	Astrocyte	7
GSE174574	GSM5319988	Sham	Sham2	whole_brain	Unassigned	Choroid	17
GSE174574	GSM5319988	Sham	Sham2	whole_brain	Unassigned	Dendritic	33
GSE174574	GSM5319988	Sham	Sham2	whole_brain	Unassigned	Endothelial	2904
GSE174574	GSM5319988	Sham	Sham2	whole_brain	Unassigned	Fibroblast	2
GSE174574	GSM5319988	Sham	Sham2	whole_brain	Unassigned	Lymphocyte	15
GSE174574	GSM5319988	Sham	Sham2	whole_brain	Unassigned	Macrophage	18
GSE174574	GSM5319988	Sham	Sham2	whole_brain	Unassigned	Microglia	632
GSE174574	GSM5319988	Sham	Sham2	whole_brain	Unassigned	Neuron/Other	9
GSE174574	GSM5319988	Sham	Sham2	whole_brain	Unassigned	OEC	3
GSE174574	GSM5319988	Sham	Sham2	whole_brain	Unassigned	Oligodendrocyte	1
GSE174574	GSM5319988	Sham	Sham2	whole_brain	Unassigned	Smooth_muscle	23
GSE174574	GSM5319988	Sham	Sham2	whole_brain	Unassigned	Tanycyte	5
GSE174574	GSM5319988	Sham	Sham2	cortex_hippocampus	Astrocyte	Astrocyte	324
GSE174574	GSM5319988	Sham	Sham2	cortex_hippocampus	Astrocyte	Endothelial	46
GSE174574	GSM5319988	Sham	Sham2	cortex_hippocampus	Choroid	Astrocyte	275
GSE174574	GSM5319988	Sham	Sham2	cortex_hippocampus	Choroid	Endothelial	84
GSE174574	GSM5319988	Sham	Sham2	cortex_hippocampus	Choroid	Fibroblast	4
GSE174574	GSM5319988	Sham	Sham2	cortex_hippocampus	Choroid	Microglia/Macrophage	34
GSE174574	GSM5319988	Sham	Sham2	cortex_hippocampus	Choroid	Mural	2
GSE174574	GSM5319988	Sham	Sham2	cortex_hippocampus	Choroid	Neuron/Other	3
GSE174574	GSM5319988	Sham	Sham2	cortex_hippocampus	Choroid	Oligodendrocyte	23
GSE174574	GSM5319988	Sham	Sham2	cortex_hippocampus	Endothelial	Endothelial	1358
GSE174574	GSM5319988	Sham	Sham2	cortex_hippocampus	Endothelial	Microglia/Macrophage	1
GSE174574	GSM5319988	Sham	Sham2	cortex_hippocampus	Endothelial	Oligodendrocyte	1
GSE174574	GSM5319988	Sham	Sham2	cortex_hippocampus	Ependymal	Astrocyte	52
GSE174574	GSM5319988	Sham	Sham2	cortex_hippocampus	Ependymal	Endothelial	3
GSE174574	GSM5319988	Sham	Sham2	cortex_hippocampus	Ependymal	Microglia/Macrophage	3
GSE174574	GSM5319988	Sham	Sham2	cortex_hippocampus	Ependymal	Oligodendrocyte	1
GSE174574	GSM5319988	Sham	Sham2	cortex_hippocampus	Erythroid	Astrocyte	3
GSE174574	GSM5319988	Sham	Sham2	cortex_hippocampus	Erythroid	Endothelial	8
GSE174574	GSM5319988	Sham	Sham2	cortex_hippocampus	Erythroid	Microglia/Macrophage	5
GSE174574	GSM5319988	Sham	Sham2	cortex_hippocampus	Fibroblast	Astrocyte	2
GSE174574	GSM5319988	Sham	Sham2	cortex_hippocampus	Fibroblast	Endothelial	3
GSE174574	GSM5319988	Sham	Sham2	cortex_hippocampus	Fibroblast	Fibroblast	58
GSE174574	GSM5319988	Sham	Sham2	cortex_hippocampus	Fibroblast	Microglia/Macrophage	3
GSE174574	GSM5319988	Sham	Sham2	cortex_hippocampus	Fibroblast	Mural	3
GSE174574	GSM5319988	Sham	Sham2	cortex_hippocampus	Lymphocyte	Endothelial	3
GSE174574	GSM5319988	Sham	Sham2	cortex_hippocampus	Lymphocyte	Microglia/Macrophage	21
GSE174574	GSM5319988	Sham	Sham2	cortex_hippocampus	Lymphocyte	Neuron/Other	1
GSE174574	GSM5319988	Sham	Sham2	cortex_hippocampus	Lymphocyte	Oligodendrocyte	2
GSE174574	GSM5319988	Sham	Sham2	cortex_hippocampus	Microglia	Endothelial	16
GSE174574	GSM5319988	Sham	Sham2	cortex_hippocampus	Microglia	Microglia/Macrophage	1257
GSE174574	GSM5319988	Sham	Sham2	cortex_hippocampus	Microglia	Oligodendrocyte	2
GSE174574	GSM5319988	Sham	Sham2	cortex_hippocampus	Myeloid	Endothelial	13
GSE174574	GSM5319988	Sham	Sham2	cortex_hippocampus	Myeloid	Microglia/Macrophage	390
GSE174574	GSM5319988	Sham	Sham2	cortex_hippocampus	Neuron	Astrocyte	1
GSE174574	GSM5319988	Sham	Sham2	cortex_hippocampus	Neuron	Neuron/Other	1
GSE174574	GSM5319988	Sham	Sham2	cortex_hippocampus	Neutrophil	Endothelial	65
GSE174574	GSM5319988	Sham	Sham2	cortex_hippocampus	Neutrophil	Microglia/Macrophage	40
GSE174574	GSM5319988	Sham	Sham2	cortex_hippocampus	Neutrophil	Oligodendrocyte	5
GSE174574	GSM5319988	Sham	Sham2	cortex_hippocampus	OPC	Astrocyte	1
GSE174574	GSM5319988	Sham	Sham2	cortex_hippocampus	Oligodendrocyte	Astrocyte	1
GSE174574	GSM5319988	Sham	Sham2	cortex_hippocampus	Oligodendrocyte	Endothelial	59
GSE174574	GSM5319988	Sham	Sham2	cortex_hippocampus	Oligodendrocyte	Oligodendrocyte	174
GSE174574	GSM5319988	Sham	Sham2	cortex_hippocampus	Pericyte	Endothelial	29
GSE174574	GSM5319988	Sham	Sham2	cortex_hippocampus	Pericyte	Microglia/Macrophage	3
GSE174574	GSM5319988	Sham	Sham2	cortex_hippocampus	Pericyte	Mural	82
GSE174574	GSM5319988	Sham	Sham2	cortex_hippocampus	Pericyte	Neuron/Other	1
GSE174574	GSM5319988	Sham	Sham2	cortex_hippocampus	Smooth_muscle	Astrocyte	1
GSE174574	GSM5319988	Sham	Sham2	cortex_hippocampus	Smooth_muscle	Endothelial	33
GSE174574	GSM5319988	Sham	Sham2	cortex_hippocampus	Smooth_muscle	Microglia/Macrophage	5
GSE174574	GSM5319988	Sham	Sham2	cortex_hippocampus	Smooth_muscle	Mural	333
GSE174574	GSM5319988	Sham	Sham2	cortex_hippocampus	Smooth_muscle	Oligodendrocyte	2
GSE174574	GSM5319988	Sham	Sham2	cortex_hippocampus	Unassigned	Astrocyte	37
GSE174574	GSM5319988	Sham	Sham2	cortex_hippocampus	Unassigned	Endothelial	2857
GSE174574	GSM5319988	Sham	Sham2	cortex_hippocampus	Unassigned	Fibroblast	1
GSE174574	GSM5319988	Sham	Sham2	cortex_hippocampus	Unassigned	Microglia/Macrophage	748
GSE174574	GSM5319988	Sham	Sham2	cortex_hippocampus	Unassigned	Mural	22
GSE174574	GSM5319988	Sham	Sham2	cortex_hippocampus	Unassigned	Neuron/Other	2
GSE174574	GSM5319988	Sham	Sham2	cortex_hippocampus	Unassigned	Oligodendrocyte	5
GSE174574	GSM5319989	Sham	Sham3	whole_brain	Astrocyte	ABC	1
GSE174574	GSM5319989	Sham	Sham3	whole_brain	Astrocyte	Astrocyte	367
GSE174574	GSM5319989	Sham	Sham3	whole_brain	Astrocyte	Astroependymal	3
GSE174574	GSM5319989	Sham	Sham3	whole_brain	Astrocyte	Dendritic	1
GSE174574	GSM5319989	Sham	Sham3	whole_brain	Astrocyte	Endothelial	82
GSE174574	GSM5319989	Sham	Sham3	whole_brain	Astrocyte	Macrophage	1
GSE174574	GSM5319989	Sham	Sham3	whole_brain	Astrocyte	Microglia	5
GSE174574	GSM5319989	Sham	Sham3	whole_brain	Astrocyte	Tanycyte	3
GSE174574	GSM5319989	Sham	Sham3	whole_brain	Choroid	Astrocyte	5
GSE174574	GSM5319989	Sham	Sham3	whole_brain	Choroid	Choroid	366
GSE174574	GSM5319989	Sham	Sham3	whole_brain	Choroid	Endothelial	81
GSE174574	GSM5319989	Sham	Sham3	whole_brain	Choroid	Ependymal	1
GSE174574	GSM5319989	Sham	Sham3	whole_brain	Choroid	Fibroblast	1
GSE174574	GSM5319989	Sham	Sham3	whole_brain	Choroid	Microglia	2
GSE174574	GSM5319989	Sham	Sham3	whole_brain	Choroid	Neuron/Other	5
GSE174574	GSM5319989	Sham	Sham3	whole_brain	Choroid	OEC	3
GSE174574	GSM5319989	Sham	Sham3	whole_brain	Choroid	Smooth_muscle	2
GSE174574	GSM5319989	Sham	Sham3	whole_brain	Endothelial	Endothelial	1666
GSE174574	GSM5319989	Sham	Sham3	whole_brain	Endothelial	Fibroblast	1
GSE174574	GSM5319989	Sham	Sham3	whole_brain	Ependymal	Astroependymal	2
GSE174574	GSM5319989	Sham	Sham3	whole_brain	Ependymal	Choroid	13
GSE174574	GSM5319989	Sham	Sham3	whole_brain	Ependymal	Dendritic	1
GSE174574	GSM5319989	Sham	Sham3	whole_brain	Ependymal	Endothelial	5
GSE174574	GSM5319989	Sham	Sham3	whole_brain	Ependymal	Ependymal	54
GSE174574	GSM5319989	Sham	Sham3	whole_brain	Ependymal	Hypendymal	3
GSE174574	GSM5319989	Sham	Sham3	whole_brain	Ependymal	Neuron/Other	1
GSE174574	GSM5319989	Sham	Sham3	whole_brain	Ependymal	Tanycyte	7
GSE174574	GSM5319989	Sham	Sham3	whole_brain	Erythroid	Endothelial	6
GSE174574	GSM5319989	Sham	Sham3	whole_brain	Erythroid	Neuron/Other	1
GSE174574	GSM5319989	Sham	Sham3	whole_brain	Fibroblast	ABC	14
GSE174574	GSM5319989	Sham	Sham3	whole_brain	Fibroblast	Astrocyte	1
GSE174574	GSM5319989	Sham	Sham3	whole_brain	Fibroblast	Endothelial	6
GSE174574	GSM5319989	Sham	Sham3	whole_brain	Fibroblast	Fibroblast	71
GSE174574	GSM5319989	Sham	Sham3	whole_brain	Fibroblast	Microglia	2
GSE174574	GSM5319989	Sham	Sham3	whole_brain	Fibroblast	Pericyte	2
GSE174574	GSM5319989	Sham	Sham3	whole_brain	Fibroblast	Smooth_muscle	4
GSE174574	GSM5319989	Sham	Sham3	whole_brain	Lymphocyte	Endothelial	2
GSE174574	GSM5319989	Sham	Sham3	whole_brain	Lymphocyte	Lymphocyte	27
GSE174574	GSM5319989	Sham	Sham3	whole_brain	Lymphocyte	Microglia	1
GSE174574	GSM5319989	Sham	Sham3	whole_brain	Microglia	Astrocyte	1
GSE174574	GSM5319989	Sham	Sham3	whole_brain	Microglia	Endothelial	94
GSE174574	GSM5319989	Sham	Sham3	whole_brain	Microglia	Microglia	1334
GSE174574	GSM5319989	Sham	Sham3	whole_brain	Microglia	Neuron/Other	3
GSE174574	GSM5319989	Sham	Sham3	whole_brain	Myeloid	Dendritic	74
GSE174574	GSM5319989	Sham	Sham3	whole_brain	Myeloid	Endothelial	23
GSE174574	GSM5319989	Sham	Sham3	whole_brain	Myeloid	Fibroblast	2
GSE174574	GSM5319989	Sham	Sham3	whole_brain	Myeloid	Macrophage	289
GSE174574	GSM5319989	Sham	Sham3	whole_brain	Myeloid	Microglia	71
GSE174574	GSM5319989	Sham	Sham3	whole_brain	Myeloid	Monocytes	2
GSE174574	GSM5319989	Sham	Sham3	whole_brain	Myeloid	Neuron/Other	4
GSE174574	GSM5319989	Sham	Sham3	whole_brain	Neutrophil	Dendritic	6
GSE174574	GSM5319989	Sham	Sham3	whole_brain	Neutrophil	Endothelial	75
GSE174574	GSM5319989	Sham	Sham3	whole_brain	Neutrophil	Fibroblast	1
GSE174574	GSM5319989	Sham	Sham3	whole_brain	Neutrophil	Microglia	1
GSE174574	GSM5319989	Sham	Sham3	whole_brain	Neutrophil	Monocytes	42
GSE174574	GSM5319989	Sham	Sham3	whole_brain	OPC	OEC	1
GSE174574	GSM5319989	Sham	Sham3	whole_brain	Oligodendrocyte	Endothelial	68
GSE174574	GSM5319989	Sham	Sham3	whole_brain	Oligodendrocyte	Microglia	2
GSE174574	GSM5319989	Sham	Sham3	whole_brain	Oligodendrocyte	Oligodendrocyte	182
GSE174574	GSM5319989	Sham	Sham3	whole_brain	Pericyte	Astrocyte	1
GSE174574	GSM5319989	Sham	Sham3	whole_brain	Pericyte	Choroid	1
GSE174574	GSM5319989	Sham	Sham3	whole_brain	Pericyte	Dendritic	1
GSE174574	GSM5319989	Sham	Sham3	whole_brain	Pericyte	Endothelial	41
GSE174574	GSM5319989	Sham	Sham3	whole_brain	Pericyte	Fibroblast	6
GSE174574	GSM5319989	Sham	Sham3	whole_brain	Pericyte	Microglia	3
GSE174574	GSM5319989	Sham	Sham3	whole_brain	Pericyte	Oligodendrocyte	1
GSE174574	GSM5319989	Sham	Sham3	whole_brain	Pericyte	Pericyte	54
GSE174574	GSM5319989	Sham	Sham3	whole_brain	Pericyte	Smooth_muscle	31
GSE174574	GSM5319989	Sham	Sham3	whole_brain	Smooth_muscle	Endothelial	48
GSE174574	GSM5319989	Sham	Sham3	whole_brain	Smooth_muscle	Fibroblast	1
GSE174574	GSM5319989	Sham	Sham3	whole_brain	Smooth_muscle	Macrophage	2
GSE174574	GSM5319989	Sham	Sham3	whole_brain	Smooth_muscle	Microglia	4
GSE174574	GSM5319989	Sham	Sham3	whole_brain	Smooth_muscle	Neuron/Other	1
GSE174574	GSM5319989	Sham	Sham3	whole_brain	Smooth_muscle	Smooth_muscle	405
GSE174574	GSM5319989	Sham	Sham3	whole_brain	Unassigned	ABC	3
GSE174574	GSM5319989	Sham	Sham3	whole_brain	Unassigned	Astrocyte	7
GSE174574	GSM5319989	Sham	Sham3	whole_brain	Unassigned	Choroid	13
GSE174574	GSM5319989	Sham	Sham3	whole_brain	Unassigned	Dendritic	47
GSE174574	GSM5319989	Sham	Sham3	whole_brain	Unassigned	Endothelial	3277
GSE174574	GSM5319989	Sham	Sham3	whole_brain	Unassigned	Fibroblast	4
GSE174574	GSM5319989	Sham	Sham3	whole_brain	Unassigned	Lymphocyte	15
GSE174574	GSM5319989	Sham	Sham3	whole_brain	Unassigned	Macrophage	24
GSE174574	GSM5319989	Sham	Sham3	whole_brain	Unassigned	Microglia	811
GSE174574	GSM5319989	Sham	Sham3	whole_brain	Unassigned	Neuron/Other	6
GSE174574	GSM5319989	Sham	Sham3	whole_brain	Unassigned	OEC	6
GSE174574	GSM5319989	Sham	Sham3	whole_brain	Unassigned	Oligodendrocyte	1
GSE174574	GSM5319989	Sham	Sham3	whole_brain	Unassigned	Pericyte	1
GSE174574	GSM5319989	Sham	Sham3	whole_brain	Unassigned	Smooth_muscle	36
GSE174574	GSM5319989	Sham	Sham3	whole_brain	Unassigned	Tanycyte	6
GSE174574	GSM5319989	Sham	Sham3	cortex_hippocampus	Astrocyte	Astrocyte	396
GSE174574	GSM5319989	Sham	Sham3	cortex_hippocampus	Astrocyte	Endothelial	64
GSE174574	GSM5319989	Sham	Sham3	cortex_hippocampus	Astrocyte	Microglia/Macrophage	2
GSE174574	GSM5319989	Sham	Sham3	cortex_hippocampus	Astrocyte	Oligodendrocyte	1
GSE174574	GSM5319989	Sham	Sham3	cortex_hippocampus	Choroid	Astrocyte	319
GSE174574	GSM5319989	Sham	Sham3	cortex_hippocampus	Choroid	Endothelial	80
GSE174574	GSM5319989	Sham	Sham3	cortex_hippocampus	Choroid	Fibroblast	1
GSE174574	GSM5319989	Sham	Sham3	cortex_hippocampus	Choroid	Microglia/Macrophage	46
GSE174574	GSM5319989	Sham	Sham3	cortex_hippocampus	Choroid	Mural	2
GSE174574	GSM5319989	Sham	Sham3	cortex_hippocampus	Choroid	Neuron/Other	2
GSE174574	GSM5319989	Sham	Sham3	cortex_hippocampus	Choroid	Oligodendrocyte	16
GSE174574	GSM5319989	Sham	Sham3	cortex_hippocampus	Endothelial	Endothelial	1658
GSE174574	GSM5319989	Sham	Sham3	cortex_hippocampus	Endothelial	Microglia/Macrophage	2
GSE174574	GSM5319989	Sham	Sham3	cortex_hippocampus	Endothelial	Neuron/Other	1
GSE174574	GSM5319989	Sham	Sham3	cortex_hippocampus	Endothelial	Oligodendrocyte	6
GSE174574	GSM5319989	Sham	Sham3	cortex_hippocampus	Ependymal	Astrocyte	72
GSE174574	GSM5319989	Sham	Sham3	cortex_hippocampus	Ependymal	Endothelial	6
GSE174574	GSM5319989	Sham	Sham3	cortex_hippocampus	Ependymal	Microglia/Macrophage	5
GSE174574	GSM5319989	Sham	Sham3	cortex_hippocampus	Ependymal	Mural	2
GSE174574	GSM5319989	Sham	Sham3	cortex_hippocampus	Ependymal	Oligodendrocyte	1
GSE174574	GSM5319989	Sham	Sham3	cortex_hippocampus	Erythroid	Astrocyte	1
GSE174574	GSM5319989	Sham	Sham3	cortex_hippocampus	Erythroid	Endothelial	4
GSE174574	GSM5319989	Sham	Sham3	cortex_hippocampus	Erythroid	Microglia/Macrophage	2
GSE174574	GSM5319989	Sham	Sham3	cortex_hippocampus	Fibroblast	Astrocyte	1
GSE174574	GSM5319989	Sham	Sham3	cortex_hippocampus	Fibroblast	Endothelial	6
GSE174574	GSM5319989	Sham	Sham3	cortex_hippocampus	Fibroblast	Fibroblast	82
GSE174574	GSM5319989	Sham	Sham3	cortex_hippocampus	Fibroblast	Microglia/Macrophage	4
GSE174574	GSM5319989	Sham	Sham3	cortex_hippocampus	Fibroblast	Mural	7
GSE174574	GSM5319989	Sham	Sham3	cortex_hippocampus	Lymphocyte	Endothelial	2
GSE174574	GSM5319989	Sham	Sham3	cortex_hippocampus	Lymphocyte	Microglia/Macrophage	27
GSE174574	GSM5319989	Sham	Sham3	cortex_hippocampus	Lymphocyte	Neuron/Other	1
GSE174574	GSM5319989	Sham	Sham3	cortex_hippocampus	Microglia	Endothelial	27
GSE174574	GSM5319989	Sham	Sham3	cortex_hippocampus	Microglia	Microglia/Macrophage	1404
GSE174574	GSM5319989	Sham	Sham3	cortex_hippocampus	Microglia	Oligodendrocyte	1
GSE174574	GSM5319989	Sham	Sham3	cortex_hippocampus	Myeloid	Astrocyte	1
GSE174574	GSM5319989	Sham	Sham3	cortex_hippocampus	Myeloid	Endothelial	10
GSE174574	GSM5319989	Sham	Sham3	cortex_hippocampus	Myeloid	Microglia/Macrophage	454
GSE174574	GSM5319989	Sham	Sham3	cortex_hippocampus	Neutrophil	Astrocyte	3
GSE174574	GSM5319989	Sham	Sham3	cortex_hippocampus	Neutrophil	Endothelial	72
GSE174574	GSM5319989	Sham	Sham3	cortex_hippocampus	Neutrophil	Fibroblast	1
GSE174574	GSM5319989	Sham	Sham3	cortex_hippocampus	Neutrophil	Microglia/Macrophage	44
GSE174574	GSM5319989	Sham	Sham3	cortex_hippocampus	Neutrophil	Oligodendrocyte	5
GSE174574	GSM5319989	Sham	Sham3	cortex_hippocampus	OPC	Astrocyte	1
GSE174574	GSM5319989	Sham	Sham3	cortex_hippocampus	Oligodendrocyte	Endothelial	64
GSE174574	GSM5319989	Sham	Sham3	cortex_hippocampus	Oligodendrocyte	Microglia/Macrophage	5
GSE174574	GSM5319989	Sham	Sham3	cortex_hippocampus	Oligodendrocyte	Neuron/Other	1
GSE174574	GSM5319989	Sham	Sham3	cortex_hippocampus	Oligodendrocyte	Oligodendrocyte	182
GSE174574	GSM5319989	Sham	Sham3	cortex_hippocampus	Pericyte	Endothelial	40
GSE174574	GSM5319989	Sham	Sham3	cortex_hippocampus	Pericyte	Microglia/Macrophage	8
GSE174574	GSM5319989	Sham	Sham3	cortex_hippocampus	Pericyte	Mural	90
GSE174574	GSM5319989	Sham	Sham3	cortex_hippocampus	Pericyte	Neuron/Other	1
GSE174574	GSM5319989	Sham	Sham3	cortex_hippocampus	Smooth_muscle	Astrocyte	2
GSE174574	GSM5319989	Sham	Sham3	cortex_hippocampus	Smooth_muscle	Endothelial	45
GSE174574	GSM5319989	Sham	Sham3	cortex_hippocampus	Smooth_muscle	Microglia/Macrophage	10
GSE174574	GSM5319989	Sham	Sham3	cortex_hippocampus	Smooth_muscle	Mural	402
GSE174574	GSM5319989	Sham	Sham3	cortex_hippocampus	Smooth_muscle	Neuron/Other	1
GSE174574	GSM5319989	Sham	Sham3	cortex_hippocampus	Smooth_muscle	Oligodendrocyte	1
GSE174574	GSM5319989	Sham	Sham3	cortex_hippocampus	Unassigned	Astrocyte	38
GSE174574	GSM5319989	Sham	Sham3	cortex_hippocampus	Unassigned	Endothelial	3208
GSE174574	GSM5319989	Sham	Sham3	cortex_hippocampus	Unassigned	Fibroblast	3
GSE174574	GSM5319989	Sham	Sham3	cortex_hippocampus	Unassigned	Microglia/Macrophage	963
GSE174574	GSM5319989	Sham	Sham3	cortex_hippocampus	Unassigned	Mural	36
GSE174574	GSM5319989	Sham	Sham3	cortex_hippocampus	Unassigned	Oligodendrocyte	9
GSE174574	GSM5319990	MCAO	MCAO1	whole_brain	Astrocyte	Astrocyte	663
GSE174574	GSM5319990	MCAO	MCAO1	whole_brain	Astrocyte	Astroependymal	5
GSE174574	GSM5319990	MCAO	MCAO1	whole_brain	Astrocyte	Dendritic	6
GSE174574	GSM5319990	MCAO	MCAO1	whole_brain	Astrocyte	Endothelial	94
GSE174574	GSM5319990	MCAO	MCAO1	whole_brain	Astrocyte	Fibroblast	2
GSE174574	GSM5319990	MCAO	MCAO1	whole_brain	Astrocyte	Macrophage	1
GSE174574	GSM5319990	MCAO	MCAO1	whole_brain	Astrocyte	Microglia	3
GSE174574	GSM5319990	MCAO	MCAO1	whole_brain	Astrocyte	Neuron/Other	5
GSE174574	GSM5319990	MCAO	MCAO1	whole_brain	Astrocyte	OEC	1
GSE174574	GSM5319990	MCAO	MCAO1	whole_brain	Astrocyte	Smooth_muscle	1
GSE174574	GSM5319990	MCAO	MCAO1	whole_brain	Astrocyte	Tanycyte	3
GSE174574	GSM5319990	MCAO	MCAO1	whole_brain	Choroid	Astrocyte	16
GSE174574	GSM5319990	MCAO	MCAO1	whole_brain	Choroid	Astroependymal	1
GSE174574	GSM5319990	MCAO	MCAO1	whole_brain	Choroid	Choroid	593
GSE174574	GSM5319990	MCAO	MCAO1	whole_brain	Choroid	Dendritic	4
GSE174574	GSM5319990	MCAO	MCAO1	whole_brain	Choroid	Endothelial	65
GSE174574	GSM5319990	MCAO	MCAO1	whole_brain	Choroid	Fibroblast	10
GSE174574	GSM5319990	MCAO	MCAO1	whole_brain	Choroid	Lymphocyte	1
GSE174574	GSM5319990	MCAO	MCAO1	whole_brain	Choroid	Macrophage	3
GSE174574	GSM5319990	MCAO	MCAO1	whole_brain	Choroid	Microglia	3
GSE174574	GSM5319990	MCAO	MCAO1	whole_brain	Choroid	Neuron/Other	11
GSE174574	GSM5319990	MCAO	MCAO1	whole_brain	Choroid	Pericyte	1
GSE174574	GSM5319990	MCAO	MCAO1	whole_brain	Choroid	Smooth_muscle	1
GSE174574	GSM5319990	MCAO	MCAO1	whole_brain	Endothelial	Astrocyte	1
GSE174574	GSM5319990	MCAO	MCAO1	whole_brain	Endothelial	Dendritic	3
GSE174574	GSM5319990	MCAO	MCAO1	whole_brain	Endothelial	Endothelial	1956
GSE174574	GSM5319990	MCAO	MCAO1	whole_brain	Endothelial	Fibroblast	1
GSE174574	GSM5319990	MCAO	MCAO1	whole_brain	Ependymal	Astrocyte	2
GSE174574	GSM5319990	MCAO	MCAO1	whole_brain	Ependymal	Astroependymal	2
GSE174574	GSM5319990	MCAO	MCAO1	whole_brain	Ependymal	Choroid	16
GSE174574	GSM5319990	MCAO	MCAO1	whole_brain	Ependymal	Dendritic	1
GSE174574	GSM5319990	MCAO	MCAO1	whole_brain	Ependymal	Endothelial	3
GSE174574	GSM5319990	MCAO	MCAO1	whole_brain	Ependymal	Ependymal	48
GSE174574	GSM5319990	MCAO	MCAO1	whole_brain	Ependymal	Hypendymal	1
GSE174574	GSM5319990	MCAO	MCAO1	whole_brain	Ependymal	Macrophage	2
GSE174574	GSM5319990	MCAO	MCAO1	whole_brain	Ependymal	Neuron/Other	2
GSE174574	GSM5319990	MCAO	MCAO1	whole_brain	Ependymal	Tanycyte	3
GSE174574	GSM5319990	MCAO	MCAO1	whole_brain	Erythroid	Astrocyte	4
GSE174574	GSM5319990	MCAO	MCAO1	whole_brain	Erythroid	Astroependymal	1
GSE174574	GSM5319990	MCAO	MCAO1	whole_brain	Erythroid	Choroid	1
GSE174574	GSM5319990	MCAO	MCAO1	whole_brain	Erythroid	Dendritic	7
GSE174574	GSM5319990	MCAO	MCAO1	whole_brain	Erythroid	Endothelial	84
GSE174574	GSM5319990	MCAO	MCAO1	whole_brain	Erythroid	Fibroblast	4
GSE174574	GSM5319990	MCAO	MCAO1	whole_brain	Erythroid	Microglia	9
GSE174574	GSM5319990	MCAO	MCAO1	whole_brain	Erythroid	Oligodendrocyte	1
GSE174574	GSM5319990	MCAO	MCAO1	whole_brain	Erythroid	Pericyte	1
GSE174574	GSM5319990	MCAO	MCAO1	whole_brain	Erythroid	Smooth_muscle	1
GSE174574	GSM5319990	MCAO	MCAO1	whole_brain	Fibroblast	ABC	16
GSE174574	GSM5319990	MCAO	MCAO1	whole_brain	Fibroblast	Astrocyte	3
GSE174574	GSM5319990	MCAO	MCAO1	whole_brain	Fibroblast	Dendritic	3
GSE174574	GSM5319990	MCAO	MCAO1	whole_brain	Fibroblast	Endothelial	6
GSE174574	GSM5319990	MCAO	MCAO1	whole_brain	Fibroblast	Fibroblast	77
GSE174574	GSM5319990	MCAO	MCAO1	whole_brain	Fibroblast	Microglia	1
GSE174574	GSM5319990	MCAO	MCAO1	whole_brain	Fibroblast	Neuron/Other	3
GSE174574	GSM5319990	MCAO	MCAO1	whole_brain	Fibroblast	Pericyte	6
GSE174574	GSM5319990	MCAO	MCAO1	whole_brain	Fibroblast	Smooth_muscle	4
GSE174574	GSM5319990	MCAO	MCAO1	whole_brain	Lymphocyte	Astrocyte	1
GSE174574	GSM5319990	MCAO	MCAO1	whole_brain	Lymphocyte	Dendritic	3
GSE174574	GSM5319990	MCAO	MCAO1	whole_brain	Lymphocyte	Endothelial	10
GSE174574	GSM5319990	MCAO	MCAO1	whole_brain	Lymphocyte	Lymphocyte	53
GSE174574	GSM5319990	MCAO	MCAO1	whole_brain	Lymphocyte	Neuron/Other	3
GSE174574	GSM5319990	MCAO	MCAO1	whole_brain	Microglia	ABC	1
GSE174574	GSM5319990	MCAO	MCAO1	whole_brain	Microglia	Astrocyte	6
GSE174574	GSM5319990	MCAO	MCAO1	whole_brain	Microglia	Dendritic	26
GSE174574	GSM5319990	MCAO	MCAO1	whole_brain	Microglia	Endothelial	103
GSE174574	GSM5319990	MCAO	MCAO1	whole_brain	Microglia	Macrophage	4
GSE174574	GSM5319990	MCAO	MCAO1	whole_brain	Microglia	Microglia	990
GSE174574	GSM5319990	MCAO	MCAO1	whole_brain	Microglia	Neuron/Other	16
GSE174574	GSM5319990	MCAO	MCAO1	whole_brain	Microglia	OEC	1
GSE174574	GSM5319990	MCAO	MCAO1	whole_brain	Myeloid	Astrocyte	30
GSE174574	GSM5319990	MCAO	MCAO1	whole_brain	Myeloid	Astroependymal	2
GSE174574	GSM5319990	MCAO	MCAO1	whole_brain	Myeloid	Dendritic	632
GSE174574	GSM5319990	MCAO	MCAO1	whole_brain	Myeloid	Endothelial	61
GSE174574	GSM5319990	MCAO	MCAO1	whole_brain	Myeloid	Fibroblast	2
GSE174574	GSM5319990	MCAO	MCAO1	whole_brain	Myeloid	Macrophage	297
GSE174574	GSM5319990	MCAO	MCAO1	whole_brain	Myeloid	Microglia	258
GSE174574	GSM5319990	MCAO	MCAO1	whole_brain	Myeloid	Monocytes	8
GSE174574	GSM5319990	MCAO	MCAO1	whole_brain	Myeloid	Neuron/Other	42
GSE174574	GSM5319990	MCAO	MCAO1	whole_brain	Myeloid	Oligodendrocyte	4
GSE174574	GSM5319990	MCAO	MCAO1	whole_brain	Myeloid	Pericyte	2
GSE174574	GSM5319990	MCAO	MCAO1	whole_brain	Myeloid	Smooth_muscle	1
GSE174574	GSM5319990	MCAO	MCAO1	whole_brain	Myeloid	Tanycyte	1
GSE174574	GSM5319990	MCAO	MCAO1	whole_brain	Neuron	Endothelial	1
GSE174574	GSM5319990	MCAO	MCAO1	whole_brain	Neuron	Neuron/Other	5
GSE174574	GSM5319990	MCAO	MCAO1	whole_brain	Neutrophil	Astrocyte	10
GSE174574	GSM5319990	MCAO	MCAO1	whole_brain	Neutrophil	Dendritic	19
GSE174574	GSM5319990	MCAO	MCAO1	whole_brain	Neutrophil	Endothelial	68
GSE174574	GSM5319990	MCAO	MCAO1	whole_brain	Neutrophil	Ependymal	2
GSE174574	GSM5319990	MCAO	MCAO1	whole_brain	Neutrophil	Macrophage	1
GSE174574	GSM5319990	MCAO	MCAO1	whole_brain	Neutrophil	Microglia	14
GSE174574	GSM5319990	MCAO	MCAO1	whole_brain	Neutrophil	Monocytes	132
GSE174574	GSM5319990	MCAO	MCAO1	whole_brain	Neutrophil	Neuron/Other	7
GSE174574	GSM5319990	MCAO	MCAO1	whole_brain	Neutrophil	Oligodendrocyte	3
GSE174574	GSM5319990	MCAO	MCAO1	whole_brain	Neutrophil	Pericyte	1
GSE174574	GSM5319990	MCAO	MCAO1	whole_brain	OPC	Endothelial	6
GSE174574	GSM5319990	MCAO	MCAO1	whole_brain	OPC	Microglia	1
GSE174574	GSM5319990	MCAO	MCAO1	whole_brain	OPC	Oligodendrocyte	2
GSE174574	GSM5319990	MCAO	MCAO1	whole_brain	Oligodendrocyte	Astrocyte	4
GSE174574	GSM5319990	MCAO	MCAO1	whole_brain	Oligodendrocyte	Astroependymal	1
GSE174574	GSM5319990	MCAO	MCAO1	whole_brain	Oligodendrocyte	Dendritic	3
GSE174574	GSM5319990	MCAO	MCAO1	whole_brain	Oligodendrocyte	Endothelial	56
GSE174574	GSM5319990	MCAO	MCAO1	whole_brain	Oligodendrocyte	Lymphocyte	1
GSE174574	GSM5319990	MCAO	MCAO1	whole_brain	Oligodendrocyte	Macrophage	2
GSE174574	GSM5319990	MCAO	MCAO1	whole_brain	Oligodendrocyte	Microglia	6
GSE174574	GSM5319990	MCAO	MCAO1	whole_brain	Oligodendrocyte	Neuron/Other	1
GSE174574	GSM5319990	MCAO	MCAO1	whole_brain	Oligodendrocyte	OEC	3
GSE174574	GSM5319990	MCAO	MCAO1	whole_brain	Oligodendrocyte	Oligodendrocyte	361
GSE174574	GSM5319990	MCAO	MCAO1	whole_brain	Oligodendrocyte	Pericyte	2
GSE174574	GSM5319990	MCAO	MCAO1	whole_brain	Pericyte	Astrocyte	5
GSE174574	GSM5319990	MCAO	MCAO1	whole_brain	Pericyte	Astroependymal	2
GSE174574	GSM5319990	MCAO	MCAO1	whole_brain	Pericyte	Dendritic	6
GSE174574	GSM5319990	MCAO	MCAO1	whole_brain	Pericyte	Endothelial	66
GSE174574	GSM5319990	MCAO	MCAO1	whole_brain	Pericyte	Fibroblast	15
GSE174574	GSM5319990	MCAO	MCAO1	whole_brain	Pericyte	Macrophage	3
GSE174574	GSM5319990	MCAO	MCAO1	whole_brain	Pericyte	Microglia	9
GSE174574	GSM5319990	MCAO	MCAO1	whole_brain	Pericyte	Neuron/Other	13
GSE174574	GSM5319990	MCAO	MCAO1	whole_brain	Pericyte	OEC	1
GSE174574	GSM5319990	MCAO	MCAO1	whole_brain	Pericyte	Pericyte	171
GSE174574	GSM5319990	MCAO	MCAO1	whole_brain	Pericyte	Smooth_muscle	45
GSE174574	GSM5319990	MCAO	MCAO1	whole_brain	Smooth_muscle	Astrocyte	16
GSE174574	GSM5319990	MCAO	MCAO1	whole_brain	Smooth_muscle	Choroid	1
GSE174574	GSM5319990	MCAO	MCAO1	whole_brain	Smooth_muscle	Dendritic	13
GSE174574	GSM5319990	MCAO	MCAO1	whole_brain	Smooth_muscle	Endothelial	52
GSE174574	GSM5319990	MCAO	MCAO1	whole_brain	Smooth_muscle	Fibroblast	3
GSE174574	GSM5319990	MCAO	MCAO1	whole_brain	Smooth_muscle	Macrophage	1
GSE174574	GSM5319990	MCAO	MCAO1	whole_brain	Smooth_muscle	Microglia	6
GSE174574	GSM5319990	MCAO	MCAO1	whole_brain	Smooth_muscle	Monocytes	1
GSE174574	GSM5319990	MCAO	MCAO1	whole_brain	Smooth_muscle	Neuron/Other	10
GSE174574	GSM5319990	MCAO	MCAO1	whole_brain	Smooth_muscle	Smooth_muscle	462
GSE174574	GSM5319990	MCAO	MCAO1	whole_brain	Unassigned	ABC	4
GSE174574	GSM5319990	MCAO	MCAO1	whole_brain	Unassigned	Astrocyte	88
GSE174574	GSM5319990	MCAO	MCAO1	whole_brain	Unassigned	Astroependymal	2
GSE174574	GSM5319990	MCAO	MCAO1	whole_brain	Unassigned	Choroid	64
GSE174574	GSM5319990	MCAO	MCAO1	whole_brain	Unassigned	Dendritic	336
GSE174574	GSM5319990	MCAO	MCAO1	whole_brain	Unassigned	Endothelial	2491
GSE174574	GSM5319990	MCAO	MCAO1	whole_brain	Unassigned	Ependymal	2
GSE174574	GSM5319990	MCAO	MCAO1	whole_brain	Unassigned	Fibroblast	14
GSE174574	GSM5319990	MCAO	MCAO1	whole_brain	Unassigned	Lymphocyte	41
GSE174574	GSM5319990	MCAO	MCAO1	whole_brain	Unassigned	Macrophage	38
GSE174574	GSM5319990	MCAO	MCAO1	whole_brain	Unassigned	Microglia	567
GSE174574	GSM5319990	MCAO	MCAO1	whole_brain	Unassigned	Monocytes	5
GSE174574	GSM5319990	MCAO	MCAO1	whole_brain	Unassigned	Neuron/Other	57
GSE174574	GSM5319990	MCAO	MCAO1	whole_brain	Unassigned	OEC	4
GSE174574	GSM5319990	MCAO	MCAO1	whole_brain	Unassigned	Oligodendrocyte	10
GSE174574	GSM5319990	MCAO	MCAO1	whole_brain	Unassigned	Pericyte	7
GSE174574	GSM5319990	MCAO	MCAO1	whole_brain	Unassigned	Smooth_muscle	45
GSE174574	GSM5319990	MCAO	MCAO1	whole_brain	Unassigned	Tanycyte	6
GSE174574	GSM5319990	MCAO	MCAO1	cortex_hippocampus	Astrocyte	Astrocyte	725
GSE174574	GSM5319990	MCAO	MCAO1	cortex_hippocampus	Astrocyte	Endothelial	51
GSE174574	GSM5319990	MCAO	MCAO1	cortex_hippocampus	Astrocyte	Microglia/Macrophage	8
GSE174574	GSM5319990	MCAO	MCAO1	cortex_hippocampus	Choroid	Astrocyte	481
GSE174574	GSM5319990	MCAO	MCAO1	cortex_hippocampus	Choroid	Endothelial	50
GSE174574	GSM5319990	MCAO	MCAO1	cortex_hippocampus	Choroid	Microglia/Macrophage	144
GSE174574	GSM5319990	MCAO	MCAO1	cortex_hippocampus	Choroid	Mural	6
GSE174574	GSM5319990	MCAO	MCAO1	cortex_hippocampus	Choroid	Neuron/Other	2
GSE174574	GSM5319990	MCAO	MCAO1	cortex_hippocampus	Choroid	Oligodendrocyte	26
GSE174574	GSM5319990	MCAO	MCAO1	cortex_hippocampus	Endothelial	Astrocyte	4
GSE174574	GSM5319990	MCAO	MCAO1	cortex_hippocampus	Endothelial	Endothelial	1912
GSE174574	GSM5319990	MCAO	MCAO1	cortex_hippocampus	Endothelial	Microglia/Macrophage	37
GSE174574	GSM5319990	MCAO	MCAO1	cortex_hippocampus	Endothelial	Neuron/Other	6
GSE174574	GSM5319990	MCAO	MCAO1	cortex_hippocampus	Endothelial	Oligodendrocyte	2
GSE174574	GSM5319990	MCAO	MCAO1	cortex_hippocampus	Ependymal	Astrocyte	67
GSE174574	GSM5319990	MCAO	MCAO1	cortex_hippocampus	Ependymal	Endothelial	3
GSE174574	GSM5319990	MCAO	MCAO1	cortex_hippocampus	Ependymal	Microglia/Macrophage	8
GSE174574	GSM5319990	MCAO	MCAO1	cortex_hippocampus	Ependymal	Mural	1
GSE174574	GSM5319990	MCAO	MCAO1	cortex_hippocampus	Ependymal	Oligodendrocyte	1
GSE174574	GSM5319990	MCAO	MCAO1	cortex_hippocampus	Erythroid	Astrocyte	7
GSE174574	GSM5319990	MCAO	MCAO1	cortex_hippocampus	Erythroid	Endothelial	70
GSE174574	GSM5319990	MCAO	MCAO1	cortex_hippocampus	Erythroid	Microglia/Macrophage	33
GSE174574	GSM5319990	MCAO	MCAO1	cortex_hippocampus	Erythroid	Mural	1
GSE174574	GSM5319990	MCAO	MCAO1	cortex_hippocampus	Erythroid	Oligodendrocyte	2
GSE174574	GSM5319990	MCAO	MCAO1	cortex_hippocampus	Fibroblast	Endothelial	5
GSE174574	GSM5319990	MCAO	MCAO1	cortex_hippocampus	Fibroblast	Fibroblast	75
GSE174574	GSM5319990	MCAO	MCAO1	cortex_hippocampus	Fibroblast	Microglia/Macrophage	16
GSE174574	GSM5319990	MCAO	MCAO1	cortex_hippocampus	Fibroblast	Mural	21
GSE174574	GSM5319990	MCAO	MCAO1	cortex_hippocampus	Fibroblast	Neuron/Other	1
GSE174574	GSM5319990	MCAO	MCAO1	cortex_hippocampus	Fibroblast	Oligodendrocyte	1
GSE174574	GSM5319990	MCAO	MCAO1	cortex_hippocampus	Lymphocyte	Endothelial	10
GSE174574	GSM5319990	MCAO	MCAO1	cortex_hippocampus	Lymphocyte	Microglia/Macrophage	59
GSE174574	GSM5319990	MCAO	MCAO1	cortex_hippocampus	Lymphocyte	Neuron/Other	1
GSE174574	GSM5319990	MCAO	MCAO1	cortex_hippocampus	Microglia	Astrocyte	5
GSE174574	GSM5319990	MCAO	MCAO1	cortex_hippocampus	Microglia	Endothelial	35
GSE174574	GSM5319990	MCAO	MCAO1	cortex_hippocampus	Microglia	Microglia/Macrophage	1104
GSE174574	GSM5319990	MCAO	MCAO1	cortex_hippocampus	Microglia	Neuron/Other	1
GSE174574	GSM5319990	MCAO	MCAO1	cortex_hippocampus	Microglia	Oligodendrocyte	2
GSE174574	GSM5319990	MCAO	MCAO1	cortex_hippocampus	Myeloid	Astrocyte	2
GSE174574	GSM5319990	MCAO	MCAO1	cortex_hippocampus	Myeloid	Endothelial	12
GSE174574	GSM5319990	MCAO	MCAO1	cortex_hippocampus	Myeloid	Microglia/Macrophage	1325
GSE174574	GSM5319990	MCAO	MCAO1	cortex_hippocampus	Myeloid	Oligodendrocyte	1
GSE174574	GSM5319990	MCAO	MCAO1	cortex_hippocampus	Neuron	Neuron/Other	5
GSE174574	GSM5319990	MCAO	MCAO1	cortex_hippocampus	Neuron	Oligodendrocyte	1
GSE174574	GSM5319990	MCAO	MCAO1	cortex_hippocampus	Neutrophil	Astrocyte	10
GSE174574	GSM5319990	MCAO	MCAO1	cortex_hippocampus	Neutrophil	Endothelial	61
GSE174574	GSM5319990	MCAO	MCAO1	cortex_hippocampus	Neutrophil	Microglia/Macrophage	180
GSE174574	GSM5319990	MCAO	MCAO1	cortex_hippocampus	Neutrophil	Mural	3
GSE174574	GSM5319990	MCAO	MCAO1	cortex_hippocampus	Neutrophil	Oligodendrocyte	3
GSE174574	GSM5319990	MCAO	MCAO1	cortex_hippocampus	OPC	Astrocyte	1
GSE174574	GSM5319990	MCAO	MCAO1	cortex_hippocampus	OPC	Endothelial	3
GSE174574	GSM5319990	MCAO	MCAO1	cortex_hippocampus	OPC	Microglia/Macrophage	2
GSE174574	GSM5319990	MCAO	MCAO1	cortex_hippocampus	OPC	Oligodendrocyte	3
GSE174574	GSM5319990	MCAO	MCAO1	cortex_hippocampus	Oligodendrocyte	Astrocyte	6
GSE174574	GSM5319990	MCAO	MCAO1	cortex_hippocampus	Oligodendrocyte	Endothelial	44
GSE174574	GSM5319990	MCAO	MCAO1	cortex_hippocampus	Oligodendrocyte	Microglia/Macrophage	13
GSE174574	GSM5319990	MCAO	MCAO1	cortex_hippocampus	Oligodendrocyte	Neuron/Other	1
GSE174574	GSM5319990	MCAO	MCAO1	cortex_hippocampus	Oligodendrocyte	Oligodendrocyte	376
GSE174574	GSM5319990	MCAO	MCAO1	cortex_hippocampus	Pericyte	Astrocyte	4
GSE174574	GSM5319990	MCAO	MCAO1	cortex_hippocampus	Pericyte	Endothelial	50
GSE174574	GSM5319990	MCAO	MCAO1	cortex_hippocampus	Pericyte	Fibroblast	2
GSE174574	GSM5319990	MCAO	MCAO1	cortex_hippocampus	Pericyte	Microglia/Macrophage	28
GSE174574	GSM5319990	MCAO	MCAO1	cortex_hippocampus	Pericyte	Mural	242
GSE174574	GSM5319990	MCAO	MCAO1	cortex_hippocampus	Pericyte	Neuron/Other	5
GSE174574	GSM5319990	MCAO	MCAO1	cortex_hippocampus	Pericyte	Oligodendrocyte	5
GSE174574	GSM5319990	MCAO	MCAO1	cortex_hippocampus	Smooth_muscle	Astrocyte	9
GSE174574	GSM5319990	MCAO	MCAO1	cortex_hippocampus	Smooth_muscle	Endothelial	42
GSE174574	GSM5319990	MCAO	MCAO1	cortex_hippocampus	Smooth_muscle	Microglia/Macrophage	31
GSE174574	GSM5319990	MCAO	MCAO1	cortex_hippocampus	Smooth_muscle	Mural	479
GSE174574	GSM5319990	MCAO	MCAO1	cortex_hippocampus	Smooth_muscle	Neuron/Other	3
GSE174574	GSM5319990	MCAO	MCAO1	cortex_hippocampus	Smooth_muscle	Oligodendrocyte	1
GSE174574	GSM5319990	MCAO	MCAO1	cortex_hippocampus	Unassigned	Astrocyte	146
GSE174574	GSM5319990	MCAO	MCAO1	cortex_hippocampus	Unassigned	Endothelial	2330
GSE174574	GSM5319990	MCAO	MCAO1	cortex_hippocampus	Unassigned	Fibroblast	4
GSE174574	GSM5319990	MCAO	MCAO1	cortex_hippocampus	Unassigned	Microglia/Macrophage	1219
GSE174574	GSM5319990	MCAO	MCAO1	cortex_hippocampus	Unassigned	Mural	58
GSE174574	GSM5319990	MCAO	MCAO1	cortex_hippocampus	Unassigned	Neuron/Other	7
GSE174574	GSM5319990	MCAO	MCAO1	cortex_hippocampus	Unassigned	Oligodendrocyte	17
GSE174574	GSM5319991	MCAO	MCAO2	whole_brain	Astrocyte	ABC	1
GSE174574	GSM5319991	MCAO	MCAO2	whole_brain	Astrocyte	Astrocyte	624
GSE174574	GSM5319991	MCAO	MCAO2	whole_brain	Astrocyte	Astroependymal	5
GSE174574	GSM5319991	MCAO	MCAO2	whole_brain	Astrocyte	Dendritic	9
GSE174574	GSM5319991	MCAO	MCAO2	whole_brain	Astrocyte	Endothelial	89
GSE174574	GSM5319991	MCAO	MCAO2	whole_brain	Astrocyte	Fibroblast	1
GSE174574	GSM5319991	MCAO	MCAO2	whole_brain	Astrocyte	Macrophage	1
GSE174574	GSM5319991	MCAO	MCAO2	whole_brain	Astrocyte	Microglia	3
GSE174574	GSM5319991	MCAO	MCAO2	whole_brain	Astrocyte	Neuron/Other	10
GSE174574	GSM5319991	MCAO	MCAO2	whole_brain	Astrocyte	OEC	1
GSE174574	GSM5319991	MCAO	MCAO2	whole_brain	Astrocyte	Tanycyte	2
GSE174574	GSM5319991	MCAO	MCAO2	whole_brain	Choroid	Astrocyte	27
GSE174574	GSM5319991	MCAO	MCAO2	whole_brain	Choroid	Astroependymal	2
GSE174574	GSM5319991	MCAO	MCAO2	whole_brain	Choroid	Choroid	529
GSE174574	GSM5319991	MCAO	MCAO2	whole_brain	Choroid	Dendritic	4
GSE174574	GSM5319991	MCAO	MCAO2	whole_brain	Choroid	Endothelial	75
GSE174574	GSM5319991	MCAO	MCAO2	whole_brain	Choroid	Fibroblast	9
GSE174574	GSM5319991	MCAO	MCAO2	whole_brain	Choroid	Lymphocyte	1
GSE174574	GSM5319991	MCAO	MCAO2	whole_brain	Choroid	Microglia	7
GSE174574	GSM5319991	MCAO	MCAO2	whole_brain	Choroid	Neuron/Other	18
GSE174574	GSM5319991	MCAO	MCAO2	whole_brain	Choroid	OEC	1
GSE174574	GSM5319991	MCAO	MCAO2	whole_brain	Choroid	Oligodendrocyte	1
GSE174574	GSM5319991	MCAO	MCAO2	whole_brain	Choroid	Pericyte	1
GSE174574	GSM5319991	MCAO	MCAO2	whole_brain	Choroid	Smooth_muscle	2
GSE174574	GSM5319991	MCAO	MCAO2	whole_brain	Endothelial	Astrocyte	4
GSE174574	GSM5319991	MCAO	MCAO2	whole_brain	Endothelial	Dendritic	2
GSE174574	GSM5319991	MCAO	MCAO2	whole_brain	Endothelial	Endothelial	1834
GSE174574	GSM5319991	MCAO	MCAO2	whole_brain	Endothelial	Fibroblast	1
GSE174574	GSM5319991	MCAO	MCAO2	whole_brain	Endothelial	Microglia	1
GSE174574	GSM5319991	MCAO	MCAO2	whole_brain	Endothelial	Neuron/Other	1
GSE174574	GSM5319991	MCAO	MCAO2	whole_brain	Ependymal	Astrocyte	3
GSE174574	GSM5319991	MCAO	MCAO2	whole_brain	Ependymal	Astroependymal	3
GSE174574	GSM5319991	MCAO	MCAO2	whole_brain	Ependymal	Choroid	22
GSE174574	GSM5319991	MCAO	MCAO2	whole_brain	Ependymal	Dendritic	1
GSE174574	GSM5319991	MCAO	MCAO2	whole_brain	Ependymal	Endothelial	9
GSE174574	GSM5319991	MCAO	MCAO2	whole_brain	Ependymal	Ependymal	43
GSE174574	GSM5319991	MCAO	MCAO2	whole_brain	Ependymal	Tanycyte	4
GSE174574	GSM5319991	MCAO	MCAO2	whole_brain	Erythroid	Astrocyte	2
GSE174574	GSM5319991	MCAO	MCAO2	whole_brain	Erythroid	Dendritic	8
GSE174574	GSM5319991	MCAO	MCAO2	whole_brain	Erythroid	Endothelial	84
GSE174574	GSM5319991	MCAO	MCAO2	whole_brain	Erythroid	Fibroblast	4
GSE174574	GSM5319991	MCAO	MCAO2	whole_brain	Erythroid	Lymphocyte	1
GSE174574	GSM5319991	MCAO	MCAO2	whole_brain	Erythroid	Microglia	10
GSE174574	GSM5319991	MCAO	MCAO2	whole_brain	Erythroid	Monocytes	1
GSE174574	GSM5319991	MCAO	MCAO2	whole_brain	Erythroid	Neuron/Other	1
GSE174574	GSM5319991	MCAO	MCAO2	whole_brain	Erythroid	Oligodendrocyte	1
GSE174574	GSM5319991	MCAO	MCAO2	whole_brain	Erythroid	Pericyte	2
GSE174574	GSM5319991	MCAO	MCAO2	whole_brain	Erythroid	Smooth_muscle	2
GSE174574	GSM5319991	MCAO	MCAO2	whole_brain	Erythroid	Tanycyte	1
GSE174574	GSM5319991	MCAO	MCAO2	whole_brain	Fibroblast	ABC	13
GSE174574	GSM5319991	MCAO	MCAO2	whole_brain	Fibroblast	Astrocyte	3
GSE174574	GSM5319991	MCAO	MCAO2	whole_brain	Fibroblast	Astroependymal	1
GSE174574	GSM5319991	MCAO	MCAO2	whole_brain	Fibroblast	Choroid	1
GSE174574	GSM5319991	MCAO	MCAO2	whole_brain	Fibroblast	Dendritic	4
GSE174574	GSM5319991	MCAO	MCAO2	whole_brain	Fibroblast	Endothelial	4
GSE174574	GSM5319991	MCAO	MCAO2	whole_brain	Fibroblast	Fibroblast	56
GSE174574	GSM5319991	MCAO	MCAO2	whole_brain	Fibroblast	Neuron/Other	3
GSE174574	GSM5319991	MCAO	MCAO2	whole_brain	Fibroblast	Pericyte	6
GSE174574	GSM5319991	MCAO	MCAO2	whole_brain	Lymphocyte	Astroependymal	1
GSE174574	GSM5319991	MCAO	MCAO2	whole_brain	Lymphocyte	Endothelial	4
GSE174574	GSM5319991	MCAO	MCAO2	whole_brain	Lymphocyte	Lymphocyte	45
GSE174574	GSM5319991	MCAO	MCAO2	whole_brain	Lymphocyte	Macrophage	1
GSE174574	GSM5319991	MCAO	MCAO2	whole_brain	Lymphocyte	Neuron/Other	1
GSE174574	GSM5319991	MCAO	MCAO2	whole_brain	Lymphocyte	Tanycyte	1
GSE174574	GSM5319991	MCAO	MCAO2	whole_brain	Microglia	Astrocyte	7
GSE174574	GSM5319991	MCAO	MCAO2	whole_brain	Microglia	Astroependymal	1
GSE174574	GSM5319991	MCAO	MCAO2	whole_brain	Microglia	Dendritic	38
GSE174574	GSM5319991	MCAO	MCAO2	whole_brain	Microglia	Endothelial	80
GSE174574	GSM5319991	MCAO	MCAO2	whole_brain	Microglia	Fibroblast	2
GSE174574	GSM5319991	MCAO	MCAO2	whole_brain	Microglia	Macrophage	1
GSE174574	GSM5319991	MCAO	MCAO2	whole_brain	Microglia	Microglia	1075
GSE174574	GSM5319991	MCAO	MCAO2	whole_brain	Microglia	Monocytes	1
GSE174574	GSM5319991	MCAO	MCAO2	whole_brain	Microglia	Neuron/Other	16
GSE174574	GSM5319991	MCAO	MCAO2	whole_brain	Microglia	Oligodendrocyte	1
GSE174574	GSM5319991	MCAO	MCAO2	whole_brain	Microglia	Pericyte	1
GSE174574	GSM5319991	MCAO	MCAO2	whole_brain	Microglia	Smooth_muscle	1
GSE174574	GSM5319991	MCAO	MCAO2	whole_brain	Microglia	Tanycyte	2
GSE174574	GSM5319991	MCAO	MCAO2	whole_brain	Myeloid	Astrocyte	29
GSE174574	GSM5319991	MCAO	MCAO2	whole_brain	Myeloid	Astroependymal	5
GSE174574	GSM5319991	MCAO	MCAO2	whole_brain	Myeloid	Dendritic	611
GSE174574	GSM5319991	MCAO	MCAO2	whole_brain	Myeloid	Endothelial	59
GSE174574	GSM5319991	MCAO	MCAO2	whole_brain	Myeloid	Fibroblast	5
GSE174574	GSM5319991	MCAO	MCAO2	whole_brain	Myeloid	Macrophage	299
GSE174574	GSM5319991	MCAO	MCAO2	whole_brain	Myeloid	Microglia	234
GSE174574	GSM5319991	MCAO	MCAO2	whole_brain	Myeloid	Monocytes	4
GSE174574	GSM5319991	MCAO	MCAO2	whole_brain	Myeloid	Neuron/Other	34
GSE174574	GSM5319991	MCAO	MCAO2	whole_brain	Myeloid	Oligodendrocyte	7
GSE174574	GSM5319991	MCAO	MCAO2	whole_brain	Myeloid	Tanycyte	1
GSE174574	GSM5319991	MCAO	MCAO2	whole_brain	Neuron	Endothelial	2
GSE174574	GSM5319991	MCAO	MCAO2	whole_brain	Neuron	Neuron/Other	4
GSE174574	GSM5319991	MCAO	MCAO2	whole_brain	Neutrophil	Astrocyte	10
GSE174574	GSM5319991	MCAO	MCAO2	whole_brain	Neutrophil	Choroid	3
GSE174574	GSM5319991	MCAO	MCAO2	whole_brain	Neutrophil	Dendritic	21
GSE174574	GSM5319991	MCAO	MCAO2	whole_brain	Neutrophil	Endothelial	63
GSE174574	GSM5319991	MCAO	MCAO2	whole_brain	Neutrophil	Fibroblast	1
GSE174574	GSM5319991	MCAO	MCAO2	whole_brain	Neutrophil	Lymphocyte	1
GSE174574	GSM5319991	MCAO	MCAO2	whole_brain	Neutrophil	Macrophage	1
GSE174574	GSM5319991	MCAO	MCAO2	whole_brain	Neutrophil	Microglia	9
GSE174574	GSM5319991	MCAO	MCAO2	whole_brain	Neutrophil	Monocytes	138
GSE174574	GSM5319991	MCAO	MCAO2	whole_brain	Neutrophil	Neuron/Other	6
GSE174574	GSM5319991	MCAO	MCAO2	whole_brain	Neutrophil	Pericyte	2
GSE174574	GSM5319991	MCAO	MCAO2	whole_brain	OPC	Astrocyte	2
GSE174574	GSM5319991	MCAO	MCAO2	whole_brain	OPC	Dendritic	2
GSE174574	GSM5319991	MCAO	MCAO2	whole_brain	OPC	OPC	1
GSE174574	GSM5319991	MCAO	MCAO2	whole_brain	OPC	Oligodendrocyte	5
GSE174574	GSM5319991	MCAO	MCAO2	whole_brain	Oligodendrocyte	ABC	1
GSE174574	GSM5319991	MCAO	MCAO2	whole_brain	Oligodendrocyte	Astrocyte	2
GSE174574	GSM5319991	MCAO	MCAO2	whole_brain	Oligodendrocyte	Choroid	1
GSE174574	GSM5319991	MCAO	MCAO2	whole_brain	Oligodendrocyte	Dendritic	2
GSE174574	GSM5319991	MCAO	MCAO2	whole_brain	Oligodendrocyte	Endothelial	56
GSE174574	GSM5319991	MCAO	MCAO2	whole_brain	Oligodendrocyte	Fibroblast	1
GSE174574	GSM5319991	MCAO	MCAO2	whole_brain	Oligodendrocyte	Microglia	6
GSE174574	GSM5319991	MCAO	MCAO2	whole_brain	Oligodendrocyte	Neuron/Other	3
GSE174574	GSM5319991	MCAO	MCAO2	whole_brain	Oligodendrocyte	Oligodendrocyte	329
GSE174574	GSM5319991	MCAO	MCAO2	whole_brain	Oligodendrocyte	Smooth_muscle	1
GSE174574	GSM5319991	MCAO	MCAO2	whole_brain	Oligodendrocyte	Tanycyte	1
GSE174574	GSM5319991	MCAO	MCAO2	whole_brain	Pericyte	Astrocyte	6
GSE174574	GSM5319991	MCAO	MCAO2	whole_brain	Pericyte	Astroependymal	1
GSE174574	GSM5319991	MCAO	MCAO2	whole_brain	Pericyte	Choroid	1
GSE174574	GSM5319991	MCAO	MCAO2	whole_brain	Pericyte	Dendritic	3
GSE174574	GSM5319991	MCAO	MCAO2	whole_brain	Pericyte	Endothelial	70
GSE174574	GSM5319991	MCAO	MCAO2	whole_brain	Pericyte	Fibroblast	9
GSE174574	GSM5319991	MCAO	MCAO2	whole_brain	Pericyte	Microglia	3
GSE174574	GSM5319991	MCAO	MCAO2	whole_brain	Pericyte	Neuron/Other	10
GSE174574	GSM5319991	MCAO	MCAO2	whole_brain	Pericyte	Oligodendrocyte	1
GSE174574	GSM5319991	MCAO	MCAO2	whole_brain	Pericyte	Pericyte	166
GSE174574	GSM5319991	MCAO	MCAO2	whole_brain	Pericyte	Smooth_muscle	37
GSE174574	GSM5319991	MCAO	MCAO2	whole_brain	Pericyte	Tanycyte	1
GSE174574	GSM5319991	MCAO	MCAO2	whole_brain	Smooth_muscle	Astrocyte	14
GSE174574	GSM5319991	MCAO	MCAO2	whole_brain	Smooth_muscle	Choroid	2
GSE174574	GSM5319991	MCAO	MCAO2	whole_brain	Smooth_muscle	Dendritic	10
GSE174574	GSM5319991	MCAO	MCAO2	whole_brain	Smooth_muscle	Endothelial	54
GSE174574	GSM5319991	MCAO	MCAO2	whole_brain	Smooth_muscle	Fibroblast	6
GSE174574	GSM5319991	MCAO	MCAO2	whole_brain	Smooth_muscle	Macrophage	2
GSE174574	GSM5319991	MCAO	MCAO2	whole_brain	Smooth_muscle	Microglia	3
GSE174574	GSM5319991	MCAO	MCAO2	whole_brain	Smooth_muscle	Monocytes	1
GSE174574	GSM5319991	MCAO	MCAO2	whole_brain	Smooth_muscle	Neuron/Other	6
GSE174574	GSM5319991	MCAO	MCAO2	whole_brain	Smooth_muscle	Oligodendrocyte	1
GSE174574	GSM5319991	MCAO	MCAO2	whole_brain	Smooth_muscle	Pericyte	1
GSE174574	GSM5319991	MCAO	MCAO2	whole_brain	Smooth_muscle	Smooth_muscle	436
GSE174574	GSM5319991	MCAO	MCAO2	whole_brain	Unassigned	ABC	5
GSE174574	GSM5319991	MCAO	MCAO2	whole_brain	Unassigned	Astrocyte	85
GSE174574	GSM5319991	MCAO	MCAO2	whole_brain	Unassigned	Astroependymal	2
GSE174574	GSM5319991	MCAO	MCAO2	whole_brain	Unassigned	Choroid	60
GSE174574	GSM5319991	MCAO	MCAO2	whole_brain	Unassigned	Dendritic	314
GSE174574	GSM5319991	MCAO	MCAO2	whole_brain	Unassigned	Endothelial	2495
GSE174574	GSM5319991	MCAO	MCAO2	whole_brain	Unassigned	Fibroblast	19
GSE174574	GSM5319991	MCAO	MCAO2	whole_brain	Unassigned	Lymphocyte	57
GSE174574	GSM5319991	MCAO	MCAO2	whole_brain	Unassigned	Macrophage	30
GSE174574	GSM5319991	MCAO	MCAO2	whole_brain	Unassigned	Microglia	492
GSE174574	GSM5319991	MCAO	MCAO2	whole_brain	Unassigned	Monocytes	5
GSE174574	GSM5319991	MCAO	MCAO2	whole_brain	Unassigned	Neuron/Other	49
GSE174574	GSM5319991	MCAO	MCAO2	whole_brain	Unassigned	OEC	7
GSE174574	GSM5319991	MCAO	MCAO2	whole_brain	Unassigned	Oligodendrocyte	8
GSE174574	GSM5319991	MCAO	MCAO2	whole_brain	Unassigned	Pericyte	11
GSE174574	GSM5319991	MCAO	MCAO2	whole_brain	Unassigned	Smooth_muscle	36
GSE174574	GSM5319991	MCAO	MCAO2	whole_brain	Unassigned	Tanycyte	1
GSE174574	GSM5319991	MCAO	MCAO2	cortex_hippocampus	Astrocyte	Astrocyte	690
GSE174574	GSM5319991	MCAO	MCAO2	cortex_hippocampus	Astrocyte	Endothelial	46
GSE174574	GSM5319991	MCAO	MCAO2	cortex_hippocampus	Astrocyte	Microglia/Macrophage	10
GSE174574	GSM5319991	MCAO	MCAO2	cortex_hippocampus	Choroid	Astrocyte	425
GSE174574	GSM5319991	MCAO	MCAO2	cortex_hippocampus	Choroid	Endothelial	54
GSE174574	GSM5319991	MCAO	MCAO2	cortex_hippocampus	Choroid	Fibroblast	1
GSE174574	GSM5319991	MCAO	MCAO2	cortex_hippocampus	Choroid	Microglia/Macrophage	168
GSE174574	GSM5319991	MCAO	MCAO2	cortex_hippocampus	Choroid	Mural	4
GSE174574	GSM5319991	MCAO	MCAO2	cortex_hippocampus	Choroid	Neuron/Other	5
GSE174574	GSM5319991	MCAO	MCAO2	cortex_hippocampus	Choroid	Oligodendrocyte	20
GSE174574	GSM5319991	MCAO	MCAO2	cortex_hippocampus	Endothelial	Astrocyte	6
GSE174574	GSM5319991	MCAO	MCAO2	cortex_hippocampus	Endothelial	Endothelial	1796
GSE174574	GSM5319991	MCAO	MCAO2	cortex_hippocampus	Endothelial	Microglia/Macrophage	35
GSE174574	GSM5319991	MCAO	MCAO2	cortex_hippocampus	Endothelial	Mural	1
GSE174574	GSM5319991	MCAO	MCAO2	cortex_hippocampus	Endothelial	Neuron/Other	2
GSE174574	GSM5319991	MCAO	MCAO2	cortex_hippocampus	Endothelial	Oligodendrocyte	3
GSE174574	GSM5319991	MCAO	MCAO2	cortex_hippocampus	Ependymal	Astrocyte	70
GSE174574	GSM5319991	MCAO	MCAO2	cortex_hippocampus	Ependymal	Endothelial	5
GSE174574	GSM5319991	MCAO	MCAO2	cortex_hippocampus	Ependymal	Microglia/Macrophage	8
GSE174574	GSM5319991	MCAO	MCAO2	cortex_hippocampus	Ependymal	Oligodendrocyte	2
GSE174574	GSM5319991	MCAO	MCAO2	cortex_hippocampus	Erythroid	Astrocyte	6
GSE174574	GSM5319991	MCAO	MCAO2	cortex_hippocampus	Erythroid	Endothelial	72
GSE174574	GSM5319991	MCAO	MCAO2	cortex_hippocampus	Erythroid	Microglia/Macrophage	37
GSE174574	GSM5319991	MCAO	MCAO2	cortex_hippocampus	Erythroid	Mural	1
GSE174574	GSM5319991	MCAO	MCAO2	cortex_hippocampus	Erythroid	Oligodendrocyte	1
GSE174574	GSM5319991	MCAO	MCAO2	cortex_hippocampus	Fibroblast	Astrocyte	3
GSE174574	GSM5319991	MCAO	MCAO2	cortex_hippocampus	Fibroblast	Endothelial	5
GSE174574	GSM5319991	MCAO	MCAO2	cortex_hippocampus	Fibroblast	Fibroblast	56
GSE174574	GSM5319991	MCAO	MCAO2	cortex_hippocampus	Fibroblast	Microglia/Macrophage	14
GSE174574	GSM5319991	MCAO	MCAO2	cortex_hippocampus	Fibroblast	Mural	11
GSE174574	GSM5319991	MCAO	MCAO2	cortex_hippocampus	Fibroblast	Neuron/Other	2
GSE174574	GSM5319991	MCAO	MCAO2	cortex_hippocampus	Lymphocyte	Endothelial	7
GSE174574	GSM5319991	MCAO	MCAO2	cortex_hippocampus	Lymphocyte	Microglia/Macrophage	45
GSE174574	GSM5319991	MCAO	MCAO2	cortex_hippocampus	Lymphocyte	Mural	1
GSE174574	GSM5319991	MCAO	MCAO2	cortex_hippocampus	Microglia	Astrocyte	2
GSE174574	GSM5319991	MCAO	MCAO2	cortex_hippocampus	Microglia	Endothelial	27
GSE174574	GSM5319991	MCAO	MCAO2	cortex_hippocampus	Microglia	Microglia/Macrophage	1196
GSE174574	GSM5319991	MCAO	MCAO2	cortex_hippocampus	Microglia	Oligodendrocyte	1
GSE174574	GSM5319991	MCAO	MCAO2	cortex_hippocampus	Myeloid	Astrocyte	2
GSE174574	GSM5319991	MCAO	MCAO2	cortex_hippocampus	Myeloid	Endothelial	4
GSE174574	GSM5319991	MCAO	MCAO2	cortex_hippocampus	Myeloid	Microglia/Macrophage	1280
GSE174574	GSM5319991	MCAO	MCAO2	cortex_hippocampus	Myeloid	Mural	1
GSE174574	GSM5319991	MCAO	MCAO2	cortex_hippocampus	Myeloid	Oligodendrocyte	1
GSE174574	GSM5319991	MCAO	MCAO2	cortex_hippocampus	Neuron	Microglia/Macrophage	2
GSE174574	GSM5319991	MCAO	MCAO2	cortex_hippocampus	Neuron	Mural	1
GSE174574	GSM5319991	MCAO	MCAO2	cortex_hippocampus	Neuron	Neuron/Other	2
GSE174574	GSM5319991	MCAO	MCAO2	cortex_hippocampus	Neuron	Oligodendrocyte	1
GSE174574	GSM5319991	MCAO	MCAO2	cortex_hippocampus	Neutrophil	Astrocyte	8
GSE174574	GSM5319991	MCAO	MCAO2	cortex_hippocampus	Neutrophil	Endothelial	56
GSE174574	GSM5319991	MCAO	MCAO2	cortex_hippocampus	Neutrophil	Microglia/Macrophage	187
GSE174574	GSM5319991	MCAO	MCAO2	cortex_hippocampus	Neutrophil	Mural	2
GSE174574	GSM5319991	MCAO	MCAO2	cortex_hippocampus	Neutrophil	Oligodendrocyte	2
GSE174574	GSM5319991	MCAO	MCAO2	cortex_hippocampus	OPC	Astrocyte	2
GSE174574	GSM5319991	MCAO	MCAO2	cortex_hippocampus	OPC	Microglia/Macrophage	3
GSE174574	GSM5319991	MCAO	MCAO2	cortex_hippocampus	OPC	Oligodendrocyte	5
GSE174574	GSM5319991	MCAO	MCAO2	cortex_hippocampus	Oligodendrocyte	Astrocyte	6
GSE174574	GSM5319991	MCAO	MCAO2	cortex_hippocampus	Oligodendrocyte	Endothelial	40
GSE174574	GSM5319991	MCAO	MCAO2	cortex_hippocampus	Oligodendrocyte	Microglia/Macrophage	10
GSE174574	GSM5319991	MCAO	MCAO2	cortex_hippocampus	Oligodendrocyte	Mural	1
GSE174574	GSM5319991	MCAO	MCAO2	cortex_hippocampus	Oligodendrocyte	Neuron/Other	1
GSE174574	GSM5319991	MCAO	MCAO2	cortex_hippocampus	Oligodendrocyte	Oligodendrocyte	345
GSE174574	GSM5319991	MCAO	MCAO2	cortex_hippocampus	Pericyte	Endothelial	56
GSE174574	GSM5319991	MCAO	MCAO2	cortex_hippocampus	Pericyte	Microglia/Macrophage	33
GSE174574	GSM5319991	MCAO	MCAO2	cortex_hippocampus	Pericyte	Mural	213
GSE174574	GSM5319991	MCAO	MCAO2	cortex_hippocampus	Pericyte	Neuron/Other	5
GSE174574	GSM5319991	MCAO	MCAO2	cortex_hippocampus	Pericyte	Oligodendrocyte	1
GSE174574	GSM5319991	MCAO	MCAO2	cortex_hippocampus	Smooth_muscle	Astrocyte	9
GSE174574	GSM5319991	MCAO	MCAO2	cortex_hippocampus	Smooth_muscle	Endothelial	37
GSE174574	GSM5319991	MCAO	MCAO2	cortex_hippocampus	Smooth_muscle	Microglia/Macrophage	25
GSE174574	GSM5319991	MCAO	MCAO2	cortex_hippocampus	Smooth_muscle	Mural	461
GSE174574	GSM5319991	MCAO	MCAO2	cortex_hippocampus	Smooth_muscle	Neuron/Other	3
GSE174574	GSM5319991	MCAO	MCAO2	cortex_hippocampus	Smooth_muscle	Oligodendrocyte	1
GSE174574	GSM5319991	MCAO	MCAO2	cortex_hippocampus	Unassigned	Astrocyte	141
GSE174574	GSM5319991	MCAO	MCAO2	cortex_hippocampus	Unassigned	Endothelial	2347
GSE174574	GSM5319991	MCAO	MCAO2	cortex_hippocampus	Unassigned	Fibroblast	3
GSE174574	GSM5319991	MCAO	MCAO2	cortex_hippocampus	Unassigned	Microglia/Macrophage	1110
GSE174574	GSM5319991	MCAO	MCAO2	cortex_hippocampus	Unassigned	Mural	45
GSE174574	GSM5319991	MCAO	MCAO2	cortex_hippocampus	Unassigned	Neuron/Other	6
GSE174574	GSM5319991	MCAO	MCAO2	cortex_hippocampus	Unassigned	Oligodendrocyte	24
GSE174574	GSM5319992	MCAO	MCAO3	whole_brain	Astrocyte	Astrocyte	447
GSE174574	GSM5319992	MCAO	MCAO3	whole_brain	Astrocyte	Astroependymal	5
GSE174574	GSM5319992	MCAO	MCAO3	whole_brain	Astrocyte	Dendritic	4
GSE174574	GSM5319992	MCAO	MCAO3	whole_brain	Astrocyte	Endothelial	39
GSE174574	GSM5319992	MCAO	MCAO3	whole_brain	Astrocyte	Fibroblast	2
GSE174574	GSM5319992	MCAO	MCAO3	whole_brain	Astrocyte	Macrophage	1
GSE174574	GSM5319992	MCAO	MCAO3	whole_brain	Astrocyte	Microglia	7
GSE174574	GSM5319992	MCAO	MCAO3	whole_brain	Astrocyte	Neuron/Other	8
GSE174574	GSM5319992	MCAO	MCAO3	whole_brain	Astrocyte	OEC	1
GSE174574	GSM5319992	MCAO	MCAO3	whole_brain	Choroid	ABC	1
GSE174574	GSM5319992	MCAO	MCAO3	whole_brain	Choroid	Astrocyte	13
GSE174574	GSM5319992	MCAO	MCAO3	whole_brain	Choroid	Choroid	464
GSE174574	GSM5319992	MCAO	MCAO3	whole_brain	Choroid	Dendritic	1
GSE174574	GSM5319992	MCAO	MCAO3	whole_brain	Choroid	Endothelial	46
GSE174574	GSM5319992	MCAO	MCAO3	whole_brain	Choroid	Fibroblast	2
GSE174574	GSM5319992	MCAO	MCAO3	whole_brain	Choroid	Macrophage	2
GSE174574	GSM5319992	MCAO	MCAO3	whole_brain	Choroid	Microglia	2
GSE174574	GSM5319992	MCAO	MCAO3	whole_brain	Choroid	Monocytes	1
GSE174574	GSM5319992	MCAO	MCAO3	whole_brain	Choroid	Neuron/Other	5
GSE174574	GSM5319992	MCAO	MCAO3	whole_brain	Choroid	OEC	3
GSE174574	GSM5319992	MCAO	MCAO3	whole_brain	Endothelial	Astrocyte	1
GSE174574	GSM5319992	MCAO	MCAO3	whole_brain	Endothelial	Dendritic	3
GSE174574	GSM5319992	MCAO	MCAO3	whole_brain	Endothelial	Endothelial	1545
GSE174574	GSM5319992	MCAO	MCAO3	whole_brain	Endothelial	Macrophage	1
GSE174574	GSM5319992	MCAO	MCAO3	whole_brain	Endothelial	Microglia	1
GSE174574	GSM5319992	MCAO	MCAO3	whole_brain	Endothelial	Neuron/Other	1
GSE174574	GSM5319992	MCAO	MCAO3	whole_brain	Ependymal	Astrocyte	1
GSE174574	GSM5319992	MCAO	MCAO3	whole_brain	Ependymal	Astroependymal	1
GSE174574	GSM5319992	MCAO	MCAO3	whole_brain	Ependymal	Choroid	12
GSE174574	GSM5319992	MCAO	MCAO3	whole_brain	Ependymal	Dendritic	1
GSE174574	GSM5319992	MCAO	MCAO3	whole_brain	Ependymal	Endothelial	5
GSE174574	GSM5319992	MCAO	MCAO3	whole_brain	Ependymal	Ependymal	36
GSE174574	GSM5319992	MCAO	MCAO3	whole_brain	Ependymal	Hypendymal	2
GSE174574	GSM5319992	MCAO	MCAO3	whole_brain	Ependymal	Tanycyte	1
GSE174574	GSM5319992	MCAO	MCAO3	whole_brain	Erythroid	Astrocyte	4
GSE174574	GSM5319992	MCAO	MCAO3	whole_brain	Erythroid	Choroid	3
GSE174574	GSM5319992	MCAO	MCAO3	whole_brain	Erythroid	Dendritic	5
GSE174574	GSM5319992	MCAO	MCAO3	whole_brain	Erythroid	Endothelial	64
GSE174574	GSM5319992	MCAO	MCAO3	whole_brain	Erythroid	Fibroblast	1
GSE174574	GSM5319992	MCAO	MCAO3	whole_brain	Erythroid	Macrophage	3
GSE174574	GSM5319992	MCAO	MCAO3	whole_brain	Erythroid	Microglia	11
GSE174574	GSM5319992	MCAO	MCAO3	whole_brain	Erythroid	Neuron/Other	1
GSE174574	GSM5319992	MCAO	MCAO3	whole_brain	Erythroid	Oligodendrocyte	1
GSE174574	GSM5319992	MCAO	MCAO3	whole_brain	Erythroid	Smooth_muscle	1
GSE174574	GSM5319992	MCAO	MCAO3	whole_brain	Fibroblast	ABC	8
GSE174574	GSM5319992	MCAO	MCAO3	whole_brain	Fibroblast	Dendritic	4
GSE174574	GSM5319992	MCAO	MCAO3	whole_brain	Fibroblast	Endothelial	1
GSE174574	GSM5319992	MCAO	MCAO3	whole_brain	Fibroblast	Fibroblast	44
GSE174574	GSM5319992	MCAO	MCAO3	whole_brain	Fibroblast	Neuron/Other	1
GSE174574	GSM5319992	MCAO	MCAO3	whole_brain	Fibroblast	Pericyte	5
GSE174574	GSM5319992	MCAO	MCAO3	whole_brain	Fibroblast	Smooth_muscle	3
GSE174574	GSM5319992	MCAO	MCAO3	whole_brain	Lymphocyte	Dendritic	1
GSE174574	GSM5319992	MCAO	MCAO3	whole_brain	Lymphocyte	Endothelial	4
GSE174574	GSM5319992	MCAO	MCAO3	whole_brain	Lymphocyte	Lymphocyte	30
GSE174574	GSM5319992	MCAO	MCAO3	whole_brain	Lymphocyte	Macrophage	1
GSE174574	GSM5319992	MCAO	MCAO3	whole_brain	Lymphocyte	Smooth_muscle	1
GSE174574	GSM5319992	MCAO	MCAO3	whole_brain	Microglia	Astrocyte	5
GSE174574	GSM5319992	MCAO	MCAO3	whole_brain	Microglia	Dendritic	17
GSE174574	GSM5319992	MCAO	MCAO3	whole_brain	Microglia	Endothelial	48
GSE174574	GSM5319992	MCAO	MCAO3	whole_brain	Microglia	Microglia	785
GSE174574	GSM5319992	MCAO	MCAO3	whole_brain	Microglia	Neuron/Other	5
GSE174574	GSM5319992	MCAO	MCAO3	whole_brain	Microglia	Oligodendrocyte	1
GSE174574	GSM5319992	MCAO	MCAO3	whole_brain	Microglia	Tanycyte	1
GSE174574	GSM5319992	MCAO	MCAO3	whole_brain	Myeloid	ABC	1
GSE174574	GSM5319992	MCAO	MCAO3	whole_brain	Myeloid	Astrocyte	20
GSE174574	GSM5319992	MCAO	MCAO3	whole_brain	Myeloid	Dendritic	493
GSE174574	GSM5319992	MCAO	MCAO3	whole_brain	Myeloid	Endothelial	42
GSE174574	GSM5319992	MCAO	MCAO3	whole_brain	Myeloid	Macrophage	213
GSE174574	GSM5319992	MCAO	MCAO3	whole_brain	Myeloid	Microglia	159
GSE174574	GSM5319992	MCAO	MCAO3	whole_brain	Myeloid	Monocytes	1
GSE174574	GSM5319992	MCAO	MCAO3	whole_brain	Myeloid	Neuron/Other	30
GSE174574	GSM5319992	MCAO	MCAO3	whole_brain	Myeloid	Oligodendrocyte	3
GSE174574	GSM5319992	MCAO	MCAO3	whole_brain	Myeloid	Pericyte	1
GSE174574	GSM5319992	MCAO	MCAO3	whole_brain	Myeloid	Tanycyte	1
GSE174574	GSM5319992	MCAO	MCAO3	whole_brain	Neuron	Endothelial	3
GSE174574	GSM5319992	MCAO	MCAO3	whole_brain	Neuron	Neuron/Other	2
GSE174574	GSM5319992	MCAO	MCAO3	whole_brain	Neutrophil	Astrocyte	6
GSE174574	GSM5319992	MCAO	MCAO3	whole_brain	Neutrophil	Choroid	1
GSE174574	GSM5319992	MCAO	MCAO3	whole_brain	Neutrophil	Dendritic	9
GSE174574	GSM5319992	MCAO	MCAO3	whole_brain	Neutrophil	Endothelial	25
GSE174574	GSM5319992	MCAO	MCAO3	whole_brain	Neutrophil	Microglia	5
GSE174574	GSM5319992	MCAO	MCAO3	whole_brain	Neutrophil	Monocytes	125
GSE174574	GSM5319992	MCAO	MCAO3	whole_brain	Neutrophil	Neuron/Other	4
GSE174574	GSM5319992	MCAO	MCAO3	whole_brain	Neutrophil	Smooth_muscle	1
GSE174574	GSM5319992	MCAO	MCAO3	whole_brain	OPC	Astrocyte	3
GSE174574	GSM5319992	MCAO	MCAO3	whole_brain	OPC	Endothelial	2
GSE174574	GSM5319992	MCAO	MCAO3	whole_brain	OPC	Oligodendrocyte	1
GSE174574	GSM5319992	MCAO	MCAO3	whole_brain	Oligodendrocyte	Astrocyte	2
GSE174574	GSM5319992	MCAO	MCAO3	whole_brain	Oligodendrocyte	Choroid	1
GSE174574	GSM5319992	MCAO	MCAO3	whole_brain	Oligodendrocyte	Dendritic	2
GSE174574	GSM5319992	MCAO	MCAO3	whole_brain	Oligodendrocyte	Endothelial	24
GSE174574	GSM5319992	MCAO	MCAO3	whole_brain	Oligodendrocyte	Lymphocyte	1
GSE174574	GSM5319992	MCAO	MCAO3	whole_brain	Oligodendrocyte	Microglia	2
GSE174574	GSM5319992	MCAO	MCAO3	whole_brain	Oligodendrocyte	Neuron/Other	3
GSE174574	GSM5319992	MCAO	MCAO3	whole_brain	Oligodendrocyte	Oligodendrocyte	262
GSE174574	GSM5319992	MCAO	MCAO3	whole_brain	Pericyte	Choroid	1
GSE174574	GSM5319992	MCAO	MCAO3	whole_brain	Pericyte	Dendritic	6
GSE174574	GSM5319992	MCAO	MCAO3	whole_brain	Pericyte	Endothelial	54
GSE174574	GSM5319992	MCAO	MCAO3	whole_brain	Pericyte	Fibroblast	15
GSE174574	GSM5319992	MCAO	MCAO3	whole_brain	Pericyte	Macrophage	1
GSE174574	GSM5319992	MCAO	MCAO3	whole_brain	Pericyte	Microglia	1
GSE174574	GSM5319992	MCAO	MCAO3	whole_brain	Pericyte	Neuron/Other	8
GSE174574	GSM5319992	MCAO	MCAO3	whole_brain	Pericyte	Pericyte	124
GSE174574	GSM5319992	MCAO	MCAO3	whole_brain	Pericyte	Smooth_muscle	25
GSE174574	GSM5319992	MCAO	MCAO3	whole_brain	Smooth_muscle	Astrocyte	6
GSE174574	GSM5319992	MCAO	MCAO3	whole_brain	Smooth_muscle	Dendritic	2
GSE174574	GSM5319992	MCAO	MCAO3	whole_brain	Smooth_muscle	Endothelial	45
GSE174574	GSM5319992	MCAO	MCAO3	whole_brain	Smooth_muscle	Fibroblast	4
GSE174574	GSM5319992	MCAO	MCAO3	whole_brain	Smooth_muscle	Macrophage	1
GSE174574	GSM5319992	MCAO	MCAO3	whole_brain	Smooth_muscle	Microglia	3
GSE174574	GSM5319992	MCAO	MCAO3	whole_brain	Smooth_muscle	Monocytes	1
GSE174574	GSM5319992	MCAO	MCAO3	whole_brain	Smooth_muscle	Neuron/Other	5
GSE174574	GSM5319992	MCAO	MCAO3	whole_brain	Smooth_muscle	OEC	1
GSE174574	GSM5319992	MCAO	MCAO3	whole_brain	Smooth_muscle	Pericyte	1
GSE174574	GSM5319992	MCAO	MCAO3	whole_brain	Smooth_muscle	Smooth_muscle	316
GSE174574	GSM5319992	MCAO	MCAO3	whole_brain	Smooth_muscle	Tanycyte	1
GSE174574	GSM5319992	MCAO	MCAO3	whole_brain	Unassigned	ABC	2
GSE174574	GSM5319992	MCAO	MCAO3	whole_brain	Unassigned	Astrocyte	56
GSE174574	GSM5319992	MCAO	MCAO3	whole_brain	Unassigned	Astroependymal	1
GSE174574	GSM5319992	MCAO	MCAO3	whole_brain	Unassigned	Choroid	33
GSE174574	GSM5319992	MCAO	MCAO3	whole_brain	Unassigned	Dendritic	212
GSE174574	GSM5319992	MCAO	MCAO3	whole_brain	Unassigned	Endothelial	1434
GSE174574	GSM5319992	MCAO	MCAO3	whole_brain	Unassigned	Fibroblast	9
GSE174574	GSM5319992	MCAO	MCAO3	whole_brain	Unassigned	Lymphocyte	38
GSE174574	GSM5319992	MCAO	MCAO3	whole_brain	Unassigned	Macrophage	13
GSE174574	GSM5319992	MCAO	MCAO3	whole_brain	Unassigned	Microglia	402
GSE174574	GSM5319992	MCAO	MCAO3	whole_brain	Unassigned	Monocytes	2
GSE174574	GSM5319992	MCAO	MCAO3	whole_brain	Unassigned	Neuron/Other	36
GSE174574	GSM5319992	MCAO	MCAO3	whole_brain	Unassigned	OEC	3
GSE174574	GSM5319992	MCAO	MCAO3	whole_brain	Unassigned	Oligodendrocyte	5
GSE174574	GSM5319992	MCAO	MCAO3	whole_brain	Unassigned	Pericyte	7
GSE174574	GSM5319992	MCAO	MCAO3	whole_brain	Unassigned	Smooth_muscle	29
GSE174574	GSM5319992	MCAO	MCAO3	whole_brain	Unassigned	Tanycyte	5
GSE174574	GSM5319992	MCAO	MCAO3	cortex_hippocampus	Astrocyte	Astrocyte	482
GSE174574	GSM5319992	MCAO	MCAO3	cortex_hippocampus	Astrocyte	Endothelial	25
GSE174574	GSM5319992	MCAO	MCAO3	cortex_hippocampus	Astrocyte	Microglia/Macrophage	6
GSE174574	GSM5319992	MCAO	MCAO3	cortex_hippocampus	Astrocyte	Neuron/Other	1
GSE174574	GSM5319992	MCAO	MCAO3	cortex_hippocampus	Choroid	Astrocyte	394
GSE174574	GSM5319992	MCAO	MCAO3	cortex_hippocampus	Choroid	Endothelial	34
GSE174574	GSM5319992	MCAO	MCAO3	cortex_hippocampus	Choroid	Fibroblast	1
GSE174574	GSM5319992	MCAO	MCAO3	cortex_hippocampus	Choroid	Microglia/Macrophage	80
GSE174574	GSM5319992	MCAO	MCAO3	cortex_hippocampus	Choroid	Mural	4
GSE174574	GSM5319992	MCAO	MCAO3	cortex_hippocampus	Choroid	Neuron/Other	2
GSE174574	GSM5319992	MCAO	MCAO3	cortex_hippocampus	Choroid	Oligodendrocyte	25
GSE174574	GSM5319992	MCAO	MCAO3	cortex_hippocampus	Endothelial	Endothelial	1526
GSE174574	GSM5319992	MCAO	MCAO3	cortex_hippocampus	Endothelial	Microglia/Macrophage	22
GSE174574	GSM5319992	MCAO	MCAO3	cortex_hippocampus	Endothelial	Neuron/Other	3
GSE174574	GSM5319992	MCAO	MCAO3	cortex_hippocampus	Endothelial	Oligodendrocyte	1
GSE174574	GSM5319992	MCAO	MCAO3	cortex_hippocampus	Ependymal	Astrocyte	52
GSE174574	GSM5319992	MCAO	MCAO3	cortex_hippocampus	Ependymal	Endothelial	3
GSE174574	GSM5319992	MCAO	MCAO3	cortex_hippocampus	Ependymal	Microglia/Macrophage	4
GSE174574	GSM5319992	MCAO	MCAO3	cortex_hippocampus	Erythroid	Astrocyte	7
GSE174574	GSM5319992	MCAO	MCAO3	cortex_hippocampus	Erythroid	Endothelial	58
GSE174574	GSM5319992	MCAO	MCAO3	cortex_hippocampus	Erythroid	Microglia/Macrophage	27
GSE174574	GSM5319992	MCAO	MCAO3	cortex_hippocampus	Erythroid	Oligodendrocyte	2
GSE174574	GSM5319992	MCAO	MCAO3	cortex_hippocampus	Fibroblast	Astrocyte	1
GSE174574	GSM5319992	MCAO	MCAO3	cortex_hippocampus	Fibroblast	Endothelial	2
GSE174574	GSM5319992	MCAO	MCAO3	cortex_hippocampus	Fibroblast	Fibroblast	41
GSE174574	GSM5319992	MCAO	MCAO3	cortex_hippocampus	Fibroblast	Microglia/Macrophage	9
GSE174574	GSM5319992	MCAO	MCAO3	cortex_hippocampus	Fibroblast	Mural	11
GSE174574	GSM5319992	MCAO	MCAO3	cortex_hippocampus	Fibroblast	Neuron/Other	1
GSE174574	GSM5319992	MCAO	MCAO3	cortex_hippocampus	Fibroblast	Oligodendrocyte	1
GSE174574	GSM5319992	MCAO	MCAO3	cortex_hippocampus	Lymphocyte	Endothelial	4
GSE174574	GSM5319992	MCAO	MCAO3	cortex_hippocampus	Lymphocyte	Microglia/Macrophage	32
GSE174574	GSM5319992	MCAO	MCAO3	cortex_hippocampus	Lymphocyte	Mural	1
GSE174574	GSM5319992	MCAO	MCAO3	cortex_hippocampus	Microglia	Astrocyte	5
GSE174574	GSM5319992	MCAO	MCAO3	cortex_hippocampus	Microglia	Endothelial	16
GSE174574	GSM5319992	MCAO	MCAO3	cortex_hippocampus	Microglia	Microglia/Macrophage	840
GSE174574	GSM5319992	MCAO	MCAO3	cortex_hippocampus	Microglia	Oligodendrocyte	1
GSE174574	GSM5319992	MCAO	MCAO3	cortex_hippocampus	Myeloid	Endothelial	5
GSE174574	GSM5319992	MCAO	MCAO3	cortex_hippocampus	Myeloid	Microglia/Macrophage	957
GSE174574	GSM5319992	MCAO	MCAO3	cortex_hippocampus	Myeloid	Mural	1
GSE174574	GSM5319992	MCAO	MCAO3	cortex_hippocampus	Myeloid	Oligodendrocyte	1
GSE174574	GSM5319992	MCAO	MCAO3	cortex_hippocampus	Neuron	Astrocyte	1
GSE174574	GSM5319992	MCAO	MCAO3	cortex_hippocampus	Neuron	Endothelial	2
GSE174574	GSM5319992	MCAO	MCAO3	cortex_hippocampus	Neuron	Neuron/Other	2
GSE174574	GSM5319992	MCAO	MCAO3	cortex_hippocampus	Neutrophil	Astrocyte	3
GSE174574	GSM5319992	MCAO	MCAO3	cortex_hippocampus	Neutrophil	Endothelial	23
GSE174574	GSM5319992	MCAO	MCAO3	cortex_hippocampus	Neutrophil	Microglia/Macrophage	146
GSE174574	GSM5319992	MCAO	MCAO3	cortex_hippocampus	Neutrophil	Mural	2
GSE174574	GSM5319992	MCAO	MCAO3	cortex_hippocampus	Neutrophil	Oligodendrocyte	2
GSE174574	GSM5319992	MCAO	MCAO3	cortex_hippocampus	OPC	Astrocyte	3
GSE174574	GSM5319992	MCAO	MCAO3	cortex_hippocampus	OPC	Endothelial	2
GSE174574	GSM5319992	MCAO	MCAO3	cortex_hippocampus	OPC	Oligodendrocyte	1
GSE174574	GSM5319992	MCAO	MCAO3	cortex_hippocampus	Oligodendrocyte	Astrocyte	3
GSE174574	GSM5319992	MCAO	MCAO3	cortex_hippocampus	Oligodendrocyte	Endothelial	23
GSE174574	GSM5319992	MCAO	MCAO3	cortex_hippocampus	Oligodendrocyte	Microglia/Macrophage	4
GSE174574	GSM5319992	MCAO	MCAO3	cortex_hippocampus	Oligodendrocyte	Neuron/Other	1
GSE174574	GSM5319992	MCAO	MCAO3	cortex_hippocampus	Oligodendrocyte	Oligodendrocyte	266
GSE174574	GSM5319992	MCAO	MCAO3	cortex_hippocampus	Pericyte	Astrocyte	3
GSE174574	GSM5319992	MCAO	MCAO3	cortex_hippocampus	Pericyte	Endothelial	50
GSE174574	GSM5319992	MCAO	MCAO3	cortex_hippocampus	Pericyte	Microglia/Macrophage	20
GSE174574	GSM5319992	MCAO	MCAO3	cortex_hippocampus	Pericyte	Mural	160
GSE174574	GSM5319992	MCAO	MCAO3	cortex_hippocampus	Pericyte	Neuron/Other	2
GSE174574	GSM5319992	MCAO	MCAO3	cortex_hippocampus	Smooth_muscle	Astrocyte	7
GSE174574	GSM5319992	MCAO	MCAO3	cortex_hippocampus	Smooth_muscle	Endothelial	31
GSE174574	GSM5319992	MCAO	MCAO3	cortex_hippocampus	Smooth_muscle	Microglia/Macrophage	15
GSE174574	GSM5319992	MCAO	MCAO3	cortex_hippocampus	Smooth_muscle	Mural	331
GSE174574	GSM5319992	MCAO	MCAO3	cortex_hippocampus	Smooth_muscle	Neuron/Other	1
GSE174574	GSM5319992	MCAO	MCAO3	cortex_hippocampus	Smooth_muscle	Oligodendrocyte	1
GSE174574	GSM5319992	MCAO	MCAO3	cortex_hippocampus	Unassigned	Astrocyte	99
GSE174574	GSM5319992	MCAO	MCAO3	cortex_hippocampus	Unassigned	Endothelial	1347
GSE174574	GSM5319992	MCAO	MCAO3	cortex_hippocampus	Unassigned	Microglia/Macrophage	781
GSE174574	GSM5319992	MCAO	MCAO3	cortex_hippocampus	Unassigned	Mural	44
GSE174574	GSM5319992	MCAO	MCAO3	cortex_hippocampus	Unassigned	Neuron/Other	5
GSE174574	GSM5319992	MCAO	MCAO3	cortex_hippocampus	Unassigned	Oligodendrocyte	11
GSE245386	GSM7841720	Sham	Sham1	whole_brain	Astrocyte	Astrocyte	530
GSE245386	GSM7841720	Sham	Sham1	whole_brain	Astrocyte	Astroependymal	3
GSE245386	GSM7841720	Sham	Sham1	whole_brain	Astrocyte	Endothelial	53
GSE245386	GSM7841720	Sham	Sham1	whole_brain	Astrocyte	Ependymal	5
GSE245386	GSM7841720	Sham	Sham1	whole_brain	Astrocyte	Lymphocyte	5
GSE245386	GSM7841720	Sham	Sham1	whole_brain	Astrocyte	Microglia	90
GSE245386	GSM7841720	Sham	Sham1	whole_brain	Astrocyte	Neuron/Other	37
GSE245386	GSM7841720	Sham	Sham1	whole_brain	Astrocyte	Oligodendrocyte	17
GSE245386	GSM7841720	Sham	Sham1	whole_brain	Astrocyte	Pericyte	7
GSE245386	GSM7841720	Sham	Sham1	whole_brain	Astrocyte	Smooth_muscle	1
GSE245386	GSM7841720	Sham	Sham1	whole_brain	Choroid	Astrocyte	8
GSE245386	GSM7841720	Sham	Sham1	whole_brain	Choroid	Choroid	157
GSE245386	GSM7841720	Sham	Sham1	whole_brain	Choroid	Endothelial	24
GSE245386	GSM7841720	Sham	Sham1	whole_brain	Choroid	Fibroblast	1
GSE245386	GSM7841720	Sham	Sham1	whole_brain	Choroid	Macrophage	3
GSE245386	GSM7841720	Sham	Sham1	whole_brain	Choroid	Microglia	63
GSE245386	GSM7841720	Sham	Sham1	whole_brain	Choroid	Neuron/Other	21
GSE245386	GSM7841720	Sham	Sham1	whole_brain	Choroid	Oligodendrocyte	23
GSE245386	GSM7841720	Sham	Sham1	whole_brain	Choroid	Pericyte	1
GSE245386	GSM7841720	Sham	Sham1	whole_brain	Choroid	Smooth_muscle	2
GSE245386	GSM7841720	Sham	Sham1	whole_brain	Endothelial	Astrocyte	2
GSE245386	GSM7841720	Sham	Sham1	whole_brain	Endothelial	Endothelial	1888
GSE245386	GSM7841720	Sham	Sham1	whole_brain	Endothelial	Macrophage	2
GSE245386	GSM7841720	Sham	Sham1	whole_brain	Endothelial	Microglia	60
GSE245386	GSM7841720	Sham	Sham1	whole_brain	Endothelial	Neuron/Other	4
GSE245386	GSM7841720	Sham	Sham1	whole_brain	Endothelial	Oligodendrocyte	1
GSE245386	GSM7841720	Sham	Sham1	whole_brain	Endothelial	Pericyte	1
GSE245386	GSM7841720	Sham	Sham1	whole_brain	Ependymal	Astrocyte	9
GSE245386	GSM7841720	Sham	Sham1	whole_brain	Ependymal	Astroependymal	3
GSE245386	GSM7841720	Sham	Sham1	whole_brain	Ependymal	Choroid	2
GSE245386	GSM7841720	Sham	Sham1	whole_brain	Ependymal	Endothelial	20
GSE245386	GSM7841720	Sham	Sham1	whole_brain	Ependymal	Ependymal	184
GSE245386	GSM7841720	Sham	Sham1	whole_brain	Ependymal	Microglia	60
GSE245386	GSM7841720	Sham	Sham1	whole_brain	Ependymal	Neuron/Other	12
GSE245386	GSM7841720	Sham	Sham1	whole_brain	Ependymal	OPC	1
GSE245386	GSM7841720	Sham	Sham1	whole_brain	Ependymal	Oligodendrocyte	18
GSE245386	GSM7841720	Sham	Sham1	whole_brain	Ependymal	Pericyte	2
GSE245386	GSM7841720	Sham	Sham1	whole_brain	Ependymal	Smooth_muscle	2
GSE245386	GSM7841720	Sham	Sham1	whole_brain	Erythroid	Astrocyte	5
GSE245386	GSM7841720	Sham	Sham1	whole_brain	Erythroid	Dendritic	1
GSE245386	GSM7841720	Sham	Sham1	whole_brain	Erythroid	Endothelial	103
GSE245386	GSM7841720	Sham	Sham1	whole_brain	Erythroid	Ependymal	1
GSE245386	GSM7841720	Sham	Sham1	whole_brain	Erythroid	Lymphocyte	1
GSE245386	GSM7841720	Sham	Sham1	whole_brain	Erythroid	Macrophage	1
GSE245386	GSM7841720	Sham	Sham1	whole_brain	Erythroid	Microglia	53
GSE245386	GSM7841720	Sham	Sham1	whole_brain	Erythroid	Neuron/Other	9
GSE245386	GSM7841720	Sham	Sham1	whole_brain	Erythroid	Oligodendrocyte	26
GSE245386	GSM7841720	Sham	Sham1	whole_brain	Erythroid	Pericyte	9
GSE245386	GSM7841720	Sham	Sham1	whole_brain	Erythroid	Smooth_muscle	5
GSE245386	GSM7841720	Sham	Sham1	whole_brain	Fibroblast	Endothelial	6
GSE245386	GSM7841720	Sham	Sham1	whole_brain	Fibroblast	Fibroblast	18
GSE245386	GSM7841720	Sham	Sham1	whole_brain	Fibroblast	Microglia	3
GSE245386	GSM7841720	Sham	Sham1	whole_brain	Fibroblast	Pericyte	3
GSE245386	GSM7841720	Sham	Sham1	whole_brain	Lymphocyte	Endothelial	8
GSE245386	GSM7841720	Sham	Sham1	whole_brain	Lymphocyte	Lymphocyte	72
GSE245386	GSM7841720	Sham	Sham1	whole_brain	Lymphocyte	Microglia	10
GSE245386	GSM7841720	Sham	Sham1	whole_brain	Lymphocyte	Oligodendrocyte	7
GSE245386	GSM7841720	Sham	Sham1	whole_brain	Microglia	Astrocyte	1
GSE245386	GSM7841720	Sham	Sham1	whole_brain	Microglia	Endothelial	23
GSE245386	GSM7841720	Sham	Sham1	whole_brain	Microglia	Macrophage	1
GSE245386	GSM7841720	Sham	Sham1	whole_brain	Microglia	Microglia	2269
GSE245386	GSM7841720	Sham	Sham1	whole_brain	Microglia	Neuron/Other	8
GSE245386	GSM7841720	Sham	Sham1	whole_brain	Microglia	Oligodendrocyte	2
GSE245386	GSM7841720	Sham	Sham1	whole_brain	Microglia	Pericyte	3
GSE245386	GSM7841720	Sham	Sham1	whole_brain	Microglia	Smooth_muscle	2
GSE245386	GSM7841720	Sham	Sham1	whole_brain	Myeloid	Astrocyte	2
GSE245386	GSM7841720	Sham	Sham1	whole_brain	Myeloid	Astroependymal	1
GSE245386	GSM7841720	Sham	Sham1	whole_brain	Myeloid	Dendritic	26
GSE245386	GSM7841720	Sham	Sham1	whole_brain	Myeloid	Endothelial	41
GSE245386	GSM7841720	Sham	Sham1	whole_brain	Myeloid	Lymphocyte	1
GSE245386	GSM7841720	Sham	Sham1	whole_brain	Myeloid	Macrophage	181
GSE245386	GSM7841720	Sham	Sham1	whole_brain	Myeloid	Microglia	423
GSE245386	GSM7841720	Sham	Sham1	whole_brain	Myeloid	Neuron/Other	17
GSE245386	GSM7841720	Sham	Sham1	whole_brain	Myeloid	Oligodendrocyte	2
GSE245386	GSM7841720	Sham	Sham1	whole_brain	Myeloid	Pericyte	5
GSE245386	GSM7841720	Sham	Sham1	whole_brain	Neuron	Endothelial	10
GSE245386	GSM7841720	Sham	Sham1	whole_brain	Neuron	Lymphocyte	1
GSE245386	GSM7841720	Sham	Sham1	whole_brain	Neuron	Microglia	27
GSE245386	GSM7841720	Sham	Sham1	whole_brain	Neuron	Neuron/Other	199
GSE245386	GSM7841720	Sham	Sham1	whole_brain	Neuron	Oligodendrocyte	7
GSE245386	GSM7841720	Sham	Sham1	whole_brain	Neutrophil	Astrocyte	1
GSE245386	GSM7841720	Sham	Sham1	whole_brain	Neutrophil	Endothelial	11
GSE245386	GSM7841720	Sham	Sham1	whole_brain	Neutrophil	Ependymal	1
GSE245386	GSM7841720	Sham	Sham1	whole_brain	Neutrophil	Macrophage	1
GSE245386	GSM7841720	Sham	Sham1	whole_brain	Neutrophil	Microglia	28
GSE245386	GSM7841720	Sham	Sham1	whole_brain	Neutrophil	Monocytes	5
GSE245386	GSM7841720	Sham	Sham1	whole_brain	OPC	Astrocyte	1
GSE245386	GSM7841720	Sham	Sham1	whole_brain	OPC	Endothelial	7
GSE245386	GSM7841720	Sham	Sham1	whole_brain	OPC	Microglia	6
GSE245386	GSM7841720	Sham	Sham1	whole_brain	OPC	Neuron/Other	4
GSE245386	GSM7841720	Sham	Sham1	whole_brain	OPC	OPC	4
GSE245386	GSM7841720	Sham	Sham1	whole_brain	OPC	Oligodendrocyte	43
GSE245386	GSM7841720	Sham	Sham1	whole_brain	OPC	Pericyte	1
GSE245386	GSM7841720	Sham	Sham1	whole_brain	Oligodendrocyte	Astrocyte	4
GSE245386	GSM7841720	Sham	Sham1	whole_brain	Oligodendrocyte	Endothelial	93
GSE245386	GSM7841720	Sham	Sham1	whole_brain	Oligodendrocyte	Ependymal	3
GSE245386	GSM7841720	Sham	Sham1	whole_brain	Oligodendrocyte	Fibroblast	1
GSE245386	GSM7841720	Sham	Sham1	whole_brain	Oligodendrocyte	Lymphocyte	3
GSE245386	GSM7841720	Sham	Sham1	whole_brain	Oligodendrocyte	Macrophage	3
GSE245386	GSM7841720	Sham	Sham1	whole_brain	Oligodendrocyte	Microglia	172
GSE245386	GSM7841720	Sham	Sham1	whole_brain	Oligodendrocyte	Neuron/Other	13
GSE245386	GSM7841720	Sham	Sham1	whole_brain	Oligodendrocyte	Oligodendrocyte	1556
GSE245386	GSM7841720	Sham	Sham1	whole_brain	Oligodendrocyte	Pericyte	9
GSE245386	GSM7841720	Sham	Sham1	whole_brain	Pericyte	Astrocyte	7
GSE245386	GSM7841720	Sham	Sham1	whole_brain	Pericyte	Dendritic	2
GSE245386	GSM7841720	Sham	Sham1	whole_brain	Pericyte	Endothelial	37
GSE245386	GSM7841720	Sham	Sham1	whole_brain	Pericyte	Fibroblast	2
GSE245386	GSM7841720	Sham	Sham1	whole_brain	Pericyte	Macrophage	2
GSE245386	GSM7841720	Sham	Sham1	whole_brain	Pericyte	Microglia	97
GSE245386	GSM7841720	Sham	Sham1	whole_brain	Pericyte	Neuron/Other	6
GSE245386	GSM7841720	Sham	Sham1	whole_brain	Pericyte	Oligodendrocyte	15
GSE245386	GSM7841720	Sham	Sham1	whole_brain	Pericyte	Pericyte	268
GSE245386	GSM7841720	Sham	Sham1	whole_brain	Pericyte	Smooth_muscle	51
GSE245386	GSM7841720	Sham	Sham1	whole_brain	Smooth_muscle	Astrocyte	5
GSE245386	GSM7841720	Sham	Sham1	whole_brain	Smooth_muscle	Endothelial	159
GSE245386	GSM7841720	Sham	Sham1	whole_brain	Smooth_muscle	Ependymal	5
GSE245386	GSM7841720	Sham	Sham1	whole_brain	Smooth_muscle	Fibroblast	5
GSE245386	GSM7841720	Sham	Sham1	whole_brain	Smooth_muscle	Lymphocyte	1
GSE245386	GSM7841720	Sham	Sham1	whole_brain	Smooth_muscle	Macrophage	4
GSE245386	GSM7841720	Sham	Sham1	whole_brain	Smooth_muscle	Microglia	163
GSE245386	GSM7841720	Sham	Sham1	whole_brain	Smooth_muscle	Neuron/Other	53
GSE245386	GSM7841720	Sham	Sham1	whole_brain	Smooth_muscle	Oligodendrocyte	55
GSE245386	GSM7841720	Sham	Sham1	whole_brain	Smooth_muscle	Pericyte	9
GSE245386	GSM7841720	Sham	Sham1	whole_brain	Smooth_muscle	Smooth_muscle	303
GSE245386	GSM7841720	Sham	Sham1	whole_brain	Smooth_muscle	Tanycyte	1
GSE245386	GSM7841720	Sham	Sham1	whole_brain	Unassigned	Astrocyte	94
GSE245386	GSM7841720	Sham	Sham1	whole_brain	Unassigned	Astroependymal	4
GSE245386	GSM7841720	Sham	Sham1	whole_brain	Unassigned	Choroid	13
GSE245386	GSM7841720	Sham	Sham1	whole_brain	Unassigned	Dendritic	14
GSE245386	GSM7841720	Sham	Sham1	whole_brain	Unassigned	Endothelial	909
GSE245386	GSM7841720	Sham	Sham1	whole_brain	Unassigned	Ependymal	38
GSE245386	GSM7841720	Sham	Sham1	whole_brain	Unassigned	Fibroblast	10
GSE245386	GSM7841720	Sham	Sham1	whole_brain	Unassigned	Lymphocyte	34
GSE245386	GSM7841720	Sham	Sham1	whole_brain	Unassigned	Macrophage	38
GSE245386	GSM7841720	Sham	Sham1	whole_brain	Unassigned	Microglia	3185
GSE245386	GSM7841720	Sham	Sham1	whole_brain	Unassigned	Neuron/Other	295
GSE245386	GSM7841720	Sham	Sham1	whole_brain	Unassigned	Oligodendrocyte	356
GSE245386	GSM7841720	Sham	Sham1	whole_brain	Unassigned	Pericyte	53
GSE245386	GSM7841720	Sham	Sham1	whole_brain	Unassigned	Smooth_muscle	27
GSE245386	GSM7841720	Sham	Sham1	whole_brain	Unassigned	Tanycyte	1
GSE245386	GSM7841720	Sham	Sham1	cortex_hippocampus	Astrocyte	Astrocyte	540
GSE245386	GSM7841720	Sham	Sham1	cortex_hippocampus	Astrocyte	Endothelial	8
GSE245386	GSM7841720	Sham	Sham1	cortex_hippocampus	Astrocyte	Microglia/Macrophage	131
GSE245386	GSM7841720	Sham	Sham1	cortex_hippocampus	Astrocyte	Mural	1
GSE245386	GSM7841720	Sham	Sham1	cortex_hippocampus	Astrocyte	Neuron/Other	14
GSE245386	GSM7841720	Sham	Sham1	cortex_hippocampus	Astrocyte	Oligodendrocyte	54
GSE245386	GSM7841720	Sham	Sham1	cortex_hippocampus	Choroid	Astrocyte	78
GSE245386	GSM7841720	Sham	Sham1	cortex_hippocampus	Choroid	Endothelial	9
GSE245386	GSM7841720	Sham	Sham1	cortex_hippocampus	Choroid	Fibroblast	1
GSE245386	GSM7841720	Sham	Sham1	cortex_hippocampus	Choroid	Microglia/Macrophage	138
GSE245386	GSM7841720	Sham	Sham1	cortex_hippocampus	Choroid	Neuron/Other	5
GSE245386	GSM7841720	Sham	Sham1	cortex_hippocampus	Choroid	Oligodendrocyte	72
GSE245386	GSM7841720	Sham	Sham1	cortex_hippocampus	Endothelial	Astrocyte	1
GSE245386	GSM7841720	Sham	Sham1	cortex_hippocampus	Endothelial	Endothelial	1793
GSE245386	GSM7841720	Sham	Sham1	cortex_hippocampus	Endothelial	Microglia/Macrophage	105
GSE245386	GSM7841720	Sham	Sham1	cortex_hippocampus	Endothelial	Neuron/Other	8
GSE245386	GSM7841720	Sham	Sham1	cortex_hippocampus	Endothelial	Oligodendrocyte	51
GSE245386	GSM7841720	Sham	Sham1	cortex_hippocampus	Ependymal	Astrocyte	124
GSE245386	GSM7841720	Sham	Sham1	cortex_hippocampus	Ependymal	Endothelial	9
GSE245386	GSM7841720	Sham	Sham1	cortex_hippocampus	Ependymal	Microglia/Macrophage	116
GSE245386	GSM7841720	Sham	Sham1	cortex_hippocampus	Ependymal	Mural	1
GSE245386	GSM7841720	Sham	Sham1	cortex_hippocampus	Ependymal	Neuron/Other	3
GSE245386	GSM7841720	Sham	Sham1	cortex_hippocampus	Ependymal	Oligodendrocyte	60
GSE245386	GSM7841720	Sham	Sham1	cortex_hippocampus	Erythroid	Astrocyte	4
GSE245386	GSM7841720	Sham	Sham1	cortex_hippocampus	Erythroid	Endothelial	70
GSE245386	GSM7841720	Sham	Sham1	cortex_hippocampus	Erythroid	Microglia/Macrophage	78
GSE245386	GSM7841720	Sham	Sham1	cortex_hippocampus	Erythroid	Mural	8
GSE245386	GSM7841720	Sham	Sham1	cortex_hippocampus	Erythroid	Neuron/Other	2
GSE245386	GSM7841720	Sham	Sham1	cortex_hippocampus	Erythroid	Oligodendrocyte	52
GSE245386	GSM7841720	Sham	Sham1	cortex_hippocampus	Fibroblast	Endothelial	6
GSE245386	GSM7841720	Sham	Sham1	cortex_hippocampus	Fibroblast	Fibroblast	16
GSE245386	GSM7841720	Sham	Sham1	cortex_hippocampus	Fibroblast	Microglia/Macrophage	4
GSE245386	GSM7841720	Sham	Sham1	cortex_hippocampus	Fibroblast	Mural	1
GSE245386	GSM7841720	Sham	Sham1	cortex_hippocampus	Fibroblast	Neuron/Other	1
GSE245386	GSM7841720	Sham	Sham1	cortex_hippocampus	Fibroblast	Oligodendrocyte	2
GSE245386	GSM7841720	Sham	Sham1	cortex_hippocampus	Lymphocyte	Endothelial	7
GSE245386	GSM7841720	Sham	Sham1	cortex_hippocampus	Lymphocyte	Microglia/Macrophage	75
GSE245386	GSM7841720	Sham	Sham1	cortex_hippocampus	Lymphocyte	Oligodendrocyte	15
GSE245386	GSM7841720	Sham	Sham1	cortex_hippocampus	Microglia	Astrocyte	1
GSE245386	GSM7841720	Sham	Sham1	cortex_hippocampus	Microglia	Endothelial	3
GSE245386	GSM7841720	Sham	Sham1	cortex_hippocampus	Microglia	Microglia/Macrophage	2290
GSE245386	GSM7841720	Sham	Sham1	cortex_hippocampus	Microglia	Neuron/Other	1
GSE245386	GSM7841720	Sham	Sham1	cortex_hippocampus	Microglia	Oligodendrocyte	14
GSE245386	GSM7841720	Sham	Sham1	cortex_hippocampus	Myeloid	Astrocyte	1
GSE245386	GSM7841720	Sham	Sham1	cortex_hippocampus	Myeloid	Endothelial	5
GSE245386	GSM7841720	Sham	Sham1	cortex_hippocampus	Myeloid	Microglia/Macrophage	682
GSE245386	GSM7841720	Sham	Sham1	cortex_hippocampus	Myeloid	Mural	1
GSE245386	GSM7841720	Sham	Sham1	cortex_hippocampus	Myeloid	Oligodendrocyte	10
GSE245386	GSM7841720	Sham	Sham1	cortex_hippocampus	Neuron	Astrocyte	28
GSE245386	GSM7841720	Sham	Sham1	cortex_hippocampus	Neuron	Endothelial	5
GSE245386	GSM7841720	Sham	Sham1	cortex_hippocampus	Neuron	Microglia/Macrophage	58
GSE245386	GSM7841720	Sham	Sham1	cortex_hippocampus	Neuron	Neuron/Other	39
GSE245386	GSM7841720	Sham	Sham1	cortex_hippocampus	Neuron	Oligodendrocyte	114
GSE245386	GSM7841720	Sham	Sham1	cortex_hippocampus	Neutrophil	Astrocyte	1
GSE245386	GSM7841720	Sham	Sham1	cortex_hippocampus	Neutrophil	Endothelial	4
GSE245386	GSM7841720	Sham	Sham1	cortex_hippocampus	Neutrophil	Microglia/Macrophage	38
GSE245386	GSM7841720	Sham	Sham1	cortex_hippocampus	Neutrophil	Oligodendrocyte	4
GSE245386	GSM7841720	Sham	Sham1	cortex_hippocampus	OPC	Astrocyte	1
GSE245386	GSM7841720	Sham	Sham1	cortex_hippocampus	OPC	Microglia/Macrophage	4
GSE245386	GSM7841720	Sham	Sham1	cortex_hippocampus	OPC	Oligodendrocyte	61
GSE245386	GSM7841720	Sham	Sham1	cortex_hippocampus	Oligodendrocyte	Endothelial	12
GSE245386	GSM7841720	Sham	Sham1	cortex_hippocampus	Oligodendrocyte	Microglia/Macrophage	87
GSE245386	GSM7841720	Sham	Sham1	cortex_hippocampus	Oligodendrocyte	Mural	1
GSE245386	GSM7841720	Sham	Sham1	cortex_hippocampus	Oligodendrocyte	Oligodendrocyte	1757
GSE245386	GSM7841720	Sham	Sham1	cortex_hippocampus	Pericyte	Astrocyte	4
GSE245386	GSM7841720	Sham	Sham1	cortex_hippocampus	Pericyte	Endothelial	13
GSE245386	GSM7841720	Sham	Sham1	cortex_hippocampus	Pericyte	Microglia/Macrophage	112
GSE245386	GSM7841720	Sham	Sham1	cortex_hippocampus	Pericyte	Mural	309
GSE245386	GSM7841720	Sham	Sham1	cortex_hippocampus	Pericyte	Neuron/Other	11
GSE245386	GSM7841720	Sham	Sham1	cortex_hippocampus	Pericyte	Oligodendrocyte	38
GSE245386	GSM7841720	Sham	Sham1	cortex_hippocampus	Smooth_muscle	Astrocyte	11
GSE245386	GSM7841720	Sham	Sham1	cortex_hippocampus	Smooth_muscle	Endothelial	38
GSE245386	GSM7841720	Sham	Sham1	cortex_hippocampus	Smooth_muscle	Microglia/Macrophage	290
GSE245386	GSM7841720	Sham	Sham1	cortex_hippocampus	Smooth_muscle	Mural	304
GSE245386	GSM7841720	Sham	Sham1	cortex_hippocampus	Smooth_muscle	Neuron/Other	19
GSE245386	GSM7841720	Sham	Sham1	cortex_hippocampus	Smooth_muscle	Oligodendrocyte	101
GSE245386	GSM7841720	Sham	Sham1	cortex_hippocampus	Unassigned	Astrocyte	80
GSE245386	GSM7841720	Sham	Sham1	cortex_hippocampus	Unassigned	Endothelial	352
GSE245386	GSM7841720	Sham	Sham1	cortex_hippocampus	Unassigned	Microglia/Macrophage	3725
GSE245386	GSM7841720	Sham	Sham1	cortex_hippocampus	Unassigned	Mural	42
GSE245386	GSM7841720	Sham	Sham1	cortex_hippocampus	Unassigned	Neuron/Other	43
GSE245386	GSM7841720	Sham	Sham1	cortex_hippocampus	Unassigned	Oligodendrocyte	829
GSE245386	GSM7841721	Sham	Sham2	whole_brain	Astrocyte	Astrocyte	499
GSE245386	GSM7841721	Sham	Sham2	whole_brain	Astrocyte	Astroependymal	6
GSE245386	GSM7841721	Sham	Sham2	whole_brain	Astrocyte	Endothelial	6
GSE245386	GSM7841721	Sham	Sham2	whole_brain	Astrocyte	Lymphocyte	1
GSE245386	GSM7841721	Sham	Sham2	whole_brain	Astrocyte	Microglia	16
GSE245386	GSM7841721	Sham	Sham2	whole_brain	Astrocyte	Neuron/Other	6
GSE245386	GSM7841721	Sham	Sham2	whole_brain	Astrocyte	Oligodendrocyte	3
GSE245386	GSM7841721	Sham	Sham2	whole_brain	Choroid	Astrocyte	7
GSE245386	GSM7841721	Sham	Sham2	whole_brain	Choroid	Choroid	124
GSE245386	GSM7841721	Sham	Sham2	whole_brain	Choroid	Endothelial	15
GSE245386	GSM7841721	Sham	Sham2	whole_brain	Choroid	Fibroblast	1
GSE245386	GSM7841721	Sham	Sham2	whole_brain	Choroid	Lymphocyte	2
GSE245386	GSM7841721	Sham	Sham2	whole_brain	Choroid	Microglia	15
GSE245386	GSM7841721	Sham	Sham2	whole_brain	Choroid	Neuron/Other	6
GSE245386	GSM7841721	Sham	Sham2	whole_brain	Choroid	Oligodendrocyte	7
GSE245386	GSM7841721	Sham	Sham2	whole_brain	Choroid	Pericyte	1
GSE245386	GSM7841721	Sham	Sham2	whole_brain	Choroid	Smooth_muscle	2
GSE245386	GSM7841721	Sham	Sham2	whole_brain	Endothelial	Astrocyte	1
GSE245386	GSM7841721	Sham	Sham2	whole_brain	Endothelial	Dendritic	1
GSE245386	GSM7841721	Sham	Sham2	whole_brain	Endothelial	Endothelial	1824
GSE245386	GSM7841721	Sham	Sham2	whole_brain	Endothelial	Fibroblast	1
GSE245386	GSM7841721	Sham	Sham2	whole_brain	Endothelial	Lymphocyte	2
GSE245386	GSM7841721	Sham	Sham2	whole_brain	Endothelial	Macrophage	1
GSE245386	GSM7841721	Sham	Sham2	whole_brain	Endothelial	Microglia	28
GSE245386	GSM7841721	Sham	Sham2	whole_brain	Endothelial	Neuron/Other	2
GSE245386	GSM7841721	Sham	Sham2	whole_brain	Ependymal	Astrocyte	1
GSE245386	GSM7841721	Sham	Sham2	whole_brain	Ependymal	Astroependymal	1
GSE245386	GSM7841721	Sham	Sham2	whole_brain	Ependymal	Choroid	2
GSE245386	GSM7841721	Sham	Sham2	whole_brain	Ependymal	Endothelial	2
GSE245386	GSM7841721	Sham	Sham2	whole_brain	Ependymal	Ependymal	79
GSE245386	GSM7841721	Sham	Sham2	whole_brain	Ependymal	Microglia	1
GSE245386	GSM7841721	Sham	Sham2	whole_brain	Ependymal	Neuron/Other	1
GSE245386	GSM7841721	Sham	Sham2	whole_brain	Ependymal	Oligodendrocyte	1
GSE245386	GSM7841721	Sham	Sham2	whole_brain	Ependymal	Tanycyte	1
GSE245386	GSM7841721	Sham	Sham2	whole_brain	Erythroid	Astrocyte	3
GSE245386	GSM7841721	Sham	Sham2	whole_brain	Erythroid	Choroid	1
GSE245386	GSM7841721	Sham	Sham2	whole_brain	Erythroid	Endothelial	41
GSE245386	GSM7841721	Sham	Sham2	whole_brain	Erythroid	Fibroblast	1
GSE245386	GSM7841721	Sham	Sham2	whole_brain	Erythroid	Lymphocyte	1
GSE245386	GSM7841721	Sham	Sham2	whole_brain	Erythroid	Microglia	11
GSE245386	GSM7841721	Sham	Sham2	whole_brain	Erythroid	Neuron/Other	1
GSE245386	GSM7841721	Sham	Sham2	whole_brain	Erythroid	Oligodendrocyte	1
GSE245386	GSM7841721	Sham	Sham2	whole_brain	Fibroblast	Astrocyte	1
GSE245386	GSM7841721	Sham	Sham2	whole_brain	Fibroblast	Endothelial	2
GSE245386	GSM7841721	Sham	Sham2	whole_brain	Fibroblast	Fibroblast	32
GSE245386	GSM7841721	Sham	Sham2	whole_brain	Fibroblast	Macrophage	2
GSE245386	GSM7841721	Sham	Sham2	whole_brain	Fibroblast	Microglia	2
GSE245386	GSM7841721	Sham	Sham2	whole_brain	Fibroblast	Pericyte	2
GSE245386	GSM7841721	Sham	Sham2	whole_brain	Lymphocyte	Endothelial	5
GSE245386	GSM7841721	Sham	Sham2	whole_brain	Lymphocyte	Lymphocyte	112
GSE245386	GSM7841721	Sham	Sham2	whole_brain	Lymphocyte	Macrophage	1
GSE245386	GSM7841721	Sham	Sham2	whole_brain	Lymphocyte	Microglia	6
GSE245386	GSM7841721	Sham	Sham2	whole_brain	Lymphocyte	Oligodendrocyte	1
GSE245386	GSM7841721	Sham	Sham2	whole_brain	Microglia	Endothelial	2
GSE245386	GSM7841721	Sham	Sham2	whole_brain	Microglia	Microglia	1961
GSE245386	GSM7841721	Sham	Sham2	whole_brain	Myeloid	Astrocyte	3
GSE245386	GSM7841721	Sham	Sham2	whole_brain	Myeloid	Dendritic	23
GSE245386	GSM7841721	Sham	Sham2	whole_brain	Myeloid	Endothelial	18
GSE245386	GSM7841721	Sham	Sham2	whole_brain	Myeloid	Fibroblast	1
GSE245386	GSM7841721	Sham	Sham2	whole_brain	Myeloid	Lymphocyte	1
GSE245386	GSM7841721	Sham	Sham2	whole_brain	Myeloid	Macrophage	193
GSE245386	GSM7841721	Sham	Sham2	whole_brain	Myeloid	Microglia	317
GSE245386	GSM7841721	Sham	Sham2	whole_brain	Myeloid	Neuron/Other	4
GSE245386	GSM7841721	Sham	Sham2	whole_brain	Myeloid	Oligodendrocyte	1
GSE245386	GSM7841721	Sham	Sham2	whole_brain	Neuron	Endothelial	2
GSE245386	GSM7841721	Sham	Sham2	whole_brain	Neuron	Microglia	4
GSE245386	GSM7841721	Sham	Sham2	whole_brain	Neuron	Neuron/Other	113
GSE245386	GSM7841721	Sham	Sham2	whole_brain	Neutrophil	Endothelial	1
GSE245386	GSM7841721	Sham	Sham2	whole_brain	Neutrophil	Microglia	6
GSE245386	GSM7841721	Sham	Sham2	whole_brain	Neutrophil	Monocytes	18
GSE245386	GSM7841721	Sham	Sham2	whole_brain	OPC	Astrocyte	1
GSE245386	GSM7841721	Sham	Sham2	whole_brain	OPC	Endothelial	1
GSE245386	GSM7841721	Sham	Sham2	whole_brain	OPC	Neuron/Other	1
GSE245386	GSM7841721	Sham	Sham2	whole_brain	OPC	OPC	1
GSE245386	GSM7841721	Sham	Sham2	whole_brain	OPC	Oligodendrocyte	25
GSE245386	GSM7841721	Sham	Sham2	whole_brain	Oligodendrocyte	Astrocyte	4
GSE245386	GSM7841721	Sham	Sham2	whole_brain	Oligodendrocyte	Astroependymal	1
GSE245386	GSM7841721	Sham	Sham2	whole_brain	Oligodendrocyte	Dendritic	2
GSE245386	GSM7841721	Sham	Sham2	whole_brain	Oligodendrocyte	Endothelial	16
GSE245386	GSM7841721	Sham	Sham2	whole_brain	Oligodendrocyte	Microglia	9
GSE245386	GSM7841721	Sham	Sham2	whole_brain	Oligodendrocyte	Neuron/Other	1
GSE245386	GSM7841721	Sham	Sham2	whole_brain	Oligodendrocyte	Oligodendrocyte	1174
GSE245386	GSM7841721	Sham	Sham2	whole_brain	Oligodendrocyte	Pericyte	5
GSE245386	GSM7841721	Sham	Sham2	whole_brain	Oligodendrocyte	Smooth_muscle	1
GSE245386	GSM7841721	Sham	Sham2	whole_brain	Pericyte	Endothelial	15
GSE245386	GSM7841721	Sham	Sham2	whole_brain	Pericyte	Fibroblast	3
GSE245386	GSM7841721	Sham	Sham2	whole_brain	Pericyte	Microglia	37
GSE245386	GSM7841721	Sham	Sham2	whole_brain	Pericyte	Neuron/Other	1
GSE245386	GSM7841721	Sham	Sham2	whole_brain	Pericyte	Oligodendrocyte	1
GSE245386	GSM7841721	Sham	Sham2	whole_brain	Pericyte	Pericyte	270
GSE245386	GSM7841721	Sham	Sham2	whole_brain	Pericyte	Smooth_muscle	28
GSE245386	GSM7841721	Sham	Sham2	whole_brain	Smooth_muscle	Astrocyte	2
GSE245386	GSM7841721	Sham	Sham2	whole_brain	Smooth_muscle	Endothelial	23
GSE245386	GSM7841721	Sham	Sham2	whole_brain	Smooth_muscle	Lymphocyte	1
GSE245386	GSM7841721	Sham	Sham2	whole_brain	Smooth_muscle	Microglia	11
GSE245386	GSM7841721	Sham	Sham2	whole_brain	Smooth_muscle	Neuron/Other	3
GSE245386	GSM7841721	Sham	Sham2	whole_brain	Smooth_muscle	Oligodendrocyte	4
GSE245386	GSM7841721	Sham	Sham2	whole_brain	Smooth_muscle	Smooth_muscle	304
GSE245386	GSM7841721	Sham	Sham2	whole_brain	Unassigned	Astrocyte	27
GSE245386	GSM7841721	Sham	Sham2	whole_brain	Unassigned	Astroependymal	1
GSE245386	GSM7841721	Sham	Sham2	whole_brain	Unassigned	Choroid	8
GSE245386	GSM7841721	Sham	Sham2	whole_brain	Unassigned	Dendritic	15
GSE245386	GSM7841721	Sham	Sham2	whole_brain	Unassigned	Endothelial	329
GSE245386	GSM7841721	Sham	Sham2	whole_brain	Unassigned	Ependymal	4
GSE245386	GSM7841721	Sham	Sham2	whole_brain	Unassigned	Fibroblast	2
GSE245386	GSM7841721	Sham	Sham2	whole_brain	Unassigned	Lymphocyte	22
GSE245386	GSM7841721	Sham	Sham2	whole_brain	Unassigned	Macrophage	20
GSE245386	GSM7841721	Sham	Sham2	whole_brain	Unassigned	Microglia	1932
GSE245386	GSM7841721	Sham	Sham2	whole_brain	Unassigned	Monocytes	2
GSE245386	GSM7841721	Sham	Sham2	whole_brain	Unassigned	Neuron/Other	45
GSE245386	GSM7841721	Sham	Sham2	whole_brain	Unassigned	OEC	1
GSE245386	GSM7841721	Sham	Sham2	whole_brain	Unassigned	Oligodendrocyte	72
GSE245386	GSM7841721	Sham	Sham2	whole_brain	Unassigned	Pericyte	11
GSE245386	GSM7841721	Sham	Sham2	whole_brain	Unassigned	Smooth_muscle	21
GSE245386	GSM7841721	Sham	Sham2	cortex_hippocampus	Astrocyte	Astrocyte	520
GSE245386	GSM7841721	Sham	Sham2	cortex_hippocampus	Astrocyte	Endothelial	3
GSE245386	GSM7841721	Sham	Sham2	cortex_hippocampus	Astrocyte	Microglia/Macrophage	11
GSE245386	GSM7841721	Sham	Sham2	cortex_hippocampus	Astrocyte	Neuron/Other	1
GSE245386	GSM7841721	Sham	Sham2	cortex_hippocampus	Astrocyte	Oligodendrocyte	2
GSE245386	GSM7841721	Sham	Sham2	cortex_hippocampus	Choroid	Astrocyte	65
GSE245386	GSM7841721	Sham	Sham2	cortex_hippocampus	Choroid	Endothelial	8
GSE245386	GSM7841721	Sham	Sham2	cortex_hippocampus	Choroid	Microglia/Macrophage	82
GSE245386	GSM7841721	Sham	Sham2	cortex_hippocampus	Choroid	Mural	2
GSE245386	GSM7841721	Sham	Sham2	cortex_hippocampus	Choroid	Neuron/Other	1
GSE245386	GSM7841721	Sham	Sham2	cortex_hippocampus	Choroid	Oligodendrocyte	22
GSE245386	GSM7841721	Sham	Sham2	cortex_hippocampus	Endothelial	Endothelial	1829
GSE245386	GSM7841721	Sham	Sham2	cortex_hippocampus	Endothelial	Microglia/Macrophage	24
GSE245386	GSM7841721	Sham	Sham2	cortex_hippocampus	Endothelial	Mural	2
GSE245386	GSM7841721	Sham	Sham2	cortex_hippocampus	Endothelial	Neuron/Other	2
GSE245386	GSM7841721	Sham	Sham2	cortex_hippocampus	Endothelial	Oligodendrocyte	3
GSE245386	GSM7841721	Sham	Sham2	cortex_hippocampus	Ependymal	Astrocyte	79
GSE245386	GSM7841721	Sham	Sham2	cortex_hippocampus	Ependymal	Endothelial	2
GSE245386	GSM7841721	Sham	Sham2	cortex_hippocampus	Ependymal	Microglia/Macrophage	6
GSE245386	GSM7841721	Sham	Sham2	cortex_hippocampus	Ependymal	Oligodendrocyte	2
GSE245386	GSM7841721	Sham	Sham2	cortex_hippocampus	Erythroid	Astrocyte	2
GSE245386	GSM7841721	Sham	Sham2	cortex_hippocampus	Erythroid	Endothelial	37
GSE245386	GSM7841721	Sham	Sham2	cortex_hippocampus	Erythroid	Microglia/Macrophage	17
GSE245386	GSM7841721	Sham	Sham2	cortex_hippocampus	Erythroid	Oligodendrocyte	4
GSE245386	GSM7841721	Sham	Sham2	cortex_hippocampus	Fibroblast	Astrocyte	1
GSE245386	GSM7841721	Sham	Sham2	cortex_hippocampus	Fibroblast	Endothelial	1
GSE245386	GSM7841721	Sham	Sham2	cortex_hippocampus	Fibroblast	Fibroblast	25
GSE245386	GSM7841721	Sham	Sham2	cortex_hippocampus	Fibroblast	Microglia/Macrophage	9
GSE245386	GSM7841721	Sham	Sham2	cortex_hippocampus	Fibroblast	Mural	4
GSE245386	GSM7841721	Sham	Sham2	cortex_hippocampus	Fibroblast	Oligodendrocyte	1
GSE245386	GSM7841721	Sham	Sham2	cortex_hippocampus	Lymphocyte	Astrocyte	5
GSE245386	GSM7841721	Sham	Sham2	cortex_hippocampus	Lymphocyte	Endothelial	7
GSE245386	GSM7841721	Sham	Sham2	cortex_hippocampus	Lymphocyte	Microglia/Macrophage	110
GSE245386	GSM7841721	Sham	Sham2	cortex_hippocampus	Lymphocyte	Neuron/Other	1
GSE245386	GSM7841721	Sham	Sham2	cortex_hippocampus	Lymphocyte	Oligodendrocyte	2
GSE245386	GSM7841721	Sham	Sham2	cortex_hippocampus	Microglia	Endothelial	2
GSE245386	GSM7841721	Sham	Sham2	cortex_hippocampus	Microglia	Microglia/Macrophage	1961
GSE245386	GSM7841721	Sham	Sham2	cortex_hippocampus	Myeloid	Endothelial	3
GSE245386	GSM7841721	Sham	Sham2	cortex_hippocampus	Myeloid	Microglia/Macrophage	558
GSE245386	GSM7841721	Sham	Sham2	cortex_hippocampus	Neuron	Astrocyte	20
GSE245386	GSM7841721	Sham	Sham2	cortex_hippocampus	Neuron	Microglia/Macrophage	17
GSE245386	GSM7841721	Sham	Sham2	cortex_hippocampus	Neuron	Neuron/Other	31
GSE245386	GSM7841721	Sham	Sham2	cortex_hippocampus	Neuron	Oligodendrocyte	51
GSE245386	GSM7841721	Sham	Sham2	cortex_hippocampus	Neutrophil	Endothelial	2
GSE245386	GSM7841721	Sham	Sham2	cortex_hippocampus	Neutrophil	Microglia/Macrophage	23
GSE245386	GSM7841721	Sham	Sham2	cortex_hippocampus	OPC	Astrocyte	1
GSE245386	GSM7841721	Sham	Sham2	cortex_hippocampus	OPC	Oligodendrocyte	28
GSE245386	GSM7841721	Sham	Sham2	cortex_hippocampus	Oligodendrocyte	Astrocyte	3
GSE245386	GSM7841721	Sham	Sham2	cortex_hippocampus	Oligodendrocyte	Endothelial	5
GSE245386	GSM7841721	Sham	Sham2	cortex_hippocampus	Oligodendrocyte	Microglia/Macrophage	15
GSE245386	GSM7841721	Sham	Sham2	cortex_hippocampus	Oligodendrocyte	Mural	4
GSE245386	GSM7841721	Sham	Sham2	cortex_hippocampus	Oligodendrocyte	Oligodendrocyte	1186
GSE245386	GSM7841721	Sham	Sham2	cortex_hippocampus	Pericyte	Endothelial	14
GSE245386	GSM7841721	Sham	Sham2	cortex_hippocampus	Pericyte	Microglia/Macrophage	39
GSE245386	GSM7841721	Sham	Sham2	cortex_hippocampus	Pericyte	Mural	296
GSE245386	GSM7841721	Sham	Sham2	cortex_hippocampus	Pericyte	Neuron/Other	1
GSE245386	GSM7841721	Sham	Sham2	cortex_hippocampus	Pericyte	Oligodendrocyte	5
GSE245386	GSM7841721	Sham	Sham2	cortex_hippocampus	Smooth_muscle	Astrocyte	4
GSE245386	GSM7841721	Sham	Sham2	cortex_hippocampus	Smooth_muscle	Endothelial	6
GSE245386	GSM7841721	Sham	Sham2	cortex_hippocampus	Smooth_muscle	Microglia/Macrophage	24
GSE245386	GSM7841721	Sham	Sham2	cortex_hippocampus	Smooth_muscle	Mural	300
GSE245386	GSM7841721	Sham	Sham2	cortex_hippocampus	Smooth_muscle	Oligodendrocyte	14
GSE245386	GSM7841721	Sham	Sham2	cortex_hippocampus	Unassigned	Astrocyte	35
GSE245386	GSM7841721	Sham	Sham2	cortex_hippocampus	Unassigned	Endothelial	218
GSE245386	GSM7841721	Sham	Sham2	cortex_hippocampus	Unassigned	Microglia/Macrophage	2114
GSE245386	GSM7841721	Sham	Sham2	cortex_hippocampus	Unassigned	Mural	27
GSE245386	GSM7841721	Sham	Sham2	cortex_hippocampus	Unassigned	Neuron/Other	11
GSE245386	GSM7841721	Sham	Sham2	cortex_hippocampus	Unassigned	Oligodendrocyte	107
GSE245386	GSM7841722	Sham	Sham3	whole_brain	Astrocyte	Astrocyte	332
GSE245386	GSM7841722	Sham	Sham3	whole_brain	Astrocyte	Astroependymal	3
GSE245386	GSM7841722	Sham	Sham3	whole_brain	Astrocyte	Endothelial	15
GSE245386	GSM7841722	Sham	Sham3	whole_brain	Astrocyte	Fibroblast	1
GSE245386	GSM7841722	Sham	Sham3	whole_brain	Astrocyte	Lymphocyte	1
GSE245386	GSM7841722	Sham	Sham3	whole_brain	Astrocyte	Macrophage	1
GSE245386	GSM7841722	Sham	Sham3	whole_brain	Astrocyte	Microglia	15
GSE245386	GSM7841722	Sham	Sham3	whole_brain	Astrocyte	Neuron/Other	6
GSE245386	GSM7841722	Sham	Sham3	whole_brain	Astrocyte	Oligodendrocyte	1
GSE245386	GSM7841722	Sham	Sham3	whole_brain	Astrocyte	Tanycyte	3
GSE245386	GSM7841722	Sham	Sham3	whole_brain	Choroid	Astrocyte	7
GSE245386	GSM7841722	Sham	Sham3	whole_brain	Choroid	Choroid	107
GSE245386	GSM7841722	Sham	Sham3	whole_brain	Choroid	Endothelial	21
GSE245386	GSM7841722	Sham	Sham3	whole_brain	Choroid	Ependymal	1
GSE245386	GSM7841722	Sham	Sham3	whole_brain	Choroid	Fibroblast	2
GSE245386	GSM7841722	Sham	Sham3	whole_brain	Choroid	Macrophage	2
GSE245386	GSM7841722	Sham	Sham3	whole_brain	Choroid	Microglia	11
GSE245386	GSM7841722	Sham	Sham3	whole_brain	Choroid	Pericyte	1
GSE245386	GSM7841722	Sham	Sham3	whole_brain	Choroid	Smooth_muscle	3
GSE245386	GSM7841722	Sham	Sham3	whole_brain	Endothelial	Endothelial	2234
GSE245386	GSM7841722	Sham	Sham3	whole_brain	Endothelial	Microglia	4
GSE245386	GSM7841722	Sham	Sham3	whole_brain	Ependymal	Astrocyte	1
GSE245386	GSM7841722	Sham	Sham3	whole_brain	Ependymal	Astroependymal	1
GSE245386	GSM7841722	Sham	Sham3	whole_brain	Ependymal	Choroid	2
GSE245386	GSM7841722	Sham	Sham3	whole_brain	Ependymal	Endothelial	2
GSE245386	GSM7841722	Sham	Sham3	whole_brain	Ependymal	Ependymal	107
GSE245386	GSM7841722	Sham	Sham3	whole_brain	Ependymal	Microglia	3
GSE245386	GSM7841722	Sham	Sham3	whole_brain	Ependymal	Neuron/Other	1
GSE245386	GSM7841722	Sham	Sham3	whole_brain	Ependymal	Pericyte	1
GSE245386	GSM7841722	Sham	Sham3	whole_brain	Ependymal	Tanycyte	4
GSE245386	GSM7841722	Sham	Sham3	whole_brain	Erythroid	Astrocyte	3
GSE245386	GSM7841722	Sham	Sham3	whole_brain	Erythroid	Endothelial	73
GSE245386	GSM7841722	Sham	Sham3	whole_brain	Erythroid	Microglia	9
GSE245386	GSM7841722	Sham	Sham3	whole_brain	Erythroid	Pericyte	2
GSE245386	GSM7841722	Sham	Sham3	whole_brain	Fibroblast	ABC	2
GSE245386	GSM7841722	Sham	Sham3	whole_brain	Fibroblast	Astrocyte	2
GSE245386	GSM7841722	Sham	Sham3	whole_brain	Fibroblast	Endothelial	3
GSE245386	GSM7841722	Sham	Sham3	whole_brain	Fibroblast	Fibroblast	33
GSE245386	GSM7841722	Sham	Sham3	whole_brain	Fibroblast	Macrophage	1
GSE245386	GSM7841722	Sham	Sham3	whole_brain	Fibroblast	Microglia	1
GSE245386	GSM7841722	Sham	Sham3	whole_brain	Fibroblast	OEC	1
GSE245386	GSM7841722	Sham	Sham3	whole_brain	Fibroblast	Pericyte	7
GSE245386	GSM7841722	Sham	Sham3	whole_brain	Lymphocyte	Endothelial	5
GSE245386	GSM7841722	Sham	Sham3	whole_brain	Lymphocyte	Lymphocyte	57
GSE245386	GSM7841722	Sham	Sham3	whole_brain	Lymphocyte	Microglia	3
GSE245386	GSM7841722	Sham	Sham3	whole_brain	Microglia	Astrocyte	1
GSE245386	GSM7841722	Sham	Sham3	whole_brain	Microglia	Endothelial	3
GSE245386	GSM7841722	Sham	Sham3	whole_brain	Microglia	Microglia	1779
GSE245386	GSM7841722	Sham	Sham3	whole_brain	Microglia	Neuron/Other	1
GSE245386	GSM7841722	Sham	Sham3	whole_brain	Myeloid	Astrocyte	1
GSE245386	GSM7841722	Sham	Sham3	whole_brain	Myeloid	Dendritic	34
GSE245386	GSM7841722	Sham	Sham3	whole_brain	Myeloid	Endothelial	15
GSE245386	GSM7841722	Sham	Sham3	whole_brain	Myeloid	Fibroblast	1
GSE245386	GSM7841722	Sham	Sham3	whole_brain	Myeloid	Lymphocyte	3
GSE245386	GSM7841722	Sham	Sham3	whole_brain	Myeloid	Macrophage	187
GSE245386	GSM7841722	Sham	Sham3	whole_brain	Myeloid	Microglia	240
GSE245386	GSM7841722	Sham	Sham3	whole_brain	Myeloid	Monocytes	1
GSE245386	GSM7841722	Sham	Sham3	whole_brain	Myeloid	Neuron/Other	5
GSE245386	GSM7841722	Sham	Sham3	whole_brain	Neuron	Astrocyte	1
GSE245386	GSM7841722	Sham	Sham3	whole_brain	Neuron	Endothelial	1
GSE245386	GSM7841722	Sham	Sham3	whole_brain	Neuron	Microglia	2
GSE245386	GSM7841722	Sham	Sham3	whole_brain	Neuron	Neuron/Other	130
GSE245386	GSM7841722	Sham	Sham3	whole_brain	Neuron	OPC	1
GSE245386	GSM7841722	Sham	Sham3	whole_brain	Neutrophil	Macrophage	1
GSE245386	GSM7841722	Sham	Sham3	whole_brain	Neutrophil	Microglia	4
GSE245386	GSM7841722	Sham	Sham3	whole_brain	Neutrophil	Monocytes	6
GSE245386	GSM7841722	Sham	Sham3	whole_brain	OPC	Endothelial	4
GSE245386	GSM7841722	Sham	Sham3	whole_brain	OPC	Microglia	2
GSE245386	GSM7841722	Sham	Sham3	whole_brain	OPC	Neuron/Other	1
GSE245386	GSM7841722	Sham	Sham3	whole_brain	OPC	OPC	4
GSE245386	GSM7841722	Sham	Sham3	whole_brain	OPC	Oligodendrocyte	12
GSE245386	GSM7841722	Sham	Sham3	whole_brain	Oligodendrocyte	Astrocyte	4
GSE245386	GSM7841722	Sham	Sham3	whole_brain	Oligodendrocyte	Endothelial	36
GSE245386	GSM7841722	Sham	Sham3	whole_brain	Oligodendrocyte	Lymphocyte	1
GSE245386	GSM7841722	Sham	Sham3	whole_brain	Oligodendrocyte	Microglia	9
GSE245386	GSM7841722	Sham	Sham3	whole_brain	Oligodendrocyte	Neuron/Other	5
GSE245386	GSM7841722	Sham	Sham3	whole_brain	Oligodendrocyte	Oligodendrocyte	770
GSE245386	GSM7841722	Sham	Sham3	whole_brain	Oligodendrocyte	Pericyte	2
GSE245386	GSM7841722	Sham	Sham3	whole_brain	Oligodendrocyte	Smooth_muscle	1
GSE245386	GSM7841722	Sham	Sham3	whole_brain	Pericyte	Astrocyte	1
GSE245386	GSM7841722	Sham	Sham3	whole_brain	Pericyte	Dendritic	1
GSE245386	GSM7841722	Sham	Sham3	whole_brain	Pericyte	Endothelial	21
GSE245386	GSM7841722	Sham	Sham3	whole_brain	Pericyte	Fibroblast	1
GSE245386	GSM7841722	Sham	Sham3	whole_brain	Pericyte	Microglia	14
GSE245386	GSM7841722	Sham	Sham3	whole_brain	Pericyte	Oligodendrocyte	2
GSE245386	GSM7841722	Sham	Sham3	whole_brain	Pericyte	Pericyte	225
GSE245386	GSM7841722	Sham	Sham3	whole_brain	Pericyte	Smooth_muscle	42
GSE245386	GSM7841722	Sham	Sham3	whole_brain	Smooth_muscle	Astrocyte	1
GSE245386	GSM7841722	Sham	Sham3	whole_brain	Smooth_muscle	Dendritic	1
GSE245386	GSM7841722	Sham	Sham3	whole_brain	Smooth_muscle	Endothelial	32
GSE245386	GSM7841722	Sham	Sham3	whole_brain	Smooth_muscle	Fibroblast	2
GSE245386	GSM7841722	Sham	Sham3	whole_brain	Smooth_muscle	Microglia	9
GSE245386	GSM7841722	Sham	Sham3	whole_brain	Smooth_muscle	Oligodendrocyte	4
GSE245386	GSM7841722	Sham	Sham3	whole_brain	Smooth_muscle	Smooth_muscle	360
GSE245386	GSM7841722	Sham	Sham3	whole_brain	Unassigned	ABC	7
GSE245386	GSM7841722	Sham	Sham3	whole_brain	Unassigned	Astrocyte	17
GSE245386	GSM7841722	Sham	Sham3	whole_brain	Unassigned	Astroependymal	2
GSE245386	GSM7841722	Sham	Sham3	whole_brain	Unassigned	Choroid	9
GSE245386	GSM7841722	Sham	Sham3	whole_brain	Unassigned	Dendritic	20
GSE245386	GSM7841722	Sham	Sham3	whole_brain	Unassigned	Endothelial	541
GSE245386	GSM7841722	Sham	Sham3	whole_brain	Unassigned	Ependymal	4
GSE245386	GSM7841722	Sham	Sham3	whole_brain	Unassigned	Fibroblast	6
GSE245386	GSM7841722	Sham	Sham3	whole_brain	Unassigned	Lymphocyte	14
GSE245386	GSM7841722	Sham	Sham3	whole_brain	Unassigned	Macrophage	22
GSE245386	GSM7841722	Sham	Sham3	whole_brain	Unassigned	Microglia	1774
GSE245386	GSM7841722	Sham	Sham3	whole_brain	Unassigned	Neuron/Other	51
GSE245386	GSM7841722	Sham	Sham3	whole_brain	Unassigned	Oligodendrocyte	31
GSE245386	GSM7841722	Sham	Sham3	whole_brain	Unassigned	Pericyte	17
GSE245386	GSM7841722	Sham	Sham3	whole_brain	Unassigned	Smooth_muscle	28
GSE245386	GSM7841722	Sham	Sham3	whole_brain	Unassigned	Tanycyte	3
GSE245386	GSM7841722	Sham	Sham3	cortex_hippocampus	Astrocyte	Astrocyte	349
GSE245386	GSM7841722	Sham	Sham3	cortex_hippocampus	Astrocyte	Endothelial	14
GSE245386	GSM7841722	Sham	Sham3	cortex_hippocampus	Astrocyte	Microglia/Macrophage	13
GSE245386	GSM7841722	Sham	Sham3	cortex_hippocampus	Astrocyte	Oligodendrocyte	2
GSE245386	GSM7841722	Sham	Sham3	cortex_hippocampus	Choroid	Astrocyte	59
GSE245386	GSM7841722	Sham	Sham3	cortex_hippocampus	Choroid	Endothelial	9
GSE245386	GSM7841722	Sham	Sham3	cortex_hippocampus	Choroid	Microglia/Macrophage	62
GSE245386	GSM7841722	Sham	Sham3	cortex_hippocampus	Choroid	Mural	1
GSE245386	GSM7841722	Sham	Sham3	cortex_hippocampus	Choroid	Oligodendrocyte	24
GSE245386	GSM7841722	Sham	Sham3	cortex_hippocampus	Endothelial	Endothelial	2210
GSE245386	GSM7841722	Sham	Sham3	cortex_hippocampus	Endothelial	Microglia/Macrophage	19
GSE245386	GSM7841722	Sham	Sham3	cortex_hippocampus	Endothelial	Mural	1
GSE245386	GSM7841722	Sham	Sham3	cortex_hippocampus	Endothelial	Oligodendrocyte	8
GSE245386	GSM7841722	Sham	Sham3	cortex_hippocampus	Ependymal	Astrocyte	102
GSE245386	GSM7841722	Sham	Sham3	cortex_hippocampus	Ependymal	Endothelial	5
GSE245386	GSM7841722	Sham	Sham3	cortex_hippocampus	Ependymal	Microglia/Macrophage	12
GSE245386	GSM7841722	Sham	Sham3	cortex_hippocampus	Ependymal	Mural	1
GSE245386	GSM7841722	Sham	Sham3	cortex_hippocampus	Ependymal	Oligodendrocyte	2
GSE245386	GSM7841722	Sham	Sham3	cortex_hippocampus	Erythroid	Astrocyte	4
GSE245386	GSM7841722	Sham	Sham3	cortex_hippocampus	Erythroid	Endothelial	58
GSE245386	GSM7841722	Sham	Sham3	cortex_hippocampus	Erythroid	Microglia/Macrophage	19
GSE245386	GSM7841722	Sham	Sham3	cortex_hippocampus	Erythroid	Mural	3
GSE245386	GSM7841722	Sham	Sham3	cortex_hippocampus	Erythroid	Oligodendrocyte	3
GSE245386	GSM7841722	Sham	Sham3	cortex_hippocampus	Fibroblast	Astrocyte	4
GSE245386	GSM7841722	Sham	Sham3	cortex_hippocampus	Fibroblast	Endothelial	1
GSE245386	GSM7841722	Sham	Sham3	cortex_hippocampus	Fibroblast	Fibroblast	30
GSE245386	GSM7841722	Sham	Sham3	cortex_hippocampus	Fibroblast	Microglia/Macrophage	5
GSE245386	GSM7841722	Sham	Sham3	cortex_hippocampus	Fibroblast	Mural	8
GSE245386	GSM7841722	Sham	Sham3	cortex_hippocampus	Fibroblast	Neuron/Other	2
GSE245386	GSM7841722	Sham	Sham3	cortex_hippocampus	Lymphocyte	Endothelial	5
GSE245386	GSM7841722	Sham	Sham3	cortex_hippocampus	Lymphocyte	Microglia/Macrophage	58
GSE245386	GSM7841722	Sham	Sham3	cortex_hippocampus	Lymphocyte	Neuron/Other	1
GSE245386	GSM7841722	Sham	Sham3	cortex_hippocampus	Lymphocyte	Oligodendrocyte	1
GSE245386	GSM7841722	Sham	Sham3	cortex_hippocampus	Microglia	Endothelial	3
GSE245386	GSM7841722	Sham	Sham3	cortex_hippocampus	Microglia	Microglia/Macrophage	1781
GSE245386	GSM7841722	Sham	Sham3	cortex_hippocampus	Myeloid	Endothelial	5
GSE245386	GSM7841722	Sham	Sham3	cortex_hippocampus	Myeloid	Microglia/Macrophage	481
GSE245386	GSM7841722	Sham	Sham3	cortex_hippocampus	Myeloid	Oligodendrocyte	1
GSE245386	GSM7841722	Sham	Sham3	cortex_hippocampus	Neuron	Astrocyte	21
GSE245386	GSM7841722	Sham	Sham3	cortex_hippocampus	Neuron	Endothelial	3
GSE245386	GSM7841722	Sham	Sham3	cortex_hippocampus	Neuron	Microglia/Macrophage	18
GSE245386	GSM7841722	Sham	Sham3	cortex_hippocampus	Neuron	Mural	1
GSE245386	GSM7841722	Sham	Sham3	cortex_hippocampus	Neuron	Neuron/Other	30
GSE245386	GSM7841722	Sham	Sham3	cortex_hippocampus	Neuron	Oligodendrocyte	62
GSE245386	GSM7841722	Sham	Sham3	cortex_hippocampus	Neutrophil	Microglia/Macrophage	11
GSE245386	GSM7841722	Sham	Sham3	cortex_hippocampus	OPC	Astrocyte	1
GSE245386	GSM7841722	Sham	Sham3	cortex_hippocampus	OPC	Endothelial	2
GSE245386	GSM7841722	Sham	Sham3	cortex_hippocampus	OPC	Microglia/Macrophage	1
GSE245386	GSM7841722	Sham	Sham3	cortex_hippocampus	OPC	Oligodendrocyte	19
GSE245386	GSM7841722	Sham	Sham3	cortex_hippocampus	Oligodendrocyte	Astrocyte	2
GSE245386	GSM7841722	Sham	Sham3	cortex_hippocampus	Oligodendrocyte	Endothelial	8
GSE245386	GSM7841722	Sham	Sham3	cortex_hippocampus	Oligodendrocyte	Microglia/Macrophage	18
GSE245386	GSM7841722	Sham	Sham3	cortex_hippocampus	Oligodendrocyte	Neuron/Other	1
GSE245386	GSM7841722	Sham	Sham3	cortex_hippocampus	Oligodendrocyte	Oligodendrocyte	799
GSE245386	GSM7841722	Sham	Sham3	cortex_hippocampus	Pericyte	Endothelial	14
GSE245386	GSM7841722	Sham	Sham3	cortex_hippocampus	Pericyte	Microglia/Macrophage	14
GSE245386	GSM7841722	Sham	Sham3	cortex_hippocampus	Pericyte	Mural	278
GSE245386	GSM7841722	Sham	Sham3	cortex_hippocampus	Pericyte	Oligodendrocyte	1
GSE245386	GSM7841722	Sham	Sham3	cortex_hippocampus	Smooth_muscle	Endothelial	17
GSE245386	GSM7841722	Sham	Sham3	cortex_hippocampus	Smooth_muscle	Microglia/Macrophage	28
GSE245386	GSM7841722	Sham	Sham3	cortex_hippocampus	Smooth_muscle	Mural	358
GSE245386	GSM7841722	Sham	Sham3	cortex_hippocampus	Smooth_muscle	Oligodendrocyte	6
GSE245386	GSM7841722	Sham	Sham3	cortex_hippocampus	Unassigned	Astrocyte	40
GSE245386	GSM7841722	Sham	Sham3	cortex_hippocampus	Unassigned	Endothelial	418
GSE245386	GSM7841722	Sham	Sham3	cortex_hippocampus	Unassigned	Fibroblast	8
GSE245386	GSM7841722	Sham	Sham3	cortex_hippocampus	Unassigned	Microglia/Macrophage	1953
GSE245386	GSM7841722	Sham	Sham3	cortex_hippocampus	Unassigned	Mural	47
GSE245386	GSM7841722	Sham	Sham3	cortex_hippocampus	Unassigned	Neuron/Other	9
GSE245386	GSM7841722	Sham	Sham3	cortex_hippocampus	Unassigned	Oligodendrocyte	71
GSE245386	GSM7841723	MCAO	MCAO1	whole_brain	Astrocyte	Astrocyte	240
GSE245386	GSM7841723	MCAO	MCAO1	whole_brain	Astrocyte	Astroependymal	3
GSE245386	GSM7841723	MCAO	MCAO1	whole_brain	Astrocyte	Endothelial	17
GSE245386	GSM7841723	MCAO	MCAO1	whole_brain	Astrocyte	Ependymal	1
GSE245386	GSM7841723	MCAO	MCAO1	whole_brain	Astrocyte	Fibroblast	2
GSE245386	GSM7841723	MCAO	MCAO1	whole_brain	Astrocyte	Microglia	14
GSE245386	GSM7841723	MCAO	MCAO1	whole_brain	Astrocyte	Neuron/Other	10
GSE245386	GSM7841723	MCAO	MCAO1	whole_brain	Astrocyte	Smooth_muscle	1
GSE245386	GSM7841723	MCAO	MCAO1	whole_brain	Choroid	Astrocyte	3
GSE245386	GSM7841723	MCAO	MCAO1	whole_brain	Choroid	Choroid	77
GSE245386	GSM7841723	MCAO	MCAO1	whole_brain	Choroid	Endothelial	7
GSE245386	GSM7841723	MCAO	MCAO1	whole_brain	Choroid	Ependymal	1
GSE245386	GSM7841723	MCAO	MCAO1	whole_brain	Choroid	Fibroblast	2
GSE245386	GSM7841723	MCAO	MCAO1	whole_brain	Choroid	Macrophage	1
GSE245386	GSM7841723	MCAO	MCAO1	whole_brain	Choroid	Microglia	12
GSE245386	GSM7841723	MCAO	MCAO1	whole_brain	Choroid	Neuron/Other	7
GSE245386	GSM7841723	MCAO	MCAO1	whole_brain	Choroid	Pericyte	3
GSE245386	GSM7841723	MCAO	MCAO1	whole_brain	Choroid	Smooth_muscle	4
GSE245386	GSM7841723	MCAO	MCAO1	whole_brain	Endothelial	Endothelial	1981
GSE245386	GSM7841723	MCAO	MCAO1	whole_brain	Endothelial	Macrophage	1
GSE245386	GSM7841723	MCAO	MCAO1	whole_brain	Endothelial	Microglia	12
GSE245386	GSM7841723	MCAO	MCAO1	whole_brain	Endothelial	Pericyte	2
GSE245386	GSM7841723	MCAO	MCAO1	whole_brain	Ependymal	Astrocyte	1
GSE245386	GSM7841723	MCAO	MCAO1	whole_brain	Ependymal	Astroependymal	1
GSE245386	GSM7841723	MCAO	MCAO1	whole_brain	Ependymal	Endothelial	1
GSE245386	GSM7841723	MCAO	MCAO1	whole_brain	Ependymal	Ependymal	76
GSE245386	GSM7841723	MCAO	MCAO1	whole_brain	Ependymal	Microglia	1
GSE245386	GSM7841723	MCAO	MCAO1	whole_brain	Erythroid	Endothelial	87
GSE245386	GSM7841723	MCAO	MCAO1	whole_brain	Erythroid	Microglia	23
GSE245386	GSM7841723	MCAO	MCAO1	whole_brain	Erythroid	Neuron/Other	3
GSE245386	GSM7841723	MCAO	MCAO1	whole_brain	Erythroid	Oligodendrocyte	2
GSE245386	GSM7841723	MCAO	MCAO1	whole_brain	Erythroid	Pericyte	1
GSE245386	GSM7841723	MCAO	MCAO1	whole_brain	Fibroblast	ABC	3
GSE245386	GSM7841723	MCAO	MCAO1	whole_brain	Fibroblast	Astrocyte	2
GSE245386	GSM7841723	MCAO	MCAO1	whole_brain	Fibroblast	Endothelial	1
GSE245386	GSM7841723	MCAO	MCAO1	whole_brain	Fibroblast	Fibroblast	50
GSE245386	GSM7841723	MCAO	MCAO1	whole_brain	Fibroblast	Microglia	2
GSE245386	GSM7841723	MCAO	MCAO1	whole_brain	Fibroblast	OPC	1
GSE245386	GSM7841723	MCAO	MCAO1	whole_brain	Fibroblast	Pericyte	7
GSE245386	GSM7841723	MCAO	MCAO1	whole_brain	Fibroblast	Smooth_muscle	1
GSE245386	GSM7841723	MCAO	MCAO1	whole_brain	Lymphocyte	Lymphocyte	26
GSE245386	GSM7841723	MCAO	MCAO1	whole_brain	Lymphocyte	Microglia	1
GSE245386	GSM7841723	MCAO	MCAO1	whole_brain	Microglia	Astrocyte	1
GSE245386	GSM7841723	MCAO	MCAO1	whole_brain	Microglia	Dendritic	1
GSE245386	GSM7841723	MCAO	MCAO1	whole_brain	Microglia	Endothelial	7
GSE245386	GSM7841723	MCAO	MCAO1	whole_brain	Microglia	Microglia	1710
GSE245386	GSM7841723	MCAO	MCAO1	whole_brain	Microglia	Neuron/Other	3
GSE245386	GSM7841723	MCAO	MCAO1	whole_brain	Microglia	Smooth_muscle	2
GSE245386	GSM7841723	MCAO	MCAO1	whole_brain	Myeloid	Astrocyte	18
GSE245386	GSM7841723	MCAO	MCAO1	whole_brain	Myeloid	Astroependymal	1
GSE245386	GSM7841723	MCAO	MCAO1	whole_brain	Myeloid	Dendritic	66
GSE245386	GSM7841723	MCAO	MCAO1	whole_brain	Myeloid	Endothelial	37
GSE245386	GSM7841723	MCAO	MCAO1	whole_brain	Myeloid	Lymphocyte	3
GSE245386	GSM7841723	MCAO	MCAO1	whole_brain	Myeloid	Macrophage	171
GSE245386	GSM7841723	MCAO	MCAO1	whole_brain	Myeloid	Microglia	791
GSE245386	GSM7841723	MCAO	MCAO1	whole_brain	Myeloid	Monocytes	1
GSE245386	GSM7841723	MCAO	MCAO1	whole_brain	Myeloid	Neuron/Other	21
GSE245386	GSM7841723	MCAO	MCAO1	whole_brain	Myeloid	Pericyte	2
GSE245386	GSM7841723	MCAO	MCAO1	whole_brain	Myeloid	Smooth_muscle	2
GSE245386	GSM7841723	MCAO	MCAO1	whole_brain	Neuron	Endothelial	1
GSE245386	GSM7841723	MCAO	MCAO1	whole_brain	Neuron	Microglia	4
GSE245386	GSM7841723	MCAO	MCAO1	whole_brain	Neuron	Neuron/Other	82
GSE245386	GSM7841723	MCAO	MCAO1	whole_brain	Neuron	Pericyte	1
GSE245386	GSM7841723	MCAO	MCAO1	whole_brain	Neutrophil	Macrophage	1
GSE245386	GSM7841723	MCAO	MCAO1	whole_brain	Neutrophil	Microglia	13
GSE245386	GSM7841723	MCAO	MCAO1	whole_brain	Neutrophil	Monocytes	49
GSE245386	GSM7841723	MCAO	MCAO1	whole_brain	Neutrophil	Neuron/Other	2
GSE245386	GSM7841723	MCAO	MCAO1	whole_brain	OPC	Microglia	1
GSE245386	GSM7841723	MCAO	MCAO1	whole_brain	OPC	Neuron/Other	1
GSE245386	GSM7841723	MCAO	MCAO1	whole_brain	OPC	OPC	9
GSE245386	GSM7841723	MCAO	MCAO1	whole_brain	OPC	Oligodendrocyte	42
GSE245386	GSM7841723	MCAO	MCAO1	whole_brain	Oligodendrocyte	Astrocyte	3
GSE245386	GSM7841723	MCAO	MCAO1	whole_brain	Oligodendrocyte	Astroependymal	1
GSE245386	GSM7841723	MCAO	MCAO1	whole_brain	Oligodendrocyte	Endothelial	22
GSE245386	GSM7841723	MCAO	MCAO1	whole_brain	Oligodendrocyte	Fibroblast	1
GSE245386	GSM7841723	MCAO	MCAO1	whole_brain	Oligodendrocyte	Microglia	13
GSE245386	GSM7841723	MCAO	MCAO1	whole_brain	Oligodendrocyte	Neuron/Other	10
GSE245386	GSM7841723	MCAO	MCAO1	whole_brain	Oligodendrocyte	Oligodendrocyte	777
GSE245386	GSM7841723	MCAO	MCAO1	whole_brain	Oligodendrocyte	Smooth_muscle	1
GSE245386	GSM7841723	MCAO	MCAO1	whole_brain	Pericyte	Astrocyte	1
GSE245386	GSM7841723	MCAO	MCAO1	whole_brain	Pericyte	Endothelial	22
GSE245386	GSM7841723	MCAO	MCAO1	whole_brain	Pericyte	Fibroblast	1
GSE245386	GSM7841723	MCAO	MCAO1	whole_brain	Pericyte	Macrophage	4
GSE245386	GSM7841723	MCAO	MCAO1	whole_brain	Pericyte	Microglia	19
GSE245386	GSM7841723	MCAO	MCAO1	whole_brain	Pericyte	Neuron/Other	2
GSE245386	GSM7841723	MCAO	MCAO1	whole_brain	Pericyte	Oligodendrocyte	2
GSE245386	GSM7841723	MCAO	MCAO1	whole_brain	Pericyte	Pericyte	367
GSE245386	GSM7841723	MCAO	MCAO1	whole_brain	Pericyte	Smooth_muscle	26
GSE245386	GSM7841723	MCAO	MCAO1	whole_brain	Smooth_muscle	Astrocyte	1
GSE245386	GSM7841723	MCAO	MCAO1	whole_brain	Smooth_muscle	Endothelial	17
GSE245386	GSM7841723	MCAO	MCAO1	whole_brain	Smooth_muscle	Macrophage	1
GSE245386	GSM7841723	MCAO	MCAO1	whole_brain	Smooth_muscle	Microglia	11
GSE245386	GSM7841723	MCAO	MCAO1	whole_brain	Smooth_muscle	Neuron/Other	5
GSE245386	GSM7841723	MCAO	MCAO1	whole_brain	Smooth_muscle	Oligodendrocyte	3
GSE245386	GSM7841723	MCAO	MCAO1	whole_brain	Smooth_muscle	Smooth_muscle	249
GSE245386	GSM7841723	MCAO	MCAO1	whole_brain	Unassigned	Astrocyte	22
GSE245386	GSM7841723	MCAO	MCAO1	whole_brain	Unassigned	Astroependymal	1
GSE245386	GSM7841723	MCAO	MCAO1	whole_brain	Unassigned	Choroid	11
GSE245386	GSM7841723	MCAO	MCAO1	whole_brain	Unassigned	Dendritic	26
GSE245386	GSM7841723	MCAO	MCAO1	whole_brain	Unassigned	Endothelial	545
GSE245386	GSM7841723	MCAO	MCAO1	whole_brain	Unassigned	Fibroblast	2
GSE245386	GSM7841723	MCAO	MCAO1	whole_brain	Unassigned	Lymphocyte	8
GSE245386	GSM7841723	MCAO	MCAO1	whole_brain	Unassigned	Macrophage	41
GSE245386	GSM7841723	MCAO	MCAO1	whole_brain	Unassigned	Microglia	1729
GSE245386	GSM7841723	MCAO	MCAO1	whole_brain	Unassigned	Neuron/Other	71
GSE245386	GSM7841723	MCAO	MCAO1	whole_brain	Unassigned	Oligodendrocyte	51
GSE245386	GSM7841723	MCAO	MCAO1	whole_brain	Unassigned	Pericyte	22
GSE245386	GSM7841723	MCAO	MCAO1	whole_brain	Unassigned	Smooth_muscle	30
GSE245386	GSM7841723	MCAO	MCAO1	cortex_hippocampus	Astrocyte	Astrocyte	251
GSE245386	GSM7841723	MCAO	MCAO1	cortex_hippocampus	Astrocyte	Endothelial	8
GSE245386	GSM7841723	MCAO	MCAO1	cortex_hippocampus	Astrocyte	Microglia/Macrophage	25
GSE245386	GSM7841723	MCAO	MCAO1	cortex_hippocampus	Astrocyte	Mural	2
GSE245386	GSM7841723	MCAO	MCAO1	cortex_hippocampus	Astrocyte	Neuron/Other	1
GSE245386	GSM7841723	MCAO	MCAO1	cortex_hippocampus	Astrocyte	Oligodendrocyte	1
GSE245386	GSM7841723	MCAO	MCAO1	cortex_hippocampus	Choroid	Astrocyte	26
GSE245386	GSM7841723	MCAO	MCAO1	cortex_hippocampus	Choroid	Endothelial	4
GSE245386	GSM7841723	MCAO	MCAO1	cortex_hippocampus	Choroid	Microglia/Macrophage	71
GSE245386	GSM7841723	MCAO	MCAO1	cortex_hippocampus	Choroid	Mural	2
GSE245386	GSM7841723	MCAO	MCAO1	cortex_hippocampus	Choroid	Neuron/Other	1
GSE245386	GSM7841723	MCAO	MCAO1	cortex_hippocampus	Choroid	Oligodendrocyte	13
GSE245386	GSM7841723	MCAO	MCAO1	cortex_hippocampus	Endothelial	Astrocyte	1
GSE245386	GSM7841723	MCAO	MCAO1	cortex_hippocampus	Endothelial	Endothelial	1955
GSE245386	GSM7841723	MCAO	MCAO1	cortex_hippocampus	Endothelial	Microglia/Macrophage	39
GSE245386	GSM7841723	MCAO	MCAO1	cortex_hippocampus	Endothelial	Neuron/Other	1
GSE245386	GSM7841723	MCAO	MCAO1	cortex_hippocampus	Ependymal	Astrocyte	74
GSE245386	GSM7841723	MCAO	MCAO1	cortex_hippocampus	Ependymal	Endothelial	1
GSE245386	GSM7841723	MCAO	MCAO1	cortex_hippocampus	Ependymal	Microglia/Macrophage	5
GSE245386	GSM7841723	MCAO	MCAO1	cortex_hippocampus	Erythroid	Endothelial	72
GSE245386	GSM7841723	MCAO	MCAO1	cortex_hippocampus	Erythroid	Microglia/Macrophage	41
GSE245386	GSM7841723	MCAO	MCAO1	cortex_hippocampus	Erythroid	Oligodendrocyte	3
GSE245386	GSM7841723	MCAO	MCAO1	cortex_hippocampus	Fibroblast	Astrocyte	1
GSE245386	GSM7841723	MCAO	MCAO1	cortex_hippocampus	Fibroblast	Endothelial	1
GSE245386	GSM7841723	MCAO	MCAO1	cortex_hippocampus	Fibroblast	Fibroblast	47
GSE245386	GSM7841723	MCAO	MCAO1	cortex_hippocampus	Fibroblast	Microglia/Macrophage	8
GSE245386	GSM7841723	MCAO	MCAO1	cortex_hippocampus	Fibroblast	Mural	8
GSE245386	GSM7841723	MCAO	MCAO1	cortex_hippocampus	Fibroblast	Oligodendrocyte	2
GSE245386	GSM7841723	MCAO	MCAO1	cortex_hippocampus	Lymphocyte	Endothelial	1
GSE245386	GSM7841723	MCAO	MCAO1	cortex_hippocampus	Lymphocyte	Microglia/Macrophage	25
GSE245386	GSM7841723	MCAO	MCAO1	cortex_hippocampus	Lymphocyte	Oligodendrocyte	1
GSE245386	GSM7841723	MCAO	MCAO1	cortex_hippocampus	Microglia	Endothelial	1
GSE245386	GSM7841723	MCAO	MCAO1	cortex_hippocampus	Microglia	Microglia/Macrophage	1723
GSE245386	GSM7841723	MCAO	MCAO1	cortex_hippocampus	Myeloid	Endothelial	5
GSE245386	GSM7841723	MCAO	MCAO1	cortex_hippocampus	Myeloid	Microglia/Macrophage	1108
GSE245386	GSM7841723	MCAO	MCAO1	cortex_hippocampus	Neuron	Astrocyte	15
GSE245386	GSM7841723	MCAO	MCAO1	cortex_hippocampus	Neuron	Endothelial	4
GSE245386	GSM7841723	MCAO	MCAO1	cortex_hippocampus	Neuron	Microglia/Macrophage	21
GSE245386	GSM7841723	MCAO	MCAO1	cortex_hippocampus	Neuron	Mural	1
GSE245386	GSM7841723	MCAO	MCAO1	cortex_hippocampus	Neuron	Neuron/Other	21
GSE245386	GSM7841723	MCAO	MCAO1	cortex_hippocampus	Neuron	Oligodendrocyte	26
GSE245386	GSM7841723	MCAO	MCAO1	cortex_hippocampus	Neutrophil	Microglia/Macrophage	64
GSE245386	GSM7841723	MCAO	MCAO1	cortex_hippocampus	Neutrophil	Oligodendrocyte	1
GSE245386	GSM7841723	MCAO	MCAO1	cortex_hippocampus	OPC	Astrocyte	1
GSE245386	GSM7841723	MCAO	MCAO1	cortex_hippocampus	OPC	Microglia/Macrophage	2
GSE245386	GSM7841723	MCAO	MCAO1	cortex_hippocampus	OPC	Oligodendrocyte	50
GSE245386	GSM7841723	MCAO	MCAO1	cortex_hippocampus	Oligodendrocyte	Astrocyte	5
GSE245386	GSM7841723	MCAO	MCAO1	cortex_hippocampus	Oligodendrocyte	Endothelial	5
GSE245386	GSM7841723	MCAO	MCAO1	cortex_hippocampus	Oligodendrocyte	Microglia/Macrophage	21
GSE245386	GSM7841723	MCAO	MCAO1	cortex_hippocampus	Oligodendrocyte	Neuron/Other	2
GSE245386	GSM7841723	MCAO	MCAO1	cortex_hippocampus	Oligodendrocyte	Oligodendrocyte	795
GSE245386	GSM7841723	MCAO	MCAO1	cortex_hippocampus	Pericyte	Endothelial	22
GSE245386	GSM7841723	MCAO	MCAO1	cortex_hippocampus	Pericyte	Microglia/Macrophage	32
GSE245386	GSM7841723	MCAO	MCAO1	cortex_hippocampus	Pericyte	Mural	386
GSE245386	GSM7841723	MCAO	MCAO1	cortex_hippocampus	Pericyte	Neuron/Other	1
GSE245386	GSM7841723	MCAO	MCAO1	cortex_hippocampus	Pericyte	Oligodendrocyte	3
GSE245386	GSM7841723	MCAO	MCAO1	cortex_hippocampus	Smooth_muscle	Astrocyte	3
GSE245386	GSM7841723	MCAO	MCAO1	cortex_hippocampus	Smooth_muscle	Endothelial	4
GSE245386	GSM7841723	MCAO	MCAO1	cortex_hippocampus	Smooth_muscle	Microglia/Macrophage	29
GSE245386	GSM7841723	MCAO	MCAO1	cortex_hippocampus	Smooth_muscle	Mural	248
GSE245386	GSM7841723	MCAO	MCAO1	cortex_hippocampus	Smooth_muscle	Oligodendrocyte	3
GSE245386	GSM7841723	MCAO	MCAO1	cortex_hippocampus	Unassigned	Astrocyte	21
GSE245386	GSM7841723	MCAO	MCAO1	cortex_hippocampus	Unassigned	Endothelial	355
GSE245386	GSM7841723	MCAO	MCAO1	cortex_hippocampus	Unassigned	Microglia/Macrophage	2078
GSE245386	GSM7841723	MCAO	MCAO1	cortex_hippocampus	Unassigned	Mural	34
GSE245386	GSM7841723	MCAO	MCAO1	cortex_hippocampus	Unassigned	Neuron/Other	11
GSE245386	GSM7841723	MCAO	MCAO1	cortex_hippocampus	Unassigned	Oligodendrocyte	60
GSE245386	GSM7841724	MCAO	MCAO2	whole_brain	Astrocyte	Astrocyte	660
GSE245386	GSM7841724	MCAO	MCAO2	whole_brain	Astrocyte	Astroependymal	3
GSE245386	GSM7841724	MCAO	MCAO2	whole_brain	Astrocyte	Endothelial	10
GSE245386	GSM7841724	MCAO	MCAO2	whole_brain	Astrocyte	Microglia	11
GSE245386	GSM7841724	MCAO	MCAO2	whole_brain	Astrocyte	Neuron/Other	22
GSE245386	GSM7841724	MCAO	MCAO2	whole_brain	Astrocyte	Oligodendrocyte	7
GSE245386	GSM7841724	MCAO	MCAO2	whole_brain	Astrocyte	Pericyte	3
GSE245386	GSM7841724	MCAO	MCAO2	whole_brain	Choroid	Astrocyte	1
GSE245386	GSM7841724	MCAO	MCAO2	whole_brain	Choroid	Choroid	17
GSE245386	GSM7841724	MCAO	MCAO2	whole_brain	Choroid	Endothelial	2
GSE245386	GSM7841724	MCAO	MCAO2	whole_brain	Choroid	Microglia	3
GSE245386	GSM7841724	MCAO	MCAO2	whole_brain	Choroid	Neuron/Other	2
GSE245386	GSM7841724	MCAO	MCAO2	whole_brain	Endothelial	Endothelial	2124
GSE245386	GSM7841724	MCAO	MCAO2	whole_brain	Endothelial	Lymphocyte	1
GSE245386	GSM7841724	MCAO	MCAO2	whole_brain	Endothelial	Macrophage	2
GSE245386	GSM7841724	MCAO	MCAO2	whole_brain	Endothelial	Microglia	17
GSE245386	GSM7841724	MCAO	MCAO2	whole_brain	Endothelial	Neuron/Other	1
GSE245386	GSM7841724	MCAO	MCAO2	whole_brain	Endothelial	Pericyte	2
GSE245386	GSM7841724	MCAO	MCAO2	whole_brain	Ependymal	Endothelial	4
GSE245386	GSM7841724	MCAO	MCAO2	whole_brain	Ependymal	Ependymal	84
GSE245386	GSM7841724	MCAO	MCAO2	whole_brain	Ependymal	Microglia	5
GSE245386	GSM7841724	MCAO	MCAO2	whole_brain	Ependymal	Oligodendrocyte	2
GSE245386	GSM7841724	MCAO	MCAO2	whole_brain	Erythroid	Astrocyte	1
GSE245386	GSM7841724	MCAO	MCAO2	whole_brain	Erythroid	Dendritic	1
GSE245386	GSM7841724	MCAO	MCAO2	whole_brain	Erythroid	Endothelial	34
GSE245386	GSM7841724	MCAO	MCAO2	whole_brain	Erythroid	Ependymal	2
GSE245386	GSM7841724	MCAO	MCAO2	whole_brain	Erythroid	Lymphocyte	2
GSE245386	GSM7841724	MCAO	MCAO2	whole_brain	Erythroid	Microglia	18
GSE245386	GSM7841724	MCAO	MCAO2	whole_brain	Erythroid	Neuron/Other	3
GSE245386	GSM7841724	MCAO	MCAO2	whole_brain	Erythroid	Oligodendrocyte	5
GSE245386	GSM7841724	MCAO	MCAO2	whole_brain	Erythroid	Pericyte	1
GSE245386	GSM7841724	MCAO	MCAO2	whole_brain	Erythroid	Smooth_muscle	2
GSE245386	GSM7841724	MCAO	MCAO2	whole_brain	Fibroblast	ABC	6
GSE245386	GSM7841724	MCAO	MCAO2	whole_brain	Fibroblast	Fibroblast	26
GSE245386	GSM7841724	MCAO	MCAO2	whole_brain	Fibroblast	Macrophage	1
GSE245386	GSM7841724	MCAO	MCAO2	whole_brain	Fibroblast	Pericyte	1
GSE245386	GSM7841724	MCAO	MCAO2	whole_brain	Lymphocyte	Lymphocyte	19
GSE245386	GSM7841724	MCAO	MCAO2	whole_brain	Microglia	Endothelial	8
GSE245386	GSM7841724	MCAO	MCAO2	whole_brain	Microglia	Macrophage	1
GSE245386	GSM7841724	MCAO	MCAO2	whole_brain	Microglia	Microglia	1681
GSE245386	GSM7841724	MCAO	MCAO2	whole_brain	Microglia	Neuron/Other	2
GSE245386	GSM7841724	MCAO	MCAO2	whole_brain	Myeloid	Astrocyte	2
GSE245386	GSM7841724	MCAO	MCAO2	whole_brain	Myeloid	Dendritic	17
GSE245386	GSM7841724	MCAO	MCAO2	whole_brain	Myeloid	Endothelial	9
GSE245386	GSM7841724	MCAO	MCAO2	whole_brain	Myeloid	Lymphocyte	1
GSE245386	GSM7841724	MCAO	MCAO2	whole_brain	Myeloid	Macrophage	135
GSE245386	GSM7841724	MCAO	MCAO2	whole_brain	Myeloid	Microglia	1014
GSE245386	GSM7841724	MCAO	MCAO2	whole_brain	Myeloid	Neuron/Other	9
GSE245386	GSM7841724	MCAO	MCAO2	whole_brain	Myeloid	Pericyte	1
GSE245386	GSM7841724	MCAO	MCAO2	whole_brain	Myeloid	Smooth_muscle	1
GSE245386	GSM7841724	MCAO	MCAO2	whole_brain	Neuron	Endothelial	1
GSE245386	GSM7841724	MCAO	MCAO2	whole_brain	Neuron	Microglia	3
GSE245386	GSM7841724	MCAO	MCAO2	whole_brain	Neuron	Neuron/Other	292
GSE245386	GSM7841724	MCAO	MCAO2	whole_brain	Neutrophil	Dendritic	1
GSE245386	GSM7841724	MCAO	MCAO2	whole_brain	Neutrophil	Endothelial	4
GSE245386	GSM7841724	MCAO	MCAO2	whole_brain	Neutrophil	Microglia	17
GSE245386	GSM7841724	MCAO	MCAO2	whole_brain	Neutrophil	Monocytes	47
GSE245386	GSM7841724	MCAO	MCAO2	whole_brain	Neutrophil	Neuron/Other	1
GSE245386	GSM7841724	MCAO	MCAO2	whole_brain	Neutrophil	Oligodendrocyte	1
GSE245386	GSM7841724	MCAO	MCAO2	whole_brain	Neutrophil	Pericyte	1
GSE245386	GSM7841724	MCAO	MCAO2	whole_brain	OPC	Astrocyte	1
GSE245386	GSM7841724	MCAO	MCAO2	whole_brain	OPC	Endothelial	1
GSE245386	GSM7841724	MCAO	MCAO2	whole_brain	OPC	Fibroblast	1
GSE245386	GSM7841724	MCAO	MCAO2	whole_brain	OPC	Lymphocyte	1
GSE245386	GSM7841724	MCAO	MCAO2	whole_brain	OPC	Neuron/Other	1
GSE245386	GSM7841724	MCAO	MCAO2	whole_brain	OPC	OPC	21
GSE245386	GSM7841724	MCAO	MCAO2	whole_brain	OPC	Oligodendrocyte	71
GSE245386	GSM7841724	MCAO	MCAO2	whole_brain	Oligodendrocyte	Astrocyte	6
GSE245386	GSM7841724	MCAO	MCAO2	whole_brain	Oligodendrocyte	Endothelial	20
GSE245386	GSM7841724	MCAO	MCAO2	whole_brain	Oligodendrocyte	Fibroblast	1
GSE245386	GSM7841724	MCAO	MCAO2	whole_brain	Oligodendrocyte	Lymphocyte	4
GSE245386	GSM7841724	MCAO	MCAO2	whole_brain	Oligodendrocyte	Microglia	9
GSE245386	GSM7841724	MCAO	MCAO2	whole_brain	Oligodendrocyte	Neuron/Other	8
GSE245386	GSM7841724	MCAO	MCAO2	whole_brain	Oligodendrocyte	Oligodendrocyte	2070
GSE245386	GSM7841724	MCAO	MCAO2	whole_brain	Oligodendrocyte	Smooth_muscle	1
GSE245386	GSM7841724	MCAO	MCAO2	whole_brain	Pericyte	Astrocyte	1
GSE245386	GSM7841724	MCAO	MCAO2	whole_brain	Pericyte	Endothelial	15
GSE245386	GSM7841724	MCAO	MCAO2	whole_brain	Pericyte	Fibroblast	1
GSE245386	GSM7841724	MCAO	MCAO2	whole_brain	Pericyte	Lymphocyte	1
GSE245386	GSM7841724	MCAO	MCAO2	whole_brain	Pericyte	Macrophage	3
GSE245386	GSM7841724	MCAO	MCAO2	whole_brain	Pericyte	Microglia	24
GSE245386	GSM7841724	MCAO	MCAO2	whole_brain	Pericyte	Oligodendrocyte	8
GSE245386	GSM7841724	MCAO	MCAO2	whole_brain	Pericyte	Pericyte	624
GSE245386	GSM7841724	MCAO	MCAO2	whole_brain	Pericyte	Smooth_muscle	17
GSE245386	GSM7841724	MCAO	MCAO2	whole_brain	Smooth_muscle	Astrocyte	2
GSE245386	GSM7841724	MCAO	MCAO2	whole_brain	Smooth_muscle	Dendritic	1
GSE245386	GSM7841724	MCAO	MCAO2	whole_brain	Smooth_muscle	Endothelial	18
GSE245386	GSM7841724	MCAO	MCAO2	whole_brain	Smooth_muscle	Ependymal	1
GSE245386	GSM7841724	MCAO	MCAO2	whole_brain	Smooth_muscle	Lymphocyte	1
GSE245386	GSM7841724	MCAO	MCAO2	whole_brain	Smooth_muscle	Macrophage	1
GSE245386	GSM7841724	MCAO	MCAO2	whole_brain	Smooth_muscle	Microglia	7
GSE245386	GSM7841724	MCAO	MCAO2	whole_brain	Smooth_muscle	Neuron/Other	5
GSE245386	GSM7841724	MCAO	MCAO2	whole_brain	Smooth_muscle	Oligodendrocyte	9
GSE245386	GSM7841724	MCAO	MCAO2	whole_brain	Smooth_muscle	Smooth_muscle	327
GSE245386	GSM7841724	MCAO	MCAO2	whole_brain	Unassigned	Astrocyte	30
GSE245386	GSM7841724	MCAO	MCAO2	whole_brain	Unassigned	Astroependymal	2
GSE245386	GSM7841724	MCAO	MCAO2	whole_brain	Unassigned	Choroid	2
GSE245386	GSM7841724	MCAO	MCAO2	whole_brain	Unassigned	Dendritic	2
GSE245386	GSM7841724	MCAO	MCAO2	whole_brain	Unassigned	Endothelial	464
GSE245386	GSM7841724	MCAO	MCAO2	whole_brain	Unassigned	Ependymal	8
GSE245386	GSM7841724	MCAO	MCAO2	whole_brain	Unassigned	Fibroblast	7
GSE245386	GSM7841724	MCAO	MCAO2	whole_brain	Unassigned	Lymphocyte	3
GSE245386	GSM7841724	MCAO	MCAO2	whole_brain	Unassigned	Macrophage	22
GSE245386	GSM7841724	MCAO	MCAO2	whole_brain	Unassigned	Microglia	1797
GSE245386	GSM7841724	MCAO	MCAO2	whole_brain	Unassigned	Neuron/Other	81
GSE245386	GSM7841724	MCAO	MCAO2	whole_brain	Unassigned	Oligodendrocyte	223
GSE245386	GSM7841724	MCAO	MCAO2	whole_brain	Unassigned	Pericyte	29
GSE245386	GSM7841724	MCAO	MCAO2	whole_brain	Unassigned	Smooth_muscle	15
GSE245386	GSM7841724	MCAO	MCAO2	whole_brain	Unassigned	Tanycyte	1
GSE245386	GSM7841724	MCAO	MCAO2	cortex_hippocampus	Astrocyte	Astrocyte	690
GSE245386	GSM7841724	MCAO	MCAO2	cortex_hippocampus	Astrocyte	Endothelial	7
GSE245386	GSM7841724	MCAO	MCAO2	cortex_hippocampus	Astrocyte	Microglia/Macrophage	6
GSE245386	GSM7841724	MCAO	MCAO2	cortex_hippocampus	Astrocyte	Neuron/Other	3
GSE245386	GSM7841724	MCAO	MCAO2	cortex_hippocampus	Astrocyte	Oligodendrocyte	10
GSE245386	GSM7841724	MCAO	MCAO2	cortex_hippocampus	Choroid	Astrocyte	13
GSE245386	GSM7841724	MCAO	MCAO2	cortex_hippocampus	Choroid	Endothelial	2
GSE245386	GSM7841724	MCAO	MCAO2	cortex_hippocampus	Choroid	Microglia/Macrophage	8
GSE245386	GSM7841724	MCAO	MCAO2	cortex_hippocampus	Choroid	Oligodendrocyte	2
GSE245386	GSM7841724	MCAO	MCAO2	cortex_hippocampus	Endothelial	Astrocyte	2
GSE245386	GSM7841724	MCAO	MCAO2	cortex_hippocampus	Endothelial	Endothelial	2104
GSE245386	GSM7841724	MCAO	MCAO2	cortex_hippocampus	Endothelial	Microglia/Macrophage	34
GSE245386	GSM7841724	MCAO	MCAO2	cortex_hippocampus	Endothelial	Mural	1
GSE245386	GSM7841724	MCAO	MCAO2	cortex_hippocampus	Endothelial	Neuron/Other	5
GSE245386	GSM7841724	MCAO	MCAO2	cortex_hippocampus	Endothelial	Oligodendrocyte	1
GSE245386	GSM7841724	MCAO	MCAO2	cortex_hippocampus	Ependymal	Astrocyte	76
GSE245386	GSM7841724	MCAO	MCAO2	cortex_hippocampus	Ependymal	Endothelial	2
GSE245386	GSM7841724	MCAO	MCAO2	cortex_hippocampus	Ependymal	Microglia/Macrophage	14
GSE245386	GSM7841724	MCAO	MCAO2	cortex_hippocampus	Ependymal	Oligodendrocyte	3
GSE245386	GSM7841724	MCAO	MCAO2	cortex_hippocampus	Erythroid	Astrocyte	3
GSE245386	GSM7841724	MCAO	MCAO2	cortex_hippocampus	Erythroid	Endothelial	32
GSE245386	GSM7841724	MCAO	MCAO2	cortex_hippocampus	Erythroid	Microglia/Macrophage	28
GSE245386	GSM7841724	MCAO	MCAO2	cortex_hippocampus	Erythroid	Mural	1
GSE245386	GSM7841724	MCAO	MCAO2	cortex_hippocampus	Erythroid	Oligodendrocyte	5
GSE245386	GSM7841724	MCAO	MCAO2	cortex_hippocampus	Fibroblast	Fibroblast	30
GSE245386	GSM7841724	MCAO	MCAO2	cortex_hippocampus	Fibroblast	Microglia/Macrophage	1
GSE245386	GSM7841724	MCAO	MCAO2	cortex_hippocampus	Fibroblast	Mural	2
GSE245386	GSM7841724	MCAO	MCAO2	cortex_hippocampus	Fibroblast	Oligodendrocyte	1
GSE245386	GSM7841724	MCAO	MCAO2	cortex_hippocampus	Lymphocyte	Endothelial	1
GSE245386	GSM7841724	MCAO	MCAO2	cortex_hippocampus	Lymphocyte	Microglia/Macrophage	18
GSE245386	GSM7841724	MCAO	MCAO2	cortex_hippocampus	Microglia	Endothelial	2
GSE245386	GSM7841724	MCAO	MCAO2	cortex_hippocampus	Microglia	Microglia/Macrophage	1687
GSE245386	GSM7841724	MCAO	MCAO2	cortex_hippocampus	Microglia	Oligodendrocyte	3
GSE245386	GSM7841724	MCAO	MCAO2	cortex_hippocampus	Myeloid	Endothelial	2
GSE245386	GSM7841724	MCAO	MCAO2	cortex_hippocampus	Myeloid	Microglia/Macrophage	1186
GSE245386	GSM7841724	MCAO	MCAO2	cortex_hippocampus	Myeloid	Neuron/Other	1
GSE245386	GSM7841724	MCAO	MCAO2	cortex_hippocampus	Neuron	Astrocyte	49
GSE245386	GSM7841724	MCAO	MCAO2	cortex_hippocampus	Neuron	Endothelial	4
GSE245386	GSM7841724	MCAO	MCAO2	cortex_hippocampus	Neuron	Microglia/Macrophage	41
GSE245386	GSM7841724	MCAO	MCAO2	cortex_hippocampus	Neuron	Neuron/Other	57
GSE245386	GSM7841724	MCAO	MCAO2	cortex_hippocampus	Neuron	Oligodendrocyte	145
GSE245386	GSM7841724	MCAO	MCAO2	cortex_hippocampus	Neutrophil	Endothelial	3
GSE245386	GSM7841724	MCAO	MCAO2	cortex_hippocampus	Neutrophil	Microglia/Macrophage	62
GSE245386	GSM7841724	MCAO	MCAO2	cortex_hippocampus	Neutrophil	Mural	1
GSE245386	GSM7841724	MCAO	MCAO2	cortex_hippocampus	Neutrophil	Neuron/Other	1
GSE245386	GSM7841724	MCAO	MCAO2	cortex_hippocampus	Neutrophil	Oligodendrocyte	5
GSE245386	GSM7841724	MCAO	MCAO2	cortex_hippocampus	OPC	Endothelial	2
GSE245386	GSM7841724	MCAO	MCAO2	cortex_hippocampus	OPC	Fibroblast	1
GSE245386	GSM7841724	MCAO	MCAO2	cortex_hippocampus	OPC	Microglia/Macrophage	1
GSE245386	GSM7841724	MCAO	MCAO2	cortex_hippocampus	OPC	Oligodendrocyte	93
GSE245386	GSM7841724	MCAO	MCAO2	cortex_hippocampus	Oligodendrocyte	Astrocyte	4
GSE245386	GSM7841724	MCAO	MCAO2	cortex_hippocampus	Oligodendrocyte	Endothelial	5
GSE245386	GSM7841724	MCAO	MCAO2	cortex_hippocampus	Oligodendrocyte	Microglia/Macrophage	30
GSE245386	GSM7841724	MCAO	MCAO2	cortex_hippocampus	Oligodendrocyte	Oligodendrocyte	2080
GSE245386	GSM7841724	MCAO	MCAO2	cortex_hippocampus	Pericyte	Astrocyte	1
GSE245386	GSM7841724	MCAO	MCAO2	cortex_hippocampus	Pericyte	Endothelial	13
GSE245386	GSM7841724	MCAO	MCAO2	cortex_hippocampus	Pericyte	Microglia/Macrophage	24
GSE245386	GSM7841724	MCAO	MCAO2	cortex_hippocampus	Pericyte	Mural	641
GSE245386	GSM7841724	MCAO	MCAO2	cortex_hippocampus	Pericyte	Neuron/Other	1
GSE245386	GSM7841724	MCAO	MCAO2	cortex_hippocampus	Pericyte	Oligodendrocyte	14
GSE245386	GSM7841724	MCAO	MCAO2	cortex_hippocampus	Smooth_muscle	Astrocyte	2
GSE245386	GSM7841724	MCAO	MCAO2	cortex_hippocampus	Smooth_muscle	Endothelial	7
GSE245386	GSM7841724	MCAO	MCAO2	cortex_hippocampus	Smooth_muscle	Microglia/Macrophage	17
GSE245386	GSM7841724	MCAO	MCAO2	cortex_hippocampus	Smooth_muscle	Mural	331
GSE245386	GSM7841724	MCAO	MCAO2	cortex_hippocampus	Smooth_muscle	Neuron/Other	1
GSE245386	GSM7841724	MCAO	MCAO2	cortex_hippocampus	Smooth_muscle	Oligodendrocyte	14
GSE245386	GSM7841724	MCAO	MCAO2	cortex_hippocampus	Unassigned	Astrocyte	56
GSE245386	GSM7841724	MCAO	MCAO2	cortex_hippocampus	Unassigned	Endothelial	360
GSE245386	GSM7841724	MCAO	MCAO2	cortex_hippocampus	Unassigned	Fibroblast	2
GSE245386	GSM7841724	MCAO	MCAO2	cortex_hippocampus	Unassigned	Microglia/Macrophage	1941
GSE245386	GSM7841724	MCAO	MCAO2	cortex_hippocampus	Unassigned	Mural	44
GSE245386	GSM7841724	MCAO	MCAO2	cortex_hippocampus	Unassigned	Neuron/Other	13
GSE245386	GSM7841724	MCAO	MCAO2	cortex_hippocampus	Unassigned	Oligodendrocyte	270
